アルファ用アルウェ王妃の別荘跡(子供たちの隠れ家内部Test),Queen Alwe's Villa Ruins for Alpha (Test Inside Children's Hideout)
どらごんくえすとえいとしゅじんこうのいしょう,DQⅧ Hero Costume
バトル班用テストマップ（いにしえのゼルメア）,Team Battle Map Test (Ancient Zelmea)
マッチングテストステージ（同期テスト用）,Match test stage (for sync testing)
　　　～モンスター討伐隊隊員からの依頼～,         Monster Strike Force Request
マッチングテストステージ（同期後移動用）,Match test stage (for moving beat testing)
リャナ荒涼地帯-ねじれたる異形の大地 入口,Lyana Desolate - Twisted Terrane Entrance
グランゼドーラ領-グランゼドーラ王国 入口,Gran Zedora Territory - Gran Zedora Kingdom Entrance
必殺チャージ時 バイキルトとピオラ2段階,Oomphle & Accelerate x2 On Special
メルサンディ穀倉帯-メルサンディ村 入口,Melsandy Millfields - Melsandy Village Entrance
メルサンディ穀倉帯-こもれびの広場 入口,Melsandy Millfields - Sunbeam Square Entrance
メルサンディ穀倉帯-さびれたほこら 入口,Melsandy Millfields - Deserted Shrine Entrance
アラハギーロ地方-モンスター格闘場 入口,Al-Ahagiro Region - Monster Arena Entrance
アラハギーロ地方-アラハギーロ王国 入口,Al-Ahagiro Region - Kingdom of Al-Ahagiro Entrance
こうげき力上昇時 特技のダメージ +20<ban>,Skill Dmg. +20 When Attack ↑ (PvP×)
ぷらこんだんせいようそくたいむらさき,Purple Ceremony Gown
季節イベント「お月見」　コンパニオン,Seasonal Event "Moon View" Companion
バトル班用テストマップ（ムスト廃墟）,Team Battle Map Test (Musuto Ruins)
季節イベント「オ月見」　コンパニオン,Seasonal Event "Moon View" Companion
アラハギーロ地方-日除けのほら穴 入口,Al-Ahagiro Region - Sunshade Cave Entrance
アラハギーロ地方-ムルードの岩山 入口,Al-Ahagiro Region - Murudo Mountain Entrance
メルサンディ穀倉帯-メルン水車郷 入口,Melsandy Millfields - Melun Watermill Entrance
ぷらこんすくーるせいふくおとこしろ,White School Uniform (M)
ぷらこんだんせいようそくたいみどり,Green Ceremony Gown
ぷらこんすくーるせいふくおとこくろ,Black School Uniform (M)
ぷらこんすくーるせいふくおんなあか,Red School Uniform (F)
ぷらこんすくーるせいふくおとこあか,Red School Uniform (M)
受けた属性ダメージの 10%ＨＰ回復<ban>,10% Attribute Damage Taken As HP (PvP×)
ルファ神殿エントランス（オープン）,Rufa Temple - Entry (Open)
ぷらこんすくーるせいふくおとこちゃ,Brown School Uniform (M)
ぷらこんすくーるせいふくおんなこん,Blue School Uniform (F)
神代過ぎ～　春の桜よ　無為に咲く～,Past ages divine, the spring blossoms bloom, waiting idly by...
ぷらこんすくーるせいふくおんなしろ,White School Uniform (F)
しかし　持ち物が　いっぱいだった！,But you're carrying too many things!
ぷらこんすくーるせいふくおとここん,Blue School Uniform (M)
ぷらこんすくーるせいふくおんなちゃ,Brown School Uniform (F)
ぷらこんすくーるせいふくおんなくろ,Black School Uniform (F)
アルファ用井戸(ダンダダ団のアジト),Well for Alpha (Robbin' 'Ood Gang HQ)
リャナ荒涼地帯-ソーラリア峡谷 入口,Lyana Desolate - Solaria Canyon Entrance
コニウェア平原-ココラタの浜辺 入口,Coniware Plain - Cocolata Beach Entrance
バトル班用テストマップ(ツスクル）,Team Battle Map Test (Tsuskuru)
だんせいぷらこんふくみっどないと,Midnight Clothes (M)
プンスコのテーブル＆ティーセット,Punsuko's Table & Tea Set
だんせいぷらこんふくみすとぐれー,Mist Gray Clothes (M)
エフェクトイメージさん（１０個）,Mr. Effect Image (10)
ぷらこんじょせいしのびのふくくろ,Black Women's Ninja Suit
ぷらこんだんせいしのびのふくあお,Blue Men's Ninja Suit
ぷらこんだんせいしのびのふくくろ,Black Men's Ninja Suit
ぷらこんだんせいようそくたいあお,Blue Ceremony Gown
バトル班用テストマップ（獅子門）,Team Battle Map Test (Lion Gate)
ローマス＆アンネリゼの家の椅子２,Romas' & Anneliese House Chair 2
じょせいぷらこんふくみっどないと,Midnight Clothes (F)
ぷらこんじょせいしのびのふくこん,Navy Women's Ninja Suit
ぷらこんだんせいようそくたいちゃ,Tea Ceremony Gown
ぷらこんじょせいしのびのふくもも,Pink Women's Ninja Suit
ぷらこんじょせいみこふくむらさき,Purple Priestess Dress
ぷらこんじょせいようみどりさんた,Green Women's Santa Suit
ぷらこんだんせいしのびのふくちゃ,Tea Men's Ninja Suit
ぷらこんじょせいむらさきふりそで,Purple Women's Kimono
ぷらこんだんせいようみどりさんた,Green Men's Santa Suit
ぷらこんだんせいしのびのふくこん,Navy Men's Ninja Suit
ぷらこんだんせいようそくたいはい,Ash Ceremony Gown
ローマス＆アンネリゼの家の椅子１,Romas' & Anneliese House Chair 1
足元エフェクト（おしおきアタック,Something Effect
ぷらこんじょせいしのびのふくあか,Red Women's Ninja Suit
ぷらこんじょせいしのびのふくあお,Blue Women's Ninja Suit
ぷらこんだんせいしのびのふくあか,Red Men's Ninja Suit
だんせいぷらこんふくだーくぐれー,Dark Gray Clothes (M)
じょせいぷらこんふくあいすぶるー,Ice Blue Clothes (F)
あすふぇるどがくえんがくせいふく,Asfeld Academy Uniform
リンジャハル海岸-リンジャの塔 前,Linjahar Coast - Linja Tower
リンジャハル海岸-教会シスター 前,Linjahar Coast - Church Sister
レビュール街道北-海風の洞くつ 前,Revule Highway North - Seabreeze Cave
セレドット山道-ベリルのほら穴 前,Celedot Mountain Pass - Beryl Den
必殺チャージ時 チャージ時間 -10秒,Charge Time -10 sec. On Special
マデ島＆エテーネ王宮（4.5CS専用）,Made Isle & Ethene Royal Manor (4.5CS only)
追憶の世界-アルウェ王妃の別荘跡,World of Remembrance-The Ruins of Queen Alwe
プログラマー用負荷検証ステージ2,Loading Programmer Verification Stage 2
死亡時 50%でこうげき力上昇が残る,Undying Attack Boost 50%
プログラマー用負荷検証ステージ1,Loading Programmer Verification Stage 1
プログラマー用負荷検証ステージ5,Loading Programmer Verification Stage 5
プログラマー用負荷検証ステージ3,Loading Programmer Verification Stage 3
プログラマー用負荷検証ステージ4,Loading Programmer Verification Stage 4
ハロウィンクイズ解答ウェディ３,Halloween Quiz Answer Weddie 3
じょせいぷらこんふくさんせっと,Sunset Clothes (F)
ぷらこんだんせいようしろあろは,White Men's Aloha
ぷらこんだんせいようあかさんた,Red Men's Santa Suit
魔天の勇者＆聖夜の破壊者・闇組,Festive Hero & Holy Night Wrecker Dark Team
扉は　かたく　閉ざされている。,The door is tightly closed.
ハロウィンクイズ解答ウェディ１,Halloween Quiz Answer Weddie 1
ぷらこんだんせいようももさんた,Pink Men's Santa Suit
豪魔将ベリンダ＆豪魔将ブレンダ,Generals Belinda & Brenda
ぷらこんだんせいようももあろは,Pink Men's Aloha
ぼうえいぐんのせいふくはいいろ,Gray Defense Force Suit
\s\m\eは　コインをなげた。　→　,\s\m\e flips a coin. → The coin lands on !
ハロウィンクイズ解答ウェディ６,Halloween Quiz Answer Weddie 6
ぷらこんじょせいようくろさんた,Black Women's Santa Suit
ぷらこんじょせいみこふくみどり,Green Priestess Dress
壊れたアストルティアのコンパス,Broken Astoltia Compass
ゴリウスの怨霊＆魔道士キルギル,Gorius' Vengeance & Wizard Kirgyl
ぷらこんじょせいようあおあろは,Blue Women's Aloha
ぷらこんだんせいはかまむらさき,Purple Men's Hakama
ぷらこんじょせいようももあろは,Pink Women's Aloha
ぷらこんだんせいようあおあろは,Blue Men's Aloha
はなかりゅうどのころもむらさき,Purple Flower Hunter Outfit
ぷらこんじょせいようしろさんた,White Women's Santa Suit
ぷらこんこどもようみずぎせっと,Children's Swimsuit
ぷらこんだんせいようしろさんた,White Men's Santa Suit
30%の確率で受けたダメージ10%反射,30% Chance to Reflect 10% Damage
ハロウィンクイズ解答ウェディ４,Halloween Quiz Answer Weddie 4
\s\m\eは　カードを引いた。　→　,\s\m\e draws a card. → They draw the !
ぷらこんじょせいようあかあろは,Red Women's Aloha
ハロウィンクイズ解答ウェディ７,Halloween Quiz Answer Weddie 7
ぷらこんじょせいようももさんた,Pink Women's Santa Suit
ぷらこんじょせいようあかさんた,Red Women's Santa Suit
えるどなしんのしょうぞくせっと,Eldona's Outfit
ハロウィンクイズ解答ウェディ２,Halloween Quiz Answer Weddie 2
ぷらこんじょせいようしろあろは,White Women's Aloha
ぷらこんだんせいようくろさんた,Black Men's Santa Suit
ぼうえいぐんのせいふくむらさき,Purple Defense Force Suit
\s\m\eは　ダイスをふった。　→　,\s\m\e rolls a die. → !
ハロウィンクイズ解答ウェディ５,Halloween Quiz Answer Weddie 5
魔天の勇者＆聖夜の破壊者・雪組,Festive Hero & Holy Night Wrecker Snow Team
レビュール街道南-三門の関所 前,Revule Highway South - Three Way Gate
両手剣の単体特技のダメージ +500,Single Target Greatsword Skills +500
リャナ荒涼地帯-くずれた灯台 前,Lyana Desolate - Collapsed Lighthouse
セレドット山道-セレドの町 入口,Celedot Mountain Pass - Town of Celed Entrance
デフェル荒野-不思議の魔塔 入口,Defel Desert - Mysterious Tower Entrance
ドラクロン山地-竜守りの小屋 前,Draklon Mountains - Dragon Guard's Hut
ジャイラ密林-クドゥスの泉 入口,Jyra Jungle - Kudus Spring Entrance
コニウェア平原-教会シスター 前,Coniware Plain - Church Sister
モンセロ温泉峡-中央のやぐら 前,Moncello Springs - Central Scaffold
リャナ荒涼地帯-滝を臨む集落 前,Lyana Desolate - Waterfall Village
こうげき魔力とかいふく魔力 +10,Magical Might/Mending +10
ムニエカの深層・隠し通路 入口,Munieka Depths - Secret Passage Entrance
会心と暴走時のダメージ +100<ban>,Critical/Haywire Damage +100 (PvP×)
戦いで 魔物に狙われにくくなる,Less likely to be targeted in battle
アルファ用追憶の世界 別荘跡編,World of Recollection for Alpha Villa Ruins
テンション時のダメージ +100<ban>,Damage During Tension +100 (PvP×)
チームゆく年くる年　２０２３,Team New Year 2023
ぷらこんおんなどらきゅらふく,Women's Dracula Costume
チームゆく年くる年　２０２２,Team New Year 2022
ぷらこんおんなぱんぷきんふく,Women's Pumpkin Clothes
チームゆく年くる年　２０２０,Team New Year 2020
ハロウィンクイズ解答エルフ６,Halloween Quiz Answer Elf 6
チームゆく年くる年　２０１７,Team New Year 2017
ハロウィンクイズ解答エルフ４,Halloween Quiz Answer Elf 4
ぷらこんじょせいみこふくあお,Blue Priestess Dress
ぷらこんじょせいももふりそで,Pink Women's Kimono
行動時 7%でバイシオンとピオラ,Oomph & Accelerate On Action 7%
ぷらこんじょせいみこふくもも,Pink Priestess Dress
攻撃時10%で会心と暴走率アップ,Critical/Haywire Boost Attack 10%
嵐魔ウェンリルとアクラガレナ,Wenrir the Storm & Akragarena
行動時 5%でバイシオンとスカラ,Oomph & Buff On Action 5%
ハロウィンクイズ解答エルフ２,Halloween Quiz Answer Elf 2
チームゆく年くる年　２０１８,Team New Year 2018
だんせいしらなみがらのゆかた,White Wave Yukata (M)
魔天の勇者＆キラークリスマス,Festive Hero & Christmas Killing Machine
ラダ・ガートたちに連絡を取る,Contact Lada Gart's Group
巨人コアを守るジア・クトたち,Defenders of the Core
魔人エンラージャ＆ムッチーノ,Enraja the Genie & Muccino
チームゆく年くる年　２０２１,Team New Year 2021
チームゆく年くる年　２０２４,Team Twenty Twenty Four
ぷらこんじょせいあかふりそで,Red Women's Kimono
ＤＱⅧしゅじんこうのいしょう,DQⅧ Hero Costume
ぷらこんおとこぱんぷきんふく,Men's Pumpkin Clothes
ぷらこんすいーとふくだいだい,Orange Sweet Clothes
じょせいしらなみがらのゆかた,White Wave Yukata (F)
闇に唄う氷にまぎれし聖なる者,Frozen Sacred Singer
チームゆく年くる年　２０２６,Team Twenty Twenty Six
行動時 5%でバイシオンとピオラ,Oomph & Accelerate On Action 5%
あすふぇるどがくえんなつふく,Asfeld Academy Summer Wear
ぷらこんじょせいようきあろは,Yellow Women's Aloha
はなかりゅうどのころもみどり,Green Flower Hunter Outfit
ぷらこんじょせいしろふりそで,White Women's Kimono
ぷらこんだんせいようあかろは,Red Men's Aloha
ぷらこんおとこどらきゅらふく,Men's Dracula Costume
ヴァレリアの仮面（割れる前）,Valeria's Unbroken Mask
チームゆく年くる年　２０２５,Team Twenty Twenty Five
ぷらこんきゅーぴっどむらさき,Purple Cupid
ハロウィンクイズ解答エルフ１,Halloween Quiz Answer Elf 1
どるわーむけんきゅういんふく,Dolworm Research Suit
ハロウィンクイズ解答エルフ３,Halloween Quiz Answer Elf 3
わかむしゃのかっちゅうせっと,Young Warrior Armor Set
ハロウィンクイズ解答エルフ７,Halloween Quiz Answer Elf 7
ぷらこんじょせいくろふりそで,Black Women's Kimono
はなかりうどのころもむらさき,Purple Flower Hunter Outfit
ぷらこんじょせいみこふくあか,Red Priestess Dress
はるかぜおうえんだんいしょう,Spring Cheer Team Outfit
ぼうえいぐんのせいふくみどり,Green Defense Force Suit
じょせいぷらこんふくむらさき,Purple Clothes (F)
集合ギミック / 全体エフェクト,Some gimmick or effect idk
チームゆく年くる年　２０１９,Team New Year 2019
ぷらこんだんせいようきあろは,Yellow Men's Aloha
ぷらこんしゃわーよういしょう,Shower Outfit
あすふぇるどがくえんふゆふく,Asfeld Academy Winter Wear
ハロウィンクイズ解答エルフ５,Halloween Quiz Answer Elf 5
フォークに刺さったパンケーキ,Pancakes Stuck in a Fork
デフェル荒野-教会シスター 前,Defel Desert - Church Sister
モンセロ温泉峡-ご神体の間 前,Moncello Springs - Hall of Worship
デフェル荒野-ピラミッド 入口,Defel Desert - Pyramid Entrance
コニウェア平原-三門の関所 前,Coniware Plain - Three Way Gate
銃撃時2%でターンを消費しない,Free Turn When Shooting 2%
モンセロ温泉峡-南のやぐら 前,Moncello Springs - South Scaffold
ジャイラ密林-大樹の根元 入口,Jyra Jungle - The Roots Entrance
グランゼドーラ領-見張り塔 前,Gran Zedora Territory - Watchtower Front
毒時にタナトスのダメージ +150,Vicitimiser to Poisoned Foes +150
モンセロ温泉峡-管理人小屋 前,Moncello Springs - Caretaker's Hut
モンセロ温泉峡-北のやぐら 前,Moncello Springs - North Scaffold
ロヴォス高地-教会シスター 前,Rovos Highlands - Church Sister
追憶の世界-キラキラ大風車塔,World of Remembrance-Wondrous Windmill
セレドット山道-滝見の吊り橋,Celedot Mountain Pass - Fallsview Bridge
行動時 5%でチャージ時間 -10秒,Charge Time -10 sec. On Action 5%
攻撃時 5%でチャージ時間 -10秒,Charge Time -10 sec. Attack 5%
炎・土・闇属性のダメージ +5%,Fire & Earth & Dark Damage +5%
リンジャハル海岸-高台の遺跡,Linjahar Coast - Hilltop Ruins
ムストの町・教会跡への出口,Exit to Morst - Church Ruins
魔物商人＆商品ナンバー１３,Monster Merchant & Item Number 13
アスフェルド学園女性用夏服,Asfeld Summer Uniform (F)
未完のドラクロン山地への道,Road to WIP Draklon Mountains
ぷらこんえんじぇるふくくろ,Black Angel Clothes
ハロウィンクイズ解答ドワ３,Halloween Quiz Answer Dwarf 3
古レビュール街道北への出口,Exit to Old Revule Highway North
2.0%でターンを消費しない<ban>,Free Turn 2% (PvP×)
ぷらこんだんせいはかましろ,White Men's Hakama
ハロウィンクイズ解答ドワ６,Halloween Quiz Answer Dwarf 6
ハロウィンクイズ解答ヒト６,Halloween Quiz Answer Human 6
ドルボ用マネキンプクリポ用,For Pukulipo Mannequin For Dolboard
男性プラコン服ミッドナイト,Midnight Clothes (M)
ぷらこんおしゃれみずぎもも,Pink Snazzy Swimsuit
ぷらこんいけてるみずぎあお,Blue Cool Swimsuit
だんせいぷらこんふくぴんく,Pink Clothes (M)
ハロウィンクイズ解答オガ４,Halloween Quiz Answer Ogre 4
ランドン山脈山頂付近への道,Road to Landon Summit Area
１００万ゴールドの入った袋,1 Million Gold Bag
必殺チャージ時 身かわし +10%,Dodge +10% On Special Charge
ハロウィンクイズ解答ドワ５,Halloween Quiz Answer Dwarf 5
ハロウィンクイズ解答プク３,Halloween Quiz Answer Puku 3
『おうちでついてクン設定』,"House Pet Settings"
砂の都ファラザードへの出口,Exit to Farazard
じょせいぷらこんふくぴんく,Pink Clothes (F)
アスフェルド学園男性用水着,Asfeld Swimwear (M)
ぷらこんだんせいはかまこん,Navy Blue Men's Hakama
とうばつたいこうほうきょく,Strike Force Bureau
イルーシャのスケッチブック,Illusia's Sketchbook
ぷらこんぱてぃしえふくしろ,White Pastry Chef Suit
壊れたハイハイジャンプさん,Broken Mr. High High Jump
キュロンイーターの巣への道,Path to Kyuroneater's Nest
よわいこころ＆ずるいこころ,The Weak and Cunning Hearts
ぼうえいぐんのせいふくあか,Red Defense Force Suit
からすかぐらのしょうぞくⅡ,Crow Dance Costume Ⅱ
古グランゼドーラ領への出口,Exit to Old Gran Zedora Territory
未開のジャングル地区への道,Road to Savage Jungle
3.0%でターンを消費しない<ban>,Free Turn 3% (PvP×)
未完のモンセロ温泉峡への道,Road to WIP Moncello Springs
ぷらこんぱてぃしえふくあか,Red Pastry Chef Suit
ぷらこんだんせいはかまあお,Blue Men's Hakama
ハロウィンクイズ解答ヒト１,Halloween Quiz Answer Human 1
ハディン地下洞くつへの出口,Exit to Hadine Cavern
ハロウィンクイズ解答オガ１,Halloween Quiz Answer Ogre 1
行動時 3%でテンションアップ,Tension On Action 3%
ぷらこんいけてるみずぎもも,Pink Cool Swimsuit
男性プラコン服ダークグレー,Dark Gray Clothes (M)
ぷらこんおしゃれみずぎあお,Blue Snazzy Swimsuit
アスフェルド学園男性用夏服,Asfeld Summer Uniform (M)
じょせいぷらこんふくえんじ,Red Clothes (F)
ドルボ用マネキンニンゲン用,For Human Mannequin For Dolboard
行動時 5%でテンションアップ,Tension On Action 5%
ハロウィンクイズ解答オガ２,Halloween Quiz Answer Ogre 2
ハロウィンクイズ解答プク７,Halloween Quiz Answer Puku 7
ぷらこんいけてるみずぎくろ,Black Cool Swimsuit
ぷらこんおしゃれみずぎしろ,White Snazzy Swimsuit
清き風吹き　草木は芽吹く～,Pure winds blown and trees grown, budding green as the breeze is thrown
ハロウィンクイズ解答ドワ１,Halloween Quiz Answer Dwarf 1
らんぷれんきんれんしゅうぎ,Lamp Alchemy Training Wear
ハロウィンクイズ解答オガ６,Halloween Quiz Answer Ogre 6
ぷらこんえんじぇるふくしろ,White Angel Clothes
デスディオ暗黒荒原への出口,Exit to Deathdio Darklands
スターキメラから取った羽根,Cosmic Chimaera Feather
ハロウィンクイズ解答プク２,Halloween Quiz Answer Puku 2
ハロウィンクイズ解答ドワ２,Halloween Quiz Answer Dwarf 2
未来への扉とまどろみの少女,The Door to the Future & the Slumbering Girl
ドルボ用マネキンウェディ用,For Weddie Mannequin For Dolboard
アスフェルド学園女性用水着,Asfeld Swimwear (F)
ぷらこんえんじぇるふくもも,Pink Angel Clothes
ぷらこんいけてるみずぎしろ,White Cool Swimsuit
ハロウィンクイズ解答ドワ４,Halloween Quiz Answer Dwarf 4
ぷらこんえんじぇるふくあお,Blue Angel Clothes
ドラゴンクエストＸショップ,Dragon Quest X Shop
ハロウィンクイズ解答プク１,Halloween Quiz Answer Puku 1
ハロウィンクイズ解答ヒト２,Halloween Quiz Answer Human 2
ぼうえいぐんのせいふくこん,Blue Defense Force Suit
ハロウィンクイズ解答プク５,Halloween Quiz Answer Puku 5
ハロウィンクイズ解答ヒト４,Halloween Quiz Answer Human 4
ハロウィンクイズ解答オガ３,Halloween Quiz Answer Ogre 3
ハロウィンクイズ解答ヒト３,Halloween Quiz Answer Human 3
ぷらこんおしゃれみずぎくろ,Black Snazzy Swimsuit
ごちそうが置かれたテーブル,Feast-Set Table
ぼうえいぐんのせいふくきん,Gold Defense Force Suit
だるめしあんがーるいしょう,Dalmatian Outfit (F)
ハロウィンクイズ解答プク４,Halloween Quiz Answer Puku 4
はなかりゅうどのころもあお,Blue Flower Hunter Outfit
からすかぐらのしょうぞくⅠ,Crow Dance Costume Ⅰ
だんせいぷらこんふくえんじ,Red Clothes (M)
ハロウィンクイズ解答ヒト５,Halloween Quiz Answer Human 5
はなかりうどのころもみどり,Green Flower Hunter Outfit
ぷらこんぱてぃしえふくもも,Pink Pastry Chef Suit
はなかりゅうどのころもあか,Red Flower Hunter Outfit
ドルボ用マネキンドワーフ用,For Dwarf Mannequin For Dolboard
ムストの町・風車へのはしご,Morst - Ladder to the Windmill
カルサドラキャンプへの出口,Exit to Calsadora Camp
ハロウィンクイズ解答プク６,Halloween Quiz Answer Puku 6
男性プラコン服ミストグレー,Mist Gray Clothes (M)
女性プラコン服アイスブルー,Ice Blue Clothes (F)
ハロウィンクイズ解答オガ７,Halloween Quiz Answer Ogre 7
ぷらこんぱてぃしえふくあお,Blue Pastry Chef Suit
女性プラコン服ミッドナイト,Midnight Clothes (F)
戦闘中常時マホトラのころも,Draining Drape Always Active
イア・タア　シンパッ・ケウ,E-yis, aneu dish cubrey
だるめしあんぼーいいしょう,Dalmatian Outfit (M)
アルムゴーグ＆ロムドゴーグ,Armogog & Romdogog
ゆうべはおたのしみでしたね,Rooming with a Gamer Gal
ぷらこんえんじぇるふくあか,Red Angel Clothes
フラワーガーデン地区への道,Road to Flower Garden District
ハロウィンクイズ解答オガ５,Halloween Quiz Answer Ogre 5
ぷらこんいけてるみずぎあか,Red Cool Swimsuit
ハロウィンクイズ解答ドワ７,Halloween Quiz Answer Dwarf 7
ルクスガルン大空洞への亀裂,Crevice to Luxgarn Caverns
ぷらこんだんせいはかまくろ,Black Men's Hakama
ぷらこんおしゃれみずぎあか,Red Snazzy Swimsuit
ハロウィンクイズ解答ヒト７,Halloween Quiz Answer Human 7
『ついてクンをひっこめる』,"Remove Pet"
テンション時のダメージ +300,Damage During Tension +300
5000年の旅路 遥かなる故郷へ,5000 Year Journey to a Faraway Hometown
炎属性の呪文のダメージ +100,Fire Spell Damage +100
ワルド水源-湖上の休息所 前,Wald Headwaters - Lake Retreat
受けるダメージを10軽減する,Damage Taken -10
眠り時に呪文のダメージ +50%,Spell Damage to Asleep Foes +50%
ロヴォス高地-ゼドラ洞 入口,Rovos Highlands - Zedra Cave Entrance
バギムーチョのダメージ +300,Kaswooshle Damage +300
チャンス特技発生率 +1.0%<ban>,Chance Trigger Rate +1% (PvP×)
氷耐性低下時のダメージ +100,Ice Vulnerability Damage +100
グランゼニスの試練場 出口,Trial of Gran Zenith Exit
ドルマ系呪文のダメージ +5%,Zam Spell Damage +5%
氷耐性低下時にダメージ +50,Ice Vulnerability Damage +50
オルセコ闘技城・舞台 入口,Orseco Combastle - Stage Entrance
エピステーサ底なし穴 出口,Epistesa Chasm Exit
とこしえの神殿楯の間 入口,Atrium of the Aegis Entrance
オルセコ闘技城・舞台 出口,Orseco Combastle - Stage Exit
プログラマー検証ステージ1,Programmer Verification Stage 1
スライムレースホール 入口,Slime Race Hall Entrance
湖の小島・神のまなこ 出口,The All-Seeing Eye Exit
デス・ジャンクション 出口,Death's Juncture Exit
ヴォルザッド地下迷宮 入口,Volzaad Underkeep Entrance
プログラマー検証ステージ5,Programmer Verification Stage 5
スイーツゾーン控え室 入口,Sweets Zone Waiting Room Entrance
異界アスタルジア深部 出口,Depths of Astalgia Exit
プログラマー検証ステージ4,Programmer Verification Stage 4
湖の小島・神のまなこ 入口,The All-Seeing Eye Entrance
ゼクレス城・魔導広場 入口,Zechres Castle - Square of Sorcery Entrance
プログラマー検証ステージ8,Programmer Verification Stage 8
ビタースイーツゾーン 出口,Bittersweets Zone Exit
レビュール街道北-谷合の森,Revule Highway North - Veil of the Vale
バルメシュケの研究所 入口,Balmeschke's Laboratory Entrance
プログラマー検証ステージ3,Programmer Verification Stage 3
土属性の呪文のダメージ +5%,Earth Spell Damage +5%
ゼクレス城・魔導広場 出口,Zechres Castle - Square of Sorcery Exit
からすかぐらのしょうぞく1,Crow Dance Costume Ⅰ
エピステーサ底なし穴 入口,Epistesa Chasm Entrance
キュロンイーターの巣 入口,Kyuroneater's Nest Entrance
瀕死時 20%こうげき力 +60<ban>,Brink Attack +60 20% (PvP×)
宇宙船・立入禁止区画 出口,Spacecraft - Restricted Area Exit
とこしえの神殿楯の間 出口,Atrium of the Aegis Exit
スライムレースホール 出口,Slime Race Hall Exit
からすかぐらのしょうぞく2,Crow Dance Costume Ⅱ
味方死亡時 20%でバイシオン,Oomph If Ally Dies 20%
瀕死時 15%こうげき力 +60<ban>,Brink Attack +60 15% (PvP×)
プログラマー検証ステージ2,Programmer Verification Stage 2
カルデア山道のアジト 出口,Chaldea Mountain Road Hideout Exit
炎耐性低下時にダメージ +50,Fire Vulnerability Damage +50
古グランゼドーラ王国 入口,Old Gran Zedora Kingdom Entrance
リンジャハル海岸-海岸遺跡,Linjahar Coast - Coast Ruins
プログラマー検証ステージ6,Programmer Verification Stage 6
ヴォルザッド地下迷宮 出口,Volzaad Underkeep Exit
シガール町長の執務室 入口,Mayor Sigal's Office Entrance
ビンゴすごろくホール 入口,Bingo & Sugoroku Hall Entrance
アストルティア博物館 出口,Astoltia Museum Exit
カルデア山道のアジト 入口,Chaldea Mountain Road Hideout Entrance
チューリップシアター 出口,Tulip Theatre Exit
キュロンイーターの巣 出口,Kyuroneater's Nest Exit
チューリップシアター 入口,Tulip Theatre Entrance
受けるダメージを5軽減する,Damage Taken -5
アストルティア博物館 入口,Astoltia Museum Entrance
スイーツゾーン控え室 出口,Sweets Zone Waiting Room Exit
バルメシュケの研究所 出口,Balmeschke's Laboratory Exit
デス・ジャンクション 入口,Death's Juncture Entrance
モリナラ地下洞・深淵 出口,Molinara Underground Abyss Exit
ランプ錬金ギルド 地下１階,Lamp Alchemy Guild B1F
開戦時 10%でヘヴィチャージ,Starting Heavy Charge 10%
宇宙船・立入禁止区画 入口,Spacecraft - Restricted Area Entrance
モリナラ地下洞・深淵 入口,Molinara Underground Abyss Entrance
ビンゴすごろくホール 出口,Bingo & Sugoroku Hall Exit
マスター・ユービアの試練,Master Yubia's Trials
行かないで！　神父さま！,Father, Don't Go!
ポールスタートップセット,North Star Outfit
グレイスフルコートセット,Graceful Outfit
おまんじゅうの入った折詰,Steamed Bread Packed in a Box
マスター・ユービアの誘い,Master Yubia's Invite
プラコンスクール制服男黒,Black School Uniform (M)
ぷらこんきゅーぴっどしろ,White Cupid
丁目未開のジャングル地区,Block Savage Jungle
白亜の臨海都市地区への道,Road to Chalky Waterfront
真心いっぱいユニフォーム,Uniforms Full of Sincerity
レモンハルト＆オレンじい,Lemonheart & Old Mandarin
モンスターバンド再始動！,Monster Band is Back On!
じょせいきんぎょのゆかた,Women's Goldfish Yukata
ぷらこんすいーとふくもも,Pink Sweet Clothes
グランゼドーラ領への出口,Exit to Gran Zedora Territory
プラコン子供用水着セット,Children's Swimsuit
素敵なナイトクルージング,Nice Night Cruising
ねこきぞくのまんとせっと,Aristocat Outfit
いかしたてぃーしゃつもも,Pink Cool T-Shirt
ぷらこんおとこおばけふく,Men's Ghost Costume
天の冒険者のころもセット,Divine Traveler Outfit
プラコンスクール制服男赤,Red School Uniform (M)
テティのアドベンチャー！,Tetti's Adventure!
ヴェリナード領北への出口,Exit to Verinard North
新春にわにわトリオの乱！,New Year Chicken Trio War!
アンケートにご協力をー♪,Please Fill the Survey ♪
呪文と特技の効果範囲 +1ｍ,Spell & Skill Range +1m
全ての属性のダメージ +3.0%,All Attribute Damage +3.0%
ＶＩＰルームは危険な香り,VIP Room Smells Dangerous
廃墟のドミネウス邸への道,Road to Abandoned Domineus Mansion
敵を倒すと 5%でバイシオン,Killer Oomph 5%
邪神のほこら（プクリポ）,Evil God's Lair (Pukulipo)
華のウルフ道極めるっす！,Take the Flower Wolf Path!
迷子の迷子のエルフちゃん,Lost Elf Child
アルファ用ミュルエルの森,Muruel Forest for Alpha
英雄になるのは　あたしよ,I'm Gonna be a Hero
クイックジャケットセット,Quick Outfit
アルウェ王妃の別荘跡２階,Queen Alwe's Villa Ruins2F
ゆうびんきょくいんしーら,Postman Shira
ラニアッカ断層帯への出口,Exit to Raniakka Fault
デスマスターアジトの椅子,Death Master Hideout Chair
愉快なオルフェアっ子たち,Joyful Orphea Children
ローマス＆アンネリゼの母,Romas & Anneliese's Mother
バギ系呪文のダメージ +100%,Woosh Spell Damage +100%
味方死亡時 50%でためる<ban>,Tension Revenge 50% (PvP×)
その翼は未来へと羽ばたく,Wings Soar to the Future
ナイトたちの血戦２０１９,Knights Bloody Battle 2019
プラコンスクール制服男茶,Brown School Uniform (M)
じょせいはながらのゆかた,Women's Floral Yukata
ゆうびんきょくいんとぼら,Postman Tobora
プラコンスクール制服男紺,Blue School Uniform (M)
メルサンディ穀倉帯への道,Road to Melsandy Millfields
だいなーすかーといしょう,Diner Skirt Outfit
女性プラコン服サンセット,Sunset Clothes (F)
新春★登竜門を突破せよ！,New Year Success Awaits!
ダンダダ団カムバックです,Robbin' 'Ood Gang's Return
妖精の国・オン・ステージ,Fairy Land on Stage
ドルワーム水晶宮への出口,Exit to Crystal Palace
フォーチュンローブセット,Fortune Outfit
現・パドレア邸の食卓椅子,Present Padrea Mansion Dining Chair
限界突破！　レベル１３３,Break Through Level 133!
砂の都ファラザードへの道,Road to Farazard
うるわしの浜辺地区への道,Road to Beautiful Beach
せんれきに　登録された！,was registered in your Records!
デカイ仕事受けるっしょ？,You'll Get a Big Job?
旅のお供にコンシェルジュ,An Accompanying Concierge
さらば愛しのシシカバブ！,Farewell Dear Shish-Kebab!
だんしのすくーるせいふく,Boy School Uniform
テラスのキューピッドさん,Mr. Cupid on the Terrace
ぷらこんおとこみいらふく,Men's Mummy Costume
はるかぜちあーずいしょう,Spring Cheer Outfit
釣り道の　高みを目指して,Aim High in Fishing
ネコかぶりでＧＯなのニャ,Boss Cat Goes Meow
モダンバニースーツセット,Modern Bunny Suit Set
ベルヴァインの森西への道,Road to Belvain Forest West
ぷらこんおんなみいらふく,Women's Mummy Costume
ワンダラーズマントセット,Wanderers Outfit
ゆうびんきょくいんちゅだ,Postman Chuda
はなかりうどのころもあか,Red Flower Hunter Outfit
ドルボードチューニング！,Dolboard Tuning!
ジャリムバハ砂漠への出口,Exit to Jyarimbaha Desert
ガーディアンメイルセット,Guardian Outfit
ナイトたちの血戦２０２６,Knights Knockout 2026
ホイミントなホワイトデー,Heal Mint White Day
キミはヒーローを見たか！,You've Seen the Hero?!
ウワサのどうぐかばん工房,Rumored Item Bag Workshop
ヴェリナード城下町への扉,Gate to Verinard Castle Town
さらば愛しきポイックリン,Farewell, My Dear Poiclin
ゆうびんきょくいんはねぎ,Postman Hanegi
お得な無料キャンペーン！,Free Deal Promotion!
古グランゼドーラ領への道,Road to Old Gran Zedora Territory
キュレクス・ザ・ムービー,Kyurex: The Movie
あこがれの称号さ見てえ！,Show Me The Title!
ヴァンガードコートセット,Vanguard Outfit
みいらおとこのいしょう２,Mummy Boy Costume 2
４色ポップコーンを作れ！,Make Four-Color Popcorn!
真夏のトレジャーハント２,Midsummer Treasure Hunt 2
ぼうえいぐんのせいふくＺ,Defense Force Suit Z
エテーネル★ソウルフード,An Ethenel Soul Food
壊れたエルガドーラの水槽,Elgadora's Broken Aquarium
アラハギーロ地方への出口,Exit to Al-Ahagiro Region
プラコンスクール制服男白,White School Uniform (M)
プラコンスクール制服女黒,Black School Uniform (F)
中断して天星郷に帰還する,Suspend and Return to the Firmament
ショップポイントをもらう,Receive Shop Points
ぷらこんきゅーぴっどもも,Pink Cupid
集え！カボチャのもとに２,Gather Round the Pumpkin! 2
幻の色違いを釣りあげろ！,Catch Phantom Colors!
バンデッドチェインセット,Brigand's Armor Set
じょしのすくーるせいふく,Girl School Uniform
ナイトたちの血戦２０２０,Knights Bloody Battle 2020
突撃！隣りのオシャレさん,The Stylist Next Door
ぷらこんすいーとふくあか,Red Sweet Clothes
古ロヴォス高地へのはしご,Ladder to Old Rovos Highlands
悪夢のヤドリギ広場　入口,Mistletoe Plaza of Nightmares Entrance
マスカレイドスーツセット,Masquerade Outfit
モダンバニーフレアセット,Modern Bunny Skirt Set
かみなしぐろりあすすーつ,Hairless Glorious Suit
天より降りそそぐ黄金の雨,Golden Heavenly Rain
ぷらこんすいーとふくあお,Blue Sweet Clothes
ダイナースカートイショウ,Diner Skirt Outfit
ガンバライオンの戦士たち,Warriors of Ganbalion
『マイタウンへの出入り』,"Allowed to Visit"
レビュール街道北への出口,Exit to Revule Highway North
みいらおとこのいしょう３,Mummy Boy Costume 3
ぷらこんおんなおばけふく,Women's Ghost Costume
限界突破！　レベル１３８,Break Through Level 138!
枯れないジジイの大仕掛け,Undying Old Man's Device
ママと私の魔法仕立て術！,Mom and Me Magic Tailoring
丁目フラワーガーデン地区,Block Flower Garden District
さらに上を目指すっしょ？,You'll Aim Higher?
カワイ子ちゃんにご注意を,Beware of Cutie
炎夏の海を駆け抜けろ！２,See That Summer Sea! 2
ぷらこんぱてぃしえふくき,Yellow Pastry Chef Suit
ダークポイックリンのハネ,Dark Poiclin Wing
集え！　カボチャのもとに,Gather Round the Pumpkin!
ただの　しかばねのようだ,It's just a corpse
ごめんなさいを言いたくて,I Want to Say I'm Sorry
ドルボ用マネキンオーガ用,For Ogre Mannequin For Dolboard
教えて！　ミラクル整理術,Tell Me! Miracle Organizer
そのケモノは大地を駆ける,Racing Across the Land
きんなすびなーらきぐるみ,Gold Woebergine Costume
マッシュルーム地区への道,Road to Mushroom District
タロットマスターへの道！,The Way to Tarot Master!
美容師危機一髪！髪だけに,Style Crisis! Only Hair
ナイトたちの血戦２０２３,Knights Bloody Battle 2023
ようこそ♪ひよっ子ちゃん,A Rookie's Welcome
秘密のサプライズ大作戦！,Operation Secret Surprise!
ウルベア地下帝国への出口,Exit to The Urbea Empire
ティプローネ高地への出口,Exit to Tiplone Highlands
冒険者の酒場へようこそ！,Adventurer Tavern Welcome!
ぷらこんおとこあくまふく,Men's Imp Costume
ナイトたちの血戦２０２５,Knights Bloody Battle 2025
ウルタ専用反重力飛行装置,Ulta's Anti-Grav Flying Machine
バトエンファイター誕生！,Batoen Fighters are Born!
ロード・オブ・どうぐ使い,The Master of Items
だんせいきんぎょのゆかた,Men's Goldfish Yukata
ドルボ用マネキンエルフ用,For Elf Mannequin For Dolboard
怪奇！　岸辺にひそむ亡霊,Weird! Ghosts on the Shore
オルフェア地方西への出口,Exit to Orphea Region West
古レビュール街道北への道,Road to Old Revule Highway North
宇宙船・立入禁止区画１階,Spacecraft - Restricted Area 1F
メギストリスの都への出口,Exit to Megistris City
スカーレット★レジェンド,Scarlet Legend
ラン錬マジパネェっしょ？,True Alchemy Well Done?
新春とってもヘビーな鏡餅,A New Yearsssss Mochi
はなかりゅうどのころもき,Yellow Flower Hunter Outfit
新春モー烈極めるモー攻撃,A Moo Year's Brawl
ステージジャンパーセット,Stage Jumper Set
スペシャルな石をアナタに,A Special Stone for You
はーとがーるへいたいふく,Heart Soldier Uniform (F)
ブーナー熱帯雨林への出口,Exit to Booner Rainforest
ナイトたちの血戦２０２１,Knights Bloody Battle 2021
限界突破！　レベル１３６,Break Through Level 136!
ナイトたちの血戦２０１６,Knights Bloody Battle 2016
コルット地方で新種発見？,New Species in Colt Region?
輝く私のプレシャスデイズ,My Shining Precious Days
瀕死時 10%で身かわし率 +30%,Near Death Dodge +30% 10%
新春跳ね馬駆けて福来たる,The Year of the Horse
おねがいチェルシー先生！,Oh, Please, Miss Chelsea!
かばんを持てない者たちへ,To Those With Full Bags
古レビュール街道南への道,Road to Old Revule Highway South
だんせいはながらのゆかた,Men's Floral Yukata
チカラ自慢をねじ伏せろ！,Show Me What You're Made Of!
ハウジングエリアへの桟橋,Pier to Housing Area
なかまとの会話を振り返る,Reflect on past conversations.
新たなトビラ開くっしょ？,You'll Open a New Door?
始めよう！バラ色冒険生活,Begin! Rosy Adventure
オトナのコスメティック★,Cosmetics for Adults
思い出はランプの光と共に,Memories of a Lamp's Light
ワイルドジャケットセット,Wild Outfit
新春わんわんワンだふる！,New Year Dogs Yelping!
パシれ！　バトルマスター,A Gladiator's Errand
はなかりうどのころもあお,Blue Flower Hunter Outfit
真夏のトレジャーハント！,Midsummer Treasure Hunt!
わくわくエキシビション♪,Exciting Exhibition!
ウェスタンブラウスセット,Western Outfit
娯楽島ラッカランへの出口,Exit to Luckland Island
限界突破！　レベル１３０,Break Through Level 130!
白熱！　宿命のナイトたち,White Hot! Knights of Fate
オルフェア地方東への出口,Exit to Orphea Region East
アルファ用レムリンの宿屋,Remlin Inn for Alpha
オンディアヌと魔法のペン,Ondian and the Magic Pen
防具鍛冶職人にならない？,Why Not be an Armorsmith?
魔物商人デイラー＆キッズ,Monster Merchant Dailer & Fry
薬師の天使は手を借りたい,An Apothecary Angel's Aid
ハロウィンのモニュメント,Halloween Monument
ローマス＆アンネリゼの父,Romas & Anneliese's Father
うふ♪まだまだ甘ちゃんね,You're Still So Green
旅のお供に　超便利ツール,Useful Tool For Travelers
はんなり　おもてなしの色,Color of Fine Hospitality
ナイトたちの血戦２０２２,Knights Bloody Battle 2022
ナイトたちの血戦２０２４,Knights Bloody Battle 2024
ぷらこんおしゃれみずぎき,Yellow Snazzy Swimsuit
ぷらこんふろよういしょう,Bath Outfit
お願いベントラーコイン！,Please Bentler Coin!
おごそかな林道地区への道,Road to Solemn Forest Road
ぷらこんきゅーぴっどくろ,Black Cupid
心のこもったルルルンポゥ,A Heartfelt Zuzuzulo
はーとぼーいへいたいふく,Heart Soldier Uniform (M)
悪夢のヤドリギ広場　出口,Mistletoe Plaza of Nightmares Exit
邪神のほこら（ウェディ）,Evil God's Lair (Weddie)
ダッシュランのドルボード,Drag Racer Dolboard
モヒカント＆バッファロン,Mohawker & Buffalogre
ぷらこんおんなあくまふく,Women's Imp Costume
これって神のお告げなの？,A Message From Above?
新春初詣バトル案内チュー,New Year's Battle Guide
パラディンチェインセット,Paladin Mail Set
バシルーラ屋は店終い！？,No More Bazoom Service?!
アルビデ死体・左手袋なし,Albide Corpse - Left Arm Missing
ナイトたちの血戦２０１８,Knights Bloody Battle 2018
プラコンスクール制服女紺,Blue School Uniform (F)
ゆうびんきょくいんはるざ,Postman Haruza
ぷらこんきゅーぴっどあお,Blue Cupid
バルディア山岳地帯への道,Road to Valdia Mountain Region
オーフィーヌ海底への出口,Exit to Orfine Seabed
魔兵ヒプノス＆魔兵タナト,Hypnos & Thanatos
プラコンスクール制服女白,White School Uniform (F)
だんせいぷらこんふくしろ,White Clothes (M)
あなたを忘れぬそのために,So That I Won't Forget You
メギストリスの都への出口,Exit to Megistris Territory
プラコンスクール制服女茶,Brown School Uniform (F)
マスター・バレクスの選択,Master Barex's Choice
Envリソース読み替えテスト,Env Resource Load Test
彼女こそ究極の愛の伝道者,Ultimate Love Evangelist
エミリエ婦人のマナー講座,Lady Emily's Manner Course
邪神のほこら（ドワーフ）,Evil God's Lair (Dwarf)
まもの博士の研究レポート,Monster Doctor's Research
ポイックリン・リターンズ,Poiclin Returns
そるしえーるのふくせっと,Sorciere's Outfit
ぷらこんすいーとふくくろ,Black Sweet Clothes
芸術のヴェールをはぎ取れ,Tear Off the Veil of Art
プラコンスクール制服女赤,Red School Uniform (F)
ライドオン　ドルボード！,Ride On, Dolboard!
目指せ！　ステキなオネエ,Aim to be Fabulous!
ベルヴァインの森への出口,Exit to Belvain Forest
当選！メガルーラストーン,Winner! Mega Zoomstone
つぼれんきんれんしゅうぎ,Pot Alchemy Training Wear
ドキドキ湯けむり事件！？,Pit-a-Pat Steam Incident
カンフージャケットセット,Kung Fu Jacket Set
バブスラジャムパンの秘密,Secret of Bubble Slime Jam
アルウェ王妃の別荘跡１階,Queen Alwe's Villa Ruins1F
リーネさんのセレブな日常,Renee's Life of Luxury
セクシーに決めるの～ん♪,Decide to be Sexy ♪
トゥーンタウン地区への道,Road to Toontown District
トリック・オア・トリート,Trick or Treat
アラハギーロ王国への出口,Exit to Kingdom of Al-Ahagiro
ぼうえいぐんのせいふくＹ,Defense Force Suit Y
来たれ　おしゃれマスター,Come, Master of Fashion
Re運命のウェディングベル,Re: Wedding Bell of Fate
瀕死時 2%で女神の祝福<ban>,Brink Divine Intervention 2% (PvP×)
会心と暴走時ダメージ +250,Critical & Haywire Damage +250
毒時に呪文のダメージ +20%,Spell Damage to Poisoned Foes +20%
ローヌ樹林帯-黄葉商店 前,Rhone Woodlands - Leaf Shop
レビュール街道南-井戸 前,Revule Highway South - Well
Re真実のフォーエバーラブ,Re: Truth's Forever Love
Reジューンプライドの憂鬱,Re: June Bride's Gloom
ヘナトス時にダメージ +200,Damage to Blunted Foes +200
毒とマヒ時にダメージ +150,Damage to Poisoned & Paralyzed +150
ヒット50時たまに生き残り,May Survive Fatal Damage at 50 Hits
セレドット山道-資料室 前,Celedot Mountain Pass - Archives
全ての属性のダメージ +10%,All Attribute Damage +10%
戦闘勝利時に ＭＰが1回復,Victorious MP +1
開戦時 50%でこうげき力 +60,Starting Attack +60 50%
行動時 2%で聖女の守り<ban>,Alma Mater On Action 2% (PvP×)
復活時ヘヴィチャージ +25%,Heavy Charge Revival +25%
呪文暴走時のダメージ +25%,Haywire Spell Damage +25%
Reジューンブライドの祈り,Re: June Bride's Prayer
アラハギーロ地方-井戸 前,Al-Ahagiro Region - Well
ワルド水源-三門の関所 前,Wald Headwaters - Three Way Gate
敵を倒すと 3%でためる<ban>,Killer Tension (PvP×)
ヒット50時かいしん率上昇,Critical Rate Boost at 50 Hits
追憶の世界-ヴェリナード,World of Remembrance-Verinard
ベルヴァインの森東 入口,Belvain Forest East Entrance
ゼクレス城・宝物庫 出口,Zechres Castle - Treasury Exit
魔幻園マデッサンス 出口,Universagora Studios Exit
みいらおとこのいしょう3,Mummy Boy Costume 3
管理棟エレベーター 入口,Admin Building Elevator Entrance
オルッパ地下洞くつ 入口,Orppa Cavern Entrance
グランゼドーラ王国 入口,Gran Zedora Kingdom Entrance
モンスターズ・ラボ 出口,Monsters Laboratory Exit
フェルアバの大洞穴 入口,Felaba Depths Entrance
カルデア山道の横穴 出口,Chaldea Mountain Road Cave Exit
ルクスガルン大空洞-魔界,Luxgarn Caverns - Demon World
ガートラント城下町 入口,Gartlant Castle Town Entrance
ぼうえいぐんのせいふくY,Defense Force Suit Y
ハディン地下洞くつ 出口,Hadine Cavern Exit
ルクスガルン大空洞-盾島,Luxgarn Caverns - Shield
デルクロアの研究室 出口,Delcroix's Laboratory Exit
聖夜のエントランス 入口,Holy Grand Lobby Entrance
ルクスガルン大空洞 出口,Luxgarn Caverns Exit
カルデア山道の横穴 入口,Chaldea Mountain Road Cave Entrance
開戦時 20%でメイクアップ,Starting Extreme Makeover 20%
開戦時 10%でメイクアップ,Starting Extreme Makeover 10%
紺碧のピラー・内部 出口,Azure Pillar - Interior Exit
ダズの岩穴・大空洞 入口,Daz Grotto - Caverns Entrance
深翠のピラー・内部 出口,Deep Green Pillar - Inside Exit
管理棟エレベーター 出口,Admin Building Elevator Exit
古代オルセコ闘技場 入口,Old Orseco Arena Entrance
フェルアバの大洞穴 出口,Felaba Depths Exit
グランゼドーラ劇場 入口,Gran Zedora Theatre Entrance
ヤマカミヌ王の屋敷 入口,Yamakaminu King's Abode Entrance
古グランゼドーラ城 入口,Old Gran Zedora Castle Entrance
白灰のピラー・内部 出口,White Ash Pillar - Inside Exit
グレゴールの洞くつ 入口,Gregor Cavern Entrance
みいらおとこのいしょう2,Mummy Boy Costume 2
グランゼドーラ劇場 出口,Gran Zedora Theatre Exit
格闘場・闘いの広間 出口,Arena - Monstrous Pit Exit
グレゴールの洞くつ 出口,Gregor Cavern Exit
5.0%でターンを消費しない,Free Turn 5%
デルクロアの研究室 入口,Delcroix's Laboratory Entrance
ヴォルザッド中央塔 出口,Volzaad Central Tower Exit
ナドラガ教団大神殿 入口,Sanctum of the Order Entrance
リンクスのオフィス 出口,Lynx's Office Exit
チューザー地下空洞 入口,Choozah Hollow Entrance
白灰のピラー・内部 入口,White Ash Pillar - Inside Entrance
モンスター格闘場 通用口,Monster Arena Staff Entry
ジュレイダ連塔遺跡 入口,Juleida Tower Remains Entrance
ジュレリア地下廃坑 入口,Juleria Underground Mine Entrance
強戦士の聖域・闘場 出口,Book of Bosses - Arena Exit
ベルヴァインの森西 入口,Belvain Forest West Entrance
フェルアバの洞くつ 入口,Felaba Cave Entrance
雪夜のエントランス 入口,Snowy Night Entrance Entrance
全ての属性のダメージ +5%,Attribute Damage +5%
強戦士の聖域・闘場 入口,Book of Bosses - Arena Entrance
ヴェリナード城下町 入口,Verinard Castle Town Entrance
ダズの岩穴・大空洞 出口,Daz Grotto - Caverns Exit
王都カミハルムイ南 入口,Kamiharmui City South Entrance
古グランゼドーラ城 出口,Old Gran Zedora Castle Exit
開戦時 50%で聖騎士の堅陣,Starting Paladin's Palisade 50%
未完の風穴の研究室 入口,WIP Windways Study Entrance
3.0%でターンを消費しない,Free Turn 3%
魔幻園マデッサンス 入口,Universagora Studios Entrance
ロヴォス高地-樹天の連橋,Rovos Highlands - Heavenly Bridge
王都カミハルムイ北 入口,Kamiharmui City North Entrance
黄金のピラー・内部 入口,Golden Pillar - Interior Entrance
北の空き家・地下室 出口,Vacant House - Basement Exit
1.0%でターンを消費しない,Free Turn 1%
ナドラガ神のほこら 入口,Nadraga Shrine Entrance
バルディア山岳地帯 入口,Valdia Mountain Region Entrance
チューザー地下空洞 出口,Choozah Hollow Exit
2.0%でターンを消費しない,Free Turn 2%
ヴォルザッド中央塔 入口,Volzaad Central Tower Entrance
未完の風穴の研究室 出口,WIP Windways Study Exit
ルクスガルン大空洞 入口,Luxgarn Caverns Entrance
ぼうえいぐんのせいふくZ,Defense Force Suit Z
とこしえの神殿広間 入口,Temple of Eternity Hall Entrance
深翠のピラー・内部 入口,Deep Green Pillar - Inside Entrance
とこしえの神殿広間 出口,Temple of Eternity Hall Exit
ナドラガンドの混沌 出口,Primordial Nadragand Exit
ホワイトショコラ城 出口,White Chocolate Castle Exit
モンスターズ・ラボ 入口,Monsters Laboratory Entrance
格闘場・闘いの広間 入口,Arena - Monstrous Pit Entrance
ハディン地下洞くつ 入口,Hadine Cavern Entrance
紺碧のピラー・内部 入口,Azure Pillar - Interior Entrance
黄金のピラー・内部 出口,Golden Pillar - Interior Exit
炎・闇属性のダメージ +5%,Fire & Dark Damage +5%
開戦時 10%でタップダンス,Starting Tap Dance 10%
プラコンプリンス服・青,Blue Prince Outfit
しぐさ書・全身オレンジ,Turning Orange
たんすミミックの像・庭,Wardrobe Mimic St. (G)
バレンタインポール・庭,Valentine's Pole (G)
しぐさ書・ゴールデン青,Blue Golden Light
メダル１００枚チケット,100 Medals Ticket
プラコンブレザー服・茶,Tea Blazer
第１４回レクタリス像庭,14th Lectalis Statue (G)
ベーカリーのプランター,Bakery Planter
振るえ必殺のフライパン,Shake and Kill Frying Pan
説明おじさんの生きがい,Mr. Explanation's Purpose
とある親友同士の肖像画,2 Best Friends Portrait
シンプルモダン３灯照明,Simple Modern 3 Lights
ヘアメイクフィギュア庭,Hairdresser Figure (G)
メーダプリンスプリズム,Lunatick Prince Prism
カラフルスラ花火台・緑,Green Slime Fwrk Stand
レーンの村のカウンター,Rane Village Counter
初級魔法戦士服のレシピ,Novice ARM Outfit Book
ブロッサムハウス庭用柱,Blossom House Pillar (G)
第８回最小釣りコン・銅,8th Small Fish Bronze
ベルヴァインの森への道,Road to Belvain Forest
ガナドールスーツセット,Victor Outfit
雑貨屋さんカウンター茶,Brown Shop Counter
１０周年知の祝祭参加券,10th Wisdom Fest Ticket
モンスターのおうち・森,Forest Monster House
第６回スライムレース金,6th Slime Race Gold
超重撃破ヘビースタンプ,Superheavy Stomp
チェックのラグの作り方,Making Checkered Rugs
セクシーインテリアの本,Sexy Interior Book
トランプ柄テーブル・黒,Black Card Table
マダムの店の天井ライト,Madame's Shop Hang Light
しぐさ書・ブレイク銀杯,Break Cup
ベラストル家カーペット,Belastre Carpet
スラベスボードプリズム,She-Slime Board Prism
深い森の修道院の柵付壁,Monastery Fence Wall
配布用特訓カード・特大,Training Card XL
ラーディス王島への出口,Exit to Ladis Island
チルタイムローテーブル,Chill Out Low Table
トランプ柄のチェア・赤,Red Card Chair
たそがれの路地裏タイル,Twilight Alley Tile
第３０回ＧＰトロフィ金,30th GP Gold Trophy
ドワーフ人形女のライト,Dwarf Doll Light (F)
スチームインテリアの本,Steam Interior Book
ドール書・ナイスポーズ,Nice Pose (Doll)
占い師の虹色吊りランプ,Diviner Rainbow Lamp
第３２回ＧＰトロフィ金,32nd GP Gold Trophy
スライム飛行機プリズム,Slime Plane Prism
ゴージャスクッキーの本,Gorgeous Cookies Recipe
ラブリーレインボーティ,Lovely Rainbow Tea
東洋風フロアランプ・華,Floral Orient Lamp
上級・状態攻撃錬金の本,Advanced Status Attack
大きなウェディ人形・女,Large Weddie Doll (F)
学園の武道場の水飲み場,School Dojo Fountain
カントリーハウスの壁改,Country House Wall 2
お店のカウンター大・青,Blue Shop Counter L
プリーストナイトのツボ,Priest Knight Pot
ティプローネきらめき草,Tiplone Glimmergrass
キャットリベリオ像・庭,Purrgatroyd Statue (G)
仮装メイクおためし道具,Makeup Trial Kit
第２９回ＧＰトロフィ銅,29th GP Bronze Trophy
第６回大富豪庭アート銀,Tycoon Art 6 Silver (G)
ジューンプライドの憂鬱,June Bride's Gloom
闇の領界のクリスタル床,Dark Realm Base Crystal
武勲の城の台座つき香炉,Valor Castle Pedestal
セピアザンクローネ人形,Sepia Zankrone Doll
エテーネ王国姉弟ソファ,Ethene Siblings Sofa
赤バラのスタンドライト,Red Rose Stand Light
古代オルセコのフラッグ,Old Orseco Flag
大きなドワーフ人形・男,Large Dwarf Doll (M)
魔術師の家具帖・木工編,Wizard Furniture - Wood
ペペロゴーラのスプレー,Peperogora's Spray
ＤＱＸバージョン４の絵,DQX Version 4 Painting
レストリア平野背景壁改,Restoria Plains Wall Art
ビーストウィップの秘密,Beastly Bullwhip Secret
カフェラグマットタイル,Cafe Rug Matte Tile
第８回最小釣りコン・金,8th Small Fish Gold
メルヘンきのこプリズム,Fairy-Tale Shroom Prism
グレイツェルの大鍋・庭,Gretzel's Cauldron (G)
スライムナイトの像・庭,Slime Knight Statue (G)
ちゅうも～く・ハート左,Tah-dah! (L Heart)
イッショウの家のポスト,Issho's House Mailbox
聖天舎のグリーンポット,Monastery Greenery Pot
２段ブロック・メタル青,Blue 2-Step Metal Block
モンスターのおうち・光,Light Monster House
プラコン男性用桃アロハ,Pink Men's Aloha
しぐさ書・フラッシュ桃,Flash Pink
すべての職人を総べる者,Craftman's Supervisor
古グランゼドーラ投石器,Old Gran Zedora Sling
プラチナ錬金ランプの本,Platinum Lamp Book
闇の領界の発光植物・大,Dark Realm Glow Plant L
まじないしの服の作り方,Fizzle-Proof Book
危険と隣り合わせのヤリ,Spear Next To Danger
サウザンドダガーの製法,Deft Dagger Creation
ラダ・ガートのこころ３,Lada Gart's Heart Lv3
しぐさ書・ラブリーティ,Lovely Tea
イッショウの家のむしろ,Issho's House Mat
ウルベアバイクプリズム,Urbea Bike Prism
たれ茶トラ太猫カプセル,Fat Lazy Brown Tabby Toy
たそがれのコンクリの壁,Twilight Concrete Wall
エテーネのお茶会チェア,Ethene Tea Party Chair
壁かけ穴ニードルうさこ,Needle Rabbit Hole
しぐさ書・ジャグスター,Star Juggle
３連発スラ花火・赤青緑,3 Slime Fireworks RBG
第２回スコアアタック銅,2nd Score Attack Bronze
深い森の修道院の紫陽花,Monastery Hydrangea
トランプ柄のチェア・黒,Black Card Chair
スパングルドレスセット,Spangled Outfit
手作り弁当が食べたい！,I Want a Homemade Lunch!
かざぐるまの和風アーチ,Japanese Windmill Arch
ジュレットの町たいまつ,Julet Brazier
ルミナスフルーツポット,Luminous Fruit Pot
ブランベーカリーの壁改,Bran Bakery Wall Mod
ＤＱＸバージョン３の絵,DQX Version 3 Painting
ヴィラスイートのアーチ,Villa Suite Arch
第２６回ＧＰトロフィ銀,26th GP Silver Trophy
きせかえドール・人間女,Human Dress-Up Doll ♀
廃都フォーリオン　出口,Fourion Ruins Exit
おどる宝石ぬいぐるみ小,Goodybag Plushie S
まどうしのころも作成術,Making a Wizard Outfit
第７回大富豪庭アート銅,Tycoon Art 7 Bronze (G)
ダイナーズボンイショウ,Diner Trousers Outfit
だいだいカメリアのタネ,Sour Orng Camellia Seed
精霊大臣の屋敷の鉢植え,Minister Mansion Plant
庭用緑の背景スクリーン,Green Backdrop (G)
トランプ柄バスタブ・黒,Black Card Bathtub
いたスト・トランプマス,Fortune Street - Card
スターダムスーツセット,Stardom Outfit
第８回最小釣りコン・銀,8th Small Fish Silver
ペコリア飛行機プリズム,Pekoria Plane Prism
マイタウン施設コーデ券,My Town Glamour Ticket
機械も竜もかかってこい,Of Machines and Dragons
汗と涙と素材屋のぼうし,Sweat, Tears, Material Cap
きせかえドールプク男＋,Puku. Dress-Up Doll+ ♂
ドルワーム職人ギルド扉,Dolworm Guild Door
プラコンプリンス服・赤,Red Prince Outfit
眠れる冥王と導きの朋友,Sleeping Lord & Guiding Ally
３段ブロック・メタル赤,Red 3-Step Metal Block
ティプローネ高地への道,Road to Tiplone Highlands
壁かけルーミリアの家棚,Lumeria's Wall Shelf
エルドナ神の装束セット,Eldona's Outfit
星座の導き・おひつじ座,Star Guide・Aries
ドットりゅうおう城ラグ,Dragonlord Castle Rug
はじまりの地のテーブル,Land of Beginnings Table
ふわふわ雲オブジェ・星,Starry Cloud Curio
エドアルド邸のオルガン,Eduardo's Organ
まてきのスティック物語,Brouhaha Boomstick Tale
壁かけムニエカの飾り棚,Munieka Wall Shelf
まどうしのころもセット,Wizard's Outfit
ダルメシアンガール衣装,Dalmatian Outfit (F)
純喫茶ペンダントライト,Cafe Hanging Light
クリスマスツリー青・庭,Blue Christmas Tree (G)
ミニ料理集・スイーツ編,Mini Sweets Cookbook
フェルディナクの書・上,Ferdinak's Book Vol. 1
たそがれの煙突付き建物,Twilight Chimney House
あわゆきのこーとせっと,Light Snow Outfit
ウルフドラゴンプリズム,Chihuawyrm Prism
旧ネクロデア剣つきの木,Old Necrodea Sword Tree
第２４回ＧＰトロフィ銀,24th GP Silver Trophy
ダルメシアンボーイ衣装,Dalmatian Outfit (M)
第１１回メレアーデ像庭,11th Mereade Statue (G)
第９回リンベリィの像庭,9th Linberry Statue (G)
しぐさ書・ファイヤー赤,Fire Red
ルイーダ酒場カウンタ大,Patty's Pub Big Counter
破壊神フォロボス練習札,T. Wrecks Tag
フランジュのおまねキー,Frange's Copied Key
だんせいようてんしふく,Angel Clothes (M)
カルデア溶岩帯への出口,Exit to Chaldea Lava Belt
しぐさ書・ダンシング緑,Dancing Green
ドミネウス邸の吊り照明,Domineus Mansion Light
プチ幻界の四諸侯カード,Frail Dread Fiends Card
海沿いのヴィラの花の柵,Seaside Villa Fence
クルーガースーツセット,Kluger Outfit
第９回ヴァレリアの像庭,9th Valeria Statue (G)
クラシクホテルテーブル,Classic Hotel Table
ポルテのグルめぐり机Ｅ,Porte's Tour-met Table E
第３０回ＧＰトロフィ銅,30th GP Bronze Trophy
シルエット・クイーン白,White Silhouette Queen
マダムの店プロンプター,Madame's Shop Prompter
お姫様のインテリアの本,Princess Interior Book
壁かけヒストリカの絵Ｂ,Historica Portrait B
ピンクモーモンプリズム,Pink Sanguini Prism
第３８回ＧＰトロフィ鋼,38th GP Steel Trophy
けんきゅういんまちゅー,Researcher Mathieu
じょせいもみじのゆかた,Maple Yukata (F)
早く人間になりたいのぅ,I Can't Wait to be Human
庭用ネオン・虹サークル,Neon Rainbow Circle (G)
配布用経験値の書・３万,Experience Book - 30K
コロシアムトロフィー煌,Radiant Coliseum Trophy
サマーウルフのきぐるみ,Summer Wolf Costume
ミラクルサンドの作り方,Miracle Sandwich Recipe
壁かけ闘技城ペナント紫,Blue Combat Castle Flag
ギュッとコッコーぐるみ,Chicken Arm Doll Plush
ゴシックビスチェセット,Gothic Bustier Set
アスフェルド学園便せん,Asfeld Academy Paper
深い森の邸宅のレンガ壁,Forest Manor Brick Wall
第３６回ＧＰトロフィ銀,36th GP Silver Trophy
小鳥のペンダントライト,Hanging Bird Light
スライムコタツの作り方,Making a Slime Kotatsu
小さな英雄ザンクローネ,Little Hero Zankrone
飾りタイルのランプの本,Tile Lamp Book
みずたまの棺桶風ベッド,Polka Dot Coffin Bed
第４回バトエンＴＰ・銅,4th Batoen TP Bronze
帝国技術庁のローチェア,Endeavors Low Chair
きせかえドール・エル男,Elf Dress-Up Doll ♂
マデュライトルアーの本,Darkonium Lure Book
嵐の領界のうろこチェア,Storm Realm Scaly Chair
DQ3けんじゃおとこぞーま,DQ3 Sage (M), Zoma
鋼鉄ガタラゴンカプセル,Steel Gataragon Toy
面倒臭がり屋さんの発明,Bothered One's Inventions
第３８回ＧＰトロフィ銅,38th GP Bronze Trophy
隠れスライムタワー像庭,Hidden Slime Stack (G)
雲のスピリットカプセル,Cloud Spirit Toy
いたスト・ラッキーマス,Fortune Street - Lucky
プラコン紅葉ゆかた・男,Men's Autumn Yukata
ガーデンスラ花火台・黄,Ylw Slime Fwrk Stand(G)
美女たちの聖戦２０１８,Beauties Battle 2018
カントリーハウスのラグ,Country House Rug
ギュッとワンワンぐるみ,Dog Arm Doll Plush
フェルみるくコーヒー味,Fel Coffee Milk
スラタワードラけしの像,Slime Stack Eraser
プラコン女性忍の服・桃,Pink Women's Ninja Suit
プラコンエンジェル服青,Blue Angel Clothes
アストルティア商業組合,Astoltia Trade Guild
カフェテラスプランター,Cafe Terrace Planter
春祭り２６Ｄ１目録・庭,Spring Fest '26 D1 (G)
エドアルド邸テーブル大,Eduardo's Big Table
銀ドラガイトロフィー　,Silver Dragon Trophy
第９回ラダ・ガートの像,9th Lada Gart Statue
プラコン女性巫女服・青,Blue Maiden Dress
庭用カボチャのオブジェ,Pumpkin Curio (G)
第１４回アンルシア像庭,14th Anlucia Statue (G)
黄金のイカ焼きプリズム,Gold Fried Squid Prism
好色じいさん最後の願い,Old Man's Last Wish
ヒッチハイクデビルの像,Hitchhike Devil Statue
壁かけ妖精図書館ランプ,Fairy Library Wall Lamp
プラコンキューピッド黒,Black Cupid
プラコン男性はかま・白,White Men's Hakama
上級・きようさ錬金の本,Advanced Deftness
シスターたちのうわさ話,Rumor About the Sisters
ぷらこんめたぶらすーつ,Metal Medley Costume
第１２回メレアーデ像庭,12th Mereade Statue (G)
ナドラガ神のほこら・水,Nadraga Water Shrine
セピアウェディ人形・女,Sepia Weddie Doll (F)
美女たちの聖戦２０２３,Beauties Battle 2023
壁かけステンドグラス角,Square Stained Glass
プラコン女性用桃サンタ,Pink Women's Santa Suit
第４回大富豪アート・銀,Tycoon Art 4 Silver
王都キィンベルの円照明,Kimbel Circular Light
１０周年ふくびき券の束,10th Anniversary Bundle
占い師の円柱吊りランプ,Diviner Round Lamp
グレンドラゴニアの衝立,Glendragonia Screen
ダークドレアムトランプ,Nokturnus Cards
鋭く尖ったキッシュ事典,Sharp Quiche Recipe
だんせいもみじのゆかた,Maple Yukata (M)
激昂の巨人レイジバルス,Regibalus, Furious Giant
第２３回ＧＰトロフィ鋼,23rd GP Steel Trophy
やるきのジャーミィたち,Jacked Jammy and co.
配達！異世界のお客さま,An Otherworldly Buyer
セピアプクリポ人形男大,L Sepia Puku. Doll (M)
森のこびとの庭用ランプ,Forest Dwarf Lamp (G)
壁かけ砂の都のポスター,Sand City Poster
スライムベホマズンツボ,King Cureslime Pot
エテーネのお茶会ガゼボ,Ethene Tea Gazebo
ナラトットスノードーム,Naratott Snow Globe
だいかいけついしょうⅠ,Thief Outfit Ⅰ
復活！キューロピア花火,Kyuropia's Fireworks Work
古代オルセコ吊るし灯火,Old Orseco Hung Light
きせかえドール・子供女,Child Dress-Up Doll ♀
丁目マッシュルーム地区,Block Mushroom District
デーモンスピアの作り方,Making Demon Spears
イースターエッグライト,Easter Egg Light
壁かけバズカフェの照明,Pazu Cafe Wall Light
セピアウェディ人形女大,L Sepia Weddie Doll (F)
大きなオーガの人形・男,Large Ogre Doll (M)
黄金サメバーンプリズム,Gold Great Bite Prism
カラフルスラ花火台・紫,Purple Slime Fwrk Stand
プラコン男性はかま・紺,Navy Blue Men's Hakama
第７回スライムレース金,7th Slime Race Gold
コロシアムトロフィー耀,Shiny Coliseum Trophy
ロッキンマートのタイル,Rockin' Mart Tile
サポートスタッフ用装備,Support Staff Equipment
トランプ柄のタンス・黒,Black Card Wardrobe
第１回大富豪アート・金,Tycoon Art 1 Gold
第３４回ＧＰトロフィ銀,34th GP Trophy Silver
配布用経験値の聖典３万,EXP Scripture - 30K
大魔神格納庫のガレキ３,Colossus Hangar Rubble 3
コロシアムトロフィー帝,Emperor Coliseum Trophy
第９回スライムレース銀,9th Slime Race Silver
プロディトスーツセット,Plaudit Outfit
壁かけ王国軍司令部の旗,Royal Army Wall Flag
マジックチャクラムの本,Magic Circle Book
フラワーのオブジェ・赤,Red Flower Curio
カルサドラアックスの書,Calsadora Axe Book
古グランゼドーラの灯火,Old Gran Zedora Light
ベラストル家丸テーブル,Belastre Round Table
カフェテラスのシェード,Cafe Terrace Shade
エドアルド邸肘かけイス,Eduardo's Armchair
異国のレンガ館の装飾壁,Exotic Brick Decor Wall
モンスターのおうち・夢,Dream Monster House
ブロッサムハウス花の壁,Blossom House Lily Wall
不浄をもって不浄を制す,Impurity Defeats Impurity
キラキラモビールの秘密,Star Mobile Secrets
カミハルムイ領北の木Ａ,Kamiharmui North Tree A
闇のキーエンブレム・青,Dark Blue Key Emblem
壁かけ真・魔幻宮殿篝火,Demon Palace Wall Flame
いかしたてぃーしゃつき,Yellow Cool T-Shirt
ピョンシェルジュキング,Pyoncierge King
トゥインクルガーランド,Twinkle Garland
アウトドアデッキチェア,Outdoor Deck Chair
シルエット・五種族・白,W. Silhouette 5 Tribes
ランガーオ山地の黒い影,Shadow of Langao Mountains
ニコちゃんの鉢植え・庭,Smyles Plant Pot (G)
トランプ柄の植木鉢・黒,Black Card Plant Pot
ドルバイクＷＸプリズム,Dol-Bike WX Prism
アストルティア草花欠番,Astoltia Flowers Missing #
エンパイアブレードの書,Legate's Blade Book
闇のキーエンブレム・赤,Dark Red Key Emblem
第３回バトエンＴＰ・銅,3rd Batoen TP Bronze
壁かけカミハルムイの盾,Kamiharmui Shield Mount
邪神のほこら（オーガ）,Evil God's Lair (Ogre)
丁目白亜の臨海都市地区,Block Chalky Waterfront
しぐさ書・パンフレット,Pamphlet
２段ブロック・メタル赤,Red 2-Step Metal Block
お店のカウンター小・緑,Green Shop Counter S
カレイドスコープレシピ,Kaleidoscope Recipe
闇の大魔王ローブセット,Archfiend's Outfit
純喫茶カウンターチェア,Cafe Counter Chair
第３２回ＧＰトロフィ鋼,32nd GP Steel Trophy
三姉妹シャンデリア・黒,Black 3 Sis. Chandelier
しぐさ書・注目ハート左,Tah-dah! (L Heart)
とうばつたいいんあーり,Strike Force Arri
第７回大富豪アート・金,Tycoon Art 7 Gold
壁かけキッズ棚・男の子,Boy's Wall Shelf
トコトコワラタロー・庭,Trotting Warataro (G)
ゴブル砂漠のヤシの木Ａ,Goble Desert Palm Tree
第５回最小釣りコン・銅,5th Small Fish Bronze
マスターからの最終試練,Master's Final Trial
室内雑貨屋さんラック茶,Brown Indoor Decor Rack
プラコンプリンス服・黄,Yellow Prince Outfit
第２回スコアアタック銀,2nd Score Attack Silver
まもの使いは　いかが？,Ready to Wrangle
カボチャくるくるライト,Pumpkin Rotating Light
しぐさ書・バブルハート,Bubble Heart
バトエンランチャー寝台,Batoen Launcher Bed
ウサギぬいぐるみ小・黒,Black Rabbit Plushie S
森の水車小屋の飼育小屋,Watermill Animal Pen
壁かけイルーシャ肖像画,Illusia Portrait
トリニティジュエル・赤,Red Trinity Jewel
封じられた洞くつへの道,Road to Sealed Cave
ＤＱＸバージョン５の絵,DQX Version 5 Painting
ブルートライデント旗煌,Shiny Blue Trident Flag
バカンウグレ遺跡の彫像,Bakangre Ruins Statue
しぐさ書・ファイヤー桃,Fire Pink
上級・耐性アップ錬金術,Advanced Resist Up
隠れメタルスライム像庭,Hidden Metal Slime (G)
カジノ祭３ルーレット銀,CasinoFest 3 Roul. Slvr
イルーシャのぬいぐるみ,Illusia Plushie
スチームのイスと机の本,Steam Furniture Book
スカーレットナイトたち,Scarlet Knights
美女たちの聖戦２０１６,Beauties Battle 2016
異国のレンガ館庭仕切り,Exotic Brick Partition
プラコン男性はかま・青,Blue Men's Hakama
荒廃したレンダーヒルズ,Lender Hills in Ruins
ベラストル家のトルソー,Belastre Torso
第６回大富豪アート・銅,Tycoon Art 6 Bronze
トライバルトップセット,Tribal Outfit
ルーラストーン引換券７,Zoomstone Coupon 7
カミナリボードプリズム,Lightning Board Prism
プラコンブレザー服・黒,Black Blazer
今日からアステル創刊号,Aster of Today Issue 1
ファラザード城のチェア,Farazard Chair
しぐさ書・立って本読み,Standing Reading
１０周年記念冒険者の像,10th Anniversary Statue
ポルテのグルめぐり机Ａ,Porte's Tour-met Table A
お土産屋さんの和風屋根,Souvenir Shop Roof
メタスラのカウンター大,Metal Slime Counter L
カテドラルローブセット,Cathedral Outfit
きせかえドール・ウェ男,Weddie Dress-Up Doll ♂
破壊神フォロボスカード,T. Wrecks Card
まもりのローブの作り方,Safety Outift Book
第７回大富豪庭アート銀,Tycoon Art 7 Silver (G)
ポイックリンぬいぐるみ,Poiclin Plushie
セピアウェディ人形男大,L Sepia Weddie Doll (M)
ネコ姫のサイドチェスト,Cat Princess Side Chest
壁かけはじまりの地黒板,LoB Chalkboard
カボチャドワーフ人形男,Pumpkin Dwarf Doll (M)
週刊ウルベア魔神兵４巻,Urbea Aztech Weekly Vol. 4
プラチナさいほう針の本,Platinum Needle Book
お菓子の国のガラシの塔,Candy Country Mustard Tower
プラコン女性忍の服・青,Blue Women's Ninja Suit
壁かけタイタス号の額縁,Titus Wall Picture Frame
プラコン男性忍の服・紺,Navy Men's Ninja Suit
しぐさ書・たいこを叩く,Beat a Drum
プティラグアスの像・庭,Teeny Raguas Statue (G)
しぐさ書・フィーバー赤,Red Night Fever
奇跡の鍛冶ハンマ小の本,Miracle Hammer S Book
開戦時 8%で呪文威力上昇,Starting Spell Power Up 8%
お菓子なインテリアの本,Sweet Interior Book
学園の校庭バックネット,Schoolyard Back Net
ダラマッド遺跡・格納庫,Dalmurd Ruins - Hangar
エクストラフロア扉・青,Extra Floor Door Blue
闇の釣り人放浪記・序章,Dark Fisherman Vol 1
たそがれの路地裏の門柱,Twilight Alley Gatepost
常闇の竜レグナードの像,Regnad Statue
ウサギぬいぐるみ小・茶,Brown Rabbit Plushie S
しぐさ書・黄のまなざし,Yellow Gaze
DQ1ゆうしゃたいまつなし,DQ1 Hero Without Torch
ギルドマスターを超えて,Beyond the Guildmaster
しぐさ書・甘えていいよ,Rely On Me
コロシアムトロフィー朧,Hazy Coliseum Trophy
ウサギぬいぐるみ小・白,White Rabbit Plushie S
プラコンシャワーセット,Shower Set
ごうかなインテリアの本,Fancy Interior Book
第４回大富豪庭アート銀,Tycoon Art 4 Silver (G)
おもちゃのトンネル・雪,Toy Tunnel (Snow)
ブランベーカリーの看板,Bran Bakery Sign
プラコンキューピッド紫,Purple Cupid
ラダ・ガートのこころ２,Lada Gart's Heart Lv2
花散らす低気圧２０２３,Wind Scattered Petals 2023
クラシカルホテルの噴水,Classic Hotel Fountain
第９回大富豪庭アート金,Tycoon Art 9 Gold (G)
カボチャのミラーボール,Pumpkin Disco Ball
美女たちの聖戦２０２４,Beauties Battle 2024
銀の鍛冶ハンマー小の本,Silver Hammer S Book
ラウルのゴーグルケース,Rahul Goggles Case
しぐさ書・ダンシング青,Dancing Blue
思い出のタイムカプセル,Memory's Time Capsule
プラコン女性忍の服・黒,Black Women's Ninja Suit
ルミナスバルーンライト,Luminous Balloon Light
カンフージャケットの本,Kung Fu Jacket Book
蘇りし守護者ラズバーン,Risen Razerburn
第７回大富豪アート・銀,Tycoon Art 7 Silver
シルフウィング・白の箱,White Sylph Wings Box
グレイトマーマンのツボ,Merderer Pot
ゼナベスティアカプセル,Zenebestia Toy
みわくのリボンの作り方,How to Make a Hypnowhip
キラーマジンガ強メダル,Apex Uberkilling Medal
マーメイドの謎・木工編,Mermaid Mystery - Wood
桃色キュートなブローチ,A Cute Pink Brooch
壁かけやぐら館照明・花,Tower Flower Wall Light
こちら　レンジャー協会,The Ranger Association
グリーンポット中・家用,Greenery Pot M
トリニティジュエル・青,Blue Trinity Jewel
しぐさ書・紫のまなざし,Purple Gaze
とくめいてつどうふぁん,Anon Train Fanatic
便せんはペンよりも強し,Paper Mightier Than Pen
ウェルカムギフト６印章,Welcome Gift 6 Stamps
第２回大富豪庭アート銀,Tycoon Art 2 Silver (G)
ピクニックグルヤンラシ,Guryan Rush Picnic
異国の寺院の透かし大壁,Exotic Temple Wall L
トンブレほうきプリズム,Ham Sham. Broom Prism
スコーピオンテイルの本,Scorpion Tail Book
フィネトカのオルゴール,Finetka Music Box
プラコン男ドラキュラ服,Men's Dracula Costume
聖湖ゼニートのテーブル,Zenit Table
マジカルサンドのレシピ,Magical Sandwich Recipe
機工博士のコートセット,Engineer's Outfit
隠れメタルスライムの像,Hidden Metal Slime
鋼の秘奥・スティック編,Metalworks: Wands
しぐさ書・ファイヤー緑,Fire Green
トリニティジュエル・白,White Trinity Jewel
ウサミミたちの星杯伝説,Bunny Star Cup Legend
聖王のスティックの壁画,Dryspell Wand Book
第４回バトエンＴＰ・銀,4th Batoen TP Silver
異国のレンガ館庭用柱小,Exotic Brick Pillar S
みかわしオムレツ調理法,Evasion Omelet Recipe
プラコン女性赤ふりそで,Red Women's Kimono
しぐさ書・優しい気持ち,Kindness
ナスビナーラのきぐるみ,Woebergine Costume
第３０回ＧＰトロフィ鋼,30th GP Steel Trophy
２ウェイスピーカー・庭,Two-way Speaker (G)
東洋風ティーセット・華,Floral Orient Tea Set
アストルティア★ラリー,Astoltia★Rally
コロシアムトロフィー烈,Violent Coliseum Trophy
ルーラストーン引換券３,Zoomstone Coupon 3
金ドラガイトロフィー　,Gold Dragon Trophy
大きなエルフの人形・男,Large Elf Doll (M)
アンティークカフェ本壁,Antique Cafe Book Wall
第９回最小釣りコン・銀,9th Small Fish Silver
誓約の園の不思議な石盤,Covenant Stone Tablet
プチアンドレアルカード,Frail Rashaverak Card
ルイーダ酒場の吊り照明,Patty's Pub Lighting
ウリボーちゃんカプセル,Wild Boarlette Toy
プティヒューザの像・庭,Teeny Hyuza Statue (G)
プラコンシャワー用衣装,Shower Outfit
ガチャコッコ釜プリズム,Cuckoo Pot Prism
ペンシルボーイの像・庭,Prancing Pencil St. (G)
第１３回アンルシア像庭,13th Anlucia Statue (G)
足音切り替え検証庭・布,Footstep Switch Cloth
第１０回ウェブニー像庭,10th Webney Statue (G)
遅いテストルベランギス,Slow Test Ruberangis
フェンリルアタック強化,Lupine Leader Boost
ブラックダイヤプリズム,Black Diamond Prism
イースターエッグツリー,Easter Egg Tree
かっこよクモかわいクモ,Cool Spiders, Cute Spiders
グレンドラゴニア旗・煌,Shiny Glendragonia Flag
ダッフルセーラーセット,Duffel Outfit
精霊大臣の屋敷テーブル,Minister Mansion Table
きせかえドールウェ女＋,Weddie DressUp Doll+(F)
とうばつたいいんまちぇ,Strike Force Mache
覚醒リーネ（＋他３名）,Awakened Renee (+3 Others)
しぐさ書・ジャグボール,Ball Juggle
お姫様のカウンタ小・橙,Princess Counter S
大きなウェディ人形・男,Large Weddie Doll (M)
プラコン男性用束帯・茶,Tea Ceremony Gown
王都キィンベルの球照明,Kimbel Spherical Light
ウォーハンマーのレシピ,War Hammer Recipe
コロシアムトロフィー慧,Keen Coliseum Trophy
ルーラストーン引換券１,Zoomstone Coupon 1
あまたの願いを求めて２,In Search of More Wishes 2
猫型カプセルトイマシン,Cat Capsule Toy Machine
散髪人形のヘアテク披露,Hairdressing Doll Demo
第２９回ＧＰトロフィ鋼,29th GP Steel Trophy
きんぞくウルフきぐるみ,Metal Wolf Costume
ごうかなテーブル小・赤,Red Fancy Table S
メルサンディの酒場の家,Melsandy Tavern House
カミルハムイにカンパイ,cheers to Kamiruhamui
第１０回リナーシェ像庭,10th Linashe Statue (G)
きせかえドール・ドワ男,Dwarf Dress-Up Doll ♂
壁かけ祈願の神殿ランプ,Gratitemple Wall Lamp
壁かけルーミリアの家絵,Lumeria's Painting
銀ドラキートロフィー　,Silver Dracky Trophy
アナザーハート・弐の箱,Another Heart Ⅱ Box
海沿いのヴィラ間仕切り,Seaside Villa Partition
フォースブレードの秘法,Force Blade Recipe
誰に　声をかけますか？,Speak with whom?
わだつみのころもせっと,Sea God Outfit
第１３回エルドナ神像庭,13th Eldona Statue (G)
レプリカ複数アイコン家,Replica Icons
パッチワークラグのメモ,Patchwork Rug Memo
カジノ祭６ルーレット銅,CasinoFest 6 Roulette Bronze
タワーランスガイダンス,Tower Lance Guidance
デザートデモンカプセル,Dessert Demon Toy
コスモスアーマーセット,Cosmos Armor Set
第２５回ＧＰトロフィ鋼,25th GP Steel Trophy
ゴッドライクな大剣作成,Godlike Sword Creation
妖精図書館の吊り青水晶,Fairy Library Hung Gem
マイタウン施設美容院券,My Town Salon Ticket
モンスターのおうち・葉,Leaf Monster House
お店のカウンター小・赤,Red Shop Counter S
セピアプクリポ人形・女,Sepia Pukulipo Doll (F)
ゴールデントーテムの壁,Gem Jamboree Wall
もんもん　モーモン訪問,Tense Teeny Sanguini Visit
１段ブロック・メタル赤,Red Metal Block
ライトニングソードの書,Thunderstorm Sword Book
カジノコインチケット銅,Bronze Casino Ticket
キラーパンサープリズム,Great Sabrecat Prism
ファラザード城半円壁泉,Farazard Round Fountain
第３９回ＧＰトロフィ金,39th GP Gold Trophy
夢の秘密工場クレーン柱,Dream Factory Pillar
リースホッパープリズム,Wreath Pogo Prism
アルウェーン丸テーブル,Alweyn Round Table
壁かけ武器オブジェ・青,Blue Weapon Wall Mount
ナドラガ神のほこら・闇,Nadraga Dark Shrine
そなえの場の宿屋の丸机,Place of Preparation Desk
上級・攻撃アップ錬金術,Advanced Attack Up
ファントムマントセット,Phantom Outfit
アクロバーガーの作り方,Acro-Burger Recipe
モーターバイクプリズム,Motorcycle Prism
サーペントウィップの本,Serpent Whip Book
学園の菜園の植え込み大,Academy Garden Plant L
メギストリス領への出口,Exit to Megistris Territory
うろこのよろいの作り方,Tipping the Scales
ドラゴンのうろこ加工法,Process Dragon Scales
丁目トゥーンタウン地区,Block Toontown District
壁かけプラントハンガー,Wall Plant Hanger
しぐさ書・ヨーヨー風船,Balloon Yo-Yo
きせかえドールプク女＋,Puku Dress-Up Doll+ ♀
聖湖ゼニート守護天使像,Zenit Angel Statue
第４回バトエンＭＤ・銀,4th Batoen MD Silver
学園の菜園木の鉢植えＣ,Academy Garden Tree C
カミハルムイ武器屋の家,Kamiharmui Weapon Shop
学園の菜園木の鉢植えＡ,Academy Garden Tree A
プラコンスクール服・茶,Tea School Uniform
さまーうるふのきぐるみ,Summer Wolf Costume
天空アズラゴンカプセル,Zenith Azlangon Toy
じょせいようてんしふく,Angel Clothes (F)
イルーシャの肖像画・庭,Illusia Portrait (G)
第９回大富豪アート・銅,Tycoon Art 9 Bronze
ブラックコンドルの神秘,Black Buzzard Mystery
イシュマウリオルゴ欠番,Ishmahri Music Box
中国語版ＮＰＣ０００３,Chinese Version NPC 0003
装備時ヒットカウント +1,Hit Count When Wielding +1
学園の食堂ショーケース,School Cafe Showcase
壁かけオルフェア紋章旗,Orphea Wall Banner
第３６回ＧＰトロフィ銅,36th GP Bronze Trophy
バトルトリニティ２印章,Battle Trinity 2 Stamps
壁かけキッチンツール大,Wall Kitchen Tools L
第５回最小釣りコン・銀,5th Small Fish Silver
妖精図書館の八面ランプ,Fairy Library Octa Lamp
プチＳジェネラルカード,Frail Shogum Card
セピアプクリポ人形・男,Sepia Pukulipo Doll (M)
ファラザード城のライト,Farazard Light
壁かけキッズ棚・女の子,Girl's Wall Shelf
ジャグリング・スライム,Slime Juggling
しぐさ書・天灯１０周年,10th Anniversary Lantern
第１４回ヴァレリア像庭,14th Valeria Statue (G)
イグナイトメイルセット,Ignite Mail Set
ヘヴィーなよろいの物語,Story of Heavy Armor
ウェディ人形男のライト,Weddie Doll Light (M)
セピアの竜族の人形・男,Sepia Nadravian Doll(M)
百手巨人の手も借りたい,Hecatoncheires' Mercy
セピアのリゼロッタ人形,Sepia Lieselotte Doll
ポーズ書・お手をどうぞ,Outstretched Hand Pose
バントリユ地方への出口,Exit to Bantryu Region
第３２回ＧＰトロフィ銅,32nd GP Bronze Trophy
カルーセルハイムの花壇,Carousel Home Flowerbed
魔界フォトアルバム・金,Demon World Photo Gold
第３回大富豪アート・銅,Tycoon Art 3 Bronze
タコヤキメットの像・庭,Takopot Statue (G)
エピステーサ丘陵への道,Road to Epistesa Hills
プラコン女性用青アロハ,Blue Women's Aloha
グリーンアクアウォール,Greenery Aqua Wall
剣王ガルドリオン召喚符,Gardlion Summon
鋼神戦隊ツメレンジャー,Mighty Clawin' Rangers
壁かけ穴ドラゴンキッズ,Small Fry Hole
第２３回ＧＰトロフィ金,23rd GP Gold Trophy
第１１回ナドラガ神像庭,11th Nadraga Statue (G)
色変わりスライムライト,Slime Light
第７回大富豪庭アート金,Tycoon Art 7 Gold (G)
アマラーク城下町　入口,Amarak Castle Town Entrance
強・マンドラゴラコイン,Apex Mandragora Coin
あぐらにちょうないかい,Agrani Council
バルディスタ式攻城兵器,Valdista Siege Weapon
リースブランコプリズム,Wreath Swing Prism
ブロッサムハウス花柄壁,Blossom House Wall
モンスターのおうち・花,Flower Monster House
オスクトルローブセット,Oscutor Outfit
ジャッジメントブラック,Judgement Black
クリームつむりの像・庭,Cream Slime Statue (G)
ルティチャビ像クリーム,Cream Astolti Chubby St.
ハート花火モビール・庭,Heart Fworks Mobile (G)
陰陽博士のころもセット,Yin-Yang Outfit
ルーンクラブの足の向き,Rune Crab Claws Recipe
第３８回ＧＰトロフィ銀,38th GP Silver Trophy
ヴェリナード領南への道,Road to Verinard South
海沿いのヴィラシェード,Seaside Villa Shade
シルフウィング・桃の箱,Pink Sylph Wings Box
ファラザード城のデスク,Farazard Desk
妖精図書館のクリスタル,Fairy Library Crystal
おもちゃセット大図鑑３,Toy Encyclopedia Set 3
第３３回ＧＰトロフィ銀,33rd GP Silver Trophy
第２回機神のトロフィ銀,2nd Mech Silver Trophy
いたスト・銀行＆城マス,Fortune Street - Bank
色変わりモーモンライト,Teeny Sanguini Light
クラシカルホテルの壁改,Classic Hotel Wall
第２回大富豪庭アート銅,Tycoon Art 2 Bronze (G)
ゴールデントーテム像庭,Gem Jamboree Statue (G)
シャントット博士来たる,Shantotto's Arrival
エリザベッテぬいぐるみ,Elizabette Plushie
遊び人ファイアワークス,Gadabout Fireworks
バトエントロフィー・銀,Silver Batoen Trophy
プラコンおしゃれ水着桃,Pink Snazzy Swimsuit
トランプ柄のランプ・黒,Black Card Lamp
第２９回ＧＰトロフィ金,29th GP Gold Trophy
スノーイルミネーション,Snow Illumination
ルーミリアの家のチェア,Lumeria's Chair
プラコン男性用桃サンタ,Pink Men's Santa Suit
しぐさ書・ネオンスター,Neon Star
モダンバニーの秘密日記,Modern Bunny Diary
カントリーの窓つき庭壁,Country Window Wall
ポルテのグルめぐり机Ｃ,Porte's Tour-met Table C
参加していきませんか？,Do you want to go?
しぐさ書・座って本読み,Sit and Read
エビルプリースト練習札,Aamon Tag
奇跡のさいほう針小の本,Miracle Needle S Book
南国リゾートの便利な壁,Tropical Resort Wall
第１回大富豪庭アート銅,Tycoon Art 1 Bronze (G)
プラコン男性用白アロハ,White Men's Aloha
グリーンポット大・家用,Greenery Pot L
バズカフェの植木セット,Pazu Cafe Plant Set
魔法じゅうたんプリズム,Magic Carpet Prism
室内ワープクリスタル緑,Green Warp Crystal
グランゼドーラ領への道,Road to Gran Zedora Territory
クマのぬいぐるみ小・茶,Brown Bear Plushie S
ジュレットの町への出口,Exit to Julet
エテーネ王宮の鏡台イス,Ethene Royal Chair
ジュレットの家の設計図,Julet House Blueprint
壁かけアズランのランプ,Azlan Wall Lamp
プラコン女性紫ふりそで,Purple Women's Kimono
お菓子の家のカウンター,Candy House Counter
グリーンポット小・家用,Greenery Pot S
アストルティアの菜の花,Astoltia Rapeseed
大富豪グリーンテーブル,Green Tycoon Table
プラチナ鍛冶ハンマの本,Platinum Hammer Book
トコトコ室内わらし人形,Trotting Indoor Doll
ピンクモーモンの像・庭,Pink Sanguini Statue(G)
カミハルムイ南への出口,Exit to Kamiharmui South
ポルテのグルめぐり机Ｂ,Porte's Tour-met Table B
中国語版ＮＰＣ１０２４,Chinese Version NPC 1024
レビュール街道南への道,Road to Revule Highway South
第３７回ＧＰトロフィ銅,37th GP Bronze Trophy
キングブレードのレシピ,Lord's Sword Recipe
ふわふわ雲オブジェ・虹,Rainbow Cloud Curio
タホドラキーの写真立て,Drackmage Frame
お皿に載ったパンケーキ,Pancakes on a Plate
炎夏の海を駆け抜けろ！,See That Summer Sea!
セピアのルシェンダ人形,Sepia Lushenda Doll
ドーナツクッション・桃,Pink Donut Cushion
キナリキツネ猫カプセル,Kinari Fox Cat Toy
しぐさ書・いっくよー！,Let's Go!
お姫様のカウンタ大・橙,Princess Counter L
はじまりの地の木箱と本,LoB Crates n' Books
セピアプクリポ人形女大,L Sepia Puku. Doll (F)
プラコン男性忍の服・黒,Black Men's Ninja Suit
スレア海岸の木製ボート,Surea Coast Wooden Boat
モンスターのカラフル卵,Monster Colorful Egg
壁かけダーマ神殿の飾り,Alltrades Wall Decor
スライムかがみもち門松,Slime Mochi Kadomatsu
ナルビア宿屋の縦長ラグ,Nalbia Inn Long Rug
竜巻スピリットカプセル,Tornado Spirit Toy
中国語版ＮＰＣ０００１,Chinese Version NPC 0001
大きい壁カメラテスト１,Large Wall Cam. Test 1
トランプ柄のタンス・赤,Red Card Wardrobe
ホーリーローブのレシピ,Holy Outfit Recipe
ケミカルポップなソファ,Chemical Pop Sofa
室内アラモンドパイロン,Indoor Alamond Pylon
スタンドつきスピーカー,Speaker with Stand
ヒューザアスバルソファ,Hyuza & Asbal Sofa
第３回バトエンＴＰ・金,3rd Batoen TP Gold
帝国技術庁モニタデスク,Endeavors Desk
壁かけ穴まいまいテイル,Snaily Tail Hole
ＤＱＸバージョン６の絵,DQX Version 6 Painting
壁かけルーミリアの家窓,Lumeria's Window
大きなエルフの人形・女,Large Elf Doll (F)
ウェルカムギフト２印章,Welcome Gift 2 Stamps
ミニ料理集・パスタ＆米,Mini Side Dish Cookbook
シルエット・モンスタ白,W. Silhouette Monster
クリスマスのリボン飾り,Christmas Ribbon Decor
チェイサーレザー作成術,Chaser Leather Making
スライムタワーの像・庭,Slime Stack Statue (G)
プラコン男パンプキン服,Men's Pumpkin Clothes
カラクリ仕掛けオブジェ,Clockwork Curio
シルエット・吹き出し白,White Silhouette Speech
ドルワーム水晶宮への道,Path to Crystal Palace
ビショップのピース・白,White Bishop Piece
上級・すばやさ錬金の本,Advanced Agility
ブーナー熱帯雨林の木Ａ,Booner Rainforest TreeA
コールドスリープポッド,Cryogenic Sleep Pod
さすらいのコートセット,Errant Outfit
ホワイトデーチョコ・庭,White Day Chocolate (G)
メタスラのカウンター小,Metal Slime Counter S
超文明キューブポスト黒,Black Cubes Post
ウェディ人形女のライト,Weddie Doll Light (F)
星くずの灯ろうの作り方,Make Stardust Lanterns
しゃっきりレタスのタネ,Luscious Lettuce Seed
妖炎魔女のドレスセット,Fire Witch Outfit
第３０回ＧＰトロフィ銀,30th GP Silver Trophy
トランプ柄のベッド・黒,Black Card Bed
コロシアムトロフィー極,Polar Coliseum Trophy
プラコン女性用赤アロハ,Red Women's Aloha
モモリオン王ぬいぐるみ,Sanguini King Plushie
エビルプリーストコイン,Aamon Coin
第９回大富豪庭アート銅,Tycoon Art 9 Bronze (G)
第３回バトエンＭＤ・銅,3rd Batoen MD Bronze
第２回ギャグ４コマ・銅,2nd Funny Comic Bronze
ルイーダ酒場樽テーブル,Patty's Pub Barrel Table
ツンドラキーの写真立て,Tundracky Frame
だいかいけついしょうⅡ,Thief Outfit Ⅱ
しぐさ書・フィーバー緑,Green Night Fever
ませんきょうのいしょう,Oracle's Outfit
水の領界のクラゲランプ,Water Realm Jelly Lamp
第３回大富豪アート・銀,Tycoon Art 3 Silver
とこしえの氷原への出口,Exit to Permafrost Plains
聖王のブーメランの壁画,Dryspell Boomerang Book
クリスマス２０１７・銀,Christmas 2017 Silver
ＧＭふうせんリポちゃん,GM Lipo Balloon
ポイズンカメリアのタネ,Poison Camellia Seed
ウェルカムギフト４印章,Welcome Gift 4 Stamps
オルフェア地方東への道,Road to Orphea Region East
お菓子の国のキャンディ,Candy Country Candy
プラコンイケてる水着白,White Cool Swimsuit
朽ちた遺跡の結晶ライト,Ruin Crystal Light
レッスンチケット引換券,Lesson Ticket Voucher
ズッシリゾットのレシピ,Sushi Risotto Recipe
世話焼きオバサンの計画,Caring Aunt's Plan
ムニエカの紫屋根の小屋,Munieka Purple Roof Cabin
ルディアンリッターたち,Brigadoomian Knight and co.
ジェットマシンプリズム,Jet Machine Prism
隠れキングスライム像庭,Hidden King Slime (G)
ＤＱＸバージョン１の絵,DQX Version 1 Painting
壁かけステンドグラス大,Large Stained Glass
アラハのごちそうセット,Al-Ahagiro Feast Set
壁かけカミハルムイの剣,Kamiharmui Sword Mount
第３４回ＧＰトロフィ鋼,34th GP Trophy Steel
ミラクルコートカタログ,Miracle Outfit Catalog
雷火に浮かびし我が魔城,Castle Floats on Lightning
第８回スライムレース金,8th Slime Race Gold
完全なるバランスパスタ,Balance Pasta Recipe
たたかいの心得ボックス,Battle Basics Box
神墟ナドラグラムへの扉,Door to Nadragram Remains
カミハルムイ領北の木Ｂ,Kamiharmui North Tree B
新兵支給むねあてセット,Recruit Armor Set
せんすいふくでふぉると,Default Diving Suit
初級・おしゃれ錬金の本,Beginner Style
カミハルムイ領北の竹Ｂ,Kamiharmui Bamboo B
第２回スコアアタック金,2nd Score Attack Gold
銅ドラキートロフィー　,Bronze Dracky Trophy
黄金のたいやきプリズム,Gold Taiyaki Prism
ヴェリナード風たいまつ,Verinard-Style Brazier
ランプ錬金やるっしょ？,You'll Do Lamp Alchemy?
ザンクローネぬいぐるみ,Zankrone Plushie
アークデーモンカプセル,Archdemon Toy
くろがねのよろいセット,Darksteel Armor Set
ジア・クト小型艇の写真,Dia Kut Vessel Photo
シュタール鉱野への出口,Exit to Stahl Minefield
ストームカイザー風刃伝,Winds of the Storm Kaiser
マダムの店カラオケ機器,Madame's Shop Karaoke
空前絶後！　２次予選！,Unprecedented! Round 2!
室内ワープクリスタル赤,Red Warp Crystal
散髪人形はお礼がしたい,Thankful Hairdressing Doll
欠番お菓子の家カウンタ,Miss# Candy House Counter
ひとりぼっちの守護天使,The Lonely Guardian Angel
ドラゴン花火・オレンジ,Orange Dragon Firework
グレートマントのレシピ,Great Armor Recipe
シンプルフラットテレビ,Simple Flat TV
第２８回ＧＰトロフィ銀,28th GP Silver Trophy
氷の魔王イヤリングの箱,Ice Demon Earrings Box
レンジャーコートセット,Ranger Outfit
第５回大富豪庭アート金,Tycoon Art 5 Gold (G)
ヴィラスイートフェンス,Villa Suite Fence
週刊ウルベア魔神兵２巻,Urbea Aztech Weekly Vol. 2
ヴィーラのころもセット,Vila's Outfit
たれキナリ太猫カプセル,Fat Lazy Kinari Cat Toy
クラシカルホテルの窓掛,Classic Hotel Curtains
スライム柄の香炉ランプ,Slime Incense Lamp
ナドラガ神のほこら・炎,Nadraga Flame Shrine
中級・状態攻撃錬金の本,Intermediate Status Atk
プラコンエンジェル服桃,Pink Angel Clothes
紅殻魔スコルパイドの像,Scorpide Statue
トンブレロぬいぐるみ小,Ham Shamwitch Plushie S
大魔神格納庫のガレキ１,Colossus Hangar Rubble 1
美女たちの聖戦２０２１,Beauties Battle 2021
１０周年記念ふくびき券,10th Anniversary Ticket
海辺の釣具屋棚つき壁改,Fishing Shop Wall Shelf 2
シルバーデビルカプセル,Silvapithecus Toy
温泉効果付きヒノキ風呂,Hot Spring Bath
本マグロ解体ショー一式,Tuna Dismantling Set
フェザーチェアプリズム,Feather Chair Prism
パインのドレッサー・緑,Green Pineapple Vanity
丁目うるわしの浜辺地区,Block Beautiful Beach
魔衛隊士のよろいセット,Demon Guard Armor Set
レーザー扉付きついたて,Laser Door Partition
バスルームのバスケット,Bathroom Basket
ニーベルの指輪を探せ！,Find Nibel's Ring!
しぐさ書・ピーヒャラ笛,Paper Whistle
第６回大富豪アート・金,Tycoon Art 6 Gold
氷の領界の吊るしランプ,Ice Realm Hanging Lamp
プラコン金魚ゆかた・男,Men's Goldfish Yukata
メダル・オーナーの悔恨,Medal Owner's Remorse
ぼくのいのちの恩人さん,I Owe You My Life
お店のカウンター小・青,Blue Shop Counter S
ドール種族変更チケット,Doll Race Change Ticket
スイートノエルチェスト,Sweet Noel Chest
ゴッドライクな鉄槌作成,Godlike Hammer Creation
ファラザード城・テラス,Farazard Castle - Terrace
ダークドレアムの像・庭,Nokturnus Statue (G)
バレンタインチョコ・庭,Valentine Chocolate (G)
盗賊のチュニックセット,Thief Outfit
冥骸魔レギルラッゾたち,Legirrazzo, the Crumbling Corpse
カワイイ～を解き放て！,Unleash Your Cuteness!
蘇りし暴君バサグランデ,Risen Tyrant Bogan
バトルロードフィーバー,Battle Road Fever
ごうかなテーブル大・赤,Red Fancy Table L
プラコンスクール服・赤,Red School Uniform
カルボナーラを作るなら,Heal Carbonara Recipe
雪のスピリットカプセル,Snow Spirit Toy
深い森の修道院の庭用床,Monastery Floor (G)
ラストチョーカーの破片,Ultimate Choker Shard
妖精の隠れ家木の仕切り,Fairy Lair Partition
壁かけ木造御殿のランプ,Wood Palace Wall Lamp
セピアのオーガ人形・男,Sepia Ogre Doll (M)
バルディスタの背景壁改,Valdista Wall Art
ナチュラルチェックラグ,Natural Checkered Rug
しぐさ書・ネオンハート,Neon Heart
庭用紫の背景スクリーン,Purple Backdrop (G)
イッショウの家テーブル,Issho's House Table
第２４回ＧＰトロフィ金,24th GP Gold Trophy
週刊ウルベア魔神兵５巻,Urbea Aztech Weekly Vol. 5
イッショウの家の小道具,Issho's House Gadget
会心率と呪文暴走率 +2.0%,Critical & Haywire Rate +2%
マキュリのアクアリウム,Makyuri Aquarium
扉付きレンガの大きい壁,Brick Wall with Door L
カジノ祭５ルーレット銅,CasinoFest 5 Roul. Brnz
色変わりキューブライト,Cube Light
広野を旅するオルゴール,Unknown World Music Box
ミラーボール・ゴールド,Gold Disco Ball
ヴェリナード領北への道,Road to Verinard North
壁かけ妖精図書館の絵２,Fairy Library Picture 2
創造神マデサゴーラの像,Madesagora Statue
ホタル舞うスイセンの花,Firefly Daffodils
ルーラストーン引換券４,Zoomstone Coupon 4
エドアルド邸のテーブル,Eduardo's Table
ポーズ書・にゃんにゃん,Meow Meow Pose
スチームカウンタ大・赤,Red Steam Counter L
セピアの竜族の人形・女,Sepia Nadravian Doll(F)
精霊大臣の屋敷のチェア,Minister Mansion Chair
グレートハンマー作成法,Making a Great Hammer
しぐさ書・綿毛タンポラ,Fluff Dandelion
週刊ウルベア魔神兵１巻,Urbea Aztech Weekly Vol. 1
キミとランラン春祭り２,Kimi & Ran Spring Fest 2
占い師の傘型吊りランプ,Diviner Umbrella Lamp
コスモスアドベンチャー,Adventure in the Cosmos
闇の領界の発光植物・小,Dark Realm Glow Plant S
イビルアックスミックス,Axe of Evil Mixture
ギュッとリゼロッタの箱,Lieselotte Arm Doll Box
東洋風フロアランプ・雅,Chic Orient Lamp
とうばつたいいんまふー,Strike Force Mafu
あばれこまいぬの阿吽像,Foo Dog Statue
かんふーぼーいいしょう,Kung Fu Boy Costume
ほのおのブーメランの書,Flametang Book
プラコン男性用白サンタ,White Men's Santa Suit
しぐさ書・フィーバー青,Blue Night Fever
いにしえの遺志を継ぐ者,Heir to Ancient's Legacy
闇の釣り人放浪記・終章,Dark Fisherman Vol 2
きせかえドール・プク男,Puku. Dress-Up Doll ♂
第７回最小釣りコン・銅,7th Small Fish Bronze
マタドールの服のレシピ,Matador Clothes Recipe
アイドルスーツのレシピ,Idol Outfit Recipe
ヒッチハイクデビル像庭,Hitchhike Devil St. (G)
壁かけステンドグラス窓,Stained Glass Window
第６回最小釣りコン・銅,6th Small Fish Bronze
雑貨屋さんカウンター白,White Shop Counter
記念ふくびきの切れはし,Commemorative Coupon
丁目おごそかな林道地区,Block Solemn Forest Road
ザ・フライパンメーカー,The Frypan Firsts
中級・守備アップ錬金術,Intermediate Defense Up
ブランベーカリーライト,Bran Bakery Light
いばらの巫女と滅びの神,The Thorny Maiden & the God of Destruction
お菓子の国のカトラリー,Candy Country Cutlery
プラコン女性用黒サンタ,Black Women's Santa Suit
お店のカウンター中・青,Blue Shop Counter M
フラワーショップタイル,Flower Shop Tile
中級・きようさ錬金の本,Intermediate Deftness
プラコン用フサフサヒゲ,Thick Mustache
大魔神格納庫のガレキ２,Colossus Hangar Rubble 2
せいどうのよろいセット,Bronze Armor Set
ロイヤルメダルフラワー,Royal Medal Flower
しぐさ書・ダンシング紫,Dancing Purple
金ドラキートロフィー　,Gold Dracky Trophy
ブルーファルコンの伝説,Blue Falcon Legend
パーティーロングドレス,Party Long Dress
しぐさ書・マギキューブ,Magi Cube
イルミネーション付き柵,Illuminated Fence
ゾーン発動時精霊力最大,Maximum Spirit Energy When Pepped Up
３段ブロック・メタル青,Blue 3-Step Metal Block
必殺のワイルドファング,Deadly Wild Fang
プラコン女性巫女服・赤,Red Maiden Dress
第９回大富豪アート・銀,Tycoon Art 5 Silver
第５回大富豪アート・金,Tycoon Art 5 Gold
ピクニックフォステイル,Fostail Picnic
アスフェルド学園の菜園,Asfeld Academy Garden
第３８回ＧＰトロフィ金,38th GP Gold Trophy
ホワイトデーポール・庭,White Day Pole (G)
ゴザつき夏野菜のタライ,Matted Summer Veggie Tub
月刊ミスティカルゾーン,Mystical Monthly
モリナラ大森林への出口,Exit to Molinara Forest
コロシアムトロフィー牙,Fang Coliseum Trophy
ボロヌス溶岩流への出口,Exit to Boronus Lava Flow
プラコンおしゃれ水着赤,Red Snazzy Swimsuit
カミハルムイ北への出口,Exit to Kamiharmui North
壁かけ闘技城ペナント紅,Red Combat Castle Flag
室内ワープクリスタル青,Blue Warp Crystal
シュタール鉱野浮遊結晶,Stahl Floating Crystal
きせかえドール・オガ男,Ogre Dress-Up Doll ♂
ケミカルポップなチェア,Chemical Pop Chair
闇のキーエンブレム・桃,Dark Pink Key Emblem
災いの神話と暴虐の悪夢,Myth of Calamity & Cruel Nightmare
コロシアムトロフィー獅,Lion Coliseum Trophy
初心者のための盾レシピ,Starter Shield Recipes
出動！　ドラゴンキッズ,Let's Go! Small Fry
カルサドラ溶岩窟への道,Road to Calsadora Channel
メカニックスーツセット,Mechanic Outfit
ランチタイムはおまかせ,Lunch Time is Up to You
第６回大富豪庭アート金,Tycoon Art 6 Gold (G)
ふんさいのおおなたの書,Heavy Hatchet Book
アサガオのれんのアーチ,Morning Lotus Arch
賢者の杖は　かく語りき,The Sage's Staff Speaks
セピアドワーフ人形・男,Sepia Dwarf Doll (M)
シルエット・モンスター,Silhouette Monster
隠れクイーンスライム像,Hidden Queen Slime
お庭用ドラポヨモニター,Greater Dracky Monitor
密林の守人＆密林の狩人,Jungle Guardian & Jungle Hunter
スタミナライスの作り方,Stamina Rice Recipe
セピアウェディ人形・男,Sepia Weddie Doll (M)
ルーミリアの家テーブル,Lumeria's Table
第４回最小釣りコン・銀,4th Small Fish Silver
庭用赤の背景スクリーン,Red Backdrop (G)
プラコン花柄ゆかた・男,Men's Floral Yukata
英雄と魔女のフィナーレ,The Fated Finale
忠誠のチョーカーの破片,Champion's Choker Shard
ゲーミングカフェの門柱,Gaming Cafe Gatepost
ポイックリンクエの台座,Poiclin Quest Pedestal
ウォーターサークルＢ庭,Water Circle B (G)
大きい壁カメラテスト２,Large Wall Cam. Test 2
アズラン大浴場の水栓柱,Azlan Bathhouse Faucet
庭用白の背景スクリーン,White Backdrop (G)
配布用経験値の聖典２万,EXP Scripture - 20K
壁かけあじさいの掛け軸,Hydrangea Scroll
壁かけカボチャのランプ,Pumpkin Wall Lamp
プチスライダークカード,Frail Nemeslime Card
壁かけジュリアンテの絵,Juliante Portrait
ウォータースクエアＢ庭,Water Square B (G)
メタスラボードプリズム,Metal Slime Board Prism
ファラザード大テーブル,Farazard Large Table
大きなオーガの人形・女,Large Ogre Doll (F)
王国軍司令部打ち込み台,Royal Army Strike Stand
第２回大富豪庭アート金,Tycoon Art 2 Gold (G)
ライトニングダガーの書,Thunderstorm Skean Book
第１０回ユーライザ像庭,10th Yuliza Statue (G)
オルフェア駅の模型・雪,Orphea Stn. Model(Snow)
セピアドワーフ人形女大,L Sepia Dwarf Doll (F)
木洩れ日の庭オルゴール,Sunbeam Music Box (G)
エジャルナファンランプ,Ejarna Fan Lamp
室内夢色ポップコーン機,Indoor Dream Popper
オルフェアの町への出口,Exit to Orphea
しぐさ書・メイクアップ,Extreme Makeover
バトエントロフィー・金,Gold Batoen Trophy
スノーホッパープリズム,Snow Pogo Prism
きらきら星を見つけたら,Spot a Twinkling Star
バトルチョーカーの破片,Dogged Collar Shard
第３７回ＧＰトロフィ銀,37th GP Silver Trophy
お店のカーペット小・青,Blue Shop Carpet S
プラコン白波ゆかた・女,Women's Whitecap Yukata
エビルプリーストメダル,Aamon Medal
しぐさ書・ゴールデン赤,Red Golden Light
まじゅうのツメの作り方,How to Make Beast Claws
ガナン帝国の勲章の破片,Gittish Medal Shard
壁かけ聖夜のお菓子飾り,Holy Night Candy Decor
アラハギーロ地方への道,Road to Al-Ahagiro Region
ソルシエールの服セット,Sorciere's Outfit
ソーサリーリングの破片,Sorcerer's Ring Shard
庭用黒の背景スクリーン,Black Backdrop (G)
プティダストンの像・庭,Teeny Duston Statue (G)
チェイサーレザーセット,Chaser Outfit
サフランローブの作り方,Making a Saffron Outfit
マリンスライムの像・庭,Seaslime Statue (G)
はじまりの地の転送装置,Land of Beginnings Warp
プラコンイケてる水着桃,Pink Cool Swimsuit
世界一のスーパースター,World's Greatest Superstar
みちびきのプチプチ香水,Guidance Perfume XS
プラコン男性忍の服・青,Blue Men's Ninja Suit
取引可能オルゴール・庭,Tradable Music Box (G)
ギルザッド地方への出口,Exit to Gilzad Region
プラコンスクール服・紺,Blue School Uniform
しぐさ書・波止場ポーズ,Wharf Pose
光の鍛冶ハンマー小の本,Light Hammer S Book
主神の王笏・ゼネシア用,Almighty Scepter - For Zenethia
レストリア平野への出口,Exit to Restoria Plains
壁かけ１０周年記念の絵,10th Annivers. Painting
第９回パラディンの像庭,9th Paladin Statue (G)
メタルスライムの像・庭,Metal Slime Statue (G)
旧ネクロデア剣刺さる木,Old Necrodea Stab Tree
きようさにくまんの秘密,Deft Meat Buns Recipe
第３５回ＧＰトロフィ金,35th GP Gold Trophy
第２６回ＧＰトロフィ金,26th GP Gold Trophy
プラコンおしゃれ水着白,White Snazzy Swimsuit
コロシアムトロフィー鳳,Phoenix Coliseum Trophy
第２８回ＧＰトロフィ金,28th GP Gold Trophy
星座の導き・みずがめ座,Horoscope: Aquarius
お祭りやぐら館庭用板壁,Festival Wood Wall (G)
シャーマンアックスの書,Heedoovoodoo Axe Book
深い森の修道院の扉付壁,Monastery Wall with Door
時の化身の像・庭交換券,Tockle Statue(G) Ticket
プラコン白波ゆかた・男,Men's Whitecap Yukata
異国の寺院透かし丸大壁,Exotic Temple R. Wall L
セキセイルチノカプセル,Yellow Budgie Toy
レンガのお屋敷庭仕切り,Brick House Partition
マスター・ラセドの決意,Master Rasedo's Decision
邪神のほこら（エルフ）,Evil God's Lair (Elf)
デモンマウンテンへの道,Road to Demon Mountain
断罪の剣の破片（巨大）,Sword of Atonement Shard (Giant)
はじまりの地テーブル大,LoB Big Table
しぐさ書・ヴァイオリン,Play Violin
チョコマカロンプリズム,Chocolate Macaron Prism
アスフェルドの背景壁改,Asfeld Wall Art
とうばつたいいんがんぼ,Strike Force Gumbo
グレイトグラタンの王様,Great Gratin Recipe
プラコン女性巫女服・桃,Pink Maiden Dress
ドルワームの職人ギルド,Dolworm Craftsman Guild
エドアルド邸テーブル丸,Eduardo's Round Table
大トラ猫オッドカプセル,Big Odd Tabby Toy
第８回大富豪庭アート銀,Tycoon Art 8 Silver (G)
会心率と呪文暴走率 +1.5%,Critical & Haywire Rate +1.5%
美女たちの聖戦２０２０,Beauties Battle 2020
レンガのお屋敷のタイル,Brick House Tile
レンガのお屋敷窓付庭壁,Brice House Window Wall
プクレット地方への出口,Exit to Pukulet Region
星詠みのパーティション,Stargazing Partition
れんたるはながらみずぎ,Rental Floral Swimwear
へんげの杖・おためし３,Mod Rod (Trial 3)
第３６回ＧＰトロフィ金,36th GP Gold Trophy
黄金パラディントランプ,Golden Paladin Cards
踊ってほしいんだヨゥ！,I Want You to Dance!
プチ伝説の三悪魔カード,Frail Legendary Evils Card
きまぐれ猫ドレスセット,Silly Cat Dress Outfit
エドアルド邸のトルソー,Eduardo's Torso
アストルティアの白小花,White Astoltia Flower S
お店のカーペット中・緑,Green Shop Carpet M
室内ワープクリスタル白,White Warp Crystal
ハードな便せん届けます,Tough Letter Delivery
夢の秘密工場のフェンス,Dream Factory Fence
だんせいさくらのゆかた,Sakura Yukata (M)
第３回バトエンＭＤ・銀,3rd Batoen MD Silver
スチームテーブル大・赤,Red Steam Table L
ゴッドライクな短剣作成,Making Godly Knives
クリスマス柄の便利な壁,Christmas Wall
深い森の邸宅の間仕切り,Forest Manor Partition
ラダ・ガートのこころ７,Lada Gart's Heart Lv7
テッケン部へ出発進行！,Off to the Iron Fist Club!
ゴールドマンのきぐるみ,Gold Golem Costume
ごうかなオーガ胸像・赤,Red Fancy Ogre Bust
トレジャーコートセット,Treasure Outfit
セキセイスノーカプセル,Snow Budgie Toy
壁かけのカーテンつき窓,Curtained Window
クラシカルホテルＬ字台,Classic Hotel L-Stand
お弁当が載ったテーブル,Table with Lunchboxes
ケミカルポップテーブル,Chemical Pop Table
レモスラボードプリズム,Lemon Slime Prism
行動時10%で魔力かくせい,Channel Anger On Action 10%
ナルビア宿屋のテーブル,Nalbia Inn Table
祈願の神殿の飾り陳列台,Gratitemple Display
わだつみのころもセット,Ocean Lord's Outfit
プラチナさいほ針小の本,Platinum Needle S Book
トランプ柄バスタブ・赤,Red Card Bathtub
パトドルバイクプリズム,Patrol Dol-Bike Prism
イシュマウリオルゴール,Ishmahri Music Box
古代オルセコの毛皮敷物,Old Orseco Fur Rug
きせかえドールドワ男＋,Dwarf Dress-Up Doll+ ♂
トランプ柄のソファ・黒,Black Card Sofa
祈願の神殿のレジスター,Gratitemple Register
プラコン男性忍の服・赤,Red Men's Ninja Suit
壁かけ武器オブジェ・赤,Red Weapon Wall Mount
プラコン用ダンディヒゲ,Dandy Mustache
古代王族のベストセット,Ancient Outfit
しぐさ書・どうぐ最適術,Optimal Operation
スライムネオンウォール,Slime Neon Wall
ゴシックパラソルレシピ,Glumbrella Recipe
お店のカーペット小・赤,Red Shop Carpet S
イッショウの家仕切り机,Issho's House Desk
ブルートライデントの旗,Blue Trident Banner
ガートラント風たいまつ,Gartlant-Style Brazier
セピアのオーガ人形・女,Sepia Ogre Doll (F)
天宮騎士のよろいセット,Sky Knight Armor Set
借りてきたネコなのニャ,The Borrowed Cat
手紙文化を取り戻そう！,Bring Back Letter Culture!
猛火グレンゴンカプセル,Ragin Fire Glengon Toy
しぐさ書・まえならえ前,Hands on Hips
ドルワーム王国への出口,Exit to Dolworm Kingdom
コーギー・茶白カプセル,Brown Corgi Toy
プラコン男性忍の服・茶,Tea Men's Ninja Suit
ブーナー熱帯雨林の木Ｂ,Booner Rainforest TreeB
コロシアムトロフィー猛,Fierce Coliseum Trophy
プラコン女性用黄アロハ,Yellow Women's Aloha
まほうのカギの仲間たち,Magic Key Companions
プラコン男性用赤サンタ,Red Men's Santa Suit
第１０回メレアーデ像庭,10th Mereade Statue (G)
プラコン布団叩きセット,Cloth Beater Set
スラかがみもちカプセル,Kagami Mochi Slime Toy
壁かけルーミリアの家花,Lumeria's Wall Flowers
レイニーロッドのレシピ,Mistick Recipe
クイーン交換券２０２４,2024 Queen Ticket
壁かけ雪の結晶モビール,Snowflake Wall Mobile
バトルレックスの像・庭,Hacksaurus Statue (G)
壁かけ白亜の博物館照明,Chalk Museum Wall Light
第２回大富豪アート・銀,Tycoon Art 2 Silver
奇跡の錬金ランプ小の本,Miracle Lamp S Book
プラコンパティシエ服青,Blue Pastry Chef Suit
アストルティアの赤色花,Red Astoltia Flowers
春祭り２６Ｄ２目録・庭,Spring Fest '26 D2 (G)
ギュッとウリボーぐるみ,Boar Arm Doll Plush
隠れエンゼルスライム像,Hidden Angel Slime
お祭りやぐら館庭用砂壁,Festival Sand Wall (G)
なすびなーらのきぐるみ,Woebergine Costume
隠れキングスライムの像,Hidden King Slime
ＤＱＸバージョン２の絵,DQX Version 2 Painting
キラーマジンガ強カード,Apex Uberkilling Card
ダークウイングプリズム,Dark Wing Prism
必殺技ゲッチュっしょ？,You'll Get a Special Move?
キンギョ・白赤カプセル,Jikin Goldfish Toy
ヒューザとソーミャの像,Hyuza and Somya Statue
砂漠の民は肉がお好き？,Desert People Like Meat?
第２５回ＧＰトロフィ銅,25th GP Bronze Trophy
アンティークカフェの灯,Antique Cafe Light
三姉妹シャンデリア・桃,Pink 3 Sis. Chandelier
クイーン＆ナイト２印章,Queen & Knight 2 Stamps
精霊大臣の屋敷天井照明,Minister Mansion Light
ロッキン鉄枠レンガ壁改,Rockin' Brick Wall 2
ルーラストーン引換券Ｘ,Zoomstone Coupon X
手本書・ヨーヨー風船黄,Yellow Yo-yo Manual
プラコン女性用緑サンタ,Green Women's Santa Suit
色変わりキンスラライト,King Slime Light
クリムゾンメイルセット,Crimson Mail Set
グランゼドーラ酒場の家,Gran Zedora Tavern
第３回大富豪庭アート銀,Tycoon Art 3 Silver (G)
第２６回ＧＰトロフィ銅,26th GP Bronze Trophy
深い森の修道院窓付大壁,Monastery Window Wall L
プラコンイケてる水着黒,Black Cool Swimsuit
鍛冶ハンマーを振るえ！,Swing That Hammer!
アストルティアの綿毛花,Astoltia Cotton Flowers
樹のスピリットカプセル,Tree Spirit Toy
第４回大富豪庭アート金,Tycoon Art 4 Gold (G)
開戦時 5%で呪文回復上昇,Starting Spell Recovery Up 5%
しぐさ書・リバーダンス,Riverdance
白亜の博物館のアーチ壁,Chalk Museum Arch Wall
プラコン用赤ぶちメガネ,Red Rimmed Glasses
しぐさ書・全身グリーン,Turning Green
プラコン女性用白サンタ,White Women's Santa Suit
ジュレー島下層への出口,Exit to Lower Jule Island
港町レンドア南への出口,Exit to South Port Lendor
プラコンスクール服・白,White School Uniform
カミハルムイ領北の竹Ａ,Kamiharmui Bamboo A
１０周年記念知の祝祭金,10th Wisdom Fest Gold
第６回最小釣りコン・金,6th Small Fish Gold
エンドウマメのラグの本,Pea Rug Book
精霊大臣の屋敷の扉付壁,Minister Mansion Door
アズラン宿屋カウンター,Azlan Inn Counter
中級・攻撃アップ錬金術,Intermediate Attack Up
壁かけ真夏のブラインド,Midsummer Blinds
とうばつたいいんえどー,Strike Force Ed
だいなーずぼんいしょう,Diner Trousers Outfit
トランプドレッサー・黒,Black Card Vanity
壁かけアズラン宿屋の灯,Azlan Inn Wall Light
雷のスピリットカプセル,Thunder Spirit Toy
壁かけアンルシアの絵Ａ,Anlucia Portrait A
森の水車小屋のブランコ,Watermill Swing
壁かけ武勲の城の掛け軸,Valor Castle Wall Scroll
お姫様のテーブル大・橙,Princess Table L
第１１回リナーシェ像庭,11th Linashe Statue (G)
クラシカルホテルアーチ,Classic Hotel Arch
第１２回アンルシア像庭,12th Anlucia Statue (G)
ステッキ男爵は語りたい,The Wand Wants To Talk
深い森の修道院の本棚壁,Monastery Bookshelf Wall
パワフルステーキレシピ,Powerful Steak Recipe
魔物紫緑スターハット券,Green Star Hat Ticket
ランガーオ山地への出口,Exit to Langao Mountains
第３１回ＧＰトロフィ銅,31st GP Bronze Trophy
壁かけヴァレリア肖像画,Valeria Portrait
白オカメインコカプセル,White Cockatiel Toy
ボスコイン挑戦ボックス,Boss Coin Challenge Box
カラフルスラ花火台・橙,Orange Slime Fwrk Stand
しぐさ書・ラインダンス,Line Dance
バンデッドアーマーの本,Brigand's Armor Book
オリハルコンの短剣の書,Orichalcum Dagger Book
ギュッとレグナードの箱,Regnad Arm Doll Box
がーでんどれすいしょう,Garden Dress Outfit
たそがれの路地裏の売店,Twilight Alley Shop
シンプルモダン吊り照明,Simple Modern Light
王宮魔術師ローブセット,Royal Mage Outfit
コロシアムトロフィー煉,Brick Coliseum Trophy
プラコンぐるみ・デニム,Denim Clothing
クロッシュウェアセット,Bell Outfit
シンプルモダン間仕切り,Simple Modern Partition
とうばつたいいんととん,Strike Force Toton
プラコン黒ぶちメガネ角,Black Square Glasses
トランプ柄の仕切り・黒,Black Card Partition
ラダ・ガートのこころ８,Lada Gart's Heart Lv8
壁かけグランドタイタス,Grand Titus Wall Decor
エビルプリーストカード,Aamon Card
スライムつむりぐるみ小,Shell Slime Plushie S
学園の菜園木の鉢植えＥ,Academy Garden Tree E
さまようよろいの像・庭,Restless Armour St. (G)
ウォーターサークルＡ庭,Water Circle A (G)
きせかえドール・子供男,Child Dress-Up Doll ♂
赤ピーマンのドレッサー,Red Pepper Vanity
白もふ猫オッドカプセル,Odd Soft White Cat Toy
第２８回ＧＰトロフィ銅,28th GP Bronze Trophy
第３回大富豪アート・金,Tycoon Art 3 Gold
ドーナツクッション・緑,Green Donut Cushion
壁かけ精霊大臣の屋敷窓,Minister Mansion Window
しげんのうたひめせっと,First Diva's Outfit
第５回最小釣りコン・金,5th Small Fish Gold
フェザーボーンヘルム券,Plumed Bone Helm Ticket
異国の寺院の金装飾の壁,Exotic Temple Gold Wall
おもちゃセット大図鑑２,Toy Encyclopedia Set 2
きせかえドールオガ女＋,Ogre Dress-Up Doll+ ♀
ファラザード城のベッド,Farazard Bed
軽業師のぶらり巡業の旅,Acrobat's Travels
南国スラムざぶとん欠番,Tropical Slime Floormat Missing
第２７回ＧＰトロフィ金,27th GP Gold Trophy
第９回大富豪庭アート銀,Tycoon Art 9 Silver (G)
きせかえドール人間男＋,Human Dress-Up Doll+ ♂
大きなプクリポ人形・男,Large Pukulipo Doll (M)
第３１回ＧＰトロフィ銀,31st GP Silver Trophy
フェンサーマントセット,Fencing Outfit
ガーディアンサラダの本,Guardian Salad Recipe
しぐさ書・ゴールデン緑,Green Golden Light
整理してもジャマダハル,Gale Katar Recipe
廃都フォーリオン　入口,Fourion Ruins Entrance
ステキなスティック作り,Wonderful Wand Making
とうばつたいいんかーと,Strike Force Cart
魔術師の家具帖・道具編,Wizard Furniture - Tools
ヴァレリアのぬいぐるみ,Valeria Plushie
壁かけルイーダ酒場図案,Patty's Pub Sketch
ゆなてぃふくだんちょう,Vice Leader Unaty
室内ワープクリスタル紫,Purple Warp Crystal
オーガシールドのレシピ,Ogre Shield Recipe
マスク猫オッドカプセル,Odd Mask Cat Toy
ロードリーローブセット,Lordly Outfit
第８回大富豪アート・金,Tycoon Art 8 Gold
学園の菜園木の鉢植えＢ,Academy Garden Tree B
プラコンキューピッド桃,Pink Cupid
トランプ柄のベッド・赤,Red Card Bed
白紙のカードの切れはし,Blank Card Piece
魔物きつねの紙おめん券,Paper Fox Mask Ticket
モンスターのおうち・木,Wood Monster House
しぐさ書・ブレイク炭酸,Break Soda
しぐさ書・お重をどうぞ,Offer Food Box
第７回大富豪アート・銅,Tycoon Art 7 Bronze
モンスターのおうち・煌,Glitter Monster House
王都キィンベルの蒸留器,Kimbel Distiller
けんきゅういんまとぅら,Researcher Mathura
ガーデンスラ花火台・青,Bl. Slime Fwrk Stand(G)
トランプ柄の植木鉢・赤,Red Card Plant Pot
トゥーンのランプつき柱,Toon Lamp Column
フェザースティックの本,Winged Wand Book
メガトンブラザーズたち,The Heavy Metals
メイジドラキー写真立て,Drackolyte Frame
フィッシャーマンアーチ,Fisherman Arch
プクリポ人形男のライト,Pukulipo Doll Light (M)
クラシカルホテルランプ,Classic Hotel Lamp
マーメイドの謎・道具編,Mermaid Mystery - Tools
ガーデンスラ花火台・緑,Grn Slime Fwrk Stand(G)
オーフィーヌ海底への道,Road to Orfine Seabed
満月の夜の物語２０２３,A Full Moon's Night 2023
しぐさ書・ラグジュアリ,Life of Luxury
竜王の像・ファミコン版,Dragonlord Statue (NES)
暮らしを支える錬金術師,Alchemists Support Life
ランラン！ブーメラン！,Run Run! Boomerang!
ファラザード城の鉢植え,Farazard Plant Pot
ルイーダ酒場のかきわり,Patty's Pub Backdrop
古代エテーネ釜プリズム,Old Ethene Pot Prism
超文明キューブポスト金,Gold Cubes Post
ドーナツクッション・白,White Donut Cushion
配布用経験値の書・２万,Experience Book - 20K
黄金こんにゃくプリズム,Gold Konjac Prism
第３３回ＧＰトロフィ鋼,33rd GP Steel Trophy
壁かけエドアルド邸の棚,Eduardo's Wall Shelf
古フォーリオンへの出口,Exit to Ancient Fourion
ププナ★お天気レポート,Pupuna's Weather Report
バズスイまちかど掲示板,Pazu Sweets Town Board
フォーチュンストーリー,Fortune Story
第８回城主ダストンの像,8th Duston Statue
人食い怪魚を釣りあげろ,Catch a Man-Eating Fish
壁かけ電飾はしごサンタ,Ladder Santa Wall Light
第１０回アシュレイ像庭,10th Ashley Statue (G)
フラワーのオブジェ・青,Blue Flower Curio
学園の美術室キャンバス,School Art Room Canvas
トライデントテイルの書,Triple-Tine Whip Book
７ｍｖエックス君竜術士,7mv X Dragomancer
カムシカサンタカプセル,Santa Azlantelope Prism
セキセイブルーカプセル,Blue Budgie Toy
シロブタちゃんカプセル,White Piglette Toy
プラチナハンマー作成法,Make a Platinum Hammer
アラハガーデンセット丸,Butterfly Garden Set 〇
配布用経験値の聖典１万,EXP Scripture - 10K
ルミナスライトシャワー,Luminous Light Shower
マイタウン権利証・封書,Sealed My Town Deed
第１１回アンルシア像庭,11th Anlucia Statue (G)
しぐさ書・フラッシュ緑,Flash Green
DQ3けんじゃおんなぞーま,DQ3 Sage (F), Zoma
カラスと友達になる方法,A Crows Encounter
第２回ザンクローネの像,2nd Zankrone Statue
ウェディＴＲＩプリズム,Weddie TRI Prism
壁かけビン置きシェルフ,Bottle Wall Shelf
いにしえの聖賢を訪ねて,Visiting the Ancient Sage
おもちゃのサーカス・雪,Toy Circus (Snow)
お店のカウンター大・緑,Green Shop Counter L
プラコン男性はかま・黒,Black Men's Hakama
氷の領界の木の実ランプ,Ice Realm Berry Lamp
「閉塞の窓辺」の展示室,"Window of Hindrance" Exhibit Room
ルミナスランタンチェア,Luminous Lantern Chair
クリスタルオブジェ・緑,Green Crystal Curio
プラコン女性忍の服・紺,Navy Women's Ninja Suit
タイフーンレザーセット,Typhoon Leather Outfit
フラッシュタイルラグ庭,Flash Tile Rug (G)
シュバリエメイルセット,Chevalier Mail Set
たたかいの準備ボックス,Battle Preparation Box
クリスタルオブジェ・黄,Yellow Crystal Curio
ワクワク温泉ライフ！？,Exciting Hot Spring Life!
カジノ祭６ルーレット銀,CasinoFest 6 Roulette Silver
ピクニックリンジャーラ,Linjara Picnic
プラコン男性用緑サンタ,Green Men's Santa Suit
みいらおとこのいしょう,Mummy Boy Costume
エクストラフロア扉・緑,Extra Floor Door Green
お熱いのが好きでしょ♪,You Like It Hot
プチ真・幻界諸侯カード,Frail T. Dread Fiends Card
モンスターイラコン・金,Monster Drawing Gold
カジノ祭３ルーレット銅,CasinoFest 3 Roul. Brnz
第６回最小釣りコン・銀,6th Small Fish Silver
ニンジャカッター製造法,Making a Ninja Cutter
きせかえドールエル男＋,Elf Dress-Up Doll+ ♂
カントリーハウスアーチ,Country House Arch
帝国技術庁の大テーブル,Endeavors Table L
しぐさ書・フラッシュ赤,Flash Red
しぐさ書・まえならえ後,Front Arms
レジェンドホースのツボ,Godsteed Pot
アストルティアの水色花,Blue Astoltia Flowers
コロシアムトロフィー剛,Strong Coliseum Trophy
マイタウンマッシュ地区,My Town Mushroom District
壁かけ学園の教室の黒板,School Wall Blackboard
カフェカーペットタイル,Cafe Carpet Tile
壁かけスイーツトロル絵,Sweet Troll Painting
いなずまのやりのレシピ,Lightning Lance Recipe
旧ネクロデア台つきの木,Old Necrodea Stand Tree
金のワラタローカプセル,Golden Warataro Toy
ふくびきダミーステージ,Lottery Dummy Stage
ドラゴンガイア強メダル,Apex Gaia Dragon Medal
カラフル風船キットの本,Color Balloon Kit Book
第８回大富豪庭アート金,Tycoon Art 8 Gold (G)
お祭りやぐら館の庭用柱,Festival Pillar (G)
金のナスビナーラ衣装券,Gold Woebergine Voucher
マスター・ラセドの依頼,Master Rasedo's Request
きせかえドール・ウェ女,Weddie Dress-Up Doll ♀
サザンクロスのかがやき,Star Cross' Brightness
３９周年知の祝祭参加券,39th Wisdom Fest Ticket
第１１回ギルガラン像庭,11th Gilgaran Statue(G)
ルイーダ酒場軽食セット,Patty's Pub Meal Set
とうばつたいいんなとり,Strike Force Natalie
第２回ギャグ４コマ・金,2nd Funny Comic Gold
王都キィンベルへの出口,Exit to Kimbel City
第４回大富豪庭アート銅,Tycoon Art 4 Bronze (G)
お店のカウンター中・緑,Green Shop Counter M
たそがれの路地裏の電柱,Twilight Alley Pole
ラニカルカ地帯への出口,Exit to Ranikalka Area
コロシアムトロフィー冥,Nether Coliseum Trophy
天地雷鳴士の装束セット,Druid Outfit
ごうかカウンター小・赤,Red Fancy Counter S
スライム型のトピアリー,Slime Topiary
壁かけ歴戦の武器セット,Experienced Weapon Set
隠れクインスライム像庭,Hidden Queen Slime (G)
庭用ネオン・縦メーター,Neon Vertical Meter (G)
童話の街並みのレンガ壁,Fairy-Tale Brick Wall
ツスクル畑でたがやして,Growing in Tsuskuru's Fields
しぐさ書・ファイヤー黄,Fire Yellow
とうばつたいいんじーん,Strike Force Jean
第３４回ＧＰトロフィ銅,34th GP Trophy Bronze
ガルドリオン練習召喚符,Gardlion Trainer Summon
こもれびの広場への出口,Exit to Sunbeam Square
トライドアーマーセット,Battle-born Armor
オルフェアリーズ旗・煌,Shiny Orphearies Flag
クイーン交換券２０２０,2020 Queen Ticket
第８回大富豪アート・銀,Tycoon Art 8 Silver
第１１回ヴァレリア像庭,11th Valeria Statue (G)
最小イカグランプリ・金,Small Squid GP Gold
第７回最小釣りコン・金,7th Small Fish Gold
ルーミリアの家の木彫り,Lumeria's Wooden House
プラコンおしゃれ水着黒,Black Snazzy Swimsuit
壁かけ妖精図書館の絵３,Fairy Library Picture 3
配布用経験値の書・１万,Experience Book - 10K
クラシカルホテル垂壁改,Classic Hotel Drop Wall
強・サボテンダーコイン,Apex Cactuar Coin
スチームカウンタ小・赤,Red Steam Counter S
しぐさ書・ポップコーン,Popcorn
バトマスアーマーセット,Gladiator Armor Set
白猫カギしっぽカプセル,White Key Tail Cat Toy
海辺の釣具屋透かし壁改,Fishing Shop Wall 2
ＶＩＰカジノオルゴール,VIP Casino Music Box
壁かけ深い森修道院の灯,Monastery Wall Light
精霊王のクロークセット,Faerie King Outfit
ヒストリカのオルゴール,Historica Music Box
きせかえドール人間女＋,Human Dress-Up Doll+ ♀
だっふるせーらーせっと,Duffel Outfit
欠けた断罪の剣（巨大）,Fractured Sword of Atonement (Giant)
コロシアムトロフィー轟,Razing Coliseum Trophy
嵐の領界の壁かけランプ,Storm Realm Wall Lamp
ワープ装置・お宝の写真,Treasure Photo Warp
ドール書・バトルポーズ,Battle Pose (Doll)
第９回イルーシャの像庭,9th Illusia Statue (G)
破壊神フォロボスコイン,T. Wrecks Coin
バトリンピック・決勝編,Gladiator Games Finals
ラダ・ガートのこころ６,Lada Gart's Heart Lv6
古代魔術のほういセット,Ancient Magic Outfit
週刊ウルベア魔神兵６巻,Urbea Aztech Weekly Vol. 6
設計図ジュレット検証用,Julet Blueprint Verify
おばあちゃん先生の授業,Grandma's Class
ナジーンユシュカソファ,Najinn & Yushka Sofa
リュウイーソー提灯・大,Li'l Whizzer Lantern L
のどかな農村の大テント,Idyllic Village Tent L
マイホーム充実ボックス,Enriching Home Box
お菓子の国のロリポップ,Candy Country Lollipop
けんきゅういんとぅしぇ,Researcher Touche
静かな村の庭オルゴール,Quiet Music Box (G)
まもの使いハウス・牧舎,Monster Manor - Stables
３段ブロック・メタル緑,Grn. 3-Step Metal Block
天の川のプラネタリウム,Milky Way Planetarium
女王たちきりバチの群れ,The Queen and the Swarm
クリスマスサンタベッド,Christmas Santa Bed
バトルステーキのレシピ,Battle Steak Recipe
ホイップゴースト人形小,Whipped Scream Doll S
しぐさ書・マギフラワー,Magi Flower
魔物クリスマスハット券,Christmas Hat Ticket
カジノ祭３ルーレット金,CasinoFest 3 Roul. Gold
第４回大富豪アート・銅,Tycoon Art 4 Bronze
幻界王の首かざりの破片,Dreadful Necklace Shard
いたずらジャーミィたち,Jammy the Jocular and co.
海沿いのヴィラのタイル,Seaside Villa Tile
道具屋・防具屋・武器屋,Item/Weapon/Armor Shop
シーリングファンランプ,Ceiling Fan Lamp
庭用青の背景スクリーン,Blue Backdrop (G)
ルイーダ酒場のテーブル,Patty's Pub Table
会心！デッドリーソード,Critical! Deadly Sword
プラコン女性黒ふりそで,Black Women's Kimono
エドアルド邸の天井照明,Eduardo's Ceiling Light
スタンド付スピーカー庭,Speaker with Stand (G)
コロシアムトロフィー翔,Flight Coliseum Trophy
ジャディンの園への出口,Exit to Jyadain Garden
エテーネ王国領への出口,Exit to Ethene Kingdom Area
ごうかなパーティ机・赤,Red Fancy Party Table
プラチナフライパンの本,Platinum Frypan Book
トレジャーなコート図鑑,Treasure Outfit Book
月夜のハロウィンケーキ,Moonlit Halloween Cake
破壊神フォロボスメダル,T. Wrecks Medal
プラチナフライパ小の本,Platinum Fry Pan S Book
ウェルカムギフト５印章,Welcome Gift 5 Stamps
苺お菓子のカウンター大,Berry Sweet Counter L
どんぐりのシャンデリア,Acorn Chandelier
フラワーショップ棚壁改,Flower Shop Wall Shelf 2
ルーミリアの家キッチン,Lumeria's Kitchen
メルヒオール特製ジャム,Melchior's Special Jam
第１２回ユーライザ像庭,12th Yuliza Statue (G)
上級・心ガード錬金の本,Advanced Critical Guard
だいまどうローブセット,Great Mage Outfit
第５回大富豪庭アート銀,Tycoon Art 5 Silver (G)
仮装メイク術の有効期間,disguise duration
水の領界のサンゴアーチ,Water Realm Coral Arch
きせかえドールドワ女＋,Dwarf Dress-Up Doll+ ♀
ふわふわジョニールの箱,Floaty Joneal Box
第１０回セラフィの像庭,10th Seraphi Statue (G)
プロペラ飛行機プリズム,Propeller Plane Prism
ドラゴンガイア強カード,Apex Gaia Dragon Card
神光放つブーメランの書,Holy Light Boomerang Bk
第６回大富豪アート・銀,Tycoon Art 6 Silver
ピカピカブロックデスク,Shiny Block Desk
しぐさ書・ネオンスピカ,Neon Spica
バタフライスカート衣装,Butterfly Skirt Voucher
あこがれのエステラさま,I Long for You, Estella
ラダ・ガートのこころ９,Lada Gart's Heart Lv9
きんぞくうるふきぐるみ,Metal Wolf Costume
お店のカウンター中・赤,Red Shop Counter M
ガーディライドプリズム,Dragooner Prism
あるある川柳２０２３銀,Haiku 2023 Silver
結成！　若葉の探検隊！,The Squad of New Leaves
軽いテストルベランギス,Light Test Ruberangis
バドリー岩石地帯への道,Road to Budley Rock Zone
アンテイクドレスセット,Antique Dress Set
魔王のネックレスの破片,Sock-It Locket Shard
ヴィラスイートの花の柵,Villa Suite Flower Fence
壁かけステンドグラス丸,Round Stained Glass
スターライトの便利な壁,Starlight Wall
きせかえドール子供女＋,Child Dress-Up Doll+ ♀
丁目レンダーヒルズ地区,Block Lender Hills District
ドット風ザンクローネ像,Pixelated Zankrone
モンスターのおうち・鉄,Iron Monster House
アンルシアの肖像画・庭,Anlucia Portrait (G)
上級・おしゃれ錬金の本,Advanced Style
足音切替コリジョン検証,Footstep Collision Verify
オルフェア地方西への道,Road to Orphea Region West
テッテ専用コーデギフト,Glamour Gift for Tette
きせかえドールウェ男＋,Weddie DressUp Doll+(M)
第１０回アンルシア像庭,10th Anlucia Statue (G)
シルバーデビルの像・庭,Silvapithecus Statue(G)
１段ブロック・メタル青,Blue Metal Block
クイーン交換券２０２１,2021 Queen Ticket
ピョンシェルジュリリィ,Pyoncierge Lily
壁かけはじまりの地の旗,LoB Wall Flag
プラコン男性用束帯・緑,Green Ceremony Gown
カジノ祭６ルーレット金,CasinoFest 6 Roulette Silver
りゅうおうの翼プリズム,Dragonlord Wings Prism
ムニエカの町の背景壁改,Munieka Wall Art
壁かけシルエット・記号,Silhouette Wall Sign
さいほうと共に生きる道,Sewer's Way of Life
博物館のお土産ランタン,Museum Souvenir Lantern
夢色ポップコーンマシン,Dreamy Popcorn Machine
ラベンダスズランのタネ,Lavender Lily Seed
タンブラーシャツセット,Tumbler Outfit
ハロウィンハイム扇形池,Halloween Home Fan Pond
第３回大富豪庭アート金,Tycoon Art 3 Gold (G)
初級・耐性アップ錬金術,Beginner Resist Up
リュウイーソー提灯・小,Li'l Whizzer Lantern S
中級・状態ガード錬金術,Intermediate Status Grd
観葉植物つきの便利な壁,Wall with Houseplant
モーモン型のトピアリー,Teeny Sanguini Topiary
ピカピカブロックチェア,Shiny Block Chair
プラコン女性用赤サンタ,Red Women's Santa Suit
超おたから花サファイア,Sapphire Treasurebloom
DQ1ゆうしゃたいまつあり,DQ1 Hero With Torch
プラチナのランプ小の本,Platinum Lamp S Book
ジェラートピケプリズム,Gelato Pique Prism
すごろくバトルマスター,Sugoroku Gladiator
しぐさ書・ファイヤー青,Fire Blue
タロット合成をしよう！,Try Tarot Synthesis!
はにわにんぎょう像・庭,Clay Mannequin St. (G)
鉄格子つきレンガの庭壁,Brick Wall with Gate(G)
壁かけルイーダ酒場貼紙,Patty's Pub Notice
運命のウェディングベル,Wedding Bell of Fate
コロシアムの裏メニュー,Coliseum's Secret Menu
髪無しグロリアススーツ,Hairless Glorious Suit
第３回バトエンＭＤ・金,3rd Batoen MD Gold
第１２回エルドナ神像庭,12th Eldona Statue (G)
第２８回ＧＰトロフィ鋼,28th GP Steel Trophy
スイートノエルテーブル,Sweet Noel Table
ルーベ・サフィルの腕輪,Rubay/Saphir's Bracelet
バトエンファイトのラグ,Batoen Fight Rug
フラワーショップ門柱灯,Flower Shop Gate Light
コロシアムトロフィー皇,Empress Coliseum Trophy
ＤＱＸＳＨＯＰポイント,DQX Shop Points
とうばつたいいんろうだ,Strike Force Rouda
プラコン女性用桃アロハ,Pink Women's Aloha
トランプ柄チェスト・赤,Red Card Chest
祭具・星々のタクト絵巻,Starry Baton Scroll
トコトコニードルうさこ,Trotting Needle Rabbit
たれ黒猫オッドカプセル,Odd Lazy Black Cat Toy
フラワーファンランプ白,White Flower Fan Lamp
ゲーミングカフェタイル,Gaming Cafe Tile
オレンジスズランのタネ,Orange Lily Seed
あなたが戻るその日まで,Until the Day You Return
クリスタルオブジェ・白,White Crystal Curio
ピョンシェルジュミミィ,Pyoncierge Mimmy
プンスコのティーカップ,Punsuko's Tea Cup
来たるべき日　決別の時,Time Has Come For Goodbyes
オリハルコンの大剣の書,Orichalcum Sword Book
プラコン男性用赤アロハ,Red Men's Aloha
第３１回ＧＰトロフィ鋼,31st GP Steel Trophy
お店のカウンター大・赤,Red Shop Counter L
第１回大富豪アート・銀,Tycoon Art 1 Silver
第１３回レクタリス像庭,13th Lectalis Statue (G)
シロハラインコカプセル,White-Belly Parrot Toy
お姫様のテーブル小・橙,Princess Table S
月のスピリットカプセル,Moon Spirit Toy
クイーン交換券２０２６,2026 Queen Ticket
黒猫カギしっぽカプセル,Black Key Tail Cat Toy
ゴシックなイスと机の本,Gothic Furniture Book
第１２回ヴァレリア像庭,12th Valeria Statue (G)
第８回大富豪庭アート銅,Tycoon Art 8 Bronze (G)
ドーナツクッション・茶,Brown Donut Cushion
プラコンエンジェル服赤,Red Angel Clothes
壁かけ忍者武器の掛け軸,Ninja Weapon Scroll
さらなる高みを目指す者,Those Who Aim Higher
プラコンパティシエ服桃,Pink Pastry Chef Suit
おもちゃの四角い家・雪,Toy Square House (Snow)
がーでんすーついしょう,Garden Suit Outfit
しぐさ書・アコーディオ,Accordion
プラコンイケてる水着赤,Red Cool Swimsuit
ミトラー専用ドルバイク,Mitra's Dol-Bike
エフェクト剣モデルなし,No Sword Effect
フラワーショップ扉付壁,Flower Shop Door Wall
初級・状態ガード錬金術,Beginner Status Guard
ドワーフ人形男のライト,Dwarf Doll Light (M)
壁かけ蒼天のソウラの絵,Soura Wall Painting
第１３回ヴァレリア像庭,13th Valeria Statue (G)
第３５回ＧＰトロフィ銅,35th GP Bronze Trophy
誓約の園の神殿の扉音２,Covenant Temple Door 2
彗星のしっぽをつかめ！,Grab the Comet's Tail!
冥骸魔レギルラッゾの像,Legirrazzo Statue
第５回大富豪庭アート銅,Tycoon Art 5 Bronze (G)
お祭りやぐら館のタイル,Festival Tile
マイタケ　男の進路相談,Manly Career Counseling
ドラゴンライドプリズム,Dragon Rider Prism
こおりのブーメランの書,Winter's Wing Book
第７回最小釣りコン・銀,7th Small Fish Silver
アンティークカフェの塀,Antique Cafe Fence
アンティークカフェ葉壁,Antique Cafe Leaf Wall
ケミカルポップなケーキ,Chemical Pop Cake
ホワイトチョコヌーバ像,White Fudgeraker Statue
へんげの杖・おためし２,Mod Rod (Trial 2)
リンジャハル海岸への道,Road to Linjahar Coast
しぐさ書・赤いまなざし,Red Gaze
大海ジュレゴンカプセル,Great Sea Juletgon Toy
壁かけシルエット記号白,W. Silhouette Wall Sign
いやしのムニエルを得る,Mending Meuniere Recipe
クリスマスのモール飾り,Christmas Wall Decor
学園の保健室のカーテン,School Infirmary Curtain
ポポリアきのこ山への道,Road to Popolia Mushroom Mountain
開戦時 6%で必殺チャージ,Starting Special Charge 6%
ジュレットの町のテント,Julet Tent
第９回ラダ・ガート像庭,9th Lada Gart Statue(G)
モナン＆アクモプリズム,Mindini & Malini Prism
魔物赤紫ドレスハット券,Purple Dress Hat Ticket
色変わりホイミンライト,Healie Light
しぐさ書・幸せのおどり,Happy Dance
第４回バトエンＴＰ・金,4th Batoen TP Gold
とうばつたいいんばんぎ,Strike Force Bangi
第３回バトエンＴＰ・銀,3rd Batoen TP Silver
第１２回ギルガラン像庭,12th Gilgaran Statue (G)
コロシアムトロフィー匠,Artisan Coliseum Trophy
ジュレットビーチハウス,Julet Beach House
ちゃばしらこぞう像・庭,Tea Candle Statue (G)
第３７回ＧＰトロフィ金,37th GP Gold Trophy
妖精図書館の吊りランプ,Fairy Library Hung Lamp
第８回スライムレース銀,8th Slime Race Silver
サイドカーＤＸプリズム,Sidecar DX Prism
３連発ドラ花火・黄緑紫,3 Dracky Fireworks YGP
ヒューザソーミャ釣り堀,Hyuza/Somya Fish Pond
蚊帳つきフトンのレシピ,Futon Recipe
ビショップのピース・黒,Black Bishop Piece
ミュルエルの森切り株Ｂ,Muruel Forest Stump B
くすしのローブの作り方,Make Apothecary Clothes
闇のキーエンブレム・黄,Dark Yellow Key Emblem
シャンデリアリターンズ,Chandelier Returns
ブルーナポレオンの置物,Humphead Wrasse Ornament
第２９回ＧＰトロフィ銀,29th GP Silver Trophy
グランゼドーラのベッド,Gran Zedora Bed
ゼロから始める族長入門,Chieftain Introduction
ドワーフＴＲＩプリズム,Dwarf TRI Prism
古代オルセコ吊りランプ,Old Orseco Hanging Lamp
絶美の魔神よ　降臨せよ,Descend, Spirit of Beauty
プラコン金魚ゆかた・女,Women's Goldfish Yukata
祭具・七夕のおうぎ絵巻,Festival Fan Scroll
モンスター酒場・道具屋,Monster Tavern/Item Shop
第５回大富豪アート・銅,Tycoon Art 5 Bronze
しぐさ書・注目ハート右,Tah-dah! (R Heart)
トランプ柄のランプ・赤,Red Card Lamp
タイタス号の操舵室の窓,Titus Bridge Window
愛しのルシェンダさま！,My Dear Lushenda!
しぐさ書・ダンシング赤,Dancing Red
お土産屋さんの番傘飾り,Souvenir Shop Umbrella
アストルティア・ナイト,Astoltia Knight
じょせいさくらのゆかた,Sakura Yukata (F)
きせかえドール・エル女,Elf Dress-Up Doll ♀
アスフェルド学園・駅前,Asfeld Academy Station
第２回大富豪アート・金,Tycoon Art 2 Gold
深い森の修道院の蔦大壁,Monastery Ivy Wall L
けんきゅういんえんちゅ,Researcher Enchu
ドラゴンシッププリズム,Dragonship Prism
ヴィラスイートの垂壁改,Villa Suite Drop Wall
フェアリスターカーテン,Fairy Star Curtain
庭用クリスマスモビール,Christmas Mobile (G)
異国の寺院の天井ランプ,Exotic Temple Lamp
プラコンキューピッド白,White Cupid
きせかえドール・ドワ女,Dwarf Dress-Up Doll ♀
黄金のもろこしプリズム,Golden Corn Prism
再しぐさ書・ちょうはつ,Provoke (Reprint)
１段ブロック・メタル緑,Green Metal Block
セピアのエルフ人形・男,Sepia Elf Doll (M)
クルクル・リサイクル！,Revolving Recycling!
白いチョコファウンテン,White Choco Fountain
スチームテーブル小・赤,Red Steam Table S
初級・守備アップ錬金術,Beginner Defense Up
「自由の窓辺」の展示室,"Window of Freedom" Exhibit Room
ポポリアきのこ山キノコ,Popolia Mushroom
マイタウントゥーン地区,My Town Toon District
まちかどフラッグ掲示板,Flag Town Board
つむじ風エフェクト・庭,Whirlwind Effect (G)
ノスタルジックテーブル,Nostalgic Table
しぐさ書・エレキギター,Play Electric Guitar
ヴァイパーコートセット,Viper Outfit
ハートのインテリアの本,Heart Interior Book
バトルシェイカー強軍団,Apex Maracaraider Army
サイキョーＶロンコイン,Psycho Vron Coin
クラシカルホテル飾り台,Classic Hotel Display
ウサギぬいぐるみ小・桃,Pink Rabbit Plushie S
はなかりうどのころもき,Yellow Flower Hunter Outfit
マジカルキャットタワー,Magical Cat Tower
森のこびとの吊りランプ,Forest Dwarf Hung Lamp
ナドラガ神のほこら・氷,Nadraga Ice Shrine
プラコンパティシエ服赤,Red Pastry Chef Suit
けんきゅういんぺつぃな,Researcher Pezina
あるある川柳２０２３金,Haiku 2023 Gold
レプリカ複数アイコン庭,Replica Icons (G)
第５回大富豪アート・銀,Tycoon Art 5 Silver
フラワーショップ衝立改,Flower Shop Screen
水の領界のサンゴランプ,Water Realm Coral Lamp
アイスクリームランプ庭,Ice Cream Lamp (G)
エテーネ王国軍人たる者,Soldier of Ethene Kingdom
しぐさ書・青いまなざし,Blue Gaze
お姫様のパーティ机・橙,Princess Party Table
足音切り替え検証・布音,Footstep Switch Cloth 2
室内雑貨屋さんラック白,White Indoor Decor Rack
ウルベアのベンチセット,Urbea Bench Set
三姉妹シャンデリア・青,Blue 3 Sis. Chandelier
海沿いのヴィラの漆喰壁,Seaside Villa Wall
カジノコインチケット金,Gold Casino Ticket
プラコンしゃぼんセット,Soap Set
プラコンキューピッド青,Blue Cupid
エテーネ王宮のテーブル,Ethene Royal Table
占星術師のローブセット,Astrologer Outfit
クイーンスライムネオン,Queen Slime Neon Sign
せつげんりゅうプリズム,Tundragster Prism
虹と星くずプレートの壁,Rainbow & Star Wall
大きな和風の城の家外観,Japan Castle Exterior
ゴールデンスライム像庭,Gem Slime Statue (G)
７周年記念知の祝祭・金,7th Wisdom Fest Gold
クリスタルオブジェ・青,Blue Crystal Curio
オルセコ高地サボテンＢ,Orseco Highland CactusB
海沿いのヴィラの木枠壁,Seaside Villa Wood Wall
第３７回ＧＰトロフィ鋼,37th GP Steel Trophy
ギュッとリルチェラの箱,Lilcherat Arm Doll Box
上級・状態ガード錬金術,Advanced Status Guard
スラ強フロートプリズム,Evil Slime Float Prism
ケミカルポップ便利な壁,Chemical Pop Wall
カントリーハウスタイル,Country House Tile
プラコン・紫パンジー傘,Purple Pansy Umbrella
第３２回ＧＰトロフィ銀,32nd GP Silver Trophy
中級・耐性アップ錬金術,Intermediate Resist Up
ネクロディア領・関所前,Necrodia Area Checkpoint
光の郷フィネトカへの道,Road to Finetka
庭用黄の背景スクリーン,Yellow Backdrop (G)
ＤＱ３９周年知の祝祭金,DQ 39th Wisdom Fest Gold
マイホーム応援ボックス,Helpful Home Box
チェーン年代記・改訂版,Chain Chronicles 2nd Ed.
第２回機神のトロフィ銅,2nd Mech Bronze Trophy
クリスマス２０１７・金,Christmas 2017 Gold
どうぐかじれんしゅうぎ,Toolsmith Training Wear
初級・すばやさ錬金の本,Beginner Agility
静かなる湿原地区への道,Road to Quiet Marshlands
第３３回ＧＰトロフィ銅,33rd GP Bronze Trophy
ウパソルボードプリズム,Wooper Trooper Prism
大きなおたからの花びら,Large Iridescent Petal
マジカルスティックの本,Pixie Stick Book
プラコン女性巫女服・緑,Green Maiden Dress
カミハルムイ領北への道,Road to Kamiharmui North
トランプ柄テーブル・赤,Red Card Table
第１回大富豪庭アート金,Tycoon Art 1 Gold (G)
あいじょうオムレツの本,Affection Omelet Recipe
手に持てるサンドイッチ,Sandwiches to Take
プラコンエンジェル服白,White Angel Clothes
きせかえドールエル女＋,Elf Dress-Up Doll+ ♀
三色花プランター・家用,Tricolor Planter
ステージチュチュセット,Stage Tutu Set
セピアドワーフ人形・女,Sepia Dwarf Doll (F)
プラコン男性用青アロハ,Blue Men's Aloha
魔物ガートラント勲章券,Gartlant Medal Ticket
宇宙船のスケルトン看板,Spaceship Clear Sign
壁かけジュレット紋章旗,Julet Wall Banner
トポルのシンボルツリー,Topol Symbol Tree
きせかえドール・プク女,Puku Dress-Up Doll ♀
クラシカルホテルチェア,Classic Hotel Chair
プラコン男性用束帯・灰,Ash Ceremony Gown
アスフェルド学園学生服,Asfeld Academy Uniform
鉱石のペンダントライト,Ore Hanging Light
レビュール街道北への道,Road to Revule Highway North
ロッキンマート棚付壁改,Rockin' Mart Shelf Wall 2
お店のカーペット中・赤,Red Shop Carpet M
きせかえドール子供男＋,Child Dress-Up Doll+ ♂
バルディア山岳地帯関所,Valdia Mountain Region Barrier
ごうかなよろい飾り・赤,Red Fancy Armor Decor
しぐさ書・木の葉がくれ,Leaf Concealment Trick
妖精の隠れ家蔦の仕切り,Fairy Lair Ivy Partition
第２回ギャグ４コマ・銀,2nd Funny Comic Silver
純喫茶のＬ字カウンター,Cafe L-Shaped Counter
プラコンスクール服・黒,Black School Uniform
ナドラガ神のほこら・嵐,Nadraga Storm Shrine
港町レンドア北への出口,Exit to North Port Lendor
はじまりの地の木箱と樽,LoB Crates n' Barrels
スイーツボードプリズム,Sweets Board Prism
足音切り替え検証・草音,Footstep Switch Grass
ヴェリナード領西への道,Road to Verinard West
金ナスビナーラきぐるみ,Gold Woebergine Costume
クマのぬいぐるみ小・緑,Green Bear Plushie S
ご近所なかよしボックス,Neighborhood Friend Box
ウェルカムギフト３印章,Welcome Gift 3 Stamps
はなてスライムショット,Shoot a Slime Shot
壊れたユーライザの光輪,Yuliza's Broken Halo
バトエントロフィー・銅,Bronze Batoen Trophy
ウルベア帝国城の天井扇,Urbea Ceiling Fan
プラチナ錬金ツボ小の本,Platinum Jar S Book
異形獣入りの地脈の結晶,Geode Crystal with Hexabeast
マイタウンフラワー地区,My Town Flower District
異国の寺院の丸模様の壁,Exotic Temple Trim Wall
壁かけナルビア民家の棚,Nalbia House Wall Shelf
学園の菜園の植え込み小,Academy Garden Plant S
マダムの店ショーケース,Madame's Shop Showcase
キラーパンサーの像・庭,Great Sabrecat St. (G)
古グランゼドーラの砲台,Old Gran Zedora Cannon
ご威光にあやかりたい！,Basking in Your Glory
美女たちの聖戦２０１９,Beauties Battle 2019
ギュッとヒストリカの箱,Historica Arm Doll Box
ドラゴンロッドのレシピ,Dragon Rod Recipe
３連発ドラ花火・紫赤黄,3 Dracky Fireworks PRY
コロシアムトロフィー覇,Victory Coliseum Trophy
蒼穹兵団のよろいセット,Azure Corps Set
魔界フォトアルバム・銅,Demon World Photo Brz.
ルティショー像クリーム,Cream Astolti Short St.
しぐさ書・拳をかかげる,Raise Fist
壁かけ帝国技術庁掲示板,Endeavors Wall Board
中級・おしゃれ錬金の本,Intermediate Style
かんふーがーるいしょう,Kung Fu Girl Costume
しぐさ書・ハート射抜く,Shoot Hearts
夢の秘密工場のカンテラ,Dream Factory Lantern
モンスターバトルロード,Monster Battle Road
やさしい鉄槌のくだし方,Using a Gentle Hammer
美女たちの聖戦２０２２,Beauties Battle 2022
ゴールデントーテムの柱,Gem Jamboree Pillar
闘神ラダ・ガートの誓い,The Oath of Lada Gart
週刊ウルベア魔神兵３巻,Urbea Aztech Weekly Vol. 3
トランプドレッサー・赤,Red Card Vanity
カルーセルハイムのバラ,Carousel Home Roses
３連発ドラ花火・緑黄赤,3 Dracky Fireworks GYR
しぐさ書・フラッシュ黄,Flash Yellow
砂の都吊りランプセット,Sand City Hanging Lamp
ゴッドライクなオノ作成,Godlike Axe Creation
美女たちの聖戦２０２６,Beauties Battle 2026
スライムカーペットの本,Slime Carpet Book
クリスマスお菓子ライト,Christmas Candy Light
しぐさ書・全身パープル,Turning Purple
火のスピリットカプセル,Fire Spirit Toy
しぐさ書・緑のまなざし,Green Gaze
第９回最小釣りコン・銅,9th Small Fish Bronze
フォーリオン流水ポット,Fourion Watering Pot
ウマしっぽ・リボンの箱,Ribbon Horse Tail Box
はじまりの地のホオズキ,LoB Groundcherries
サボテンの鉢植え・家用,Cactus Plant Pot
壁かけ引き出し付き本棚,Bookshelf with Drawers
ケミカルポップスタンド,Chemical Pop Stand
第１０回イルーシャ像庭,10th Illusia Statue (G)
ファントムマントの秘密,Phantom Outfit Secret
オルセコ王国領への出口,Exit to Orseco Kingdom Region
ホワイトチョコのベッド,White Choco Bed
第３９回ＧＰトロフィ銀,39th GP Silver Trophy
深い森の邸宅の天井照明,Forest Manor Light
ワラタローのからくり像,Warataro Statue
純喫茶のパーテーション,Cafe Partition
闇のキーエンブレム・緑,Dark Green Key Emblem
２段ブロック・メタル緑,Grn. 2-Step Metal Block
壁かけアンルシアの絵Ｂ,Anlucia Portrait B
レトロフライトプリズム,Retro Flight Prism
しぐさ書・ネオンビーム,Neon Beam
クリスタルオブジェ・赤,Red Crystal Curio
カジノ祭５ルーレット銀,CasinoFest 5 Roul. Slvr
第２５回ＧＰトロフィ銀,25th GP Silver Trophy
深い森の修道院のランプ,Monastery Lamp
モンスターのおうち・石,Stone Monster House
庭用金平糖ミニライト虹,Rnbw. Candy Light S (G)
アズラン大浴場風呂小物,Azlan Bath Accessories
マダムの店のカウンター,Madame's Shop Counter
第８回大富豪アート・銅,Tycoon Art 8 Bronze
しぐさ書・Ｓクローバー,Clover Signal
きせかえドールオガ男＋,Ogre Dress-Up Doll+ ♂
イッショウの家の作業机,Issho's House Work Desk
帝国技術庁ローテーブル,Endeavors Low Table
ちゅうも～く・ハート右,Tah-dah! (R Heart)
東洋風ティーセット・雅,Chic Orient Tea Set
ごーるどまんのきぐるみ,Gold Golem Costume
王国軍司令部の吊り飾り,Royal Army Decoration
プラコン男性用黄アロハ,Yellow Men's Aloha
プラコン男性用束帯・青,Blue Ceremony Gown
ルーラストーン引換券２,Zoomstone Coupon 2
コロシアムトロフィー焔,Blazing Coliseum Trophy
第４回最小釣りコン・金,4th Small Fish Gold
エトワールコートセット,Etoile Outfit
ゴージャスケーキセット,Gorgeous Cake Set
短冊・スイカ食べたい！,I Want Watermelon!
第２７回ＧＰトロフィ鋼,27th GP Steel Trophy
シンプルモダンチェスト,Simple Modern Chest
第２３回ＧＰトロフィ銀,23rd GP Silver Trophy
妖精図書館の六角ランプ,Fairy Library Hexa Lamp
大きなプクリポ人形・女,Large Pukulipo Doll (F)
ムニエカの小さな飾り棚,Munieka Small Shelf
学園の菜園２つの鉢植え,Academy Garden 2 Plants
タイタニアステッキの書,Butterfly Baton Book
ブルートライデント衝立,Blue Trident Screen
ルーラストーン引換券５,Zoomstone Coupon 5
しっこくのマントセット,Macabre Outfit
アマラーク城のテーブル,Amarak Castle Table
ゲーミングブラインド壁,Gaming Blind Wall
第３９回ＧＰトロフィ鋼,39th GP Steel Trophy
しぐさ書・お祝いリボン,Congrats Ribbon
第３６回ＧＰトロフィ鋼,36th GP Trophy Steel
アストルティアの白色花,White Astoltia Flowers
ロッキンマートの門柱灯,Rockin' Mart Gate Light
サウルステントウ像・庭,Ladyceratops Statue (G)
第３４回ＧＰトロフィ金,34th GP Trophy Gold
眠れる勇者と導きの盟友,The Sleeping Hero & the Guiding Ally
クイーン交換券２０２３,2023 Queen Ticket
エクストラフロア扉・赤,Extra Floor Door Red
セピアのエルフ人形・女,Sepia Elf Doll (F)
バレットハンマー作成術,Bullet Hammer Creation
水のスピリットカプセル,Water Spirit Toy
ダミー・オア・ヤミー！,Dummy or Yummy!
風の町アズランへの出口,Exit to Wind Town Azlan
ドキッ★合コン適性検査,Anxious★Aptitude Test
第３５回ＧＰトロフィ鋼,35th GP Steel Trophy
鉱石のインテリアランプ,Ore Interior Lamp
シンプルモダンテーブル,Simple Modern Table
スライムかがみもち飾り,Mochi Slime Decoration
ルミナスウッドランタン,Luminous Wood Lantern
ネコババはダメなのニャ,No Catnip for Me
アニバーサリープリズム,Anniversary Prism
ジュレット駅の模型・雪,Julet Stn. Model (Snow)
ジューンブライドの祈り,June Bride's Prayer
ロケットマシンプリズム,Rocket Machine Prism
『カスタム衣装の登録』,"Register Outfit"
七夕の空に想いを乗せて,Thoughts of a Festival Sky
中級・心ガード錬金の本,Intermediate Crit Guard
マタドールスーツセット,Matador Outfit
ダミーからだ上Ｅ０６３,Dummy Body Top E063
クリスマスツリー赤・庭,Red Christmas Tree (G)
アイテムマスタースキル,Item Mastery skill
第４回バトエンＭＤ・銅,4th Batoen MD Bronze
メガトンハンマー作成書,Megaton Hammer Creation
ナドラガ教団のたいまつ,Nadraga Order Brazier
ねこまどうぬいぐるみ小,Meowgician Plushie S
グレープフルーツの本棚,Grapefruit Bookshelf
のどかな農村地区への道,Road to Idyllic Village
はくばのおうじの像・庭,Prince Harming St. (G)
まっちゃガーベラのタネ,Matcha Gerbera Seed
苺お菓子のカウンター小,Berry Sweet Counter S
ラニアッカ断層帯への道,Road to Raniakka Fault
プラコンおしゃれ水着黄,Yellow Snazzy Swimsuit
ビリジアカメリアのタネ,Viridian Camellia Seed
第１回大富豪アート・銅,Tycoon Art 1 Bronze
思い焦がれし機巧ボディ,A Long-awaited Body
プリンセスニャン像・庭,Princess Cat Statue (G)
大きなドワーフ人形・女,Large Dwarf Doll (F)
コロシアムトロフィー威,Power Coliseum Trophy
とうばつたいいんやきる,Strike Force Yakiru
しぐさ書・おおかみだぞ,Wolf!
庭用ビルダーズブロック,Builders Block (G)
しぐさ書・全身ゴールド,Golden Body
ベビドラボードプリズム,Baby Fry Board Prism
第３９回ＧＰトロフィ銅,39th GP Bronze Trophy
ゴールデントーテムの家,Gem Jamboree House
プラコンパティシエ服黄,Yellow Pastry Chef Suit
第２６回ＧＰトロフィ鋼,26th GP Steel Trophy
第９回スライムレース金,9th Slime Race Gold
マスターの特別レッスン,Master's Special Lesson
おばけキャンドル像・庭,Wax Murderer Statue (G)
レンダーシアの背景壁改,Lendersia Wall Art
壁かけアンルシア肖像画,Anlucia Portrait
シルフウィング・青の箱,Blue Sylph Wings Box
翠将鬼ジェルザークの像,Gelzark Statue
パルミオまちかど掲示板,Palmio Town Board
壁かけナルビアのランプ,Nalbia Wall Lamp
ゼニアス復興推進事業！,Zeniath's Reconstruction
プラコン女性忍の服・赤,Red Women's Ninja Suit
魔界フォトアルバム・銀,Demon World Photo Slv.
３連発スラ花火・緑黄赤,3 Slime Fireworks GYR
プクリポＴＲＩプリズム,Pukulipo TRI Prism
とうばつたいいんほるぷ,Strike Force Holp
レイブンスーツのレシピ,Raven Suit Recipe
あの人に追いつきたくて,I Want to Catch Up to Them
ピカピカブロックランプ,Shiny Block Lamp
お祭りやぐら館のランプ,Festival Lamp
ガネーシャエビルパック,Evil Ganesh Tarot Pack
ルーレット台・レプリカ,Replica Roulette Table
室内ワープクリスタル黄,Yellow Warp Crystal
ふわふわ雲のライト図鑑,Fluffy Cloud Light Book
地獄の帝王の立像茶・庭,Brown Estark Statue (G)
上級・守備アップ錬金術,Advanced Defense Up
会心率と呪文暴走率 +1.0%,Critical & Haywire Rate +1%
エンドウマメのラグ・紫,Purple Pea Rug
タコメットぬいぐるみ小,Octopot Plushie S
ふしぎなトゲつきしっぽ,Mysterious Spiked Tail
異国の寺院アクアリウム,Exotic Temple Aquarium
トゥーラのガラスランプ,Torban Glass Lamp
聖都エジャルナへの出口,Exit to Ejarna City
アルファ用フィールド２,Alpha Field 2
プラコンメタブラスーツ,Metal Medley Costume
童話の街並みの漆喰の壁,Fairy-Tale Plaster Wall
第２５回ＧＰトロフィ金,25th GP Gold Trophy
壁かけキッチンツール小,Wall Kitchen Tools S
セット装備に酔いしれろ,Entranced by Set Equipment
セピアドワーフ人形男大,L Sepia Dwarf Doll (M)
第６回スライムレース銀,6th Slime Race Silver
アストルティアの桃色花,Pink Astoltia Flowers
ミュルエルの森切り株Ａ,Muruel Forest Stump A
お店のカーペット小・緑,Green Shop Carpet S
五種族クリスマスツリー,5 Tribes Christmas Tree
第１２回レクタリス像庭,12th Lectalis Statue(G)
扉付き板張りの大きい壁,Plank Wall with Door L
療魔の霊符・フリル藍白,White Healer Talisman
第７回スライムレース銀,7th Slime Race Silver
カジノ祭４ルーレット銅,CasinoFest 4 Roul. Brnz
スライムのイスと机の本,Slime Furniture Book
海沿いのヴィラの天井扇,Seaside Villa Fan
カジノ祭４ルーレット金,CasinoFest 4 Roul. Gold
お菓子の国カボチャ照明,Candy Country Pumplight
ジェットバードプリズム,Jet Bird Prism
クロブタちゃんカプセル,Black Piglette Toy
第１回大富豪庭アート銀,Tycoon Art 1 Silver (G)
ネコの手も借りるのニャ,Cat's Meow to Help
コロシアムトロフィー昴,Pleaides Coliseum Trophy
カミハルムイ領南への道,Road to Kamiharmui South
強く生きると決めたから,Decision to Stay Strong
中枢へ向かう通路への扉,Door to Passage to Core
トコトコリンベリィ・庭,Trotting Linberry (G)
海辺の釣具屋窓つき壁改,Fishing Shop Wall 2
フェアリーウィングの箱,Fairy Wings Box
クマのぬいぐるみ小・青,Blue Bear Plushie S
メタスラのやりのレシピ,Metal Slime Spear Book
しぐさ書・アクロバット,Rough 'n' Tumble
海沿いのヴィラの白木壁,Seaside Villa Plain Wall
ペロリンステッキレシピ,Lolly Stick Recipe
壁かけアズラン大浴場鏡,Azlan Bathhouse Mirror
ブルーキャットカプセル,Blue Cat Toy
ボーンクラッシャーの書,Bonecrusher Book
ウェスタンレイピア伝記,Western Rapier History
壁かけルイーダ酒場絵画,Patty's Pub Painting
オルフェアリーズの衝立,Orphearies Screen
けんきゅういんちゃっぷ,Researcher Chap
白バラのスタンドライト,White Rose Stand Light
すちーむいしょうせっと,Steam Equipment Set
演出カットポスト検証用,For Production
ロードギャングプリズム,Road Gang Prism
とらねこバイクプリズム,Tiger Cat Bike Prism
プラコンブレザー服・赤,Red Blazer
第２７回ＧＰトロフィ銅,27th GP Bronze Trophy
３連発スラ花火・青赤黄,3 Slime Fireworks BRY
古グランゼドーラの鉄柵,Old Gran Zedora Fence
コロシアムトロフィー迅,Quick Coliseum Trophy
ブーナー熱帯雨林への道,Road to Booner Rainforest
突撃！タンクハンバーグ,Tank Hamburger Recipe
セピアのアンルシア人形,Sepia Anlucia Doll
森のこびとのドレッサー,Forest Dwarf Vanity
コロシアムトロフィー蒼,Blue Coliseum Trophy
エフェクト剣モデルあり,Active Sword Effect
ブチブタちゃんカプセル,Spotted Piglette Toy
第４回最小釣りコン・銅,4th Small Fish Bronze
ヴァース山林地帯への道,Road to Verse Mountain Forest Area
第９回大富豪アート・金,Tycoon Art 9 Gold
コロシアムトロフィー闘,Battle Coliseum Trophy
斬釣一閃やいばのルアー,Pointy Lure Book
プラチナ鍛冶ハン小の本,Platinum Hammer S Book
グレイツェルぬいぐるみ,Gretzel Plushie
フラワーショップラック,Flower Shop Rack
そなえの場の宿屋のイス,Place of Preparation Chair
お祭りやぐら館ランプ花,Festival Flower Lamp
プラコンエンジェル服黒,Black Angel Clothes
第２７回ＧＰトロフィ銀,27th GP Silver Trophy
ヒロイックスーツ・地毛,Heroic Suit - Natural Hair
プラコンおしゃれ水着青,Blue Snazzy Swimsuit
ベラストル家のテーブル,Belastre Table
第９回アンルシアの像庭,9th Anlucia Statue (G)
しぐさ書・フィーバー紫,Purple Night Fever
第２３回ＧＰトロフィ銅,23rd GP Bronze Trophy
つっぱりウルフの像・庭,Ruff Wolf Statue (G)
マイホーム満喫ボックス,Hearty Home Box
ルーラストーン引換券６,Zoomstone Coupon 6
うなれスライムウィップ,Slime Whip Recipe
コロシアムトロフィー仁,Empathy Coliseum Trophy
壁かけ大地の箱舟の模型,Model Ark of the Earth
中級・すばやさ錬金の本,Intermediate Agility
たそがれのアドバルーン,Twilight Ad Balloon
神光放つスティックの書,Holy Light Wand Book
プラコン女性用白アロハ,White Women's Aloha
真・魔幻宮殿の獅子の壁,Demon Palace Lion Wall
最小イカグランプリ・銅,Small Squid GP Bronze
しぐさ書・タクトをふる,Conductor
貝殻モチーフの便利な壁,Seashell Wall
トランプ柄のソファ・赤,Red Card Sofa
あるある川柳２０２３銅,Haiku 2023 Bronze
のぼれ！　不思議の魔塔,Climb! Mysterious Tower
カーラモーラ村背景壁改,Carlamora Wall Art
中国語版ＮＰＣ０００２,Chinese Version NPC 0002
セピアのリンベリィ人形,Sepia Linberry Doll
プクリポ人形女のライト,Pukulipo Doll Light (F)
プラコンブレザー服・白,White Blazer
壁かけアズラン宿屋看板,Azlan Inn Wall Sign
ドラキーモーモン掲示板,Dracky Sanguini Board
太陽スピリットカプセル,Sun Spirit Toy
エテーネ王宮の背景壁改,Ethene Palace Wall Art
ウォータースクエアＡ庭,Water Square A (G)
カボチャドワーフ人形女,Pumpkin Dwarf Doll (F)
パピリオアーマーセット,Papilio Armor Set
レスカとクリームソーダ,Lemon and Cream Soda
きせかえドール・人間男,Human Dress-Up Doll ♂
けんきゅういんあちゅり,Researcher Atulli
ファラザード城のソファ,Farazard Sofa
ヘヴィーアーマーセット,Heavy Armor Set
開戦時 5%で呪文威力上昇,Starting Spell Power Up 5%
エンゼル皇帝の冠交換券,Angelic Circlet Voucher
彼を怯ませる５０の方法,50 Ways To Scare Him
占い師キャンドルランプ,Diviner Candle Lamp
冬来たりなば春遠からじ,Winter Comes, Spring Follows
魔物バイキングメット券,Viking Helmet Ticket
きょじんのハンマーの本,Giant's Hammer Book
天涙の大水源の背景壁改,Tears of Heaven Wall Art
第６回大富豪庭アート銅,Tycoon Art 6 Bronze (G)
第２回スキルマスター像,2nd Skill Master Statue
ウェーブボードプリズム,Waveboard Prism
お正月ザンクローネ・酉,White New Year Zankrone
精霊大臣の屋敷浮遊植物,Minister Mansion Flora
スライムジェネラルの像,Shogum Statue
ギュッとチュラリスの箱,Chularis Arm Doll Box
聖湖ゼニートのキッチン,Zenit Kitchen
ワイルドジャケットの本,Wild Outfit Book
初級・攻撃アップ錬金術,Beginner Attack Up
モンスターのおうち・幻,Phantom Monster House
やいばのよろいの仕組み,Making Spiked Armor
プラコン男性用黒サンタ,Black Men's Santa Suit
カミハルムイ北タケノコ,Kamiharmui Bamboo Shoot
プラコン男性はかま・紫,Purple Men's Hakama
ゆうびんきょくいんここ,Postman Koko
奇跡の鍛冶ハンマーの本,Miracle Hammer Book
クリスタルオブジェ・紫,Purple Crystal Curio
ドミールライドプリズム,Upover Rider Prism
けんきゅういんととちゃ,Researcher Totocha
光のスピリットカプセル,Light Spirit Toy
ぼうぐかじれんしゅうぎ,Armorsmith Training Wear
壁かけ氷の領界のツタ花,Ice Realm Ivy Flowers
クラシカルホテル鉢植え,Classic Hotel Plant
せかいじゅのリーフパイ,Yggdrasil Leaf Pie
学園の校庭の曲線ライン,Schoolyard Curved Line
アコースティックギター,Acoustic Guitar
じゅんしんてんしせっと,Pure Angel Outfit
キングスライムの像・庭,King Slime Statue (G)
第３５回ＧＰトロフィ銀,35th GP Silver Trophy
クイーン交換券２０２２,2022 Queen Ticket
学園の校庭の直線ライン,Schoolyard Line
一心不乱！　１次予選！,Unrelenting! Round 1!
ヤバい世界みるっしょ？,You'll See an Awful World?
プラコンイケてる水着青,Blue Cool Swimsuit
ゆめかわを打ちはなて☆,Shoot for Your Dreams
ヴィスタリア姫のベッド,Princess Vistaria Bed
色変わりドラキーライト,Dracky Light
しぐさ書・フラッシュ青,Flash Blue
ノーブルコートのレシピ,Noble Outfit Recipe
第２回大富豪アート・銅,Tycoon Art 2 Bronze
ＧＭふうせんプーちゃん,GM Pu Balloon
キューロピアの背景壁改,Kyuropia Wall Art
アナザーハート・壱の箱,Another Heart Ⅰ Box
ヴァルハラメイルセット,Valhalla Mail Set
第１２回ナブレット像庭,12th Nablette Statue (G)
モンスターのおうち・想,Idea Monster House
ポポリアきのこ山植物Ａ,Popolia Plant A
ソーミャの流しそうめん,Somya Serving Noodles
ファラザード吊りソファ,Farazard Hanging Sofa
第３３回ＧＰトロフィ金,33rd GP Gold Trophy
美女たちの聖戦２０２５,Beauties Battle 2025
インテリローブのレシピ,Scholar's Outfit Recipe
ルーミリアの家の食器棚,Lumeria's Cupboard
しぐさ書・ボディガード,Bodyguard
ヴァレリアの肖像画・庭,Valeria Portrait (G)
スライムインテリアの本,Slime Interior Book
初級・心ガード錬金の本,Beginner Critical Guard
古代武器図説・タクト編,Book of Ancient Wands
ジア・ネブラのブロック,Dia Nebula's Block
大型のマルチ水そう・森,Forest Multi-purpose Tank
壁かけヒストリカの絵Ａ,Historica Portrait A
クイーン交換券２０２５,2025 Queen Ticket
トランプ柄の仕切り・赤,Red Card Partition
第４回大富豪アート・金,Tycoon Art 4 Gold
ルーミリアの家のベッド,Lumeria's Bed
ナチュラル吊り３灯照明,Natural Hanging Lights
タータンチェック衣装券,Tartan Check Ticket
ゲーミングアクアパネル,Gaming Aqua Panel
ギュッとアンルシアの箱,Anlucia Arm Doll Box
経験値の古文書・テスト,Test Experience Scroll
音符の家具のセレナーデ,Music Decor Serenade
カフェテラスのパラソル,Cafe Terrace Umbrella
蘇りし妖魔ジュリアンテ,Risen Mystical Juliante
キングスライム大盾の本,King Slime Shield Book
花精オルフゴンカプセル,Flower Orpheagon Toy
バズカフェのぬいぐるみ,Pazu Cafe Plushie
ルーミリアの家の飾り棚,Lumeria's Shelf
ミラーボール・スライム,Slime Disco Ball
ジュレットの町魚の鉄柵,Julet Fish Fence
クリスマス２０１７・銅,Christmas 2017 Bronze
キュララナ海岸への出口,Exit to Culalana Coast
ルイーダ酒場カウンター,Patty's Pub Counter
ぱぴりおあーまーせっと,Papilio Armor Set
こげ茶キツネ猫カプセル,Olive Fox Cat Toy
ぱーてぃーろんぐどれす,Party Long Dress
わかるエンジェル早詠術,Angel's Poetry Insight
プラコンパティシエ服白,White Pastry Chef Suit
人形劇の七夕背景セット,Festive Puppet Show Set
しぐさ書・ゴールデン紫,Purple Golden Light
王都カミハルムイの木Ａ,Kamiharmui City Tree A
コロシアムトロフィー悠,Calm Coliseum Trophy
奇跡のフライパン小の本,Miracle Frypan S Book
ナウマンコックの像・庭,Naumanncook Statue (G)
プラコンブレザー服・紺,Navy Blue Blazer
ルミナスフラワーライト,Luminous Flower Light
スマッシュポテトな物語,Mashed Potato Recipe
セキセイインコカプセル,Green Budgie Toy
ラダ・ガートのこころ４,Lada Gart's Heart Lv4
カジノ祭４ルーレット銀,CasinoFest 4 Roul. Slvr
カフェテラスのフェンス,Cafe Terrace Fence
第５回スライムレース金,5th Slime Race Gold
第２回フォステイルの像,2nd Fostail Statue
オルセコ高地サボテンＡ,Orseco Highland CactusA
あずらんちょうないかい,Azlan Council
第２４回ＧＰトロフィ銅,24th GP Bronze Trophy
黄金のたこやきプリズム,Gold Takoyaki Prism
ＧＭふうせんクーちゃん,GM Ku Balloon
強化ガジェット零式ラグ,Enhanceinator 5000 Rug
アンティークカフェ門柱,Antique Cafe Gatepost
カントリーハウス庭衝立,Country House Partition
隠れスライムタワーの像,Hidden Slime Stack
舞台はあなたのモノよ♪,The Stage is Yours!
バルメシュケの背景壁改,Balmeschke Wall Art
プチＳキラマシンカード,Frail Trauminator Card
異国のレンガ館庭用柱大,Exotic Brick Pillar L
カジノ祭５ルーレット金,CasinoFest 5 Roul. Gold
オレの料理を食えばいい,You Can Have My Food
ダーマ神殿のプランター,Alltrades Abbey Planter
カジノコインチケット銀,Silver Casino Ticket
パラソルスティックの本,Jolly Brolly Book
フラワーショップ鉢植え,Flower Shop Potted Plant
マスターベストのレシピ,Master Outfit Recipe
初級・状態攻撃錬金の本,Beginner Status Attack
ポメラニ・茶白カプセル,Brown Pomeranian Toy
第２４回ＧＰトロフィ鋼,24th GP Steel Trophy
星座の導き・てんびん座,Tipping the Scales
いたずらもぐらの像・庭,Mischievous Mole (G)
プラコンプリンス服・白,White Prince Outfit
エクリプスアックスの本,Eclipse Axe Book
うごくせきぞうの像・庭,Living Statue Statue(G)
ハロウィンシャンデリア,Halloween Chandelier
バスルーム手回し洗濯機,Bathroom Washing Machine
異国のレンガ館のタイル,Exotic Brick Tile
まじないしローブセット,Fizzle-Proof Outfit
闇のスピリットカプセル,Dark Spirit Toy
プラコンプリンス服・黒,Black Prince Outfit
よみがえる踊り子の伝説,Revival of the Dancer
学園の菜園木の鉢植えＤ,Academy Garden Tree D
白詰草のステンドグラス,Clover Stained Glass
新春ぴょんと跳躍福招き,New Year's Luck Invitation
ジャングルリップのタネ,Jungle Tulip Seed
シャル・ウィ・フリーズ,Shall We Freeze
ドルボ用マネキン人間用,For Human Mannequin For Dolboard
夢の秘密工場の窓つき壁,Dream Factory Wall
回転テストルベランギス,Spin Test Ruberangis
海辺の釣具屋のシェード,Fishing Shop Shade
クマのぬいぐるみ小・桃,Pink Bear Plushie S
最小イカグランプリ・銀,Small Squid GP Silver
ゆらゆらどうぶつの絵本,Rocking Animal Book
ついてクンマット庭・丸,Round Pet Mat (G)
ドットラダトーム城ラグ,Tantegel Castle Rug
ヤキトリじいさんの日常,Life of Grandpa Yakitori
プラコン女ドラキュラ服,Women's Dracula Costume
エトワールの伝説・上下,Etoile Legend Vol 1 & 2
しぐさ書・スプラッシュ,Splash
夜空にあまねく願い星２,Wishing Upon a Star 2
ケミカルポップなタンス,Chemical Pop Wardrobe
プラコン紅葉ゆかた・女,Women's Autumn Yukata
第４回バトエンＭＤ・金,4th Batoen MD Gold
しぐさ書・サボテンダー,Cactuar
プラコン男性用束帯・紫,Purple Ceremony Gown
ごうかカウンター大・赤,Red Fancy Counter L
ラダ・ガートのこころ１,Lada Gart's Heart Lv1
ラダ・ガートのこころ５,Lada Gart's Heart Lv5
たそがれのガラス細工壁,Twilight Glass Wall
第１４回イルーシャ像庭,14th Illusia Statue (G)
クリスマスお菓子ツリー,Christmas Candy Tree
ジャリムバハ砂漠への道,Road to Jyarimbaha Desert
第５回スライムレース銀,5th Slime Race Silver
トランプ柄チェスト・黒,Black Card Chest
カフェテラスのテーブル,Cafe Terrace Table
ガーデンスラ花火台・赤,Red Slime Fwrk Stand(G)
プラコン女性巫女服・紫,Purple Maiden Dress
古代魔術のほうい作成法,Book of Ancient Magic
ふくびき夫婦のおみくじ,Lottery Couple Fortune
プラコン女性桃ふりそで,Pink Women's Kimono
プラコン花柄ゆかた・女,Women's Floral Yukata
ホイミントチョコの包み,Heal Mint Chocolate
とこしえの神殿転送の門,Temple of EternityRelay Gate
お料理大好きですわ～♪,I Just Love to Cook
初級・きようさ錬金の本,Beginner Deftness
学園の武道場の水洗い場,School Dojo Wash Area
ポポリアきのこ山植物Ｂ,Popolia Plant B
アキクサインコカプセル,Pink-Belly Parrot Toy
きせかえドール・オガ女,Ogre Dress-Up Doll ♀
スパイクアーマーセット,Spike Armor Set
アストルティア野イチゴ,Astoltia Strawberries
「静寂の窓辺」の展示室,"Window of Silence" Exhibit Room
バトリンピック・予選編,Gladiator Games Qualifiers
銅ドラガイトロフィー　,Bronze Dragon Trophy
ダークキングぬいぐるみ,Dark King Slime Plushie
庭用スフィンクスの石像,Sphinx Stone Statue (G)
異国のレンガ館の庭用壁,Exotic Brick Wall (G)
こどもの日ザンクローネ,Children's Day Zankrone
プラコン女パンプキン服,Women's Pumpkin Clothes
第９回最小釣りコン・金,9th Small Fish Gold
ファラザードの背景壁改,Farazard Wall Art
ファフニルメイルセット,Fafnir Mail Set
とうばつたいいんぷーれ,Strike Force Pure
ブロッサムハウスタイル,Blossom House Tile
マスカレイドスーツの本,Masquerade Outfit Book
エドアルド邸の天井飾り,Eduardo's Ceiling Decor
バズスイディスペンサー,Pazu Sweets Dispenser
オフロードカープリズム,Off-road Car Prism
トリニティジュエル・橙,Orange Trinity Jewel
３連発スラ花火・黄緑青,3 Slime Fireworks YGB
第３１回ＧＰトロフィ金,31st GP Gold Trophy
ケミカルポップチェスト,Chemical Pop Chest
第１１回ウェブニー像庭,11th Webney Statue (G)
刺激的なシーサイドラン,An Exciting Seaside Run
ゴシックインテリアの本,Gothic Interior Book
おおばさみ作りのヒント,Sizable Scissors Making
シャンデリアストーリー,Chandelier Story
ねこみみバイクプリズム,Cat Ears Bike Prism
森の水車小屋の花の絨毯,Watermill Flowers
プラコン女性白ふりそで,White Women's Kimono
フラワーファンランプ青,Blue Flower Fan Lamp
壁かけブラッディライト,Bloody Wall Light
ドラゴンゾンビの像・庭,Dragon Zombie Statue(G)
ポルテのグルめぐり机Ｄ,Porte's Tour-met Table D
オーロラプラネタリウム,Aurora Planetarium
コロシアムトロフィー暁,Dawn Coliseum Trophy
３連発ドラ花火・赤紫緑,3 Dracky Fireworks RPG
学園の菜園の小花鉢植え,Academy Garden Flower S
ウェスタンな服のレシピ,Western Clothes Recipe
第３回大富豪庭アート銅,Tycoon Art 3 Bronze (G)
エテーネ王国領背景壁改,Ethene Kingdom Wall Art
ドラゴンスティックの書,Wyvern Wand Book
お店のカーペット中・青,Blue Shop Carpet M
なぞ解きオブジェクト02,Mystery Solving Object 2
ラダ・ガートのこころ10,Lada Gart's Heart Lv10
開戦時 100%で早詠みの杖,Starting Faster Caster 100%
GMドラクエ３０周年花火,GM DQ 30 Anniversary FW
ビーチで大公演！？ 2017,Beach Performance!? 2017
第10回大富豪アート・金,Tycoon Art 10 Gold
第10回大富豪アート・銀,Tycoon Art 10 Silver
タロットのダメージ +50%,Tarot Damage +50%
なぞ解きオブジェクト04,Mystery Solving Object 4
毒時に追加ダメージ +100,Added Damage When Poisoned +100
第10回大富豪庭アート銀,Tycoon Art 10 Silver (G)
第10回大富豪庭アート金,Tycoon Art 10 Gold (G)
状態異常系の成功率 +10%,Ailment Success Rate +10%
第10回大富豪アート・銅,Tycoon Art 10 Bronze
第10回大富豪庭アート銅,Tycoon Art 10 Bronze (G)
リャナ荒涼地帯-灯台 前,Lyana Desolate - Lighthouse
ルカニ時にダメージ +200,Damaged to Sapped Foes +200
オノの範囲ダメージ +300,Area of Effect Axe Skills +300
なぞ解きオブジェクト03,Mystery Solving Object 3
未完のご神体の間 出口,WIP Hall of Worship Exit
暗黒大樹のふもと 入口,Foot of the Dark Tree Entrance
暗黒大樹のふもと 出口,Foot of the Dark Tree Exit
ドルワーム水晶宮 入口,Crystal Palace Entrance
ムストの町・地下 入口,Underneath Morst Entrance
バルディスタ要塞 出口,Fortress Valdista Exit
メギラザの洞くつ 入口,Megilaza Cave Entrance
知の試練・第２層 出口,Wisdom Trials - L2 Exit
フレンジーの部屋 入口,Frenzy's Room Entrance
攻撃呪文ダメージ 10%減,Spell Resistance +10%
カルサドラ溶岩洞 入口,Calsadora Pyroduct Entrance
雪の女王の洞くつ 出口,Snow Queen's Cave Exit
グランゼドーラ城 出口,Gran Zedora Castle Exit
行動時 10%でマホターン,Bound On Action 10%
知の試練・第３層 出口,Wisdom Trials - L3 Exit
雪の女王の洞くつ 入口,Snow Queen's Cave Entrance
ダンダダ団アジト 入口,Robbin' 'Ood Gang HQ Entrance
ダラリア砂岩遺跡 入口,Daleria Sandstone Ruins Entrance
黄昏の詩人の舞台 入口,Twilight Poet's Stage Entrance
精霊力チャージ時間 -2%,Spirit Energy Charge Time -2%
ルティアナの清泉 出口,Lutiana's Spring Exit
ガズバランの封洞 出口,Gazbalan Sealed Cave Exit
アルウェーンの町 入口,Alweyn Township Entrance
グランゼドーラ城 入口,Gran Zedora Castle Entrance
パルミオの研究所 出口,Palmio's Laboratory Exit
光の郷フィネトカ-聖堂,Finetka - Shrine
カルサドラ溶岩洞 出口,Calsadora Pyroduct Exit
人形師のアトリエ 入口,Dollmaker's Workshop Entrance
魔の試練・第１層 出口,Demon Trials - L1 Exit
森の井戸の地下洞 出口,Underground Forest Well Exit
フォステイル広場 出口,Fostail Square Exit
ポポラパの最深部 出口,Popolapa Depths Exit
忘れられし王の間 入口,Forgotten King's Room Entrance
王都ネクロデア跡 出口,Necrodea Capital Ruins Exit
防砂ダム・展望台 出口,Sand Dam Observatory Exit
ホーローの隠れ家 入口,Hollow's Hideout Entrance
ザハディガル岩峰 入口,Zahadigal Pinnacle Entrance
だいかいけついしょう1,Thief Outfit Ⅰ
レビュール街道南 入口,Revule Highway South Entrance
ゼクレス城・地下 出口,Zechres Castle - Underground Exit
ポポラパの洞くつ 入口,Popolapa Cave Entrance
ティプローネ高地 入口,Tiplone Highlands Entrance
レクスルクスの楔 出口,Lexlux Link Exit
カルサドラの風穴 出口,Calsadora Wind Cave Exit
ブラニック採石場 入口,Branick Quarry Entrance
ベルヴァインの森 入口,Belvain Forest Entrance
オルセコ王家の墓 入口,Orseco Royal Tomb Entrance
フォルモンティ村 出口,Vollmondi Village Exit
ヴァースのほら穴 出口,Verse Cave Exit
ならず者のねぐら 入口,Rogue's Roost Entrance
ジャリムバハ砂漠 入口,Jyarimbaha Desert Entrance
開戦時 10%でバイキルト,Starting Oomphle 10%
モンスター格闘場 入口,Monster Arena Entrance
キラキラ大風車塔 入口,Wondrous Windmill Tower Entrance
森の井戸の地下洞 入口,Underground Forest Well Entrance
ヴォルザッド要塞 出口,Fort Volzaad Exit
アシッドテンプル 入口,Acid Temple Entrance
知の試練・第２層 入口,Wisdom Trials - L2 Entrance
バルディスタ要塞 入口,Fortress Valdista Entrance
封鎖された研究室 入口,Sealed Laboratory Entrance
儀礼場への洞くつ 入口,Cave to the Court Entrance
追憶の世界-王妃の生家,World of Remembrance-Queen's Home
ナシームの洞くつ 入口,Naseem Cave Entrance
枯れ井戸の地下洞 入口,Underground Well Cave Entrance
カシャル海底神殿 入口,Kashal Undersea Temple Entrance
２階-シーサイドルーム,Seaside Room 2F
グランマーズの館 出口,Madame Luca's House Exit
メギストリスの都 入口,Megistris City Entrance
魔の試練・第１層 入口,Demon Trials - L1 Entrance
行動時 20%でバイシオン,Oomph On Action 20%
開戦時 10%で会心率上昇,Starting Critical Rate Up 10%
海底都市ルシュカ 入口,Undersea City Ruska Entrance
ドラクロン山地-第３層,Draklon Mountains - Level 3
海のとける洞くつ 入口,Sea Melting Cave Entrance
魔幻都市ゴーラ跡 入口,Ruins of Gora Entrance
フレンジーの部屋 出口,Frenzy's Room Exit
ピテッザのほら穴 入口,Pitheza Cave Entrance
知の試練・第１層 出口,Wisdom Trials - L1 Exit
ポイポイ商会倉庫 出口,Poipoi Trade Co. Storage Exit
１階-シーサイドルーム,Seaside Room 1F
精霊力チャージ時間 -1%,Spirit Energy Charge Time -1%
ローヌ樹林帯-希望の丘,Rhone Woodlands - Hope Hill
防砂ダム・展望台 入口,Sand Dam Observatory Entrance
グランゼドーラ港 入口,Gran Zedora Harbor Entrance
封じられた洞くつ 出口,Sealed Cave Exit
パルミオの研究所 入口,Palmio's Laboratory Entrance
カルサドラ大空洞 入口,Calsadora Hollow Entrance
知の試練・第１層 入口,Wisdom Trials - L1 Entrance
レクスルクスの楔 入口,Lexlux Link Entrance
死せる結晶の荒野 出口,Dead Crystal Desert Exit
ウルベア地下遺跡 入口,Ruins of Urbea Entrance
ウルベア地下帝国 入口,The Urbea Empire Entrance
アスフェルド学園 入口,Asfeld Academy Entrance
ヴォルザッド要塞 入口,Fort Volzaad Entrance
バカンウグレ遺跡 入口,Bakangre Ruins Entrance
娯楽島ラッカラン 入口,Luckland Island Entrance
最果ての地下遺跡 入口,Deepest Depths Entrance
フォステイル広場 入口,Fostail Square Entrance
ナシームの洞くつ 出口,Naseem Cave Exit
ピテッザのほら穴 出口,Pitheza Cave Exit
ブレス系ダメージ 10%減,Breath Resistance +10%
ならず者のねぐら 出口,Rogue's Roost Exit
ブラニック採石場 出口,Branick Quarry Exit
バカンウグレ遺跡 出口,Bakangre Ruins Exit
秘密の部屋・倉庫 出口,Secret Room - Storage Exit
エネルギー制御室 出口,Energy Control Room Exit
カーレルの氷雪洞 入口,Carrel Ice Cave Entrance
ホーローの隠れ家 出口,Hollow's Hideout Exit
忘れられし王の間 出口,Forgotten King's Room Exit
ヴァースのほら穴 入口,Verse Cave Entrance
だいかいけついしょう2,Thief Outfit Ⅱ
封鎖された研究室 出口,Sealed Laboratory Exit
蘇りし大祭壇の間 入口,Restored Grand Altar Entrance
アラハギーロ王国 入口,Kingdom of Al-Ahagiro Entrance
王都ネクロデア跡 入口,Necrodea Capital Ruins Entrance
枯れ井戸の地下洞 出口,Underground Well Cave Exit
コニウェア平原-難破船,Coniware Plain - Shipwreck
作曲家のアトリエ 入口,Composer's Studio Entrance
クエスト代行受付 出口,Quester's Behest Exit
知の試練・第３層 入口,Wisdom Trials - L3 Entrance
エネルギー制御室 入口,Energy Control Room Entrance
ルティアナの清泉 入口,Lutiana's Spring Entrance
ゼクレス城・地下 入口,Zechres Castle - Underground Entrance
行動時 10%でバイキルト,Oomphle On Action 10%
カルサドラ大空洞 出口,Calsadora Hollow Exit
カルサドラの風穴 入口,Calsadora Wind Cave Entrance
ダラリア砂岩遺跡 出口,Daleria Sandstone Ruins Exit
蘇りし大祭壇の間 出口,Restored Grand Altar Exit
行動時 10%でバイシオン,Oomph On Action 10%
フォルモンティ村 入口,Vollmondi Village Entrance
アマラーク城下町 出口,Amarak Castle Town Exit
儀礼場への洞くつ 出口,Cave to the Court Exit
ガケ沿いの集会所 入口,Cliffside Assembly Hall Entrance
ガケ沿いの集会所 出口,Cliffside Assembly Hall Exit
ガズバランの封洞 入口,Gazbalan Sealed Cave Entrance
作曲家のアトリエ 出口,Composer's Studio Exit
未完のご神体の間 入口,WIP Hall of Worship Entrance
ポポラパの最深部 入口,Popolapa Depths Entrance
人形師のアトリエ 出口,Dollmaker's Workshop Exit
ペシュヤ地下空洞 入口,Peshuya Underground Cave Entrance
しぐさ書・Ｓクラウン,Crown Signal
音楽祭のパンフレット,Music Festival Pamphlet
レモンスライムの石壁,Lemon Slime Rock Wall
結晶輝く平野の便せん,Crystalline Plain Paper
中級・おもさ錬金の本,Intermediate Weight
第１２回ファラス像庭,12th Faras Statue (G)
ブチブタくんカプセル,Spotted Piglet Toy
Ｓキラーマシン練習札,Trauminator Tag
おいしいお弁当セット,Delicious Bento Set
バスルームのシャワー,Bathroom Shower
つなぐ想いを未来へと,Connect Thoughts to Future
ポルテ制御用・創絶Ｃ,Porte Control - End C
ルシェンダぬいぐるみ,Lushenda Plushie
苺お菓子のパーティ机,Berry Sweet Party Table
チェックのランプ・赤,Red Checkered Lamp
おめかしＶチケット改,Dress-up V Ticket v2
シルエット・クイーン,Silhouette Queen
踊り子のドレスセット,Dancer Dress Set
黄金のロザリオの破片,Gilded Rosary Shard
闘争とパッツァの歴史,Battle Pazza Recipe
ゼクレス城・礼典の間,Zechres Castle - Ritual Room
あめふりグレイツェル,Rainy Weather Gretzel
ひっさつのおうぎの本,Critical Fan Book
王宮のカウンタ大・青,Blue Royal Counter L
フォーマル衣装券・男,Formal Outfit(M) Ticket
第２回家写真コン・金,2nd House Photo Gold
しぐさ書・フラッシュ,Flash
ツスクルの村への出口,Exit to Tsuskuru Village
プリズニャンぐるみ小,Jailcat Plushie S
カジノ祭３スロット銀,CasinoFest 3 Slots Slvr
名もなき草原への出口,Exit to Nameless Field
Ｖロンのテーブル・赤,Red Vron Table
ネヴァンメイルセット,Nemain Mail Set
オパールのテーブル小,Opal Table S
黒シュジャクカプセル,Black Peashock Toy
ビクトリーボックスⅡ,Victory Box Ⅱ
シンプルモダンソファ,Simple Modern Sofa
室内ウルベアの自販機,Indoor Urbea Machine
パピヨンチェスト・幻,Phantom Papillon Chest
大怪傑の解決バイブル,Ways of the Wondrous
未来へ歩みだすために,Step Into the Future
ビタースイーツゾーン,Bittersweets Zone
魔選の儀礼場への通路,Passage to Ceremonial Hall
ベルヴァインの森関所,Belvain Forest Barrier
紫色の背景スクリーン,Purple Backdrop
壁かけヒューザの絵Ｂ,Hyuza Portrait B
グレン城下町への出口,Exit to Glen Castle Town
カフェテラスのチェア,Cafe Terrace Chair
ファルコンダガーの本,Gryphon's Wing Book
サーフボードプリズム,Surfboard Prism
経験値の古文書・海賊,Experience Scroll (PIR)
プラコンスイート服赤,Red Sweet Clothes
ボルケーノ美術史入門,History of Volcanoes
お庭用天蓋付きベッド,Canopy Bed (G)
スライムぬいぐるみ小,Slime Plushie S
芯層・エメラーダ宙橋,Core Area - Emeralda Bridge
カジノ祭６ポーカー金,CasinoFest 6 Poker Gold
ホワイト庭用テーブル,White Outdoor Table
ビクトリーチップ・黄,Yellow Victory Chip
ガウシア樹海への出口,Exit to Gaussia Woodlands
タイフーンレザーの本,Typhoon Leather Book
湖の小島・神のまなこ,The All-Seeing Eye
室内ジュースの自販機,Indoor Juice Machine
ごうかテーブル大・緑,Green Fancy Table L
イーグルダガー作成術,Eagle Dagger Creation
ドン・モグーラコイン,Don Mole Coin
ゲルニック将軍コイン,Hootingham-Gore Coin
メリーゴーランド・青,Blue Merry-Go-Round
ＤＱⅩオフライン印章,DQX Offline Stamps
東洋風飲茶セット・華,Floral Orient Dim Sum
さんぞくウーパーたち,Salamaurader
涙のスカウトアタック,Sympathetic Scout Strike
壁かけスキマスの絵Ｂ,Skimas Portrait B
聖天のつばさプリズム,Wonderwing Prism
ウルベア魔神兵強たち,Apex Urbea Aztechs
美女たちの聖戦・再び,Beauties Battle 2
ピクニックアンルシア,Anlucia Picnic
邪教司祭の勲章の破片,Magus Medal Shard
異国の寺院透かし丸壁,Exotic Temple Round Wall
マーメイドドレッサー,Mermaid Vanity
攻撃呪文ダメージ 7%減,Spell Resistance +7%
おすみけねこすーつⅡ,Calico Cat Suit (M) Ⅱ
透明君（黄色割り当て,Transparent
モシャストーンＬｖ５,Morph Stone Lv. 5
ゼクレス城・魔導広場,Zechres Castle - Square of Sorcery
雨乞いクリスタル装置,Crystal Rain-Maker
壁かけ純喫茶の電話機,Cafe Wall Phone
銀のフライパン小の本,Silver Frypan S Book
銀ドラガイトロフィー,Silver Dragon Trophy
Ｘスライムぬいぐるみ,X Slime Plushie
オルセコ王国領への道,Road to Orseco Kingdom Region
冥府のスイーツガイド,Underworld Sweets Guide
エレクトリカルツリー,Electrical Tree
星が奏でる破壊の旋律,Destruct Song of Stars
グランゼニスの試練場,Trial of Gran Zenith
第９回ハクオウの像庭,9th Hakuo Statue (G)
第１２回ヒューザ像庭,12th Hyuza Statue (G)
ハチワレ太猫カプセル,Fat Tuxedo Cat Toy
東洋風透かし置物・華,Floral Orient Ornament
欠番ウォーターベッド,Missing # Waterbed
アイドルスーツセット,Idol Outfit
学園の保健室のベッド,School Infirmary Bed
少女探偵ルベカちゃん,Girl Detective Rubecca
職業装備セット・バト,GLA Vocation Equipment
妖精の隠れ家の庭用柱,Fairy Lair Pillar
機巧研究所のモニター,Mechanica Monitor
「森の秘密」の展示室,"Forest Secret" Exhibit Room
世界地図タペストリー,World Map Tapestry
しぐさ書・座礼その２,Sit and Bow 2
スライムタワーハウス,Slime Stack House
メタスラの盾のレシピ,Metal Slime Shield Book
パピヨンテーブル・夢,Dream Papillon Table
王宮のカウンタ小・青,Blue Royal Counter S
バトエン筆箱ベッド庭,Batoen Pencil Case Bed
第８回ラグアスの像庭,8th Raguas Statue (G)
ジャゴヌバ神殿への道,Road to Temple of Jagonuba
ベラストル家の丸イス,Belastre Round Chair
経験値の古文書・スパ,Experience Scroll (STA)
ワープクリスタル・白,White Warp Crystal (G)
女性プラコン服ピンク,Pink Clothes (F)
壁かけナルビアの額縁,Nalbia Picture Frame
ルーミリアの家のラグ,Lumeria's Rug
クリュトスの家・２階,Krutos' House 2F
第１０回エルジュ像庭,10th Erju Statue (G)
ドランド平原への出口,Exit to Drand Plains
スロット台・レプリカ,Replica Slot Machine
無法者のベストライフ,Life of a Freebooter
トコトコセラフィ・庭,Trotting Seraphi (G)
夢の秘密工場の鉄板壁,Dream Factory Iron Wall
妖精王とヒスイの魔法,The Magic of Jade
デマトード高地への道,Road to Dematode Highlands
バトルスタンパーの本,Battle Basher Book
ネタ「ボディガード」,Bodyguard Trick
スチームチェスト・赤,Red Steam Chest
白亜の博物館のタイル,Chalk Museum Tile
壁かけクァバルナの絵,Kukulkannibal Painting
メタスラのテーブル小,Metal Slime Table S
未完のドラクロン山地,unfinished Draklon Mountains
伝説の勇者の衣セット,Legendary Hero Outfit
ファラザード城の壁泉,Farazard Wall Fountain
ドラゴンの杖の作り方,How to Make a Wyrmwand
ハートのバスタブ・黄,Yellow Heart Bathtub
ヴァレリアのこころ７,Valeria's Heart Lv7
お姫様のイスと机の本,Princess Furniture Book
光飾りタイルのタンス,Light Tile Wardrobe
らせつのこんの作り方,Making a Taming Rod
お姫様のバスタブ・橙,Princess Bathtub
シャーク・キングダム,Shark Kingdom
イルーシャのこころ４,Illusia's Heart Lv4
ツンドラハンマーの本,Tundra Hammer Book
グラデル台地への出口,Exit to Gradel Plateau
魔物ノーブルハット券,Noble Hat Ticket
ギルガランのこころ９,Gilgaran's Heart Lv9
トコトコエリザベッテ,Trotting Elizabette
ヴァレリアのこころ５,Valeria's Heart Lv5
ウェディ人形の作り方,Making Weddie Dolls
第９回ユシュカの像庭,9th Yushka Statue (G)
魔天匠レスヘヴンたち,Master Les Haven and co.
アズラン大浴場の暖簾,Azlan Bathhouse Curtain
僧侶だって殴りたい！,You're a Healer, But...
第１０回ユシュカ像庭,10th Yushka Statue (G)
クリスマスパーティ机,Christmas Party Table
辺境警備隊のこれから,Frontier Guard's Future
しぐさ書・モチつき手,Mochi Pounder
朽ちた遺跡のついたて,Ruin Partition
ドラキーマの写真立て,Drackyma Frame
王軍師のよろいセット,Royal Soldier Armor Set
コロシアムよろい＿銀,Silver Colosseum Armor
療魔の霊符・フリル桜,Pink Healer Talisman
緋天のシルフカプセル,Red Heavenly Sylph Toy
ドラゴンガイア練習札,Gaia Dragon Tag
おだやかな波のように,Like a Gentle Wave
お菓子なイスと机の本,Sweet Furniture Book
天使のタクトのレシピ,Seraphic Sceptre Recipe
オグリドチャビィの像,Ogreed Chubby Statue
サイドヘアリボンの箱,Side Hair Ribbons Box
くろぶたさんの貯金箱,Black Piggy Bank
ジア・メルド・ゲノス,Dia Meldo Genos
やいばのよろいセット,Spiked Armor Set
くつろぎカフェタイム,Relaxing Coffee Time
誰が雷竜を殺したか？,Who Killed Thundragon?
みかわしの服のレシピ,Evasion Outfit Recipe
シールドこぞうの日記,Leery Lout's Diary
ムニエカのカウンター,Munieka Counter
預かり所・旅人バザー,Depository/Traveler's Bazaar
ウォルドの聖簾　出口,Angelfall Exit
空飛ぶベッドプリズム,Flying Bed Prism
スカウトミニスカ衣装,Scout Miniskirt Outfit
ワープクリスタル・紫,Purple Warp Crystal (G)
そうびぶくろ超整理術,Bag Organization Technique
昏き彼方からの呼び声,Call From Beyond Twilight
クリムゾンメイルの書,Crimson Mail Book
ピラミッド第三の霊廟,Pyramid Tomb 3
よみがえり続けるもの,Things Coming Back to Life
きせかえドール交換券,Doll Exchange Ticket
しずく結晶のオブジェ,Raindrop Crystal Curio
エドアルド邸のデスク,Eduardo's Desk
スタンドつきランタン,Standing Lantern
メロンのチェスト・赤,Red Melon Chest
ラッキーチケット４７,Lucky Ticket 47
バトルシェイカー軍団,Maracaraider Army
王宮魔術の服カタログ,Royal Mage Catalog
しぐさ書・ドラけしＳ,Eraser Shower
ぱぴりおけーぷせっと,Papilio Cape Set
ブルーのラウンドラグ,Blue Round Rug
ハンコに押された背中,Back Stamped With a Seal
シンプルモダンラック,Simple Modern Rack
ごうかなバスタブ・赤,Red Fancy Bathtub
いやしのムニエル・小,Small Mending Meuniere
チワワ・黒白カプセル,Black Chihuahua Toy
水の領界の貝殻ベッド,Water Realm Shell Bed
しぐさ書・かわいがる,Pet Monster
占星術師のローブの本,Astrologer Outfit Book
ウォーホースプリズム,Warhorse Prism
バレンタインチケット,Valentine's Ticket
剛獣鬼ガルドドンの像,Gardodon Statue
ころしあむろーぶきん,Gold Colosseum Robe
ビンゴすごろくホール,Bingo & Sugoroku Hall
達人エージェントロボ,Master Agent Robot
しろひげのさんたふく,White Beard Santa Suit
ハンドベルドワーフ像,Handbell Dwarf Statue
祈願の神殿のテーブル,Gratitemple Table
メタルなプチプチ香水,Metal Perfume XS
正義のスライムパック,Justice Slime Pack
かんだただいげんすい,Robbin' 'Ood Commander
ヴァルハラの戦士たち,Warriors of Valhalla
ブーゲンビリアの生垣,Bougainvillea Hedge
ブルーム・アウェイク,Bloom Awake
魔天導ビブローンたち,Bibron, Way of Evil
ショップ店員奮闘記！,Struggles of a Shopkeeper!
ハートテーブル小・黄,Yellow Heart Table S
ほのおのよろいセット,Flame Armor Set
ジェントルコート衣装,Gentleman's Outfit
カジノ祭４ポーカー銅,CasinoFest 4 Poker Brnz
ネコ姫のシャンデリア,Cat Princess Chandelier
月と星の成功率アップ,Sun/Moon Success Up
ゆるしてほしいのニャ,Please Furrgive Me
こもれびの広場への道,Road to Sunbeam Square
スライム露天間仕切り,Slime Outdoor Partition
ハートとリボンの風船,Heart & Ribbon Balloons
経験値の古文書・隠者,Experience Scroll (HRM)
闇に堕ちた英雄の幻影,Dark Hero Illusions
カントリーの庭仕切り,Country Partition
第１１回ヒューザ像庭,11th Hyuza Statue (G)
参照テストステージEnv,Reference Test Stage Env
アローインプの像・庭,Bodkin Bowyer Statue(G)
まじかるがーるすーつ,Magical Girl Suit
第５回家写真コン・金,5th House Photo Gold
ジア・ルミナトランプ,Dia Lumina Cards
チョコレートのベッド,Chocolate Bed
ホイップゴースト人形,Whipped Scream Doll
一人前の武器鍛冶職人,Full-Fledged Weaponsmith
タータンガールスーツ,Tartan Suit (F)
メタスラぬいぐるみ小,Metal Slime Plushie S
黄金のおでんプリズム,Golden Oden Prism
リゾートラタンチェア,Resort Rattan Chair
デモンマウンテン印章,Demon Mountain Stamps
オパールのカーペット,Opal Carpet
グレイツェルの像・庭,Gretzel Statue (G)
アスフェルド学園夏服,Asfeld Academy Summer Wear
セピアのセラフィ人形,Sepia Seraphi Doll
ボストロールの像・庭,Boss Troll Statue (G)
ポーカー台・レプリカ,Replica Poker Table
ギュッとオサルぐるみ,Monkey Arm Doll Plush
クラウンのおまねキー,Crown's Copied Key
チェスボードラグ・黒,Black Chessboard Rug
色見本・ホットピンク,Hot Pink Swatch
ゴシックコートセット,Gothic Coat Set
ぱんぷきんのいしょう,Pumpkin Costume
しぐさ書・ハイタッチ,High Five
紺碧のピラーへの入口,Entrance to Azure Pillar
イッショウの家のイス,Issho's House Chair
職人さんに会いたい！,Show Me a Crafter!
しぐさ書・Ｎビーム青,Neon Beam Blue
スライムつむりぐるみ,Shell Slime Plushie
白亜の博物館のアーチ,Chalk Museum Arch
ベーカリーのシェード,Bakery Shade
庭用ネオン・パターン,Neon Pattern (G)
ひねくれ者たちの約束,The Cynical Promise
プラコンレディ服・黄,Yellow Lady's Clothes
キングリザードのツボ,Liege Lizard Pot
お庭用リゾートベッド,Resort Bed (G)
モシャストーンＬｖ３,Morph Stone Lv. 3
アラハのバーベキュー,Al-Ahagiro Barbeque
ワープ装置・フェスタ,Festa Warp Device
魔犬レオパルドメダル,Evil Sir Leopold Medal
クレセントエッジの本,Razer-Wing Book
職業装備セット・パラ,PLD Vocation Equipment
キラパンぬいぐるみ小,Sabrecat Plushie S
コールドスリープ装置,Cryogenic Sleep Equipment
クリスタルクローの本,Crystal Claws Book
素朴なテーブルセット,Rustic Table Set
しぐさ書・バラエティ,Variety Box
海沿いのヴィラの花棚,Seaside Villa Flora Rack
黄シュジャクカプセル,Yellow Peashock Toy
攻撃時身かわしアップ,Dodge Up On Attack
ハートの兵隊服衣装券,Heart Soldier Suit Tkt
キラキラの魔法レンズ,Glitter Magic Lens
カジノ祭４スロット金,CasinoFest 4 Slots Gold
Ｓキラーマシンコイン,Trauminator Coin
第１３回ユシュカ像庭,13th Yushka Statue (G)
冥雲魔神の勲章の破片,Cloudy Crest Shard
壁かけやぐら館の照明,Tower Wall Light
ヴィスタリア姫のラグ,Princess Vistaria Rug
シャハのほら穴　出口,Shaha Grotto Exit
ゼドラ王国服モブ１８,Zedra Royal Clothes Mob 18
ラッキーチケット５０,Lucky Ticket 50
ミラーボール・リボン,Ribbon Disco Ball
黄金の飾り図鑑・前編,The Ornamentals Part 1
ふわふわ雲のチェスト,Fluffy Cloud Chest
ほのおのツメの作り方,How to Make Fire Claws
はやてのベスト作成術,Agility Outfit Creation
アルウェーンのアーチ,Alweyn Arch
庭置シャンデリア・白,White Chandelier (G)
ナルビア宿屋のタンス,Nalbia Inn Wardrobe
スライムトレイ物語２,Slime Shield Story 2
プラコンレディ服・黒,Black Lady's Clothes
カジノ祭６スロット金,CasinoFest 6 Slots Gold
壁かけスチームランプ,Steam Wall Lamp
ルイーダ酒場の飾り棚,Patty's Pub Cabinet
ラッキーチケット４４,Lucky Ticket 44
プクレット地方の木Ａ,Pukulet Region Tree A
サラマンダーのレシピ,Flame Tang Recipe
バズカフェのドリンク,Pazu Cafe Drink
ポルファンのけいこ場,Polfan's Rehearsal
ヴァレリアのこころ９,Valeria's Heart Lv9
勇者レオーネのカケラ,Hero Leone Fragment
なげきムーンの像・庭,Mourning Moon Statue(G)
第１０回ラグアス像庭,10th Raguas Statue (G)
幻界の四諸侯強カード,Apex Dread Fiends Card
アズランの柄杓つき壺,Azlan Pot With Ladle
深翠のピラーへの入口,Entrance to Deep Green Pillar
ハートテーブル大・黄,Yellow Heart Table L
壁かけセラフィ肖像画,Seraphi Portrait
ドラクエ３０周年花火,DQ 30th Anni. Firework
たーたんぼーいすーつ,Tartan Suit (M)
キンスラドラけしの像,King Slime Eraser
今日はもう終わります,I'm done for the day.
ヴィラスイートの窓掛,Villa Suite Curtains
マリンスライムアーチ,Seaslime Arch
シュメリアピアスの箱,Sumeria Earrings Box
オルフェア地方の木Ｃ,Orphea Region Tree C
いねかりぞくの像・庭,Harvester Statue (G)
ウサギぬいぐるみ・桃,Pink Rabbit Plushie
黒いアタッシュケース,Black Attache Case
ハロウィンハイム壁灯,Halloween Home Light
しぐさ書・もえキュン,Heart Flutter
クラッシュロッドの本,Crusher Rod Book
第９回ヴァレリアの像,9th Valeria Statue
あいすだんすいしょう,Ice Dance Outfit
プラズマステンペスト,Plasma Tempest
幻界の四諸侯強メダル,Apex Dread Fiends Medal
大きな和風のお城の家,Big Japanese Castle
ウォータースライダー,Water Slider
精霊大臣の屋敷の植栽,Minister Mansion Planting
スターのイスの作り方,How to Make Star Chairs
ルーミリアの家の本棚,Lumeria's Bookshelf
透明君（青色割り当て,Mr. Transparent
ドワーフＧＰプリズム,Dwarf GP Prism
いにしえの封印の伝承,Lore of the Ancient Seal
魔物かいぞくぼうし券,Pirate Hat Ticket
聖湖ゼニートのラック,Zenit Rack
ギュッとお師匠様の箱,Master Arm Doll Box
トリニティクリスタル,Trinity Crystal
ダーマ神殿の破邪の鐘,Alltrades Abbey Bell
プクリポＧＰプリズム,Pukulipo GP Prism
福笑いのラグ・ほっぺ,Fukuwarai Cheek Rug
マシンボードプリズム,Machine Board Prism
モンセロ温泉峡への道,Road to Moncello Springs
ペペロゴーラトランプ,Peperogora Cards
悪夢団のアジト・中枢,Nightmares' Hideout - Center
ベラストル家のソファ,Belastre Sofa
メタルスライムハウス,Metal Slime House
ゴブル砂漠東への出口,Exit to Goble Desert East
ギルザッド地方の木Ｂ,Gilzad Region Tree B
しぐさ書・Ｓスライム,Slime Signal
アズラン大浴場の湯舟,Azlan Bathhouse Tub
さいほう針をかかげて,A Needle Pointed High
壁かけ異国の寺院の灯,Exotic Temple Light
オーガＴＲＩプリズム,Ogre TRI Prism
しぐさ書・Ｎビーム緑,Neon Beam Green
祈りの宿るスティック,Prayerful Wand
サニーボードプリズム,Sunny Board Prism
レンガのお屋敷のラグ,Brick House Rug
金平糖ミニライト・氷,Ice Candy Light S
しぐさ書・Ｎスピカ赤,Neon Spica Red
ナイトたちの頂上血戦,Top Knights Bloody Battle
バズカフェのテーブル,Pazu Cafe Table
歌詠みのころもセット,Poet's Outfit
王宮のテーブル大・赤,Red Royal Table L
大聖堂の庭オルゴール,Cathedral Music Box (G)
ＧＭ用５周年記念花火,GM 5th Anni. Firework
ギュッとネズミぐるみ,Mouse Arm Doll Plush
特技のダメージ +20<ban>,Skill Damage +20 (PvP×)
ポセイドンドレッサー,Poseidon Vanity
ドラゴンガイアカード,Gaia Dragon Card
第１１回ファラス像庭,11th Faras Statue (G)
攻撃時たまにＭＰ回復,MP Recovery Attack Chance
隠れスライムの像・庭,Hidden Slime (G)
じゅうたくかんりにん,Housing Manager
終わりなき夢の始まり,Start of an Endless Dream
レストリア平野への道,Road to Restoria Plains
プラコン・黒レース傘,Black Lace Umbrella
マンドラゴラの像・庭,Mandragora Statue (G)
古代文明研究所・１階,Ancient Research - 1F
ビクトリーボックスⅣ,Victory Box Ⅳ
根源のほこらへの通路,Passage to the Shrine
目覚めし冒険者の広場,Awakening Adventurer's Square
くろがねのよろいの本,Darksteel Armor Book
パピヨンテーブル・幻,Phantom Papillon Table
夢の秘密工場の木製壁,Dream Factory Wood Wall
傾国の美女に学ぶ歴史,Great Beauties History
ラッキーチケット４５,Lucky Ticket 45
カボチャタワーランプ,Pumpkin Tower Lamp
スライムチャイム・庭,Slime Chime (G)
ロウソクの燭台ランプ,Candelabrum
お姫様のチェスト・橙,Princess Chest
ＶＪＢスペシャル印章,VJB Special Stamps
しぐさ書・写真を撮る,Take a Picture
勝利時仲間のＭＰ回復,Victory Ally MP Recovery
雪の結晶モビール・庭,Snowflake Mobile (G)
水晶のインテリアの本,Crystal Interior Book
英雄レオーネのカケラ,Heroic Leone Fragment
スペシャルふくびき券,SP Tombola Ticket
たまにＨＰ１生き残り,Sometimes Survive with 1 HP
お菓子のカウンター小,Sweet Counter S
ソポスのころもセット,Sophos Outfit
しぐさ書・Ｎスター赤,Red Neon Star
しぐさ書・注目キラ右,Tah-dah! (L Sparkle)
ごうかテーブル小・緑,Green Fancy Table S
パッチワーク家具の本,Patch Furniture Book
バスターウィップの本,Scourge Whip Book
第１３回マローネ像庭,13th Marone Statue (G)
しぐさ書・全身レッド,Turning Red
ツリーは白銀に消ゆ３,Tree's Disappearance 3
ベビタンオーガ人形女,Imp Ogre Doll (F)
いにしえの遺跡　探訪,Exploring Ancient Ruins
あまたの願いを求めて,In Search of Many Wishes
ウォーターサークルＢ,Water Circle B
記念ふくびきマジック,Commemorative Magic
ポーリアと彼氏の事情,Paulia's Boyfriend Plight
源世庫パニガルム控室,Panigalm - Origin Vault Standby
５０００年の旅路・銀,5K Year Journey Silver
きぬのローブの作り方,Making a Silk Outfit
ヴァレリアのこころ１,Valeria's Heart Lv1
トイプー・茶カプセル,Brown Toy Poodle Toy
プラコンスイート服橙,Orange Sweet Clothes
キラキラモビール・銀,Silver Star Mobile
東洋風カーペット・華,Floral Orient Carpet
永久時環のオルゴール,Eternal Ring Music Box
コロシアムローブ＿銀,Silver Colosseum Robe
オーブなプチプチ香水,Orb Perfume XS
ムーンキャロット王国,Moon Carrot Kingdom
別冊・マーメイドの謎,Mermaid Mystery - Extra
ワープクリスタル・黄,Yellow Warp Crystal (G)
リナーシェのこころ７,Linashe's Heart Lv7
旅のお楽しみボックス,Joys of Travel Box
トルネコのオルゴール,Torneko Music Box
ハートのイスと机の本,Heart Furniture Book
ぶきかじれんしゅうぎ,Weaponsmith Training Wear
カジノ祭４スロット銅,CasinoFest 4 Slots Brnz
サウルステントウの像,Ladyceratops Statue
第１１回ナジーン像庭,11th Najinn Statue (G)
エンジェルギフト・黒,Black Angel Gift
水晶剣とうつろな魔女,Crystal Edge Book
タイタス号の船長の机,Titus Captain's Desk
果物のステンドグラス,Fruit Stained Glass
カラフルランタンの木,Colorful Lantern Tree
配布用特訓カード・大,Training Card L
クラウンベストセット,Clown Outfit
ねこみいらいしょうⅠ,Cat Mummy Costume Ⅰ
プクレット地方への道,Road to Pukulet Region
第１３回レクタリス像,13th Lectalis Statue
はじまりの地の飾り棚,Land of Beginnings Shelf
ウィザードベッド・白,White Wizard Bed
打ち上げスラ花火・赤,Red Slime Firework
プティフウラの像・庭,Teeny Fuura Statue (G)
ミラーアーマーセット,Mirror Armor Set
純喫茶のテーブル筐体,Cafe Pico-Pico Table
経験値の古文書・どう,Experience Scroll (ITM)
ハロウィンハイムの壁,Halloween Home Wall
ギルガランピアスの箱,Gilgaran's Earrings Box
牙持つ盾ガーディアン,Fanged Shield Guardian
初級魔法戦士服セット,Novice Armamentalist Outfit
アストルティアの青草,Astoltia Grass
しぐさ書・コイントス,Coin Toss
さいほう職人の切り札,Sewer's Secret Weapon
ウリボーくんカプセル,Wild Boarlet Toy
ピラミッド第八の霊廟,Pyramid Tomb 8
紫ステンドグラスの壁,Purple Glass Wall
はにわにんぎょうの像,Clay Mannequin Statue
マリン調カウンター大,Marine Counter L
氷の領界の植物ランプ,Ice Realm Plant Lamp
スモールタワーの外観,Small Tower Exterior
ひつじのころもの絵本,Sheep Outfit Recipe
魔犬レオパルドカード,Evil Sir Leopold Card
カミハルムイの垂れ幕,Kamiharmui Curtain
黄金の飾りブーメラン,Ornamental Boomerang
カントリーハウスの柱,Country House Pillar
ナイト交換券２０２１,Knight Ticket 2021
受け継がれし邪紋の書,Book of Inherited Evil
エメラーダ宙橋への扉,Door to Emerada Bridge
水色ねずみクッション,Blue Mouse Cushion
壁かけ氷の領界の水晶,Ice Realm Wall Crystal
カンダタ団のランタン,Robbin' 'Ood Lantern
ゾーン中行動間隔短縮,Faster Turns During Pep
ガートラント領の木Ｃ,Gartlant Tree C
経験値の古文書・占い,Experience Scroll (FOR)
お菓子よりも甘いモノ,Sweeter Than Candy
ホワイトデーチケット,White Day Ticket
きら星のドレスセット,Twinkling Outfit
カンティスの家・２階,Kantis' House 2F
バスルームのカーテン,Bathroom Curtain
イルーシャのこころ２,Illusia's Heart Lv2
魔剣士のよろいセット,Demon Swordsman Armor Set
大きなゴールドぶくろ,Large Bag of Gold
聖者のステンドグラス,Saint Stained Glass
ＶＰマシーンのランプ,VP Machine Lamp
ウィザードのタンス白,White Wizard Wardrobe
プラチナウィング物語,Platinum Plumes Story
モーモンラグのレシピ,Sanguini Rug Recipe
カントリーハウスの塀,Country House Fence
壁かけグリッドパネル,Grid Panel
第３回ルシェンダの像,3rd Lushenda Statue
大富豪テーブルアリス,Tycoon Table Alice
原始獣のコート作成法,Primal Beast Book
職業装備セット・魔戦,ARM Vocation Equipment
ゼドラ王国服モブ１０,Zedra Royal Clothes Mob 10
そこに眠りし者たちは,Those Who Sleep There
ゼクレス城のオブジェ,Zechres Castle Curio
スイートな色やねん！,It's a Sweet Color!
奇跡のさいほう針の本,Miracle Needle Book
ついてクンマット・庭,Pet Mat (G)
ウォータスライダーク,Nemeslide
バスタードソードの本,Bastard Sword Book
メレアーデぬいぐるみ,Mereade Plushie
二の災壇のまものたち,2nd Platform Monsters
幻想蝶のウィングの箱,Fantasy Butterfly Box
手持ち花火・オレンジ,Orange Handheld Fwork
第９回スライムレース,9th Slime Race
ドルワーム水晶宮上層,Upper Crystal Palace
レンガのお屋敷の壁改,Brick House Wall 2
オジャロス大公の領地,Ojalos' Domain
ギルガランのこころ６,Gilgaran's Heart Lv6
アルウェ王妃の別荘跡,Queen Alwe's Villa Ruins
天狐アマツカゼの衝立,Amatsukaze Screen
お菓子の国のフェンス,Candy Country Fence
ドン・モグーラ練習札,Don Mole Tag
キュララナ海岸の木Ｂ,Culalana Coast Tree B
フェンサーマントの本,Book of Fencing
第５回家写真コン・銀,5th House Photo Silver
王国軍司令部への入口,Entrance to Royal Army HQ
銀の鍛冶ハンマーの本,Silver Hammer Book
おうち用の旬のスイカ,Seasonal Watermelon
ビクトリーチップ・紫,Purple Victory Chip
ゴルスラ会長の像・庭,Gemsly Statue (G)
プリズニャンしめなわ,Jailcat Rope
クリスマスのこびと像,Christmas Dwarf Statue
歩くのは冒険の始まり,Walking Adventure Begins
白シュジャクカプセル,White Peashock Toy
誓約の園の剣のライト,Covenant Sword Light
お姫様の間仕切り・橙,Princess Partition
王宮のパーティ机・赤,Red Royal Party Table
色飾りタイルのソファ,Color Tile Sofa
メタルビンゴチケット,Metal Bingo Ticket
ウィザードソファ・白,White Wizard Sofa
ごうかな間仕切り・緑,Green Fancy Partition
初級・おもさ錬金の本,Beginner Weight
ミミックぬいぐるみ小,Mimic Plushie S
ハートパーティ机・黄,Ylw. Heart Party Table
スライムのパーティ机,Slime Party Table
ベリアルのぬいぐるみ,Belial Plushie
ナルビア宿屋のソファ,Nalbia Inn Sofa
ウォータースクエアＢ,Water Square B
スライムのテーブル小,Slime Table S
キッズボードプリズム,Small Fry Board Prism
グランドピアノのイス,Grand Piano Seat
破邪舟のヘッドマーク,Sacred Ship's Headmark
ドラキーぬいぐるみ小,Dracky Plushie S
飛躍する　まもの使い,The Rising Wrangler
ウォーターサイド・庭,Waterside (G)
ふわふわ雲のラグ図鑑,Fluffy Cloud Rug Book
未完のモンセロ温泉峡,unfinished Moncello Springs
パルミオ研究所分析機,Palmio Lab Analyzer
銅ドラガイトロフィー,Bronze Dragon Trophy
天魔クァバルナ強たち,Apex Kukulkannibals
Ｖロンのチェスト・赤,Red Vron Chest
ふわふわ雲ドレッサー,Fluffy Cloud Vanity
扉付き白木の大きい壁,Plain Wall with Door L
クマのぬいぐるみ・青,Blue Bear Plushie
プラムガーベラのタネ,Dark Plum Gerbera Seed
ゴシック調のオーブン,Gothic Oven
ウェルカムギフト印章,Welcome Gift Stamps
タイタス号の地図の机,Titus Map Desk
クリスマスお菓子飾り,Christmas Candy Decor
バトルアックス作成術,Building Battle Axes
ジア・クト特殊攻撃隊,Dia Kut Special Forces
リルチェラぬいぐるみ,Lilcherat Plushie
壁かけヒューザの絵Ａ,Hyuza Portrait A
緑色の背景スクリーン,Green Backdrop
第２回家写真コン・銀,2nd House Photo Silver
マデサゴーラトランプ,Madesagora Cards
バルディスタへの関所,Checkpoint to Valdista
マダムの店のテーブル,Madame's Shop Table
王宮のカウンタ大・赤,Red Royal Counter L
タンクハンバーグ・小,Small Tank Hamburger
マンマータペストリー,Momma Tapestry
しぐさ書・お茶を飲む,Drink Tea
ドルボードオリジン！,Dolboard Origins!
バトルロードボックス,Battle Road Box
レジェホースプリズム,Godsteed Prism
青色の背景スクリーン,Blue Backdrop
表層・エメラーダ宙橋,Surface - Emeralda Bridge
ロトゼタシアの便せん,Erdrea Paper
超鍛冶ハンマー小の本,Super Hammer S Book
職業装備セット・スパ,STA Vocation Equipment
おめかしレアカラー券,Rare Recolor Ticket
エテーネの村の便せん,Ethene Village Paper
第９回ヒューザの像庭,9th Hyuza Statue (G)
涙のタクトストーリー,Tearful Wand Story
第１回家写真コン・銅,1st House Photo Bronze
ハンドベルウェディ像,Handbell Weddie Statue
ちょうりれんしゅうぎ,Cook Training Wear
奇跡の錬金ツボ小の本,Miracle Jar S Book
オルフェア地方の木Ｂ,Orphea Region Tree B
ラダ・ガートフェイク,Lada Gart Fake
しぐさ書・注目キラ左,Tah-dah! (R Sparkle)
オパールのテーブル大,Opal Table L
ポーリア・マイ・ラブ,Paulia My Love
チュン・リー画伯の絵,Chun Lee Painting
スライムドラけしの像,Slime Eraser
おしゃれな読書セット,Stylish Reading Set
ヤリがいのある槍作り,Make Worthwhile Spears
第９回ファラスの像庭,9th Faras Statue (G)
ピクニックアルヴァン,Alvan Picnic
ちゅうも～く・キラ右,Tah-dah! (R Sparkle)
ほくほく肉じゃが・小,Small Meat & Potatoes
メディカル効果アップ,Medical Effect Boost
ユーライザのこころ７,Yuliza's Heart Lv7
りょうりにんじゃーろ,Chef Jarro
しぐさ書・お宝ゲット,Get Treasure
冒険マイスターの心得,Adventure Meister's Tips
第８回ヒューザの像庭,8th Hyuza Statue (G)
再しぐさ書・ウインク,Wink (Reprint)
アマラーク城の装飾幕,Amarak Castle Curtains
精霊大臣の屋敷の暖炉,Minister Mansion Hearth
インテリローブセット,Scholar's Outfit
キラハート赤カプセル,Red Sparkleheart Prism
しぐさ書・Ｎスター青,Blue Neon Star
しぐさ書・スイカ割り,Cut Watermelon
きんぞくウルフ衣装券,Metal Wolf Voucher
ハートのキッチン・桃,Pink Heart Kitchen
ギャグ４コマコン・金,Funny Comic Gold
ドラゴンシールドの本,Dragon Shield Book
悪夢に沈んだメネト村,The Menet of Nightmares
フランジュぬいぐるみ,Frange Plushie
ピクニックギルガラン,Gilgaran Picnic
ザンクローネキッチン,Zankrone Kitchen
東洋風飲茶セット・雅,Chic Orient Dim Sum
天使のルアーの黙示録,Angel Lure Book
エルトナの聖地の木Ａ,Eltona Sanctuary Tree A
情熱のコレクター魂！,Passionate Collector Soul!
やくそうの危険な香り,The Herb's Harmful Scent
ガーリー柄の便利な壁,Girly Wall
モザイクブロックの壁,Mosaic Block Wall
第９回クマリスの像庭,9th Kumaris Statue (G)
経験値の古文書・旅芸,Experience Scroll (MIN)
バシッルーラストーン,Bazoomstone
壁かけセラフィの絵Ａ,Seraphi Portrait A
サポ用アンルシアの剣,Anlucia's Pledge
王国軍司令部の紫大扉,Royal Army Purple Door
しぐさ書・ティンクル,Twirl Baton
グルヤンラシュの部屋,Guryan Rush's Room
神殿のステンドグラス,Temple Stained Glass
究極！スパイスカレー,Spicy Curry Recipe
さじんのやりのレシピ,Sandstorm Spear Recipe
アスバルのぬいぐるみ,Asbal Plushie
ライジングスターダム,Rising Stardom
ぐれんちょうないかい,Glen Council
第６回スライムレース,6th Slime Race Bronze
タイムマスターコイン,The Time Being Coin
遊び人のライフワーク,A Gadabout's Life Work
扉付き牢屋のついたて,Jail Door Partition
アルウェーンのチェア,Alweyn Chair
ナスビナーラの像・庭,Woebergine Statue (G)
ごうかな間仕切り・赤,Red Fancy Partition
白色の背景スクリーン,White Backdrop
ハンドベルプクリポ像,Handbell Puku. Statue
ネコ姫のサイドボード,Cat Princess Sideboard
キラキラプリズニャン,Glittering Jailcat
ダストンの肖像画・庭,Duston Portrait (G)
スライム花火プリズム,Slime Fireworks Prism
キミとサメない夢を２,Sharkless Dreams 2
苺お菓子のテーブル小,Berry Sweet Table S
アシュレイのこころ１,Ashley's Heart Lv1
第８回ダストンの像庭,8th Duston Statue (G)
第１１回メレアーデ像,11th Mereade Statue
けんきゅういんちょび,Researcher Chobi
ダッシュランプリズム,Drag Racer Prism
奇跡のフライパン物語,Miracle Frypan Book
経験値の古文書・魔戦,Experience Scroll (ARM)
ハートテーブル大・桃,Pink Heart Table L
魔天鳳レアルフスたち,Sky Phoenix Realphus and co.
ゼドラ王国服モブ１１,Zedra Royal Clothes Mob 11
チェックのランプ・青,Blue Checkered Lamp
ピラミッド第五の霊廟,Pyramid Tomb 5
メレアーデ姫カプセル,Princess Mereade Toy
ジャディンの園への道,Road to Jyadain Garden
職業装備セット・遊び,GAD Vocation Equipment
床置きシャンデリア赤,Red Floor Chandelier
慈愛で包み込むように,Encompass With Compassion
デュークアックス戦記,Aristocrat's Axe Book
しぐさ書・カード引く,Draw Card
ゴシック調のキッチン,Gothic Kitchen
経験値の古文書・レン,Experience Scroll (RNG)
オリーブマリーのタネ,Olive Marie Seed
東洋風透かし置物・雅,Chic Orient Ornament
チャクラム式魔術教本,Chakram Teaching Book
娯楽に飢える砂漠の民,Desert People's Recreation
モシャストーンＬｖ４,Morph Stone Lv. 4
原初の女神の間・２階,Hall of the First 2F
キラキラモビール・金,Gold Star Mobile
ウィザードの仕切り黒,Black Wizard Partition
震王ジュノーガ召喚符,Junoga Summon
ポケットの中の思い出,Memories in Your Pocket
猫貴族のマントセット,Aristocat Outfit
朽ちたゴーレムの石像,Decayed Golem Statue
モーモンバザーの看板,Sanguini Bazaar Sign
カルーセルハイムの塀,Carousel Home Fence
求道者の道着の作り方,Seeker's Outfit Recipe
謎の飛行物体プリズム,Mystery UFO Prism
打ち上げドラ花火・黄,Yellow Dracky Firework
ビクトリーメダル・紫,Purple Victory Medal
レグナードぬいぐるみ,Regnad Plushie
タロットメダルの破片,Tarot Medal Fragment
プラコンスイート服青,Blue Sweet Clothes
バシりたいんだよ～！,I Want to Bash it!
原始獣のコートセット,Primal Beast Outfit
ネコ姫の壁かけライト,Cat Princess Wall Light
樹液は満月にかがやく,Sap Glows in Moonlight
ラニカルカ地帯への道,Road to Ranikalka Area
第１１回リナーシェ像,11th Linashe Statue
ゴーレムぬいぐるみ小,Golem Plushie S
火球の炎はまだ消えぬ,The Unfaltering Flames
ひつじのころもセット,Sheep Outfit
王国軍司令部の木製扉,Royal Army Wooden Door
経験値の古文書・魔使,Experience Scroll (MGE)
『いまどんな？設定』,Status Icon
ひき直し時ターン不要,Redraw Takes No Turn
ファルコンクローの本,Gryphon Talon Book
ダンサーシャツセット,Dance Outfit
スチームキッチン・赤,Red Steam Kitchen
ギュッとウサギぐるみ,Rabbit Arm Doll Plush
まもりのローブセット,Safety Outfit
行動時 5%で聖なる祈り,Care Prayer On Action 5%
エステラのオルゴール,Estella Music Box
しぐさ書・キュピーン,Shining Eyes
ウィザードチェスト黒,Black Wizard Chest
ゴールドマンメッキス,Fool's Gold
第９回イルーシャの像,9th Illusia Statue
ダマスク柄の便利な壁,Damask Wall
マジカルガールスーツ,Magical Girl Suit
はじめよう！ホネ砕き,Let's Crush Some Bones!
しぐさ書・線香花火緑,Green Sparkler
グレイウルフカプセル,Gray Wolf Toy
サフランローブセット,Saffron Outfit
ケミカルポップライト,Chemical Pop Light
プラチナ錬金ツボの本,Platinum Jar Book
シーサイドドレッサー,Seaside Vanity
レタスカメリアのタネ,Lettuce Camellia Seed
桃色ねずみクッション,Pink Mouse Cushion
ワルぼうのお庭ランプ,Scruffy Lamp (G)
ドット風アンルシア像,Pixelated Anlucia
しぐさ書・モチ返し手,Mochi Returner
プラコン桜ゆかた・女,Women's Cherry Yukata
しぐさ書・Ｎハート赤,Red Neon Heart
ドルホッパープリズム,Dol-Pogo Prism
三の災壇のまものたち,3rd Platform Monsters
レンガのお屋敷の燭台,Brick House Candlestick
ゴースネル練習召喚符,Gosnell Trainer Summon
オバケプクリポ人形男,Ghost Pukulipo Doll (M)
キラキラスライム風鈴,Glittering Slime Chime
第１０回アシュレイ像,10th Ashley Statue
レクスルクスの研究室,Lexlux Laboratory
ホーリーローブセット,Holy Outfit
ナジーンの肖像画・庭,Najinn Portrait (G)
メギストリス領の木Ａ,Megistris Tree A
タータンボーイスーツ,Tartan Suit (M)
第１２回ヴァレリア像,12th Valeria Statue
スノーガールカプセル,Snowgirl Toy
カプセルトイマシーン,Capsule Toy Machine
メンダコのぬいぐるみ,Flapjack Octopus Plushie
庭用ネオン・メーター,Neon Meter (G)
時の鐘セッション３用,For Hour Bell Session 3
グッピー・青カプセル,Red Guppy Toy
色飾りタイルチェスト,Color Tile Chest
四の災壇のまものたち,4th Platform Monsters
大きな竜族の人形・男,Large Nadravian Doll(M)
教会のステンドグラス,Church Stained Glass
スライムカウンター小,Slime Counter S
シルエット・建物・白,W. Silhouette Building
きろくがかりおっとー,Archivist Otto
スライムざぶとん欠番,Slime Floormat Missing
お土産屋さんの陳列台,Souvenir Shop Stand
サジェへのプレゼント,Present for Sajay
ヒールカルボナーラ小,Small Heal Carbonara
プチエビルプリースト,Frail Aamon
ゼドラ王国服モブ１４,Zedra Royal Clothes Mob 14
ゴシック調のチェスト,Gothic Chest
第３回家写真コン・銀,3rd House Photo Silver
シンプル切り替え土台,Simple Changing Base
ヘアメイクフィギュア,Hairdresser Figure
しぐさ書・つまみ食い,Sneak a Bite
サーフボードつきの壁,Wall with Surfboards
桜雲のシルフカプセル,Cherry Cloud Sylph Toy
えいこうのろーぶぎん,Silver Glory Robe
マジカルボーイスーツ,Magical Boy Suit
氷にまぎれし聖なる者,Frozen Sacred One
アストルティアラリー,Astoltia Rally
色変わりスターライト,Star Light
プラコンお掃除セット,Cleaning Set
光の錬金ランプ小の本,Light Lamp S Book
ピラミッド第四の霊廟,Pyramid Tomb 4
マポレーナのらくがき,Genie Sanguini Scrawls
しぐさ書・カンパイ！,Cheers!
短冊・星空を見上げて,Look Up at the Stars
花咲く一軒家のタイル,Bloom House Tile
第１３回アンルシア像,13th Anlucia Statue
カジノ祭４ポーカー金,CasinoFest 4 Poker Gold
のどかな農村のテント,Idyllic Village Tent
魔の試練・第１層・裏,Demon Trials - L1 - Back
ゴシックカウンター小,Gothic Counter S
ユシュカのぬいぐるみ,Yushka Plushie
庭用ベンチ風ベッド白,White Bench-Like Bed(G)
天恵石の誓約・杖の章,Blessed Staff Book
ショコラフォンテヌ城,Chocolat Fontenay Castle
お菓子のカウンター大,Sweet Counter L
第１０回メレアーデ像,10th Mereade Statue
ヘルヴェルの家・２階,Helvel's House 2F
まちかどローズ掲示板,Rose Town Board
たれこげ茶猫カプセル,Lazy Olive Cat Toy
へんげの杖・おためし,Mod Rod (Trial)
ゴシック調テーブル大,Gothic Table L
聖騎士の大盾のレシピ,Paladin's Grtshd Recipe
ブラバニクイーンたち,Dark Hares
飾りタイルの家具の本,Tile Furniture Book
セキュリティブロック,Security Block
ハートのオーブン・桃,Pink Heart Oven
ハートのチェスト・黄,Yellow Heart Chest
ペンギンのぬいぐるみ,Penguin Plushie
サクランボのラグの本,Cherry Rug Book
闇照らす花ほころびて,Flowers Bloom in Darkness
マジックトンカチの本,Magic Hammer Book
バルディスタの為政者,Valdista Statesman
壁かけエステラの絵Ｂ,Estella Portrait B
ウィザードテーブル白,White Wizard Table
ころしあむろーぶどう,Bronze Colosseum Robe
帝国技術庁・第一庁舎,Imperial Endeavors Bldg. 1
ウィザードのランプ黒,Black Wizard Lamp
レド・ゲノスとうめい,Ledo Genos Transparent
アンティークカフェ壁,Antique Cafe Wall
盟友レオーネのカケラ,Ally Leone Fragment
どるわーむしょうかい,Dolworm Firm
扉付き花柄の大きい壁,Floral Wall with Door L
代理人ジェイダーの像,Agent Jayda Statue
ノクトルケープセット,Nocturne Outfit
星空のドレッサー・紫,Purple Starry Vanity
闇キーエンブレムボス,Dark Key Emblem Boss
管理棟のアクアリウム,Admin Building Aquarium
提灯祭りの便利な庭壁,Lantern Festival Wall(G)
ふぉーまるたきしーど,Formal Tuxedo
ウルベアの大盾組立術,Urbea Greatshield Book
第４回家写真コン・銀,4th House Photo Silver
第３回家写真コン・銅,3rd House Photo Bronze
ふくびきウェア衣装券,Lottery Wear Voucher
メテオエッジの設計図,Meteorang Blueprint
トゥインクルバルーン,Twinkle Balloon
スラフロートプリズム,Slime Float Prism
ツール検証用（StagePlan,LayoutToolなど）,Tool Check (StagePlan, LayoutTool, etc.)
サボテンダーカプセル,Cactuar Toy
光飾りタイルのベッド,Light Tile Bed
せいれんてんしせっと,Honest Angel Outfit
庭用ベンチ風ベッド茶,Brown Bench-Like Bed(G)
ストームカイザーの証,Vortex Award
たたきモグラの像・庭,Mashing Mole Statue (G)
プチ帝国三将軍カード,Frail Triumgorate Card
古代文明研究所・２階,Ancient Research - 2F
真やいば成功率アップ,Damage Downer Success Boost
おもちゃセット大図鑑,Toy Encyclopedia Set
ゴブル砂漠西への出口,Exit to Goble Desert West
裏切り者はだれだ！？,Who's the Traitor?
ごうかよろい飾り・緑,Green Fancy Armor Decor
メダル３０枚チケット,30 Medals Ticket
真・魔幻宮殿のゴミ箱,Demon Palace Trash Can
遺跡を荒らす魔物たち,Ruin Devastator Demons
アウトドア薪ストーブ,Outdoor Firewood Stove
ダイヤモンドプリズム,Diamond Prism
大きなピラミッドの家,Pyramid House L
クイーンスライム噴水,Queen Slime Fountain
打ち上げドラ花火・紫,Purple Dracky Firework
配布用特訓カード・小,Training Card S
チューリップシアター,Tulip Theatre
ヴァレリアぬいぐるみ,Valeria Plushie
ビクトリーボックスⅤ,Victory Box Ⅴ
アズラン大浴場の湯煙,Azlan Bathhouse Steam
プクリポのパーティ机,Pukulipo Party Table
壁かけ穴くさった死体,Walking Corpse Hole
しぐさ書・Ｎスター黄,Yellow Neon Star
ゲルヘナ幻野への出口,Exit to Gerhena Field
王宮のカウンタ小・赤,Red Royal Counter S
モガリム街道への出口,Exit to Mogarim Highway
創失のゲルニック将軍,Hootingham-Gone
ナイト交換券２０２４,Knight Ticket 2024
ウィザードチェスト白,White Wizard Chest
クイーンディオーレ号,The Queen Diore
タロットが捨てられる,Discard Tarot
ルティアンオッド像白,White Astoltian Odd St.
短冊・ムシよけ祈願！,Pray For Repellant!
敵の弱点属性がわかる,Elemental Insight
ポイックリンクエの檻,Poiclin Quest Jail Cell
アウトドアマルチラグ,Outdoor Multi-rug
銅ドラキートロフィー,Bronze Dracky Trophy
妖しい輝きを目指して,Aim For a Suspicious Shine
リナーシェのこころ６,Linashe's Heart Lv6
しゃべる杖が見たい！,To See a Talking Staff!
打ち上げドラ花火・緑,Green Dracky Firework
ギザ縁ウルベアめんこ,Notched Urbea Pog
アスバルの部屋のカギ,Asbal's Room Key
錬金ランプをみがけ！,Look to the Alchemy Lamp!
ダラズ大鉱脈の掘削機,Daraz Vein Excavator
かぷさいないとのふく,Capsai Knight's Clothes
せんすいふくわいるど,Wild Diving Suit
夢のアクセサリー箱２,Dream Accessory Box 2
ドルフラワープリズム,Dol-Flower Prism
港町レンドア北への道,Path to North Port Lendor
おもちゃの丸い家・雪,Toy Round House (Snow)
ナイト交換券２０２５,2025 Knight Ticket
決戦！　紅衣の悪夢団,Battle with the Redcoats
リゼロッタぬいぐるみ,Lieselotte Plushie
スライム提灯の作り方,Making Slime Lanterns
バラのステンドグラス,Rose Stained Glass
匠なチャーハンの世界,Fried Rice Recipe
プラコン・白レース傘,White Lace Umbrella
じゃっくのいしょう２,Jack's Costume 2
ハロウィン２６レンズ,Halloween '26 Lens
パンプキンバスケット,Pumpkin Basket
王宮のテーブル小・赤,Red Royal Table S
エドアルド邸のワゴン,Eduardo's Wagon
第１１回プクラス像庭,11th Pukulas Statue (G)
植物学者の吊るしかご,Botanist Hanging Cage
ルミナスナイトプール,Luminous Night Pool
ベーカリーのパラソル,Bakery Parasol
壁かけ穴プリズニャン,Jailcat Hole
プチレオパルドカード,Frail Leopold Card
しぐさ書・飛び出すＶ,V Pops Out!
やわらかくてムチムチ,Softly Whipped
全職隠れた敵が見える,See Hidden Enemies
ワープクリスタル・赤,Red Warp Crystal (G)
エドアルド邸の飾り棚,Eduardo's Display Shelf
魔犬レオパルド練習札,Evil Sir Leopold Tag
カジノ祭５スロット銅,CasinoFest 5 Slots Brnz
スラ花火モビール・庭,Slime Fworks Mobile (G)
メギストリス領の木Ｄ,Megistris Tree D
ガウシア樹海人食い草,Gaussia Man-Eating Weed
壁画と金レリーフの柱,Gold Mural Pillar
経験値の古文書・盗賊,Experience Scroll (THF)
プラコン・葉っぱの傘,Leaf Umbrella
攻撃時ルカニとぶきみ,Spooky Sap Attack
プチ悪霊の神々カード,Frail Evil Trinity Card
職業装備セット・踊り,DNC Vocation Equipment
蝶々のガーデンチェア,Butterfly Garden Chair
闘争する芸術の夜明け,Dawn of Struggling Art
アラハの庭用テーブル,Al-Ahagiro Table (G)
学園の生徒会室の黒板,School Blackboard
メカニックスーツの謎,Mechanic Suit Mystery
アスフェルド学園制服,Asfeld Academy Uniform
クリスマスノードーム,Christmas Snow Globe
ノスタルジックチェア,Nostalgic Chair
行動時 5%で早詠みの杖,Faster Caster On Action 5%
しぐさ書・Ｎハート緑,Green Neon Heart
アビスソルジャーたち,Abyss Soldiers
ルーミリアの家の脇机,Lumeria's Side Desk
なげきのこんの作り方,Make a Rod of Mourning
ヒマエルのひまつぶし,Himael's Waste of Time
ゴシック調のバスタブ,Gothic Bathtub
欲望という名の便せん,A Letterbox Named Desire
光の鍛冶ハンマーの本,Light Hammer Book
ボルターのかばん工房,Bolter's Bag Workshop
ホットなベリーカラー,Hot Berry Color
トコトコモモリオン王,Trotting Sanguini King
ワープクリスタル・青,Blue Warp Crystal (G)
たそがれのタイルの壁,Twilight Tile Wall
ホバーマシンプリズム,Hover Machine Prism
王女と牙とぬいぐるみ,A Plush Princess
壁かけカムシカ掛け軸,Azlantelope Scroll
ブーストピアスの破片,Enhancing Earring Shard
しぐさ書・メドローア,Medroa
とり捕まえる範囲カゴ,Catching Cage
金平糖ミニライト・虹,Rainbow Candy Light S
リナーシェのこころ１,Linashe's Heart Lv1
しぐさ書・プレゼント,Present
夏の渚のシャツセット,Summer Beach Outfit
たれ茶トラ猫カプセル,Lazy Brown Tabby Toy
職業装備セット・どう,ITM Vocation Equipment
第１２回セラフィ像庭,12th Seraphi Statue (G)
妖精の隠れ家の植物壁,Fairy Lair Plant Wall
バイオレットガーベラ,Violet Gerbera
スパイクアーマーの書,Spike Armor Book
クイーンのピース・白,White Queen Piece
チューリップのアーチ,Tulip Arch
金サメきぐるみ衣装券,Gold Sharksuit Voucher
ふわふわ雲のテーブル,Fluffy Cloud Table
ゼフの店のカウンター,Zef's Shop Counter
状態異常成功率アップ,Ailment Boost
とこしえの氷原への道,Road to Permafrost Plains
クレイジーマシュマロ,Crazy Marshmallows
じゃっくのいしょう３,Jack's Costume 3
カルーセルハイムの壁,Carousel Home Wall
ハートのチェスト・桃,Pink Heart Chest
ましょうのおうぎの本,Devilish Fan Book
エルガドーラトランプ,Elgadora Cards
チルタイムクッション,Chill Out Cushion
第１２回ユーライザ像,12th Yuliza Statue
ミラクルコートセット,Miracle Outfit
チェックのランプの本,Checkered Lamp Book
仮面のバトルマスター,The Masked Gladiator
闇の領界のクリスタル,Dark Realm Crystal
シルエット・吹き出し,Silhouette Speech
チェスボードラグ・茶,Brown Chessboard Rug
魔侯爵のよろいセット,Marquis Armor Set
カラフル切り替え土台,Colorful Changing Base
ダンサーインザシャツ,Dance Outfit Recipe
炎の釣り伝説・第１巻,Fiery Fishing Vol. 1
第１２回エルドナ神像,12th Eldona Statue
すてきなお茶会セット,Lovely Tea Party Set
光のさいほう針小の本,Light Needle S Book
はいたついんめどぅな,Deliverer Meduna
Ｓジェネラル強カード,Apex Shogum Card
カミハルムイの立て札,Kamiharmui Signpost
おそうじ童子の像・庭,Sweepy Samurai St. (G)
ドミネウス邸の飾り棚,Domineus Mansion Shelf
童話の街並みの木の壁,Fairy-Tale Wood Wall
ビクトリーボックスⅧ,Victory Box Ⅷ
ゼドラ王国服モブ１２,Zedra Royal Clothes Mob 12
ナスビナーラは心配性,Woebergine is Worried
カメラこぞうの像・庭,Clicksy Statue (G)
レモンスライムハウス,Lemon Slime House
アラモンドのドリンク,Alamond Drink
緑の上錬金石１０こ券,10 Emerald Gems Ticket
余計なものを削りとれ,Cut Off the Excess
フォーリオン聖天区画,Fourion Holy Grounds
お姫様テーブル大・桃,Pink Princess Table L
モリナラ大森林への道,Road to Molinara Forest
第９回パラディンの像,9th Paladin Statue
しぐさ書・ちょうはつ,Provoke
ギルガランのこころ４,Gilgaran's Heart Lv4
たれキジ太猫カプセル,Fat Lazy Brown Cat Toy
虚空の神ナドラガの像,Nadraga Statue
第１１回ナドラガ神像,11th Nadraga Statue
港町レンドア南への道,Path to South Port Lendor
ネタ「綿毛タンポラ」,Fluff Dandelion Trick
しぐさ書・画集を読む,Read Art Book
草露のシルフカプセル,Dew-grass Sylph Toy
ビクトリーメダル・緑,Green Victory Medal
しぐさ書・Ｎハート白,White Neon Heart
原初の女神の間・１階,Hall of the First 1F
カミハルムイの紋章旗,Kamiharmui Banner
ポメラニ・白カプセル,White Pomeranian Toy
トコトコちびっこ竜族,Trotting Nadravian Kids
ジュレット風たいまつ,Julet-Style Brazier
ブラウンマリーのタネ,Brown Marie Seed
ボロヌス溶岩流への道,Road to Boronus Lava Flow
Ｓキラーマシンカード,Trauminator Card
武勲の城の飾りつき柱,Valor Castle Pillar
星空のドレッサー・青,Blue Starry Vanity
学者のころもの作り方,Academic Outfit Recipe
あくまのきしの像・庭,Knight Aberrant (G)
しぐさ書・花を背負う,Flowers
壁かけドット模様の窓,Dotted Window
カミハルムイの石灯籠,Kamiharmui Lantern
キラハート黄カプセル,Gold Sparkleheart Prism
ごうかなバスタブ・緑,Green Fancy Bathtub
こうげきモーモンラグ,Attack T. Sanguini Rug
まじんのかなづちの本,Hela's Hammer Book
虹色のオーブのレシピ,Iridescent Orb Recipe
学内マドンナ頂上決戦,School Madonna Battle
経験値の古文書・賢者,Experience Scroll (SGE)
パピリオケープセット,Papilio Cape Set
メダル１０枚チケット,10 Medals Ticket
コウモリドレスセット,Bat Dress Outfit
ハートの間仕切り・黄,Yellow Heart Partition
ゴッドライクな杖作成,Godlike Staff Creation
カルサドラの赤き計略,Calsadora Conundrum
セピアオーガ人形女大,L Sepia Ogre Doll (F)
オバケプクリポ人形女,Ghost Pukulipo Doll (F)
お姫様カウンタ大・桃,Pink Princess Counter L
ビクトリーボックスⅦ,Victory Box Ⅶ
邪毒のウィーヌムたち,Poisonous Wienum
第１０回討伐ＴＡ・銀,10th Boss TA Silver
東洋風カーペット・雅,Chic Orient Carpet
マジカルスノードーム,Magical Snow Globe
第１０回討伐ＴＡ・金,10th Boss TA Gold
旧ネクロデア領への道,Road to Old Necrodea Area
ルイーダ酒場の筆記具,Patty's Pub Stationery
バルディスタ新兵・弓,Valdistan Bow Recruit
行動時20%で早詠みの杖,Faster Caster On Action 20%
プチ・モグーラカード,Frail Mole Card
アストルティア博物館,Astoltia Museum
イエローリップのタネ,Yellow Tulip Seed
夢のアクセサリー箱３,Dream Accessory Box 3
第１０回リナーシェ像,10th Linashe Statue
キャンピングハット券,Camping Hat Ticket
設計図アズラン検証用,Azlan Blueprint Verify
りょうりにんほっこい,Chef Hokkoi
スマートフリンジラグ,Smart Fringe Rug
ウサギぬいぐるみ・白,White Rabbit Plushie
切り株ハニーテーブル,Stump Honey Table
魔塔のじゅうたん・青,Blue Tower Carpet
色飾りタイルのタンス,Color Tile Wardrobe
カジノプレイチケット,Casino Play Ticket
プラコン身支度セット,Dress-up Set
経験値の古文書・僧侶,Experience Scroll (PRI)
ビクトリーメダル・黄,Yellow Victory Medal
アシュレイのこころ６,Ashley's Heart Lv6
アルウェーンの便せん,Alweyn Paper
祈願の神殿の円形ラグ,Gratitemple Round Rug
メリーゴーランド・紫,Purple Merry-Go-Round
ギルガラン王子の部屋,Prince Gilgaran's Room
コロシアムよろい＿金,Gold Colosseum Armor
壁かけユキフルの長靴,Snowball Wall Stocking
異国のレンガ館のラグ,Exotic Brick Rug
ウォーターサークルＡ,Water Circle A
アイスクリームランプ,Ice Cream Lamp
ギュッと主神ラキの箱,A. Lycae Arm Doll Box
王家の本であります！,It's a Royal Book!
ウェディＧＰプリズム,Weddie GP Prism
死霊探偵デスマスター,The Sleuth of Death
ゼドラ王国服モブ１６,Zedra Royal Clothes Mob 16
イルーシャのこころ８,Illusia's Heart Lv8
ラッキーチケット４８,Lucky Ticket 48
ランドン山脈山頂付近,Landon Summit Area
ギルガランのこころ５,Gilgaran's Heart Lv5
イルーシャのこころ５,Illusia's Heart Lv5
中層・エメラーダ宙橋,Middle Area - Emeralda Bridge
ハロウィンハイムの塀,Halloween Home Fence
トランプ柄の本棚・赤,Red Card Bookshelf
急募！　見習い占い師,Wanted! Fortune Teller
しぐさ書・Ｓウィング,Wing Signal
パンフレットを読む２,Read Pamphlet 2
黄色の背景スクリーン,Yellow Backdrop
ペンタグラムのレシピ,Pentarang Recipe
たそがれの路地裏の柱,Twilight Alley Pillar
ウサギぬいぐるみ・黒,Black Rabbit Plushie
ピンクのラウンドラグ,Pink Round Rug
かざぐるまのオブジェ,Pinwheel Curio
でぃーぷぎあもーどⅠ,Deep Gear Mode Ⅰ
フルーツ家具カタログ,Fruit Furniture Catalog
ゴシック調テーブル小,Gothic Table S
ゼニスの封宮・大祭壇,The Great Altar
ブラウニーのお地蔵様,Brownie Statue (G)
ノーブルコートセット,Noble Outfit
ムーディードレッサー,Moody Vanity
新たな武器をこの手に,A New Weapon in My Hands
ウッドパーティション,Wood Partition
バスルームの窓つき壁,Bathroom Window Wall
ヴァイパーのささやき,Viper's Whisper
経験値の古文書・バト,Experience Scroll (GLA)
ごうかなキッチン・緑,Green Fancy Kitchen
メタスラのテーブル大,Metal Slime Table L
進め！　レスキュー隊,The Rescue Team
大きな魔法陣ラグ・紫,Purple Magic Circle Rug
お好み焼き屋台セット,Pancake Stall Set
アシュレイのこころ４,Ashley's Heart Lv4
第７回スライムレース,7th Slime Race Bronze
いてつくはどうレンズ,Disruptive Wave Lens
ハスのランプの作り方,How to Make Lotus Lamps
カブたちに連絡を取る,Contact Kabu's Group
床置きシャンデリア青,Blue Floor Chandelier
攻撃呪文ダメージ 5%減,Spell Resistance +5%
しぐさ書・Ｎハート青,Blue Neon Heart
エマージュの森への道,Path to Emerging Forest
シルエット・記号欠番,Silhouette Sign Missing #
はじまりの地のテント,Land of Beginnings Tent
しぐさ書・Ｎスター緑,Green Neon Star
エルフ人形男のライト,Elf Doll Light (M)
壁かけレトロなランプ,Retro Wall Lamp
デビルロードカプセル,Batmandrill Toy
ゼドラ王国服モブ１５,Zedra Royal Clothes Mob 15
オルフェア地方の木Ａ,Orphea Region Tree A
ゴッドライクな槍作成,Godlike Spear Creation
桃シュジャクカプセル,Pink Peashock Toy
けんきゅういんはりり,Researcher Hariri
おどる宝石ぬいぐるみ,Goodybag Plushie
経験値の古文書・スト,Experience Scroll (STK)
マザー・ヘレナの部屋,Mother Helena's Room
タコメットぬいぐるみ,Octopot Plushie
開戦時 6%で会心率上昇,Starting Critical Rate Up 6%
壁かけ妖精図書館の光,Fairy Library Light
第１２回ナブレット像,12th Nablette Statue
ベラストル家の飾り棚,Belastre Shelf
メタルブラザーズの家,Metal Medley House
ファイト一発！素材屋,Fight One! Material Shop
ビクトリーボックスⅨ,Victory Box Ⅸ
妖精郷の舞踏服セット,Faerie Realm Attire
まじかるぼーいすーつ,Magical Boy Suit
夢の秘密工場のタイル,Dream Factory Tile
ひかりのローブセット,Shimmering Outfit
魔塔の吊りランプ・青,Blue Tower Lamp
ピラミッド第七の霊廟,Pyramid Tomb 7
ツリーは白銀に消ゆ２,Tree's Disappearance 2
ドール書・武器かかげ,Raise Weapon (Doll)
アズラン駅の模型・雪,Azlan Stn. Model (Snow)
カイザーアックスの本,Kaiser Axe Book
ちゅうも～く・キラ左,Tah-dah! (L Sparkle)
ハッピーバレンタイン,Happy Valentine's Day
モシャストーンＬｖ２,Morph Stone Lv. 2
ゴシック調パーティ机,Gothic Party Table
ウィザードのランプ白,White Wizard Lamp
しぐさ書・シャンソン,Swift Serenade
願い星瞬いて２０２２,Wishing Stars 2022
グレートアックスの本,Bad Axe Book
壊れたアスバルの首輪,Broken Asbel's Choker
ゴシック調の間仕切り,Gothic Partition
偉大なる武闘家の足跡,Martial Artist's Footsteps
フォーリオンの花飾り,Fourion Floral Decor
星のクリスマスツリー,Star Christmas Tree
純喫茶のカップボード,Cafe Cupboard
しぐさ書・バラの魔法,Rose Magic
シロブタくんカプセル,White Piglet Toy
かぜのブーメランの本,Gusterang Book
天狐アマツカゼ旗・煌,Shiny Amatsukaze Flag
童話の街並みの門柱灯,Fairy-Tale Lit Gatepost
ウィザードテーブル黒,Black Wizard Table
プラコンスイート服黒,Black Sweet Clothes
ムニエカ深層地下３階,Munieka Depths B3F
プラコンお洗濯セット,Laundry Set
祭具・晴天の装束折紙,Sunny Attire Origami
ダイアウルフカプセル,Dire Wolf Toy
天恵石の誓約・剣の章,Blessed Sword Book
サクランボのラグ・黄,Yellow Cherry Rug
カメラ小僧の挑戦状！,Photographer's Challenge!
ときのおうじゃせっと,Time Sovereign's Outfit
庭用青いペンキライト,Blue Paint Light (G)
特技のダメージ +15<ban>,Skill Damage +15 (PvP×)
キラーマシンの像・庭,Killing Machine (G)
手軽にクイックケーキ,Quick Cake Recipe
第１２回アンルシア像,12th Anlucia Statue
はじまりの地の掲示板,Land of Beginnings Board
第１４回セラフィ像庭,14th Seraphi Statue (G)
エテーネ王国領への道,Road to Ethene Kingdom Area
ヴィスタリア姫の部屋,Princess Vistaria's Room
モンシロウィングの箱,White Butterfly Box
キラキラ大風車塔内部,Wondrous Windmill Interior
ポーポラ地方への出口,Exit to Popola Region
アラハギーロのベッド,Al-Ahagiro Bed
りょうりにんえるんげ,Chef Elonge
ダミーあたまＥ０６３,Dummy Head E063
黒曜のインテリアの本,Obsidian Interior Book
ウィザードの仕切り白,White Wizard Partition
フラッシュギフト・白,White Flash Gift
ポルテ制御用・創絶Ａ,Porte Control - End A
キュートなメイク道具,Cute Makeup Kit
苺お菓子のテーブル大,Berry Sweet Table L
バトルドレスのレシピ,Battle Outfit Recipe
ドラゴンクロー改の書,Uber Dragon Claws Book
麗しのアヴェンジャー,The Beautiful Avenger
サツマイモのテーブル,Sweet Potato Table
しょうにんここっちゃ,Merchant Cococha
プチゲルニックカード,Frail Hootingham Card
しぐさ書・Ｎハート黄,Yellow Neon Heart
タロット回復量アップ,Tarot Recovery Boost
スチームバスタブ・赤,Red Steam Bathtub
童話の街並みのタイル,Fairy-Tale Tile
色見本・ライトイエロ,Light Yellow Swatch
キングヒドラの像・庭,King Hydra Statue (G)
５０００年の旅路・銅,5K Year Journey Bronze
けんきゅういんめめろ,Researcher Memero
庭置シャンデリア・赤,Red Chandelier (G)
ギルザッド地方への道,Road to Gilzad Region
プラチナメイルセット,Platinum Mail Set
ウィザードチェア・黒,Black Wizard Chair
マグマエフェクト・庭,Magma Effect (G)
てつのむねあてセット,Iron Cuirass Set
武勲の城の鉱石の置物,Valor Castle Ornament
イルーシャのこころ６,Illusia's Heart Lv6
短冊・笹の葉さらさら,Bamboo Grass Rustling
上級・おもさ錬金の本,Advanced Weight
イルーシャのこころ３,Illusia's Heart Lv3
第１回家写真コン・金,1st House Photo Gold
古ぼけた磁帯式録音機,Old Sound Recorder
わたぼうお花おもちゃ,Fluffy Toy Flower
しぐさ書・立って寝る,Standing Sleep
しぐさ書・おたから袋,Treasure Bag
お花の浮いた噴水・金,Gold Flower Fountain
アトラスのぬいぐるみ,Atlas Plushie
王宮のインテリアの本,Royal Interior Book
ごうかなキッチン・赤,Red Fancy Kitchen
プラコンお風呂セット,Bath Set
ミイラウェディ人形男,Mummy Weddie Doll (M)
自然遺産保護区・南端,Natural Heritage Reserve South
ヴィラリゾートベッド,Villa Resort Bed
ジャグリング・ボール,Ball Juggling
旅のおともボックス２,Travel Companion Box 2
古代ドランドの流水石,Ancient Drand Flowstone
スライムタワーの門松,Slime Stack Pine Decor
ルーミリアの家の衝立,Lumeria's Screen
キングスライムネオン,King Slime Neon Sign
ゴシックカウンター大,Gothic Counter L
混沌より生まれしもの,Born Out of Chaos
ミニ料理集・肉料理編,Mini Meat Dish Cookbook
フラワーモビール・黄,Yellow Flower Mobile
森の水車小屋のランプ,Watermill Lamp
カフェスズランのタネ,Latte Lily Seed
ベーシックハウスの壁,Basic House Wall
キラーマジンガ練習札,Uberkilling Machine Tag
さいほうれんしゅうぎ,Sewer Training Wear
ルーミリアの家の暖炉,Lumeria's Fireplace
こがらしのダガーの本,Pruning Knife Book
バルメシュケプリズム,Balmeschke Prism
ハイビスカスのアーチ,Hibiscus Arch
ホイミンぬいぐるみ小,Healie Plushie S
闇のキーエンブレム緑,Dark Green Key Emblem
しぐさ書・チアダンス,Cheerleader
第９回セラフィの像庭,9th Seraphi Statue (G)
第１１回ギルガラン像,11th Gilgaran Statue
ヴィラスイートの壁改,Villa Suite Wall
ハロウィンの便利な壁,Halloween Wall
異界アスタルジア深部,Depths of Astalgia
木製ローチェア・水色,Blue Wooden Low Chair
ガートラント領の木Ｂ,Gartlant Tree B
ゼドラ王国服モブ１３,Zedra Royal Clothes Mob 13
シルエット・庭草・白,White Silhouette Grass
ロヴォス高地への出口,Exit to Rovos Highlands
技術庁まちかど掲示板,Endeavors Town Board
アペカの吊りたいまつ,Apeka Hanging Brazier
一の災壇のまものたち,1st Platform Monsters
ころしあむろーぶぎん,Silver Colosseum Robe
セピアのクロウズ人形,Sepia Claws Doll
王都キィンベルの街灯,Kimbel Lamppost
ケミカルポップなラグ,Chemical Pop Rugs
リナーシェのこころ４,Linashe's Heart Lv4
新兵支給防具の手引き,New Recruit Armor Guide
結晶化した武装天使Ａ,Crystallized Armed Angel A
大賢者のほういセット,Supreme Sage's Outfit
真・魔幻宮殿の鉢植え,Demon Palace Plant Pot
氷の魔王のマスクの箱,Ice Witch Mask Box
プラチナブレードの本,Platinum Powersword Bk
アラモンドのペンキ缶,Alamond Paint Can
カムバックお月様！２,Come Back Moon! 2
アルファ用オルフェア,Orphea for Alpha
結晶化した武装天使Ｂ,Crystallized Armed Angel B
ベビーサタンの像・庭,Imp Statue (G)
天へのぼる棺桶乗り場,Coffin Platform
ミストグレースズラン,Mist-Gray Lily
モリナラ地下洞・深淵,Molinara Underground Abyss
魔物ブロンズヘルム券,Bronze Helmet Ticket
あいじょうオムレツ小,Small Affection Omelet
かいぞくウパプリズム,Salamarauder Prism
アルミラージの像・庭,Spiked Hare Statue (G)
バトルトリニティ松明,Battle Trinity Torch
男性プラコン服エンジ,Red Clothes (M)
キュララナ海岸への道,Road to Culalana Coast
アイゼルのおまねキー,Eisel's Copied Key
メタスラの剣のレシピ,Metal Slime Sword Book
トンブレロぬいぐるみ,Ham Shamwitch Plushie
ドラゴンガイアコイン,Gaia Dragon Coin
まほうのよろいセット,Magic Armor Set
えいこうのよろいきん,Gold Glory Armor
アラハの料理屋テント,Al-Ahagiro Food Tent
直角二等辺三角形定規,Isosceles Triangle
おともだちを作るの！,Making Friends!
ランガーオ山地への道,Road to Langao Mountains
エフェクト解除透明君,Effect Cancel
アシュレイのこころ７,Ashley's Heart Lv7
神威宿りし大樹の伝説,The Getting Tree
スライムカウンター大,Slime Counter L
ギュッとエステラの箱,Estella Arm Doll Box
銀の錬金ランプ小の本,Silver Lamp S Book
毛糸玉ネコちゃんの畑,Yarn Ball Cat Field
花よ星よ　降りそそげ,Falling Stars & Flowers
赤色の背景スクリーン,Red Backdrop
伝説の三悪魔闘カード,Epic Legendary Evils Card
フラワーガーデン地区,Flower Garden District
『ついてクンを選ぶ』,"Choose Pet"
嵐の領界の雷発生装置,Storm Realm Generator
カボチャのテーブル大,Pumpkin Table L
ルイーダ酒場の扉付壁,Patty's Pub Door Wall
ミラーライト・ムーン,Moon Mirror Light
ウェディのパーティ机,Weddie Party Table
フォーマル衣装券・女,Formal Outfit(F) Ticket
壁かけのゴーレム飾り,Golem Wall Decor
ケルベロスロンド強化,Hellhound Havoc Boost
学園の教室のロッカー,School Classroom Locker
第１２回メレアーデ像,12th Mereade Statue
魔塔の壁かけレリーフ,Tower Wall Relief
イースタートピアリー,Easter Topiary
スーパーＶＩＰルーム,Super VIP Room
マリン調のテーブル大,Marine Table L
宇宙船・立入禁止区画,Spacecraft - Restricted Area
アヌビスアタック強化,Anubis Assault Boost
黄金の飾りスティック,Ornamental Wand
ロッキンマート扉付壁,Rockin' Mart Door Wall
ジュレットの町の鉄柵,Julet Iron Fence
ハロウィンハイム丸池,Halloween Home Pond
行動時 5%でバイキルト,Oomphle On Action 5%
星座の導き・ふたご座,Horoscope: Gemini
特別任務・第８９０号,Special Mission No. 890
色飾りタイルのベッド,Color Tile Bed
ネコ姫のローチェスト,Cat Princess Low Chest
静かな村のオルゴール,Quiet Music Box
クリスマスのベル飾り,Christmas Bell Decor
赤眼のギガントヒルズ,Red-eyed Drakularge
黄金のマンタプリズム,Golden Manta Prism
マスターベストセット,Master Outfit
しぐさ書・Ｎスター桃,Pink Neon Star
クリスマスお菓子の壁,Christmas Candy Wall
無法者のベストセット,Freebooter's Outfit
アシュレイのこころ５,Ashley's Heart Lv5
バスルームのシェルフ,Bathroom Shelf
プチデビルジャケット,Petit Devil Jacket
しぐさ書・ジャグスラ,Slime Juggle
第１１回セラフィ像庭,11th Seraphi Statue (G)
クリスマスベアぐるみ,Christmas Bear Plushie
びっくりトマトのタネ,Killer Tomato Seed
奇跡のステンドグラス,Miracle Stained Glass
だいおうキッズ浮き輪,Squid Kid Floatie
白魔術館のアーチ壁改,White Mansion Arch Decor
しゅらのこんのレシピ,Knockout Rod Recipe
ナイトスナイパーの書,Night Sniper Book
王宮のパーティ机・青,Blue Royal Party Table
しぐさ書・Ｇシャワー,Gold Rush
トポルの巨大な謎の骨,Topol Huge Mystery Bone
レンダーヒルズ招待券,Lender Hills Invitation
ドルブレイドプリズム,Dol-Blade Prism
しびれくらげモビール,Man o' War Mobile
人形たちのラグナロク,Ragnarok of the Dolls
魔の試練・第２層・裏,Demon Trials - L2 - Back
しぐさ書・ごきげんＣ,Cheery Clover
ビクトリーボックスⅥ,Victory Box Ⅵ
もっこうれんしゅうぎ,Woodworker Training Wear
アマラーク城のソファ,Amarak Castle Sofa
第１３回ヒューザ像庭,13th Hyuza Statue (G)
３０周年記念フラッグ,30th Anniversary Flag
聖湖ゼニートのガゼボ,Zenit Gazebo
ディレクターチェア緑,Green Director's Chair
第９回リンベリィの像,9th Linberry Statue
なつかしきのこの世界,Mushroomy Memories
光飾りタイルチェスト,Light Tile Chest
レディメイドな錬金釜,Ready-Made Alchemy Pot
アグラニの町への出口,Exit to Agrani
モンスター討伐隊本部,Monster Strike Force HQ
和紙のお月見天井飾り,Moon View Ceiling Decor
ビクトリーチップ白銀,White Victory Chip
レモンスライムの木壁,Lemon Slime Wood Wall
カフェテラスのワゴン,Cafe Terrace Wagon
ミニチュアガテリア号,Miniature Gateria
メタスラチャイム・庭,Metal Slime Chime (G)
裏格闘場・闘いの広間,Hidden Arena - Monstrous Pit
ドワーフ人形の作り方,Making Dwarf Dolls
ハディン採石場への道,Road to Hadine Quarry
１０周年記念バルーン,10th Anniversary Balloon
玉ネギのチェスト・紫,Purple Onion Chest
ハートのバスタブ・桃,Pink Heart Bathtub
メギストリス領の木Ｂ,Megistris Tree B
はちくじょぼうごふく,Bee Exterminator Outfit
闘士のサインを求めて,Seek a Fighter's Autograph
聖者のほういの作り方,Making a Saint's Outfit
杖のある平穏な暮らし,Calm Life With A Staff
壁かけあやしい飾り棚,Suspicious Wall Shelf
プティーノのツルハシ,Putino's Pickaxe
しぐさ書・マギスノー,Magi Snow
どらきゅらのいしょう,Dracula Costume
しぐさ書・ラブレター,Love Letter
ルシェンダからの課題,Assignment From Lushenda
室内スラカプセルトイ,Indoor Slime Capsule
マジカルスーツ衣装券,Magical Outfit Voucher
ストロベリーガーベラ,Strawberry Gerbera
プラコンレディ服・白,White Lady's Clothes
プラコン・桃れんげ傘,Pink Lotus Umbrella
カジノ祭３スロット銅,CasinoFest 3 Slots Brnz
丁目のどかな農村地区,Block Idyllic Village
巨商の妻　かく語りき,Rich Merchant's Wife
第１２回ギルガラン像,12th Gilgaran Statue
おすもっこりの像・庭,Sumo Baby Statue (G)
キングヒドラ強カード,Apex King Hydra Card
トライマガジン創刊号,Born to Battle Issue 1
ヴァレリアのこころ６,Valeria's Heart Lv6
フォンデッテの像・庭,Fondette Statue (G)
盾ルクスガルン大空洞,Shield Luxgarn Caverns
祭具・星々の大剣絵巻,Starry Greatsword Book
レプリカ加工ロボ・庭,Replica Processor (G)
スイーツに染められて,Dyed by Sweets
ぬすっとの服のレシピ,Robber's Outfit Recipe
レインボーファンの本,Rainbow Fan Book
今年も美女たちの聖戦,This Year's Beauty Battle
金ドラキートロフィー,Gold Dracky Trophy
ころしあむよろいきん,Gold Colosseum Armor
ユーライザのこころ５,Yuliza's Heart Lv5
オパールのカウンタ小,Opal Counter S
ミューズ海岸への出口,Exit to Muse Coast
しぐさ書・しゃぼん玉,Blow Bubbles
オーディーンボウの書,Odin's Bow Book
トライスターカプセル,Tristar Toy
ほしくずのつるぎの本,Stardust Sword Book
蚊取りブタの置物・白,White Bug Repellent Pig
黒ヒョウのツメの秘密,Panther Claws Secret
しゅうれんぎのレシピ,Training Outfit Recipe
ファラザードへの関所,Checkpoint to Farazard
ネコヤシの実ドリンク,Cat Coconut Drink
第１４回アンルシア像,14th Seraphi Statue
ゴマフアザラシぐるみ,Spotted Seal Plushie
エックス君バトル印章,Battle with X Stamps
イルーシャのこころ１,Illusia's Heart Lv1
参照テストステージWld,Reference Test Stage Wld
流木ペンダントライト,Hanging Driftwood Light
レイジバルスカプセル,Regibalus Toy
大戦鬼のよろいセット,War Demon's Armor Set
しぐさ書・Ｘスライム,X Slime Trick
伝説の防具を求めて！,Wish for Legendary Armor!
真グランゼドーラ王国,True Gran Zedora
お庭用ガラスのツリー,Outdoor Glass Tree
ほいみんとぱんたろん,Heal Mint Pantaloons
職業装備セット・旅芸,MIN Vocation Equipment
青シュジャクカプセル,Blue Peashock Toy
スライムのテーブル大,Slime Table L
わたぼう気球おもちゃ,Fluffy Toy Balloon
しぐさ書・超ハッスル,Super Hustle Dance
しぐさ書・Ｎビーム赤,Neon Beam Red
キラーマジンガカード,Uberkilling Card
さあ♪咲き乱れるのよ,Bloom with Full Splendor
深い森の修道院窓付壁,Monastery Window Wall
とんぼがらのじんべい,Dragonfly Jinbei
キナリもふ猫カプセル,Soft Kinari Cat Toy
グラディウスのレシピ,Gladius Recipe
ナイト交換券２０２０,Knight Ticket 2020
レモンスライムの木柱,Lemon Slime Wood Pillar
次回の配布時期を聞く,Ask About Next Distribution
フラッシュタイルラグ,Flash Tile Rug
短冊・風の吹くままに,As the Wind Blows
ルイーダ酒場の陳列棚,Patty's Pub Rack
まものマスタースキル,Monster Mastery skill
古代武器図説・短剣編,Book of Ancient Knives
深い森の修道院の蔦壁,Monastery Ivy Wall
銀のさいほう針小の本,Silver Needle S Book
ドットすべる床柄ラグ,Sliding Floor Rug
しぐさ書・羽根の魔法,Feather Magic
イルーシャのこころ９,Illusia's Heart Lv9
バズカフェの吊り照明,Pazu Cafe Hanging Light
風雷のいんろうの破片,Thunderstorm Inro Shard
しぐさ書・Ｎハート桃,Pink Neon Heart
ヴァース大山林への道,Road to Verse Mountain Forest
ガタラ大山林への出口,Exit to Gatara Mountain Forest
アクロバットの像・庭,Acro Bat Statue (G)
歌詠みのころも作成法,How To Write A Poem
第１０回プクラス像庭,10th Pukulas Statue (G)
メルサンディ酒場の扉,Melsandy Tavern Door
プチ暗黒の魔人カード,Frail Ruin Card
ダークドレアムの背景,Nokturnus Background
ナイト交換券２０２３,Knight Ticket 2023
キラキラナスビナーラ,Glittering Woebergine
あかぐみのたいそうぎ,Red Team Track Suit
シンプルモダンベッド,Simple Modern Bed
お花の荷車・パステル,Pastel Flowers Cart
ティプローネスズラン,Tiplone Lily
眠りと混乱にかいしん,Critical Damage to Asleep & Confused Foes
夢のアクセサリー箱４,Dream Accessory Box 4
ピラミッド第一の霊廟,Pyramid Tomb 1
ラランブラ洞穴　出口,Larambla Cave Exit
でぃーぷぎあもーどⅡ,Deep Gear Mode Ⅱ
第１１回ヴァレリア像,11th Valeria Statue
飾りタイルのラグの本,Tile Rug Book
わたぼうのお庭ランプ,Fluffy Lamp (G)
ジャンボとうもろこし,Jumbo Corn
ジュレイダの亡霊たち,Ghosts of Juleida
コックはいつも大忙し,The Cook is Always Busy
タイムマスターメダル,The Time Being Medal
オグチャビ像クリーム,Cream Ogreed Chubby St.
スライムカープリズム,Slime Car Prism
シェンロンロッドの本,Xenlon Rod Book
ハートカウンタ大・黄,Yellow Heart Counter L
ツスクル平野への出口,Exit to Tsuskuru Plains
職業装備セット・盗賊,THF Vocation Equipment
勝利をもたらす神黒鳥,Raven God of Victory
ヒョッヒョキャンディ,Hey-ho Lollipop
ユーライザのこころ３,Yuliza's Heart Lv3
セピアエルフ人形女大,L Sepia Elf Doll (F)
ドルボードカスタム屋,Dolboard Customizer
第１３回エステラ像庭,13th Estella Statue (G)
経験値の古文書・遊び,Experience Scroll (GAD)
ねこみいらいしょうⅡ,Cat Mummy Costume Ⅱ
嵐なき森に佇む獣の王,Calm King of Beasts
スラタワーのつぶやき,Murmur of a Slime Stack
とこしえの神殿楯の間,Atrium of the Aegis
セレモニーロッドの本,Ceremony Rod Book
ジャリムバハ砂漠関所,Jyarimbaha Desert Barrier
第１０回ナンナの像庭,10th Nanna Statue (G)
海辺の釣具屋のライト,Fishing Shop Light
キュロンイーターの巣,Kyuroneater's Nest
カジノ祭３ポーカー金,CasinoFest 3 Poker Gold
アンルシアぬいぐるみ,Anlucia Plushie
エドアルド邸の蓄音機,Eduardo's Gramophone
カジノ祭３スロット金,CasinoFest 3 Slots Gold
ユシュカの部屋・下層,Yushka's Room Lower Area
きりかぶこぞうのツボ,Stumpkin Pot
プラコン・魔女の日傘,Witch Umbrella
ギャグ４コマコン・銀,Funny Comic Silver
ダーマ神殿の水の回廊,Alltrades Water Passage
メタスラのカーペット,Metal Slime Carpet
れんごく天馬プリズム,Tantamount Prism
かいしんバーガーの本,Critical Burger Recipe
ギルガランのこころ２,Gilgaran's Heart Lv2
カジノ祭５ポーカー金,CasinoFest 5 Poker Gold
えいゆうのやりの物語,Hero Spear Tale
光飾りタイル柄のラグ,Light Tile Rug
お菓子の国は大騒ぎ！,Candy Country in a Clamor!
くさりかたびら作成術,Chain Mail Creation
時元神キュロノスの像,Kyuronos Statue
リンベリィぬいぐるみ,Linberry Plushie
スイゼン湿原への出口,Exit to Suizen Marsh
フェルみるくいちご味,Fel Strawberry Milk
アマラーク城の鉢植え,Amarak Castle Pot Plant
ギルガランのこころ７,Gilgaran's Heart Lv7
星を喰らった蛇の末路,The Snake that Ate Itself
しぐさ書・イスに座る,Sit in a Chair
隠れスライムベスの像,Hidden She-Slime
ウィザードチェア・白,White Wizard Chair
プラコン衣装コーデ券,Outfit Glamour Ticket
カジノ祭６ポーカー銀,CasinoFest 6 Poker Silver
ごうかオーガ胸像・緑,Green Fancy Ogre Bust
深い森の邸宅のアーチ,Forest Manor Arch
アウトドアクッション,Outdoor Cushion
海沿いのヴィラの屋根,Seaside Villa Roof
蘇りし大怨霊マアモン,Risen Grudge Sludge
演奏会２５冬目録・庭,Winter Concert '25 List
ねこまどうぬいぐるみ,Meowgician Plushie
死神は少女に寄り添う,Reaper is Close to a Girl
たそがれの路地裏の塀,Twilight Alley Fence
第３回アンルシアの像,3rd Anlucia Statue
レーナム緑野への出口,Exit to Lenam Fields
ヒューザのぬいぐるみ,Hyuza Plushie
どうぐ消しゴムのイス,Item Eraser Chair
メロポネスのアトリエ,Meroponesse's Studio
おもちゃの空・くもり,Toy Cloudy Sky
ピンクモーモンテレビ,Pink Sanguini TV
チワワ・茶白カプセル,Brown Chihuahua Toy
いにしえの決意の行方,Future of Past Decisions
お花の浮いた噴水・銀,Silver Flower Fountain
壁かけスキマスの絵Ａ,Skimas Portrait A
黒サメきぐるみ衣装券,Black Sharksuit Voucher
雑貨屋さんのタル飾り,Shop Barrel Decor
（チャレンジフロア）, (Challenge Floor)
ヴィスタリア姫のイス,Princess Vistaria Chair
ナイト交換券２０２６,2026 Knight Ticket
エンゼルスラバルーン,Angel Slime Balloon
おるふぇあしょうかい,Orphea Firm
カジノ祭５スロット金,CasinoFest 5 Slots Gold
ベビタンオーガ人形男,Imp Ogre Doll (M)
しのどれい無限沸き用,For Spawning
ヘルクラウダーコイン,Cumulus Vex Coin
赤裸々ボルテージ日誌,Naked Voltage Journal
ポーリアからの贈り物,A Gift From Paulia
ソードブレイカーの本,Sword Breaker Book
ピラミッド第六の霊廟,Pyramid Tomb 6
大きなクローバーの家,Clover House L
お花の荷車・ビビッド,Vivid Flowers Cart
ビクトリーメダル・青,Blue Victory Medal
アシュレイのこころ９,Ashley's Heart Lv9
ヒューザの肖像画・庭,Hyuza Portrait (G)
職業装備セット・賢者,SGE Vocation Equipment
水晶のカーペットの本,Crystal Carpet Book
ふぇありーいしょうⅡ,Fairy Costume Ⅱ
第１３回セラフィ像庭,13th Seraphi Statue (G)
がたらちょうないかい,Gatara Council
色見本・ゼニスブルー,Zenith Blue Swatch
月と星の出現時間延長,Sun/Moon Extension
グレートマントセット,Great Armor Set
夢の秘密工場の積み樽,Dream Factory Barrels
ケミカルシャンデリア,Chemical Pop Chandelier
フラワーのランプ・紫,Purple Flower Lamp
ブラバニクイーンの像,Dark Hare Statue
ウォータースクエアＡ,Water Square A
スマートキャビネット,Smart Cabinet
ナルビア武器屋の甲冑,Nalbia Shop Armor
闇の領界の植物ランプ,Dark Realm Plant Lamp
ムニエカの深層　入口,Munieka Depths Entrance
ヴィラスイートの植栽,Villa Suite Plants
キミとランラン春祭り,Kimi & Ran Spring Festival
お姫様のオーブン・橙,Princess Oven
モシャストーンＬｖ１,Morph Stone Lv. 1
セラフィの肖像画・庭,Seraphi Portrait (G)
「森の神性」の展示室,"Forest God" Exhibit Room
プティアンルシアの像,Teeny Anlucia Statue
目覚める前のコウリン,Still Asleep Kourin
ドラゴンガイア像・庭,Gaia Dragon Statue (G)
闇キーエンブレム洞窟,Dark Key Emblem Cave
正統派ステンドグラス,Orthodox Stained Glass
黒夜叉のよろいセット,Black Bane Armor Set
五の災壇のまものたち,5th Platform Monsters
経験値の古文書・ガデ,Experience Scroll (GRD)
壁かけカプサイ神の絵,Capsai Sin Portrait
ドラポヨ木馬プリズム,Greater Dracky Prism
もうひとつの星夜祭２,Yet Another Starry Night 2
床置きシャンデリア黒,Black Floor Chandelier
パイプオルガンの椅子,Pipe Organ Bench
パイソンウィップの書,Python Whip Book
聖夜のミミックタンス,Holy Night Mimic Chest
クマのぬいぐるみ・緑,Green Bear Plushie
レインコートの像・庭,Raincoat Statue (G)
第１回家写真コン・銀,1st House Photo Silver
第１０回セラフィの像,10th Seraphi Statue
シンプルモダンチェア,Simple Modern Chair
旅の終わりと記憶の石,A Stone of Journeys Past
打ち上げスラ花火・緑,Green Slime Firework
フラワーのブーケ・桃,Pink Flower Bouquet
ザ・プラチナメイルズ,The Platinum Mails
第３回家写真コン・金,3rd House Photo Gold
クリムゾンローグたち,Crimson Rogues
プリンセスニャンの像,Princess Cat Statue
あさがおがらのゆかた,Bell Pattern Yukata
クマのぬいぐるみ・茶,Brown Bear Plushie
行動間隔わずかに短縮,Slightly Faster Turns
マガツ鳥ウォッチング,Calamity Bird Watching
究極エビルプリースト,Ultimate Aamon
どうぐ使いの服セット,Item Master Outfit
庭置シャンデリア・黒,Black Chandelier (G)
基本のアクセボックス,Basic Accessory Box
闇のキーエンブレム赤,Dark Red Key Emblem
チャコルのポーチの箱,Charcoal Pouch Box
第１３回アスバル像庭,13th Asbal Statue (G)
セピアのヒューザ人形,Sepia Hyuza Doll
一人前になるっしょ？,You'll Become Qualified?
第１０回ナジーン像庭,10th Najinn Statue (G)
壁かけ大浴場のランプ,Bathhouse Wall Lamp
グレイツェルトランプ,Gretzel Cards
キングヒドラ強メダル,Apex King Hydra Medal
オルフェア地方の木Ｄ,Orphea Region Tree D
三姉妹のスノードーム,3 Sisters Snow Globe
しぐさ書・Ｎスピカ青,Neon Spica Blue
無骨な町のアクトレス,Actress in a Rugged Town
蚊取りブタの置物・桃,Pink Bug Repellent Pig
第９回アンルシアの像,9th Anlucia Statue
女性プラコン服エンジ,Red Clothes (F)
ハートのシャンデリア,Heart Chandelier
チョコ神のぬいぐるみ,Grand Choco Plushie
しぐさ書・おそなえ２,Offering 2
プラコンスイート服桃,Pink Sweet Clothes
ジュレー島下層大空洞,Lower Jule Island Caverns
欠番マイタウン屋台２,Miss # My Town Stall 2
ハートエフェクト・庭,Heart Effect (G)
怪獣プー・スー・ゴン,Monster Pu, Sue, & Gon
鉱石のテーブルランプ,Ore Table Lamp
セレドの民家庭具欠番,Celed House Garden Missing
グレン領のサボテンＡ,Glen Territory Cactus A
５０００年の旅路・金,5K Year Journey Gold
ドワーフお花見セット,Dwarf Cherry Picnic
サイクロプスカプセル,Cyclops Toy
ナイト交換券２０２２,Knight Ticket 2022
ブレス系ダメージ 8%減,Breath Resistance +8%
ツタのステンドグラス,Ivy Stained Glass
ゴードンヘッドの叫び,Screams of a Mega Moai
お庭用グリッドパネル,Grid Panel (G)
おもちゃのテント・雪,Toy Tent (Snow)
クラシカルホテル門壁,Class Hotel Gate Wall
黒魔術館のアーチ壁改,Black Mansion Arch Decor
ウデきき職人への依頼,Request an Abled Craftsman
第１０回ユーライザ像,10th Yuliza Statue
ふしぎなボレロセット,Glombolero Outfit
辺境警備隊詰所への道,Road to Frontier Guard Post
経験値の古文書・まも,Experience Scroll (MON)
リナーシェのこころ９,Linashe's Heart Lv9
ヴァレリアのこころ４,Valeria's Heart Lv4
キレキレキッシュ・小,Small Sharp Quiche
ダーマ神殿のモビール,Alltrades Abbey Mobile
ごうかパーティ机・緑,Green Fancy Party Table
アラモンドのテーブル,Alamond Table
オルフェアリーズの旗,Orphearies Banner
めすみけねこすーつⅡ,Calico Cat Suit (F) Ⅱ
お姫様テーブル小・桃,Pink Princess Table S
朽ちた遺跡の庭用噴水,Ruin Fountain (G)
経験値の古文書・戦士,Experience Scroll (WAR)
ミュージアムコン・金,Museum Contest Gold
ハートカウンタ大・桃,Pink Heart Counter L
ドラキーラグのレシピ,Dracky Rug Recipe
プラコンレディ服・赤,Red Lady's Clothes
アラモンドＺプリズム,Alamond Z Prism
海辺の釣具屋のタイル,Fishing Shop Tile
カボチャランタンの木,Pumpkin Lantern Tree
金ドラガイトロフィー,Gold Dragon Trophy
経験値の古文書・踊り,Experience Scroll (DNC)
ビクトリーボックスⅢ,Victory Box Ⅲ
王宮のテーブル大・青,Blue Royal Table L
コロシアムよろい＿銅,Bronze Colosseum Armor
迷惑料を払いやがれ！,Pay Me for My Trouble!
ジャンボ玉ネギのタネ,Overgrown Onion Seed
ドン・モグーラカード,Don Mole Card
しぐさ書・Ｎスピカ黄,Neon Spica Yellow
しぐさ書・Ｎスター白,White Neon Star
アストルステーション,Astol Station
しょうにんまるこめす,Merchant Malcomess
経験値の古文書・天地,Experience Scroll (DRU)
四季のステンドグラス,4 Seasons Stained Glass
オグショー像クリーム,Cream Ogreed Short St.
ごうかなチェスト・緑,Green Fancy Chest
リナーシェのこころ２,Linashe's Heart Lv2
りょうりにんらいぱん,Chef Raipan
黄金の飾り図鑑・後編,The Ornamentals Part 3
カジノ祭５ポーカー銅,CasinoFest 5 Poker Brnz
黄金の飾り図鑑・中編,The Ornamentals Part 2
えいこうのろーぶきん,Gold Glory Robe
ギュッとダクキンの箱,Dark King Arm Doll Box
公演会２５冬目録・庭,Winter Show '25 List (G)
しぐさ書・ダンシング,Dancing
コロシアムローブ＿金,Gold Colosseum Robe
だいまどうローブ大全,Great Mage Outfit Book
ルーンバックラーの本,Rune Buckler Book
しゅがーないとのふく,Sugar Knight's Clothes
ヒストリカぬいぐるみ,Historica Plushie
えんぴつ塗りフィルム,Pencil Coloring Film
キングスライムのツボ,King Slime Pot
モロコシのベッド・白,White Corn Cob Bed
第１０回アンルシア像,10th Anlucia Statue
第４回家写真コン・銅,4th House Photo Bronze
赤竜の首かざりの破片,Spitzfire Strand Shard
戦闘勝利時ＭＰ中回復,Victorious MP M
紫ステンドグラスの柱,Purple Glass Pillar
ファラザード城の玉座,Farazard Throne
スカイブルーカメリア,Sky Blue Camellia
結晶化した武装天使Ｃ,Crystallized Armed Angel C
ぷくれっとしょうかい,Pukulet Firm
チェックのベッド・青,Blue Checkered Bed
カジノ祭４スロット銀,CasinoFest 4 Slots Slvr
打ち上げスラ花火・青,Blue Slime Firework
ハートパーティ机・桃,Pink Heart Party Table
経験値の古文書・デス,Experience Scroll (DTH)
メタスラのパーティ机,Metal Slime Party Table
セピアのルコリア人形,Sepia Lucolia Doll
エルフＴＲＩプリズム,Elf TRI Prism
ダークプラムガーベラ,Dark Plum Gerbera
続・氷と釣りのワルツ,Of Ice and Fishing II
特製ハニーバナナ焼き,Special Honey Banana Bake
コッケちゃんカプセル,Clucky Toy
ドルボードブースト！,Dolboard Boost!
壁かけセラフィの絵Ｂ,Seraphi Portrait B
プリフィーぬいぐるみ,Prifie Plushie
第１４回レクタリス像,14th Lectalis Statue
ホイミントパンタロン,Heal Mint Pantaloons
リシーの洞くつへの道,Road to Licie Cave
絶品！いやしのスープ,Soothing Soup Recipe
じんめんじゅの像・庭,Treeface Statue (G)
時の車掌と滅びの運命,Conductor of Time & Doomed Fate
祝福のステンドグラス,Blessing Stained Glass
カジノ祭３ポーカー銀,CasinoFest 3 Poker Slvr
庭用ネオン・サークル,Neon Circle (G)
キンスラぬいぐるみ小,King Slime Plushie S
演奏会２６秋目録・庭,Fall Concert '26 List
壁かけ穴ナスビナーラ,Woebergine Hole
四術師ガミルゴの祈り,Skilled Gamilgo's Prayer
お姫様パーティ机・桃,Pink Prncss Party Table
ピンクのタマゴの祈り,Pink Egg Prayer
レーンの村の海辺の傘,Rane Village Umbrella
カジノ祭５スロット銀,CasinoFest 5 Slots Slvr
お肉のミルクチーズ煮,Meat, Milk, 'n' Cheese
ちゃがまゴンの像・庭,Wyrkettle Statue (G)
スラシャボンの像・庭,L. Soap Slime Statue(G)
死亡時覚醒か祈り残る,Undying Spell Boosts
ドワーフのパーティ机,Dwarf Party Table
果ての大地の簡易地図,Simple Map
ふわふわスライム物語,Story of a Floaty Slime
しぐさ書・タンバリン,Tambourine
サバイバルデスマッチ,Survival Deathmatch
ウェディングテーブル,Wedding Table
エリミネーターのツボ,Hoodlum Pot
雑貨屋さんのラック白,White Shop Rack
タイムマスター練習札,The Time Being Tag
新米便せん屋の初仕事,First Job at a Paper Shop
貯金ぶた・成功の秘訣,The Secret of Success
ディープギアモードⅡ,Deep Gear Mode Ⅱ
ふぇありーいしょうⅠ,Fairy Costume Ⅰ
アルウェーンのベンチ,Alweyn Bench
ベラストル家の仕切り,Belastre Partition
母性に目覚めました！,Awakening to Motherhood!
カジノ祭６スロット銀,CasinoFest 6 Slots Silver
深い森の修道院の燭台,Monastery Candelabrum
光飾りタイルテーブル,Light Tile Table
テラス付きの家の外観,Terrace House Exterior
公演会２５夏目録・庭,Summer '25 Catalog (G)
ピクニックヒストリカ,Historica Picnic
こげ茶もふ猫カプセル,Soft Olive Cat Toy
ポーリアの大ショック,Paulia's Big Shock
セレドット山道への道,Road to Celedot Mountain Pass
ナナホシのおうぎの書,Seven Star Fan Book
ディレクターチェア赤,Red Director's Chair
庭置シャンデリア・青,Blue Chandelier (G)
経験値の古文書・武闘,Experience Scroll (MRT)
天の聖壇への昇降機前,Elevator to Heavenly Altar
夢幻魔王の勲章の破片,Dread Fiend's Seal Shard
王宮のテーブル小・青,Blue Royal Table S
ブルーボタンカプセル,Blue Lovebird Toy
ねじれたる異形の大地,Twisted Terrane
おむつっこりの像・庭,Bushy Baby Statue (G)
ウィザード植木鉢・白,White Wizard Plant Pot
第８回ナジーンの像庭,8th Najinn Statue (G)
黄金のだんごプリズム,Golden Dumpling Prism
ラグアスの天蓋ベッド,Raguas Canopy Bed
ランプ錬金職人の看板,Lamp Alchemy Sign
しぐさ書・ヨーヨー黄,Yellow Yo-yo
先進研究所培養ポッド,Advanced Research Pod
ポメラニ・黒カプセル,Black Pomeranian Toy
純喫茶のキャビネット,Cafe Cabinet
デーモンバスターの本,Demonsbane Book
カジノ祭６ポーカー銅,CasinoFest 6 Poker Bronze
壁かけダストン肖像画,Duston Portrait
ラッキーチケット４６,Lucky Ticket 46
リバイバルトライバル,Revival Tribal
ヴェリナード領の木Ａ,Verinard Tree A
真白き影を追いかけて,Chasing the White Shadow
ドリーム★バズ大作戦,Dream★Operation Pazu
第１０回ウェブニー像,10th Webney Statue
天使のスズランのタネ,Angel Lily Seed
真・魔幻宮殿のベンチ,Demon Palace Bench
戦闘勝利時ＭＰ小回復,Victorious MP S
大きな竜族の人形・女,Large Nadravian Doll(F)
おばけキャンドルの像,Wax Murderer Statue
メダル２０枚チケット,20 Medals Ticket
ユシュカの部屋・上層,Yushka's Room Upper Level
黄金のスイカプリズム,Golden Watermelon Prism
お探しプロジェクター,Search Projector
タイムマスターカード,The Time Being Card
かぼちゃひめいしょう,Pumpkin Princess Outfit
アストルティア防衛軍,Astoltia Defense Force
ブラッドエッジの歴史,Bloodletter Sword Tale
アラハガーデンセット,Butterfly Garden Set
イルーシャのこころ７,Illusia's Heart Lv7
かんたん！マナパスタ,Mana Pasta Recipe
ギュッとルコリアの箱,Lucolia Arm Doll Box
色見本・フォグブルー,Fog Blue Swatch
ホラーマシンの像・庭,Killed Machine Statue (G)
カイトバックラーの本,Kite Buckler Book
魔ルクスガルン大空洞,Demon Luxgarn Caverns
鉱石のスタンドライト,Ore Stand Light
しぐさ書・にゃにゃん,Meow, Meow
スイカのテーブル・黄,Yellow Watermelon Table
カレーサタンの像・庭,Curry Imp Statue (G)
カルデア山道への出口,Exit to Chaldea Mountain Road
１０周年カープリズム,10th Anni. Car Prism
ライスフラワーのタネ,Rice Blossom Seed
爆弾のダメージアップ,Bomb Damage Boost
歯車じかけの販売戦略,Gear Sales Strategy
ヘアカラー始めます♪,Start Hair Coloring ♪
魔法のほうきプリズム,Magic Broom Prism
ごうかカウンタ大・緑,Green Fancy Counter L
クリスマスキャンドル,Christmas Candles
デンデロベーカプセル,Dendelobe Toy
ヘルプラネットのツボ,Solaris Pot
王国軍司令部の緑大扉,Royal Army Green Door L
テラシナーラの像・庭,Bulbergine Statue (G)
ビーチリゾートヴィラ,Beach Resort Villa
アスフェルド学園冬服,Asfeld Academy Winter Wear
第４回家写真コン・金,4th House Photo Gold
フラワーのランプ・緑,Green Flower Lamp
夕焼け雲のドレッサー,Sunset Cloud Vanity
星座の導き・さそり座,Horoscope: Scorpio
ムニエカ深層地下１階,Munieka Depths B1F
プクリポお花見セット,Pukulipo Cherry Picnic
室内カプセルマシーン,Indoor Capsule Machine
ビクトリーチップ・緑,Green Victory Chip
アルウェーンのゴミ箱,Alweyn Trash Can
しぐさ書・ホイッスル,Whistle
黒曜のカーペットの本,Obsidian Carpet Book
イルシームセリフ用Ａ,Ilseem Phrase A
わくわくプレゼント箱,Exciting Present Box
ナルビア宿屋の鉢植え,Nalbia Inn Plant Pot
第１１回アンルシア像,11th Anlucia Statue
ユーライザのこころ９,Yuliza's Heart Lv9
経験値の古文書・竜術,Experience Scroll (DGM)
フラワーショップの塀,Flower Shop Fence
光飾りタイルのソファ,Light Tile Sofa
ブロッサムハウスの塀,Blossom House Fence
アトラス眠り魅了耐性,Atlus Sleep/Charm Res
経験値の古文書・パラ,Experience Scroll (PLD)
聖騎士のよろいセット,Holy Knight Armor Set
アズラン大浴場の椅子,Azlan Bathhouse Chair
管理端末Ｑ４８４の像,Terminal Q484 Statue
ガートラントの紋章旗,Gartlant Banner
フラワーのブーケ・青,Blue Flower Bouquet
第９回ラグアスの像庭,9th Raguas Statue (G)
ワルぼうお花おもちゃ,Scruffy Toy Flower
黒色の背景スクリーン,Black Backdrop
るすばんエイドス４号,Caretaker Eidos No. 4
チェック家具カタログ,Checkered Catalogue
色変わりアーチネオン,Neon Arch
フォーリオンのベンチ,Fourion Bench
サボテンダーの像・庭,Cactuar Statue (G)
カミナリさまの民話集,Inazuma Twelve
司祭のほういの作り方,Making Pastor's Clothes
ドミネウス王のマント,King Domineus' Cloak
ギルガランのこころ８,Gilgaran's Heart Lv8
金平糖ミニライト・桃,Pink Candy Light S
決戦！ドクロポーカー,Final Match! Skull Poker
羅刹王バラシュナの像,Varashna Statue
しっくいとレンガの壁,Plaster & Brick Wall
ガートラント領への道,Road to Gartlant Territory
第８回ナラジアの像庭,8th Narasia Statue (G)
セピアのエステラ人形,Sepia Estella Doll
ルティアンオッド像黒,Black Astoltian Odd St.
ホイミンやきそばパン,Healie Yakisoba
しぐさ書・マギスター,Magi Star
ドルレーサープリズム,Dol-Racer Prism
しぐさ書・Ｎスピカ桃,Neon Spica Pink
キラーマジンガ強たち,Apex Uberkilling Machines
キングスライムパック,King Slime Tarot Pack
プチ悪霊の神々コイン,Frail Evil Trinity Coin
必殺チャージＨＰ回復,Special Charge HP Recovery
シガール町長の執務室,Mayor Sigal's Office
ウォルドの聖簾　入口,Angelfall Entrance
スイートノエルベッド,Sweet Noel Bed
古グランゼドーラ王国,Old Gran Zedora Kingdom
ディープギアモードⅠ,Deep Gear Mode Ⅰ
しぐさ書・お好み焼き,Pancake
ガタラアームズの衝立,Gatara Arms Screen
セピアエルフ人形男大,L Sepia Elf Doll (M)
深い森の修道院の水辺,Monastery Waterside
プラコン桜ゆかた・男,Men's Cherry Yukata
第３回リゼロッタの像,3rd Lieselotte Statue
壁かけバズカフェ品書,Pazu Cafe Wall Menu
古強者のよろいセット,Veteran's Armor Set
ついてクンマット・丸,Round Pet Mat
打ち上げスラ花火・黄,Yellow Slime Firework
逆乱の竜ナダイアたち,Nadaia, Dragon of Rebellion and co.
シャワー付きバスタブ,Bathtub with Shower
トイプー・黒カプセル,Black Toy Poodle Toy
オーガ人形女のライト,Ogre Doll Light (F)
ジュレットの大きな家,Julet House L
アルゴングレートの像,Argon Lizard Statue
りょうりにんしんたま,Chef Syntama
ツインスワローの秘密,Swallowtail Secret
トロピカルハンモック,Tropical Hammock
オルセコ高地への出口,Exit to Orseco Highlands
クロウズのオルゴール,Claws Music Box
ヤマカミヌ王のたづな,Yamakaminu King's Reins
バトルロードチケット,Battle Road Ticket
ラランブラ洞穴　入口,Larambla Cave Exit
ギルガランのこころ１,Gilgaran's Heart Lv1
ヴィスタリア姫の鏡台,Princess Vistaria Stand
新たなる技を求めよ！,Seeking New Skills!
恐れる祭司長のなげき,Fearful Priest's Cry
スピーカーつきトラス,Speaker with Truss
ジェルザークの黄金像,Gold Gelzark Statue
はがねのよろいセット,Steel Armor Set
リナーシェのこころ３,Linashe's Heart Lv3
レギルラッゾの黄金像,Gold Legirrazzo Statue
呪われしグランゼニス,Gran Zenith, the Accursed
第１３回ナジーン像庭,13th Najinn Statue (G)
クロブタくんカプセル,Black Piglet Toy
ミイラウェディ人形女,Mummy Weddie Doll (F)
闇のキーエンブレム青,Dark Blue Key Emblem
王家の迷宮の燐光・庭,Royal Maze Phosphor (G)
静かな蒼穹のほほえみ,Tranquil Azure Smile
ギャグ４コマコン・銅,Funny Comic Bronze
真夜中プリズラン印章,Midnight Jailrun Stamps
キュララナ海岸の木Ａ,Culalana Coast Tree A
とある兵士の重い想い,Soldier's Heavy Thought
クイーンのピース・黒,Black Queen Piece
ヴァレリアのこころ８,Valeria's Heart Lv8
色飾りタイルのランプ,Color Tile Lamp
朽ちた遺跡の家用噴水,Ruin Fountain
カルーセルハイム壁灯,Carousel Home Light
パピヨンチェスト・夢,Dream Papillon Chest
スライムのカーペット,Slime Carpet
レギオンメイルセット,Legion Mail Set
黄金のピラーへの入口,Entrance to Golden Pillar
スライダーク強カード,Apex Nemeslime Card
正義の心　宿りし時に,In the Spirit of Justice
３０周年写真コン・銅,30th Anni. Photo Bronze
バスルームのバスタブ,Bathroom Bathtub
チェックテーブル・青,Blue Checkered Table
いたスト・カジノマス,Fortune Street - Casino
えいこうのろーぶどう,Bronze Glory Robe
クイーン＆ナイト印章,Queen & Knight Stamps
人魚姫のシェルベッド,Mermaid Shell Bed
ピンクカカシつきの畑,Pink Scarecrow Field
６０年前ナルビアの町,Nalbia 60 Years Ago
ジュノーガ練習召喚符,Junoga Trainer Summon
ちょっといびつな花冠,Slightly Snooty Flower Crown
たなばたのねがいびと,Festival Wisher
爆釣！トゲトゲルアー,Spiky Lure Book
３０周年写真コン・銀,30th Anni. Photo Silver
代理人グラドマンの像,Agent Gladman Statue
しぐさ書・Ｎビーム桃,Neon Beam Pink
シルエット・ナイト白,White Silhouette Knight
アラハギーロの夜明け,Dawn of Al-Ahagiro
ほいみんとわんぴーす,Heal Mint One Piece
タイタス号のテーブル,Titus Table
夢の中のプクレット村,A Dream of Pukulet
ごうかなラグの作り方,How to Make Fancy Rugs
ようせいの杖の作り方,Making a Faerie Staff
ウィザードベッド・黒,Black Wizard Bed
ハナちゃんおしゃれ花,Hana Style Flower
光飾りタイルのランプ,Light Tile Lamp
スコルパイドの黄金像,Gold Scorpide Statue
パーティ組みませんか,I won't join the party.
リナーシェのこころ８,Linashe's Heart Lv8
ギルザッド地方の木Ａ,Gilzad Region Tree A
レース刺繍のウィング,Embroidered Wings
メギストリスの紋章旗,Megistris Banner
マリン調のテーブル小,Marine Table S
ちゃばしらこぞうの像,Tea Candle Statue
ハラッヘリンの像・庭,Meat Imp Statue (G)
レーンの村の植え込み,Rane Village Thicket
ハートの間仕切り・桃,Pink Heart Partition
メタルウィング作成法,Metal Wing Creation
勇者アルヴァンの部屋,Hero Alvan's Room
プリンセス釜プリズム,Princess Pot Prism
スマッシュポテト・小,Small Mashed Potatoes
はじまりの地のタープ,Land of Beginnings Tarp
サイドワインダーの書,Sidewinder Book
バタフライズボン衣装,Butterfly Pants Voucher
オカメインコカプセル,Cockatiel Toy
職業装備セット・魔使,MGE Vocation Equipment
ドルボードのささやき,Whispers of a Dolboard
マジックスープの神秘,Magic Soup Recipe
よるのパピヨンの秘密,Dread Dagger's Secret
演奏会２５夏目録・庭,Summer Concert '25 List
デフェル荒野への出口,Exit to Defel Desert
ビクトリーチップ・青,Blue Victory Chip
ビーチリゾートベッド,Beach Resort Bed
エピステーサ底なし穴,Epistesa Chasm
３０周年写真コン・金,30th Anni. Photo Gold
しぐさ書・闇のころも,Cloth of Darkness
はやてのベストセット,Agility Outfit
バトルトリニティ印章,Battle Trinity Stamps
第１３回エルドナ神像,13th Eldona Statue
バトルフェイズ実験場,Battle Testing Grounds
メリーゴーランド・桃,Pink Merry-Go-Round
壁かけヒューザ肖像画,Hyuza Portrait
ラランブラ山道への道,Road to Larambla Trail
第９回ナジーンの像庭,9th Najinn Statue (G)
マイタウンヒルズ地区,My Town Hills District
光のフライパン小の本,Light Frypan S Book
ホーローの記憶の結晶,Hollow's Memory Crystal
おもちゃのお天気・雪,Toy Snowy Weather
クマのぬいぐるみ・桃,Pink Bear Plushie
ラッキーチケット４９,Lucky Ticket 49
きゅーぴっどいしょう,Cupid Costume
プティマイユの像・庭,Teeny Maille Statue (G)
ロッキンコンクリ壁改,Rockin' Mart Wall 2
プラズマスプラッシュ,Plasma Splash
タルトと安らかな午後,A Tart Afternoon
しぐさ書・マギハート,Magi Heart
壁かけキングレオ噴水,Marquis deLeon Fountain
古代オルセコの戦士像,Orseco Warrior Statue
あずきガーベラのタネ,Red Bean Gerbera Seed
丁目静かなる湿原地区,Block Quiet Marshlands
ランドンフットへの道,Road to Landonfoot
古武道の道着の作り方,Making a Kobudo Uniform
はじまりの踊り子伝説,Dancer's Origin Legend
セレドの町の背景壁改,Celed Wall Art
ゲルニック将軍メダル,Hootingham-Gore Medal
床置きシャンデリア白,White Floor Chandelier
ベルヴァイン湖への道,Road to Belvain Lake
釣りのおともボックス,Fishing Accessory Box
たれサバ太猫カプセル,Fat Lazy Gray Cat Toy
イッショウの家の円座,Issho's House Round Mat
ミラーライト・ハート,Heart Mirror Light
１０周年ふくびき印章,10th Anniversary Stamps
壁かけナジーン肖像画,Najinn Portrait
セピアオーガ人形男大,L Sepia Ogre Doll (M)
僧兵のころもの作り方,Monk Warrior Book
メギストリス領の木Ｃ,Megistris Tree C
くさりかたびらセット,Chain Mail Set
トランプ柄の本棚・黒,Black Card Bookshelf
第１０回ヒューザ像庭,10th Hyuza Statue (G)
ガートラント領の木Ａ,Gartlant Tree A
星座の導き・おうし座,Star Guide・Taurus
ダミーあたまＥ１１８,Dummy Head E118
王都キィンベルへの道,Road to Kimbel City
すちーむそうびせっと,Steam Equipment Set
しっかり切れる四枚刃,Four Sturdy Blades
まんまるポテトのタネ,Budding Spud Seed
天使と悪魔の調理職人,Cook of Above and Below
ヴァレリアのこころ２,Valeria's Heart Lv2
ゲルニック将軍練習札,Hootingham-Gore Tag
ドラゴンベストセット,Dragon Outfit
ラウラリエの丘への道,Road to Lauralie Hill
王都キィンベルのイス,Kimbel Chair
壁かけアクアウォール,Wall-Mounted Aqua Wall
太陽のおうぎのレシピ,Solar Fan Recipe
回転式スポットライト,Rotating Spotlight
ぷちでびるじゃけっと,Petit Devil Jacket
表情の書・わるだくみ,Sinister
ピラミッド第二の霊廟,Pyramid Tomb 2
ハートテーブル小・桃,Pink Heart Table S
イースターのランタン,Easter Lantern
ハートカウンタ小・黄,Yellow Heart Counter S
ジュレー島上層への道,Road to Upper Jule Island
えいこうのよろいどう,Bronze Glory Armor
ゼドラ王国服モブ１７,Zedra Royal Clothes Mob 17
ゴールドマンの像・庭,Gold Golem Statue (G)
水の領界の吊りランプ,Water Realm Lamp
ポルテ制御用・創絶Ｂ,Porte Control - End B
レド・ゲノストランプ,Ledo Genos Deck
ころしあむよろいどう,Bronze Colosseum Armor
音符のラグのララバイ,Music Rug Lullaby
デス・ジャンクション,Death's Juncture
牙王ゴースネル召喚符,Gosnell Summon
マデサゴーラの像・庭,Madesagora Statue (G)
職業装備セット・戦士,WAR Vocation Equipment
ダーマ神殿の窓つき壁,Alltrades Window Wall
オーガ人形男のライト,Ogre Doll Light (M)
第１４回ヴァレリア像,14th Valeria Statue
キュララナ海岸の木Ｃ,Culalana Coast Tree C
行動時ブレードガード,Greatsword Guard On Action
喝欲の邪神ガルザンド,Dark Deity Galzand
魔犬レオパルドコイン,Evil Sir Leopold Coin
職業装備セット・武闘,MRT Vocation Equipment
お姫様のキッチン・橙,Princess Kitchen
ゴシック防具カタログ,Gothic Armor Catalog
マリン調カウンター小,Marine Counter S
スチーム間仕切り・赤,Red Steam Partition
天涙の大水源への出口,Exit to Tears of Heaven
智謀の首かざりの破片,Wisdom Necklace Shard
ウェディングバルーン,Wedding Balloons
ダイナースカート衣装,Diner Skirt Outfit
ヘルクラウダーメダル,Cumulus Vex Medal
まちかどネオン掲示板,Neon Town Board
お花見だんご傘の包み,Dumpling Umbrella Box
カジノ祭３ポーカー銅,CasinoFest 3 Poker Brnz
イルシームセリフ用Ｂ,Ilseem Phrase B
ギュッとセラフィの箱,Seraphi Arm Doll Box
スチームオーブン・赤,Red Steam Oven
無明の闇を照らせし者,Illuminating Ignorance
カイザーブレード戦記,Kaiser Blade War Record
ギュッとエリザベッテ,Elizabette Arm Doll
フォーマルタキシード,Formal Tuxedo
アシュレイのこころ２,Ashley's Heart Lv2
ハングリーな魔物たち,Hungry Monsters
ユーライザのこころ８,Yuliza's Heart Lv8
経験値の古文書・魔剣,Experience Scroll (DMN)
ハイドラベルトの破片,Loin-Girder Shard
魅惑のエテーネ見聞録,Fascinating Look at Ethene
レーンの村のテーブル,Rane Village Table
リナーシェのこころ５,Linashe's Heart Lv5
検証用像・人形２追加,Verify Statue/Doll 2
トーテムケープセット,Totem Outfit
第１１回ウェブニー像,11th Webney Statue
灰ハチワレ猫カプセル,Ash Tuxedo Cat Toy
奇跡の錬金ランプの本,Miracle Lamp Book
お花見行楽弁当セット,Cherry Blossom Bento
ハイハイジャンプさん,Mr. High High Jump
究明者のコートセット,Research Outfit
ニードルマンの像・庭,Needleman Statue (G)
配布用特訓カード・中,Training Card M
まもの使いの服セット,Monster Wrangler Outfit
しぐさ書・ウェルカム,Welcome
ギュッとヒューザの箱,Hyuza Arm Doll Box
カジノ祭６スロット銅,CasinoFest 6 Slots Bronze
回収任務・第２９１号,Recovery Mission No. 291
しぐさ書・Ｎスピカ緑,Neon Spica Green
色飾りタイル柄のラグ,Color Tile Rug
聖者トゥバンの福音書,Saint Thuban's Gospel
精霊大臣の屋敷のラグ,Minister Mansion Rug
たーたんがーるすーつ,Tartan Suit (F)
シャントットの像・庭,Shantotto Statue (G)
大型の１２面体水そう,Dodecahedral Aquarium
ピーマンのドレッサー,Green Pepper Vanity
ふぶきのオノの作り方,How to Make an Ice Axe
アシュレイのこころ８,Ashley's Heart Lv8
獅子門・難民キャンプ,Lion Gate Refugee Camp
リャナ荒涼地帯への道,Road to Lyana Desolate
プクリポ人形の作り方,Making Pukulipo Dolls
魔塔の吊りランプ・赤,Red Tower Lamp
キラーマジンガコイン,Uberkilling Coin
ユーライザのこころ２,Yuliza's Heart Lv2
トコトコリゼルコ・庭,Trotting L & L (G)
スタースイーツの絵本,Star Sweets Recipe
ランジェのペンダント,Ranje's Pendant
ホワイトチョコのラグ,White Choco Rug
苦い丸薬の入ったビン,Bitter Pills Bottle
しぐさ書・パルプンテ,Hocus Pocus
１０周年クエスト印章,10th Quest Stamps
死神スライダークの像,Nemeslime Statue
ホワイトチョコのイス,White Choco Chair
しゃしょうちゃちゃく,Conductor Chachaku
ギガスクラッパー見参,Giga Scrapper Recipe
ムチムチ女王様の日記,Whipped Queen's Diary
スライムカプセルトイ,Slime Capsule Toy
アストルティアのうね,Astoltia Ridges
だいまおうのいしょう,Demon King Costume
第５回スライムレース,5th Slime Race Bronze
ペペロゴーラパラソル,Peperogora Umbrella
お姫様カウンタ小・桃,Pink Princess Counter S
レモンスライムの石柱,Lemon Slime Rock Pillar
かんたん！ムチレシピ,Easy! Whip Recipe
スノーボーイカプセル,Snowboy Toy
えいこうのよろいぎん,Silver Glory Armor
妖精の隠れ家のタイル,Fairy Lair Tile
透明君（赤色割り当て,Spawning I guess?
スライムレースホール,Slime Race Hall
職業装備セット・レン,RNG Vocation Equipment
ハートのオーブン・黄,Yellow Heart Oven
ムニエカの深層　出口,Munieka Depths Exit
ケーキ神のぬいぐるみ,Great Cake Plushie
魔塔の飾り吊りランプ,Tower Hanging Lamp
シャハのほら穴への道,Road to Shaha Grotto
タロットの威力アップ,Tarot Boost
マザー・へレナの部屋,Mother Helena's room
プラチナ木工刀小の本,Platinum Slick S Book
銀ドラキートロフィー,Silver Dracky Trophy
ごうかカウンタ小・緑,Green Fancy Counter S
シルエット・樹木・白,White Silhouette Tree
ゲーミングカフェの塀,Gaming Cafe Fence
ガレキに埋もれた言葉,Words Buried in the Rubble
しんりのローブセット,Faithful Outfit
炎の釣り伝説・第２巻,Fiery Fishing Vol. 2
色変わりハートライト,Heart Light
闇のキーエンブレム紫,Dark Purple Key Emblem
ウーパーパターン遷移,Wooper Pattern
しろぐみのたいそうぎ,White Team Track Suit
リザードマンのこころ,Mandrake Major Heart
ウルベア帝国城　入口,Urbea Empire Castle Entrance
ダーマ神殿のアーチ壁,Alltrades Arch Wall
師団長のよろいセット,Commander Armor Set
エテーネ王宮のソファ,Ethene Royal Sofa
異国の寺院の扉付き壁,Exotic Temple Door Wall
第１４回マローネ像庭,14th Marone Statue (G)
ティプローネアベリア,Tiplone Abelia
第８回ファラスの像庭,8th Faras Statue (G)
マジカル★カーニバル,Magical Carnival
キラーマシン２のツボ,Overkilling Machine Pot
占い師のギザギザラグ,Diviner Jagged Rug
アラモンドのパイロン,Alamond Pylon
シルエット・記号・白,White Silhouette Sign
モーモンぬいぐるみ小,T. Sanguini Plushie S
くすしのローブセット,Apothecary Outfit
木の葉のよろいセット,Foliage Armor Set
ごうかなイスと机の本,Fancy Furniture Book
きじゅつしの服セット,Illusionist's Outfit
職業装備セット・僧侶,PRI Vocation Equipment
星座の導き・おとめ座,Horoscope: Virgo
ガタラアームズ旗・煌,Shiny Gatara Arms Flag
コルット地方への出口,Exit to Colt Region
帝国技術庁・第二庁舎,Imperial Endeavors Bldg. 2
ウォルド地方への出口,Exit to Angelfall Region
バトエンマニアのイス,Batoenmania Chair
異国の寺院の透かし壁,Exotic Temple Wall
ドット絵ザンクローネ,Pixelated Zankrone
第１４回イルーシャ像,14th Illusia Statue
マフラーつき雪だるま,Snowman with Scarf
ヴェリナードの紋章旗,Verinard Banner
さすらいのコートの本,Errant Outfit Book
壁かけアズラン紋章旗,Azlan Wall Banner
しぐさ書・全身ブルー,Turning Blue
ワルぼう気球おもちゃ,Scruffy Toy Balloon
やみしばりカカシの畑,Hellbound Horror Field
開戦時 5%でバイシオン,Starting Oomph 5%
ごうかなチェスト・赤,Red Fancy Chest
扉付きお城の大きい壁,Castle Wall with Door L
第１２回レクタリス像,12th Lectalis Statue
古代オルセコのトーチ,Old Orseco Torch
しぐさ書・執事の会釈,Butler's Bow
ダークボーンヘルム券,Dark Bone Helm Ticket
スライムベス柄コタツ,She-Slime Kotatsu
妖精図書館の本タワー,Fairy Library Bookstack
第１３回ヴァレリア像,13th Valeria Statue
スターシェルのうでわ,Starshell Bangles
まちかどチキ坊掲示板,Chickibo Town Board
夜空にあまねく願い星,Wishing Upon a Star
黄金のブローチの破片,Golden Brooch Shard
ギルガランのこころ３,Gilgaran's Heart Lv3
ごうかな小物の作り方,Make Fancy Small Decor
乱破の忍び装束セット,Spy's Outfit
ドラゴンバスターの本,Wyrmfang Book
アストルティアの麦穂,Astoltia Wheat Ears
やしゃのこんの作り方,Making a Slaying Rod
マンドラゴラカプセル,Mandragora Toy
魔法のステンドグラス,Magic Stained Glass
モーニングスターの本,Morning Star Book
キングスライムハウス,King Slime House
職業装備セット・まも,MON Vocation Equipment
ダークキングの黄金像,Gold Dark King Statue
マリン調のパーティ机,Marine Party Table
グレンドラゴニアの旗,Glendragonia Banner
ドラクロン山地への道,Road to Draklon Mountains
魔塔のじゅうたん・赤,Red Tower Carpet
チェックテーブル・赤,Red Checkered Table
第１０回イルーシャ像,10th Illusia Statue
プチゴースネル召喚符,Frail Gosnell Summon
おたのしみギュッと箱,Pleasure Arm Doll Box
ビクトリーチップ黄金,Shiny Gold Victory Chip
カルデア山道のアジト,Chaldea Mountain Road Hideout
壁かけユシュカ肖像画,Yushka Portrait
レラージェは見ている,Leering of Leraje
甘い言葉をささやいて,Whisper Sweet Nothings
バルディスタ新兵・槍,Valdistan Spear Recruit
しぐさ書・Ｎビーム黄,Neon Beam Yellow
じゅれっとしょうかい,Julet Firm
女神の意志・解放の時,Goddess' Will & Liberation
グレゴールの洞くつ前,Gregor Cavern
色飾りタイルテーブル,Color Tile Table
プリズニャンの像・庭,Jailcat Statue (G)
シュタール鉱野への道,Road to Stahl Minefield
はぐれメタルの像・庭,Liquid Metal Statue (G)
聖王のハンマーの壁画,Dryspell Hammer Book
ハデスライドプリズム,Dread Dragooner Prism
モンセロ温泉峡の温泉,Moncello Hot Spring
チェックのベッド・赤,Red Checkered Bed
うろこのよろいセット,Scale Armor Set
とうばつたいいんさじ,Strike Force Saji
ギュッとリュウぐるみ,Dragon Plush Arm Doll
ユシュカの肖像画・庭,Yushka Portrait (G)
オルセコ闘技城・舞台,Orseco Combastle - Stage
ハッピーホワイトデー,Happy White Day
ネコにゴハンなのニャ,It's Food for Cats
ギャルいウィングの箱,Stellar Wings Box
アンネリゼ設置無効化,Anneliese Boost
ジャグリング・スター,Star Juggling
ハロウィンのランタン,Halloween Lantern
古ロヴォス高地への道,Road to Old Rovos Highlands
ぎんのむねあてセット,Silver Armor Set
おおくちばしプリズム,Beakon Prism
ティーセットつきの机,Desk with Tea Set
アイスクリーム自販機,Ice Cream Machine
ワープクリスタル・緑,Green Warp Crystal (G)
ミトラーのサングラス,Mitra's Sunglasses
ウィンタースライダー,Winter Slider
オルフェア地方の木Ｅ,Orphea Region Tree E
白灰のピラーへの入口,Entrance to White Ash Pillar
戦闘勝利時ＭＰ大回復,Victorious MP L
エルフ人形女のライト,Elf Doll Light (F)
ヘルクラウダーカード,Cumulus Vex Card
コニウェア平原への道,Road to Coniware Plain
ルイーダ酒場の掲示板,Patty's Pub Bulletin
冒険者ゼミナール会場,Adventurer Seminar Venue
オパールのパーティ机,Opal Party Table
プラコンレディ服・青,Blue Lady's Clothes
祭具・星々の装束折紙,Starry Attire Origami
プリンのおつかいメモ,Purine's Errand Memo
ホイミントワンピース,Heal Mint One Piece
メタル迷宮ペア招待券,Metal Maze Pair Ticket
サザミレ草原への出口,Exit to Sazamire Prairie
聖夜のフォトスポット,Christmas Photo Spot
トロピカルカウンター,Tropical Counter
アシュレイのこころ３,Ashley's Heart Lv3
ピラミッド第九の霊廟,Pyramid Tomb 9
バルメシュケの研究所,Balmeschke's Laboratory
ころしあむよろいぎん,Silver Colosseum Armor
ゲルニック将軍カード,Hootingham-Gore Card
ミニ料理集・魚料理編,Mini Fish Dish Cookbook
酸いも甘いも辛いのも,Sour, Sweet, Spicy
深い森の邸宅の木製壁,Forest Manor Wood Wall
海賊のアジト跡・地下,Pirate's Hideout Underground
ツォンデム主任の写真,Chief Tsondem Photo
ヴォルザッド地下迷宮,Volzaad Underkeep
お菓子の国の大きな釜,Candy Country Cauldron
かたりべの服のレシピ,Storyteller's Recipe
オパールのカウンタ大,Opal Counter L
スペシャル家具庭具券,Special Decor Ticket
ふわふわ雲の観測日記,Diary of Fluffy Clouds
トイプレーンプリズム,Toy Plane Prism
カフェテラスのランプ,Cafe Terrace Lamp
サンゴールドスズラン,Sungold Lily
壁かけ忍者武器セット,Ninja Weapon Wall Set
海風の洞くつへの出口,Exit to Seabreeze Cave
魔法戦士団制服セット,Armamentalist Outfit
調査任務・第７７４号,Research Mission No. 774
室内夢色ショーケース,Indoor Dream Showcase
スイーツゾーン控え室,Sweets Zone Waiting Room
ヘルクラウダー練習札,Cumulus Vex Tag
ユーライザのこころ４,Yuliza's Heart Lv4
ユーライザのこころ６,Yuliza's Heart Lv6
ウィザードのタンス黒,Black Wizard Wardrobe
ピクニックモモンタル,Sanguintal Picnic
ハートのキッチン・黄,Yellow Heart Kitchen
ガード時しびれさせる,Paralyzing Guard
ウィザードソファ・黒,Black Wizard Sofa
童話の街並みの石の壁,Fairy-Tale Stone Wall
ソーラリア峡谷への道,Road to Solaria Canyon
ハートカウンタ小・桃,Pink Heart Counter S
闇のキーエンブレム黄,Dark Yellow Key Emblem
ウェディお花見セット,Weddie Cherry Picnic
フラワーショップの門,Flower Shop Gate
療魔の霊符・フリル碧,Blue Healer Talisman
カジノ祭４ポーカー銀,CasinoFest 4 Poker Slvr
ナルビア宿屋テーブル,Nalbia Inn Table
三毛ねこシャンデリア,Calico Cat Chandelier
ボルカノハンマーの書,Volcano Hammer Book
こうげきピンモーラグ,Attack P. Sanguini Rug
きせきのプチプチ香水,Miracle Perfume XS
踊り子のベストセット,Dancer Vest Set
ポーリアだって考える,Even Paulia Thinks It
ドリーム★パンケーキ,Dream Pancakes
祖父から受け継いだ宝,Treasure Given by Grandpa
たれキナリ猫カプセル,Lazy Kinari Cat Toy
ジュレットの町の木柵,Julet Wood Fence
壁かけエステラの絵Ａ,Estella Portrait A
火のついていない燭台,Unlit Candlestick
特技のダメージ +10<ban>,Skill Damage +10 (PvP×)
赤サメきぐるみ衣装券,Red Sharksuit Voucher
たけやり花火プリズム,Bambooligan Fwrks Prism
木製ローチェア・桃色,Pink Wooden Low Chair
アラハ格闘場の飾り棚,Al-Ahagiro Arena Shelf
コロシアムローブ＿銅,Bronze Colosseum Robe
森人のチョッキセット,Woodland Outfit
スイートノエルチェア,Sweet Noel Chair
魔物金色メダル勲章券,Gold Medallion Ticket
白霜の流氷野への出口,Exit to Frosty Floes
ミステリーマシュマロ,Mystery Marshmallows
天に昇る魂に君は誓う,You Swear by Heaven's Soul
おすみけねこすーつⅠ,Calico Cat Suit (M) Ⅰ
プラチナシールドの本,Platinum Shield Book
カルデア溶岩帯への道,Road to Chaldea Lava Belt
神官のほういの作り方,Make a Minister Outfit
ジャッジメントフレア,Judgment Flare
トポルのロウソク・庭,Topol Candles (G)
りょうりにんまっしゃ,Chef Massha
テンスの花かごランプ,Tens Flower Basket Lamp
しぐさ書・くやしがる,Pout
めすみけねこすーつⅠ,Calico Cat Suit (F) Ⅰ
打ち上げドラ花火・赤,Red Dracky Firework
ウワサのイタ映え絶景,Rumored Pinteresting View
神光放つハンマーの書,Holy Light Hammer Book
あくまのタクトの秘密,Devil's Baton Secret
グレイトグラタン・小,Small Great Gratin
深い森の邸宅のタイル,Forest Manor Tile
クローしないツメ生産,Claw Production Guide
お祭りやぐら館のラグ,Festival Rug
バルディスタ軍の大岩,Valdista Army Great Rock
しぐさ書・トロピカル,Tropical Juice
幻月のシルフカプセル,Phantom Moon Sylph Toy
雑貨屋さんのラック茶,Brown Shop Rack
水玉花火モビール・庭,Dots Fworks Mobile (G)
おもちゃのお天気・雨,Toy Rainy Weather
療魔の霊符・フリル黒,Black Healer Talisman
鑑賞会２６夏目録・庭,Summer Screen '26 List
しぐさ書・フィーバー,Night Fever
まもののこころの結晶,Monster Heart Crystal
「森の番人」の展示室,"Forest Keeper" Exhibit Room
メギストリス領への道,Road to Megistris Territory
アビスセーラーセット,Abyss Outfit
精霊大臣の屋敷の壁改,Minister Mansion Wall
プラコン・チェック傘,Plaid Umbrella
聖賢者のローブセット,Holy Sage Outfit
司教のほういの作り方,Making Bishop's Clothes
砂漠の民の謎を追え！,Mystery of the Desert Folk
しぐさ書・ゴールデン,Golden Light
武器鍛冶職人の必殺技,Weaponsmith's Special Move
スマートチェックラグ,Smart Checkered Rug
くるみのカップケーキ,Walnut Cupcake
ネタ「木の葉がくれ」,Leaf Concealment Trick
細氷のシルフカプセル,Ice Crystal Sylph Toy
第２回家写真コン・銅,2nd House Photo Bronze
ゾーン中嵐まとい強化,Storm Clad Boost While Pepped
未開のジャングル地区,Savage Jungle
バルディスタ新兵・斧,Valdistan Axe Recruit
レイブンスーツセット,Raven Outfit
スラベスぬいぐるみ小,She-Slime Plushie S
さとりのころもセット,Clarity Outfit
第１０回討伐ＴＡ・銅,10th Boss TA Bronze
しぐさ書・投げキッス,Blow Kiss
ネコ姫のローテーブル,Cat Princess Low Table
しぐさ書・手をつなぐ,Hold Hands
暁闇のシルフカプセル,Dark Dawn Sylph Toy
おいしい保存食セット,Tasty Preserved Food Set
ユーライザのこころ１,Yuliza's Heart Lv1
シュタール鉱野の結晶,Stahl Minefield Crystal
バントリユ地方への道,Road to Bantryu Region
フラワーモビール・桃,Pink Flower Mobile
魔の試練・第３層・裏,Demon Trials - L3 - Back
たれ白トラ猫カプセル,Lazy White Tabby Toy
ウサギぬいぐるみ・茶,Brown Rabbit Plushie
第５回家写真コン・銅,5th House Photo Bronze
焼きもろこしプリズム,Grilled Corn Prism
男性プラコン服ピンク,Pink Clothes (M)
りょうりにんとんぐら,Chef Tongla
カジノ祭５ポーカー銀,CasinoFest 5 Poker Slvr
ウィザード植木鉢・黒,Black Wizard Plant Pot
フォーリオンのアーチ,Fourion Arch
ヴァレリアのこころ３,Valeria's Heart Lv3
ミュージアムショップ,Museum Shop
第８回スライムレース,8th Slime Races
表情の書・おびえがお,Scared
スライムつむりコロネ,Shell Slime Pastry
GPトロフィーアクア銅,GP Bronze Trophy Aqua
ゾーン中最大ＨＰ +20%,Max HP While Pepped Up +20%
攻撃時5%で移動アップ,Movement Speed Boost Attack 5%
攻撃時与ダメ低下 +15%,Damage Dampen Attack +15%
ヘルバトラー(コイン),Barbatos (Coin)
GPトロフィーアクア鉄,GP Steel Trophy Aqua
GPトロフィーピンク金,Pink GP Gold Trophy
GMキャラコスチューム,GM Character Costume
GPトロフィーピンク鉄,Pink GP Iron Trophy
銃撃時5%でテンション,Tension Boost When Shooting 5%
アシュレイのこころ10,Ashley's Heart Lv10
会心時のダメージ +200,Critical Damage +200
GPトロフィーアクア銀,GP Silver Trophy Aqua
行動時5%で移動アップ,Movement Speed Boost On Action 5%
会心時のダメージ +300,Critical Damage +300
呪文と特技の回復 +10%,Spell & Skill Recovery +10%
キュララな夏休み 2017,Kyurara Summer Holiday '17
GPトロフィーピンク銅,Pink GP Bronze Trophy
ギルガランのこころ10,Gilgaran's Heart Lv10
Re白きヴェールの乙女,Re: Maid of the White Veil
ヴァレリアのこころ10,Valeria's Heart Lv10
2%デスパワー消費なし,Death Power Saver 2%
イルーシャのこころ10,Illusia's Heart Lv10
GPトロフィーピンク銀,Pink GP Silver Trophy
GPトロフィーアクア金,GP Gold Trophy Aqua
リナーシェのこころ10,Linashe's Heart Lv10
個人テスト（TOSHIMIT）,Personal Test TOSHIMIT）
ゾーン中移動速度 +10%,Movement Speed While Pepped Up +10%
行動時5%でテンション,Tension On Action 5%
ゾーン中被ダメ30軽減,Damage Taken During Pep -30
ユーライザのこころ10,Yuliza's Heart Lv10
ギガデーモン(コイン),Pruslas (Coin)
呪文と特技の回復 +30%,Spell & Skill Recovery +30%
在りし日の集落 出口,Olden Village Exit
ドルワーム王国 入口,Dolworm Kingdom Entrance
ふぇありーいしょう2,Fairy Costume Ⅱ
魔窟アラモンド 出口,Alamond Cavern Exit
おすみけねこすーつ2,Calico Cat Suit (M) Ⅱ
プーラのほら穴 出口,Pura Cave Exit
創失の主神の間 入口,Hall of the Unmighty Entrance
魔獣のナワ張り 出口,Beast's Den Exit
闇属性のダメージ +5%,Dark Damage +5%
でぃーぷぎあもーど1,Deep Gear Mode Ⅰ
未完の飛竜の峰 入口,WIP Dragon Peaks Entrance
ギルドの野営地 出口,Guild Encampment Exit
守護竜のねぐら 出口,Guardian Dragon's Lair Exit
すごろくルーム 出口,Sugoroku Room Exit
３階-センターホール,Center Hall 3F
守護騎士団本部 入口,Safekeepers Headquarters Entrance
ガード時100%で早詠み,Faster Caster On Parry 100%
バルディスタ城 出口,Valdista Castle Exit
ねこみいらいしょう2,Cat Mummy Costume Ⅱ
プクレットの村 入口,Pukulet Village Entrance
ゼクレス魔導国 出口,Zechres Exit
メギストリス城 入口,Megistris Castle Entrance
ジュレー島下層 入口,Lower Jule Island Entrance
荒野の枯れ井戸 出口,Withered Well Exit
森外れのほら穴 出口,Outer Forest Cave Exit
エルトナの聖地 出口,Eltona Sanctuary Exit
モガレの洞くつ 入口,Mogare Cave Entrance
全職さいだいＭＰ +20,Natural Max MP +20
スイの塔地下階 入口,Sui Tower Basement Entrance
滝の裏の洞くつ 出口,Waterfall Cave Exit
プーラのほら穴 入口,Pura Cave Entrance
バラークの岩棚 入口,Barak Ledge Entrance
雷食い鳥の玉座 入口,Thundereater's Throne Entrance
封剣の門・天獄 入口,Heavenly Hell Entrance
ブオーンの体内 出口,Inside Bjorn Exit
忘れられた広間 入口,Forgotten Hall Entrance
エドアルドの家 出口,Eduardo's House Exit
朽ちた玉座の間 入口,The Decaying Throne Entrance
森外れのほら穴 入口,Outer Forest Cave Entrance
バラークの岩棚 出口,Barak Ledge Exit
ソルベルム宮殿 入口,Solbern Palace Entrance
ヴェリナード城 入口,Verinard Castle Entrance
全職さいだいＨＰ +30,Natural Max HP +30
１階-センターホール,Center Hall 1F
雷食い鳥の玉座 出口,Thundereater's Throne Exit
さびれたほこら 出口,Deserted Shrine Exit
ナグアの洞くつ 入口,Nagua Caves Entrance
ユシュカの部屋 出口,Yushka's Room Exit
全職こうげき魔力 +10,Natural Magical Might +10
メギラザ地下洞 入口,Megilaza Underground Entrance
ねこみいらいしょう1,Cat Mummy Costume Ⅰ
古悪鬼の棲みか 入口,Old Demon's Dwelling Entrance
ダラマッド遺跡 出口,Dalmurd Ruins Exit
じゃっくのいしょう2,Jack's Costume 2
全職さいだいＨＰ +40,Natural Max HP +40
全職さいだいＨＰ +20,Natural Max HP +20
センターホール 出口,Center Hall Exit
全職かいふく魔力 +10,Natural Magical Mending +10
ゼドラ王の黄昏 入口,Zedra's Twilight Entrance
炎属性のダメージ +5%,Fire Damage +5%
メギラザ地下洞 出口,Megilaza Underground Exit
採石場・最深部 入口,Quarry Depths Entrance
めすみけねこすーつ2,Calico Cat Suit (F) Ⅱ
ナスビナーラ花なし4,Flowerless Woebergine 4
アクロニア鉱山 入口,Acronia Mine Entrance
レビンの洞くつ 入口,Levin Cave Entrance
オルセコ闘技城 入口,Orseco Combastle Entrance
オルの船着き場 入口,Orr Dock Entrance
不死の魔王の間 出口,The Immortal Chamber Exit
モグラの洞くつ 出口,Mole Hole Exit
真っ赤な洞くつ 入口,Bright Red Cave Entrance
ネクロデア廃城 出口,Necrodea Castle Exit
魔窟アラモンド 入口,Alamond Cavern Entrance
裏通りのアジト 出口,Backstreet Hideout Exit
カミハルムイ城 入口,Kamiharmui Castle Entrance
知恵の眠る遺跡 入口,Sleeping Wisdom Ruins Entrance
在りし日の集落 入口,Olden Village Entrance
忘れられた書庫 入口,Forgotten Library Entrance
マデ神殿祭具棟 出口,Made Temple - Implementarium Exit
旧ネクロデア領 入口,Old Necrodea Area Entrance
日除けのほら穴 出口,Sunshade Cave Exit
忘れられた書庫 出口,Forgotten Library Exit
カルサドラ火山 入口,Calsadora Volcano Entrance
会心時のダメージ +50,Critical Damage +50
アヴィーロ遺跡 出口,Aviro Ruins Exit
ソルベルム王国 入口,Solbern Kingdom Entrance
センターホール 入口,Center Hall Entrance
創失の主神の間 出口,Hall of the Unmighty Exit
心ふるえる場所 出口,Heartshaking Haven Exit
ナスビナーラ花なし3,Flowerless Woebergine 3
ジュレー島下層 出口,Lower Jule Island Exit
荒野の枯れ井戸 入口,Withered Well Entrance
守護騎士団本部 出口,Safekeepers Headquarters Exit
レビンの洞くつ 出口,Levin Cave Exit
ピラミッド霊廟 出口,Pyramid Tomb Exit
スイーツゾーン 出口,Sweets Zone Exit
ダズの船着き場 入口,Daz Dock Entrance
ユシュカの部屋 入口,Yushka's Room Entrance
全職さいだいＭＰ +10,Natural Max MP +10
バルディスタ城 入口,Valdista Castle Entrance
太古の秘密基地 出口,Ancient Hideout Exit
フェザリアス山 入口,Featherias Mountain Entrance
オルフェアの町 入口,Orphea Entrance
不死の魔王の間 入口,The Immortal Chamber Entrance
がらんどうの間 出口,Empty Dwelling Exit
モコモコハウス 出口,Mokomoko House Exit
エドアルドの家 入口,Eduardo's House Entrance
ふぇありーいしょう1,Fairy Costume Ⅰ
モンスター酒場 出口,Monster Tavern Exit
プペラトンネル 入口,Pupella Tunnel Entrance
古グルグ地下道 入口,Old Gulug Underpass Entrance
黄なる砂塵の塔 出口,Yellow Sand Tower Exit
おすみけねこすーつ1,Calico Cat Suit (M) Ⅰ
でぃーぷぎあもーど2,Deep Gear Mode Ⅱ
ムルードの岩山 出口,Murudo Mountain Exit
メルサンディ村 入口,Melsandy Village Entrance
地底湖の洞くつ 入口,Underground Lake Cave Entrance
ムルードの岩山 入口,Murudo Mountain Entrance
閉ざされた水路 出口,Closed Waterway Exit
事務棟-４階・所長室,Administration - 4F - Director's Office
テンションリンク +3%,Tension Link +3%
聖都エジャルナ 入口,Ejarna City Entrance
採石場・最深部 出口,Quarry Depths Exit
ファラザード城 入口,Farazard Castle Entrance
クレーター地帯 出口,Crater Zone Exit
カーラモーラ村 入口,Carlamora Village Entrance
裏通りのアジト 入口,Backstreet Hideout Entrance
オウマの研究室 出口,Ouma's Laboratory Exit
魔獣のナワ張り 入口,Beast's Den Entrance
２階-センターホール,Center Hall 2F
封剣の門・四獄 入口,Sealed Sword IV Entrance
封剣の門・三獄 入口,Sealed Sword III Entrance
清き水の洞くつ 入口,Clearwater Cave Entrance
バドリアル石室 入口,Budlial Tomb Entrance
時の王者の悔恨 入口,Sovereign's Sorrow Entrance
バドリアル石室 出口,Budlial Tomb Exit
時の王者の悔恨 出口,Sovereign's Sorrow Exit
エマージュの森 出口,Emerging Forest Exit
閉ざされた水路 入口,Closed Waterway Entrance
祈りの宿-旅人バザー,Prayer Inn - Traveler's Bazaar
ＭＰ消費しない率 +4%,MP Saver +4%
源世植物研究所 出口,World Botany Research Exit
開戦時 10%で心頭滅却,Starting Mind Over Matter 10%
モコモコハウス 入口,Mokomoko House Entrance
コニウェア平原 入口,Coniware Plain Entrance
光属性のダメージ +5%,Light Damage +5%
守護竜のねぐら 入口,Guardian Dragon's Lair Entrance
さいほうギルド ２階,Sewing Guild 2F
リシーの洞くつ 出口,Licie Cave Exit
忘れられた広間 出口,Forgotten Hall Exit
アヴィーロ遺跡 入口,Aviro Ruins Entrance
ベラストル家-大広間,House Belastre - Great Hall
源世植物研究所 入口,World Botany Research Entrance
ソルベルム宮殿 出口,Solbern Palace Exit
ゼクレス魔導国 入口,Zechres Entrance
真っ赤な洞くつ 出口,Bright Red Cave Exit
風の町アズラン 入口,Wind Town Azlan Entrance
ココラタの浜辺 入口,Cocolata Beach Entrance
じゃっくのいしょう3,Jack's Costume 3
ナスビナーラ花なし2,Flowerless Woebergine 2
モグラの洞くつ 入口,Mole Hole Entrance
ピラミッド霊廟 入口,Pyramid Tomb Entrance
封剣の門・一獄 入口,Sealed Sword I Entrance
リンクスの工場 出口,Lynx's Factory Exit
太古の秘密基地 入口,Ancient Hideout Entrance
日除けのほら穴 入口,Sunshade Cave Entrance
清き水の洞くつ 出口,Clearwater Cave Exit
イムイ地下空洞 出口,Imui Underground Cave Exit
ＭＰ消費しない率 +2%,MP Saver +2%
封剣の門・二獄 入口,Sealed Sword II Entrance
ドラクロン山地-中層,Draklon Mountains - Middle
イムイ地下空洞 入口,Imui Underground Cave Entrance
エルトナの混沌 出口,Primordial Eltona Exit
ガートラント城 入口,Gartlant Castle Entrance
朽ちた玉座の間 出口,The Decaying Throne Exit
全職かいふく魔力 +20,Natural Magical Mending +20
全職さいだいＨＰ +10,Natural Max HP +10
モリナラ地下洞 入口,Molinara Underground Entrance
さびれたほこら 入口,Deserted Shrine Entrance
第４層 剣核へ至る道,L4 - Path to the Core
めすみけねこすーつ1,Calico Cat Suit (F) Ⅰ
ジュレットの町 入口,Julet Entrance
ダラマッド遺跡 入口,Dalmurd Ruins Entrance
秘密の地下通廊 入口,Secret Underground Passage Entrance
ゼドラ王の黄昏 出口,Zedra's Twilight Exit
古悪鬼の棲みか 出口,Old Demon's Dwelling Exit
未完の飛竜の峰 出口,WIP Dragon Peaks Exit
ネクロデア廃城 入口,Necrodea Castle Entrance
マデ神殿祭具棟 入口,Made Temple - Implementarium Entrance
スイーツゾーン 入口,Sweets Zone Entrance
精霊大臣の屋敷 出口,Minister's Mansion Exit
ラニカルカ方面 出口,Ranikalka Region Exit
ナスビナーラ花なし1,Flowerless Woebergine 1
ミュルエルの森 入口,Muruel Forest Entrance
永遠の地下迷宮 入口,Labyrinth of Eternity Entrance
フラワーカンカン帽,Flower Can-Can Hat
ゼドラ王国服モブ９,Zedra Royal Clothes Mob 9
ハートのベッド・黄,Yellow Heart Bed
ふわふわ雲のライト,Fluffy Cloud Light
よろず屋アメジスト,General Shop Amethyst
クリムゾングローブ,Crimson Gloves
ピクニックラグアス,Raguas Picnic
ベジタブル家具の本,Veggie Furniture Book
リボンスターアクセ,Star Ribbon Accessory
予言のサークレット,Circlet of Prophecy
夏の渚のショーパン,Summer Beach Shorts
メガトンブラザーズ,Heavy Metal
シスター・シャディ,Sister Shadi
結界の守護者コイン,Barrier Guardians Coin
ガタラ駅の模型・雪,Gatara Stn. Model(Snow)
第３回釣りコン・銀,3rd Fish Contest Silver
メレアーデスカート,Mereade Skirt
山盛りのキャンディ,Pile of Candy
夏の恋は嵐のごとく,A Stormy Summer Love
お祝い１０連発花火,10 Celebratory Fworks
オグショー像こげ茶,Olive Ogreed Short St.
苺お菓子のチェスト,Berry Sweet Chest
おしゃれな水着・赤,Red Snazzy Swimsuit
お花のパールピアス,Flower Pearl Earrings
第２回討伐ＴＡ・銀,2nd Boss TA Silver
表情の書・考えごと,Thinking
セイレーングローブ,Siren's Gloves
リエーレの銃士服下,Lierre Musketeer Pants
しぐさ書・線香花火,Sparkler
門より出でし者たち,Dwellers from the Gate
プラコン女オバケ服,Women's Ghost Costume
さいほう職人腕あて,Sewer's Armguards
スコアアタック銀赤,Score Attack Silver
おとぎの森グローブ,Fairy Forest Gloves
ベビタン竜族人形男,Imp Nadravian Doll (M)
メレアーデドレス下,Mereade Dress Bottom
神獣ゼナベスティア,Divine Beast Zenabestia
ダンシングライト赤,Dancing Light (Red)
福笑いのラグ・まゆ,Fukuwarai Eyebrow Rug
リボンスターの服下,Star Ribbon Pants
フーたんぬいぐるみ,Futan Plushie
青い翼のペンダント,Blue Wing Pendant
オブジェクト座標099,Object Coordinates 099
フランジュトランプ,Frange Deck
ギュッとケキちゃん,Cakey Arm Doll
袋入りプーちゃん帽,Pu Bag Hat
第１３回マローネ像,13th Marone Statue
オス三毛猫スーツⅡ,Calico Cat Suit (M) Ⅱ
ゴールドマンＸ２号,Gold Golem X 2
エンジェルクリーム,Angel Cream
輝く虹を追いかけて,Chasing a Rainbow
ポセイドンテーブル,Poseidon Table
グリーンタキシード,Green Tuxedo
トーマ青年の剣鞘無,Sword Unsheathed Toma
シンクギアスリーブ,Syncgear Sleeves
プチギュメイカード,Frail Goresby Card
アラハの酒場テント,Al-Ahagiro Tavern Tent
黄金の飾りよろい上,Ornamental Cuirass
しぐさ書・リュート,Play Lute
メロディアスーツ上,Melody Suit Top
光の錬金ランプの本,Light Lamp Book
パピヨンチェア・幻,Phantom Papillon Chair
プレートインパクト,Tectonic Shift
第３回討伐ＴＡ・金,3rd Boss TA Gold
イグナイトグローブ,Ignite Gloves
とても刺激的な解放,A Very Exciting Release
バトルマスターの影,Gladiator's Shadow
きらめく星の贈り物,Twinkling Star's Gift
りぼんカチューシャ,Ribbon Hairband
やいばのブーメラン,Edged Boomerang
ギュッとアオちゃん,Bluey Arm Doll
ハロウィン衣装券Ⅶ,Halloween Voucher Ⅶ
オブジェクト座標180,Object Coordinates 180
勇気を奮い立たせて,Muster the Courage
純真天使のパンプス,Pure Angel Pumps
エゼソル峡谷の木Ｃ,Ezesol Canyon Tree C
ウィザード本棚・白,White Wizard Bookshelf
オブジェクト座標226,Object Coordinates 226
警備魔神兵０４２号,Aztech Guard No. 042
シスター・カティヤ,Sister Katya
ウィリーデハンマー,Vilide Hammer
黒曜のイスと机の本,Obsidian Furniture Book
ジェスタースーツ上,Jester Suit Top
オブジェクト座標110,Object Coordinates 110
天の冒険者のズボン,Divine Traveler Pants
魔塔の木の間仕切り,Tower Wood Partition
チョコレート便せん,Chocolate Paper
すごろく案内係アミ,Sugoroku Guide Amy
キラキラねこまどう,Glittering Meowgician
ロイヤルマシュマロ,Royal Marshmallows
起源魔スコルパイド,Scorpide, Carapace of Origin
からくりだいみょう,Bamboogieman
ラッキー便せん４０,Lucky Paper 40
ニセモノの見取り図,Fake Blueprint
スタースイーツ・小,Small Star Sweets
グランゼニスの王冠,Gran Zenith's Crown
ドルタムのこころ６,Doltam's Heart Lv6
失われた時を探して,Searching for Lost Time
森のこびとのランプ,Forest Dwarf Lamp
表情の書・ドヤがお,Smug
学園の廊下の掲示板,School Hall Bulletin
キュートなウサミミ,Cute Bunny Ears
キャット・バルバド,Purrseidon
ぷすごんのきぐるみ,Pusgon Costume
しぐさ書・Ｓハート,Heart Signal
マデュライトルアー,Darkonium Lure
ピクニックアルウエ,Alwe Picnic
タタリ御前の像・庭,Cursed Crooner Statue(G)
名もなき草原への道,Road to Nameless Field
ダンディオ団長の妻,Captain Dandio's Wife
ハロウィン衣装券Ⅳ,Halloween Voucher Ⅳ
ミニポニテエクステ,Mini Ponytail Extension
デビパンクスカート,Devil Punk Skirt
水没遺跡地区への道,Road to Submerged Ruins
魔物管理人ティーヤ,Monster Manager Tiya
ふしぎな燭台・赤色,Red Mysterious Candlestick
ドロヌーバの浮き輪,Mudraker Floatie
ドレスを追い求めて,In Pursuit of the Dress
ゲルト・勇気の儀式,Gert・Ritual of Courage
グローリーアックス,Great Axe
ゴレオン将軍練習札,Goreham-Hogg Tag
オブジェクト座標183,Object Coordinates 183
スライムイヤーマフ,Slime Earmuffs
ほこらの祭祀場・炎,Flame Shrine Ritual Ground
姉神封印神殿　入口,Goddess Seal Temple Entrance
メタスラボスメダル,Metal Slime Boss Medal
闇色に染まるマント,Cloak of Darkness
キュウサイポイント,Res-Cu Points
フォートレスハウス,Fortress House
ダークキング変異体,Variant Dark King Slime
天宮騎士のよろい上,Sky Knight Armor
支援魔神機０２４号,Aztech Support Mech No. 024
ウェディング便せん,Wedding Paper
シスター・エレーヌ,Sister Elaine
レクタリスの花飾り,Lectalis' Floral Decor
第１０回ナンナの像,10th Nanna Statue
スライムのバスタブ,Slime Bathtub
古代都市地区への道,Road to Ancient Suburb
翠煙の波皇将ネブド,Mist General Nebudo
プラチナ鍛冶ハンマ,Platinum Hammer
絶念のアウルモッド,Aurmod the Forlorn
おばけキャンドル強,Vicious Wax Murderer
シスター・ユミール,Sister Yumir
おみくじ屋セイラン,Fortune Shop Seiran
短くなったロウソク,Shortened Candle
グレイブディガー強,Apex Grave Digger
オーガニックサラダ,Ogre-nic Salad
シンクギアスカート,Syncgear Skirt
メデューサウィッグ,Medusa Wig
ハンギンググリーン,Hanging Greenery
第２回討伐ＴＡ・銅,2nd Boss TA Bronze
オルセコ高地への道,Road to Orseco Highlands
ガテリア式技術大系,Gateria Technology Book
ペンシルボーイの像,Prancing Pencil Statue
奇跡の錬金ランプ小,Miracle Lamp S
オブジェクト座標075,Object Coordinates 075
オレンジガーベラ傘,Orange Gerbera Umbrella
取りよせ商ポルルプ,Broker Porrup
オブジェクト座標150,Object Coordinates 150
プラネタリウム・赤,Red Planetarium
オブジェクト座標278,Object Coordinates 278
ガーディアンサラダ,Guardian Salad
オブジェクト座標262,Object Coordinates 262
アンノウンウィップ,Unknown Whip
メロディアトップス,Melody Top
ホワイトキュロット,White Culottes
メギストリスの都駅,Megistris City Station
スライムのオーブン,Slime Oven
花狩人の衣装券・青,Blue Flowerer Voucher
精霊王のクローク上,Faerie King Cloak
ゴージャスなゆびわ,Gorgeous Ring
ゴールドマンＭＡＸ,Gold Golem MAX
ごうかなダンロ・緑,Green Fancy Fireplace
宣伝コンテスト・銀,Promo Contest Silver
アジサイ姫ゆかた下,Hydrangea Yukata Bottom
もうひとつの星夜祭,Yet Another Starry Night
プラコンスーツ・青,Blue Suit
マポレーナステッキ,Genie Sanguini Wand
黄金の秘宝を探して,In Search of Gold Treasure
ノクゼリアハンマー,Noxeria Hammer
レジェンズショット,Legends Bow
ヘパイトスのひだね,Hephaestus' Flame
封印危機対策委員会,Sealing Crisis Committee
ダークネスショット,Shot in the Dark
雑貨屋さんの屋根茶,Brown Shop Roof
朽ちた遺跡の残がい,Ruin Debris
ぷらこんすーつくろ,Black Suit
ウェディの人形・男,Weddie Doll (M)
グルーヴダンサーズ,Groove Dancers
隠者は精霊とともに,The Spirited Hermit
竜将のよろいセット,Dragon General Armor Set
月見の隕石型宇宙船,Moonview Meteor Spacecraft
ミラクルマシュマロ,Miracle Marshmallows
オブジェクト座標164,Object Coordinates 164
ウルベア魔神兵たち,Urbea Aztechs
トポルのクラムパイ,Topol Crumb Pie
アクロバットケーキ,Acrobatic Cake
プチゴレオンカード,Frail Goreham Card
至高の名水を求めて,Search for the Best Water
カラマド高原への道,Road to Calamot Plateau
お祭りの天井ランプ,Festival Ceiling Lamp
ウィリーデステッキ,Vilide Wand
メレアーデのお部屋,Mereade's Room
ヒューザスティック,Hyuza Wand
リソルのフウキの証,Resol's SCC Emblem
オオサンショウウオ,Giant Salamander
ピケモコソックスＮ,Pique Socks N
さざなみギフト・黄,Yellow Ripples Gift
エックス君冒険印章,Adventurous X Stamps
カジノ祭５ビンゴ銅,CasinoFest 5 Bingo Brnz
きのこ村のブラウス,Shroom Village Blouse
黒柴クールカプセル,Cool Black Shiba Toy
アクティブウィッグ,Active Wig
ヒューザのこころ３,Hyuza's Heart Lv3
スターリーキャップ,Starry Cap
タクティカグローブ,Tactical Gloves
スライムベス観覧車,She-Slime Ferris Wheel
ソルベルム領への道,Road to Solbern Region
だいふごうぶるーの,Tycoon Bruno
宣伝コンテスト・金,Promo Contest Gold
あやしいカウンタ小,Suspicious Counter S
ヴァルハラメイル下,Valhalla Mail Bottom
バルディスタ竜騎兵,Valdista Dragon Cavalry
アカシックウィング,Void Wing
カンフーボーイ衣装,Kung Fu Boy Costume
ひかりサークレット,Shimmering Circlet
第２回釣りコン・銀,2nd Fish Contest Silver
庭用ネオン・ハート,Neon Heart (G)
ドロまみれの新色！,New Muddy Color!
プラチナルアーの本,Platinum Lure Book
王様のハンティング,King's Hunting
カボチャテーブル小,Pumpkin Table S
シスター・リアーヌ,Sister Liann
アイドルギフト・青,Blue Idol Gift
ムニエカ地方への道,Road to Munieka Region
オブジェクト座標065,Object Coordinates 065
アクロバットスター,Rough 'n' Tumble
光のさいほう針の本,Light Needle Book
いっかくウサギ・強,Vicious Bunicorn
しぐさ書・打成一片,Become One
モーモンスティック,Teeny Sanguini Wand
魔女ハバネロのムチ,Witch Habanero's Whip
竜の頭の石像の写真,Dragon Head Statue Photo
お友達紹介チケット,Refer-a-Friend Ticket
レンジャーシャプカ,Ranger Shapka
メタルスライムたち,Metal Slimes
ワンダーマシュマロ,Wonder Marshmallows
エステラのこころ４,Estella's Heart Lv4
死神のピアスの破片,Reaper's Earrings Shard
しょうにんやっちぇ,Merchant Yatche
古代王族のバングル,Ancient Royal Bangles
オブジェクト座標145,Object Coordinates 145
ひげのバレンタイン,Bearded Valentine
防衛魔神兵０５１号,Aztech Guard No. 051
せいどうのよろい下,Bronze Armor Bottom
プラコンプスゴン服,Pusgon Costume
ネビュラスレプリカ,Nebulous Replica
夏休みの絵日記・金,Gold Summer Break Diary
音符のテーブル・黒,Black Music Table
オブジェクト座標134,Object Coordinates 134
フォーチュンブーツ,Fortune Boots
隠しきれないひと味,Unmistakable Hidden Flavor
超天遊戯－死の書－,Chosen's Teachings Book 4
はじゃのろーぶどう,Bronze Champ Robe
女性さくらのゆかた,Sakura Yukata (F)
コマンダーシューズ,Commander Shoes
ごうかな花びん・緑,Green Fancy Vase
キングスライム噴水,King Slime Fountain
オブジェクト座標039,Object Coordinates 039
オブジェクト座標211,Object Coordinates 211
アンノウンハンマー,Unknown Hammer
おどる宝石の像・庭,Goodybag Statue (G)
紫のキーエンブレム,Purple Key Emblem
モダンローズの手袋,Modern Rose Gloves
ゴールドマンＸ５号,Gold Golem X 5
ウイングエッジの本,Razor-Wing Book
ダンディサングラス,Aviator Sunglasses
バルディスタ遊撃兵,Valdista Attack Soldier
ふしぎな燭台・青色,Blue Mysterious Candlestick
ベルヴァインの森西,Belvain Forest West
前座芸人のバンダナ,Show Opener's Bandana
ごうかな食器棚・赤,Red Fancy Cupboard
オブジェクト座標288,Object Coordinates 288
ワンダラーズブーツ,Wanderers Boots
破壊のオノの作り方,Obliteratoriser Book
ツスクル平野への道,Road to Tsuskuru Plains
かがやける期待の星,Shining Hope Star
受け継がれしチカラ,Inherited Power
赤色チューリップ傘,Red Tulip Umbrella
神具解放の審問宮１,Relic's Reliquary 1
青狼鬼グルバレイダ,Grubareyda, the Blue Wolf
タイタス号の操舵輪,Titus Steering Wheel
夢の秘密工場の門柱,Dream Factory Gatepost
ポセイドンバスタブ,Poseidon Bathtub
ペンダントを追って,Follow the Pendant
限定交換屋セステル,Limited Exchange Shop Cestel
スカーレットグラス,Scarlet Glasses
スノーハーブの花実,Snow Herb Flowers
第８回パドレの像庭,8th Padre Statue (G)
しぐさ書・空気イス,Air Chair
王国軍司令部の武器,Royal Army Weapons
ヒューザのこころ５,Hyuza's Heart Lv5
弱体お願いします！,Please weaken!
グーシオンカプセル,Dark Pazuzu Toy
オブジェクト座標249,Object Coordinates 249
オブジェクト座標056,Object Coordinates 056
シックに着こなして,Wear it Chicly
うつしよの銀箱・改,Worldly Silver Box+
お菓子のテーブル小,Sweet Table S
小さな黄金の秘宝？,Small Golden Treasure ?
ラダトームのブーツ,Tantegel Boots
蘇生時バイキと覚醒,Attack & Magic Savior
夕焼け雲のテーブル,Sunset Cloud Table
闇に唄う白面の隠者,Dark Singing Hermit
コイン販売所イサラ,Token Exchange Isara
マンドラゴラ黒たち,Black Mandragora
オブジェクト座標028,Object Coordinates 028
コウモリボンハット,Batty Ribbon Hat
冥氷竜ジェロドーラ,Jerodora, Icy Dark Dragon
しおさいキャンディ,Salted Candy
ごうかなラグ大・赤,Red Fancy Rug L
黒のキーエンブレム,Black Key Emblem
ブレイブキャンディ,Brave Lollipop
ふわふワルドラキー,Floaty Evil Dracky
大賢者のほういの書,Supreme Sage's Book
ヴァルディスタ兵１,Valdista Soldier 1
マーチングキャップ,Marching Cap
エンゼルのみちびき,Goopid's Guidance
白ねこシャンデリア,White Cat Chandelier
まごころギフト・桃,Pink Heartfelt Gift
イナミノ街道の木Ａ,Inamino Highway Tree A
異国のレンガ館の壁,Exotic Brick Wall
天駆ける冒険者たち,Soaring Adventures
はじめての道具鍛冶,Trainee Toolsmithing
女子のスクール制服,Girl School Uniform
デスパワーブースト,Death Power Boost
千輪菊花火・青緑水,Blue/Gr./Aqua Fireworks
経験値の古文書・大,Experience Scroll L
モダンバニーブレス,Modern Bunny Bracelet
ランドン山脈への道,Road to Landon Mountains
アイスダンスシャツ,Ice Dance Shirt
レッドブレイクグミ,Red Break Gummy
ベビタン竜族人形女,Imp Nadravian Doll (F)
緑キノコのテーブル,Green Mushroom Table
タイフーングローブ,Typhoon Gloves
オブジェクト座標061,Object Coordinates 061
攻撃時25%でヘナトス,Blunt Attack 25%
荘厳な竜のふりそで,Majestic Dragon Kimono
マイタウン雲上地区,My Town The Cloudtops
希水晶のブーメラン,Quartz Boomerang
サーカステントの家,Circus Tent House
古代オルセコの玉座,Old Orseco Throne
盗賊のチュニック上,Thief Tunic
スペシャルそうび券,Special Glamour Ticket
カボチャカウンタ大,Pumpkin Counter L
チームおにごっこ帽,Team Tag Cap
サーマリ高原の木Ｂ,Samary Plateau Tree B
悪霊の神々強カード,Apex Evil Trinity Card
ワイルドキャンディ,Wild Lollipop
酒場主人のドレス上,Tavernkeeper's Dress
千輪菊花火・緑紫桃,Gr./Pur./Pink Fireworks
格闘場・闘いの広間,Arena - Monstrous Pit
ネタ「スラタワー」,Slime Stack Trick
魔塔の青宝石付き壁,Blue Tower Jeweled Wall
ツリーは白銀に消ゆ,Tree's Disappearance
聖守護者のウィング,Sentinel's Wings
ハラヘリスティック,Meat Imp's Fork
難民キャンプへの道,Road to Refugee Camp
荒削りのブーメラン,Rough Boomerang
ブレイブギフト・青,Blue Brave Gift
冥骸魔レギルラッゾ,Legirrazzo, the Crumbling Corpse
警備魔神兵０４６号,Aztech Guard No. 046
ウィンターゴーグル,Winter Goggles
支援魔神機０２６号,Aztech Support Mech No. 026
キャンディのピアス,Candy Earrings
王宮のキッチン・赤,Red Royal Kitchen
お姫様のベッド・橙,Princess Bed
フェルアバの洞くつ,Felaba Cave
エンゼルフィッシュ,Angelfish
ギュッとトラぐるみ,Tiger Arm Doll Plush
壁かけ四神獣の額縁,Four Beasts Painting
ウサぐるみ・ピンク,Pink Rabbit
ブチ猫・双カプセル,Spotted Cat Twin Toy
シュバリエメイル下,Chevalier Mail Bottom
オブジェクト座標280,Object Coordinates 280
セクシードレッサー,Sexy Vanity
踊魔の霊符・花嫁白,White Dancer Talisman
ナイトフィーバー緑,Night Fever (Green)
行動時20%で魔力覚醒,Channel Anger On Action 20%
機工博士のグローブ,Engineer's Gloves
ゴレオン将軍カード,Goreham-Hogg Card
お正月ザンクローネ,New Year Zankrone
フラワーの気球・桃,Pink Flower Balloon
おごそかな林道地区,Solemn Forest Road
闇の領界風間仕切り,Dark Realm Partition
ウェディングうさぎ,Wedding Rabbit
ジュレット紋章旗幟,Julet Emblem Banner
壁かけ古びた張り紙,Old Papers Wall Decor
ゴフェル計画指令書,Gopher Plan Directive
ムーンバニーシャツ,Moon Bunny Shirt
第２回釣りコン・銅,2nd Fish Contest Bronze
ゲルニック将軍の像,Hootingham-Gore Statue
ふうまの盾の作り方,Make a Dampening Shield
だんせいしつじふく,Butler Uniform (M)
プチ潮風のディーバ,Frail Sea Breeze Diva
ゼドラ王国服モブ５,Zedra Royal Clothes Mob 5
メタキンボスメダル,Metal King Boss Medal
メス三毛猫スーツⅠ,Calico Cat Suit (F) Ⅰ
オブジェクト座標251,Object Coordinates 251
きまぐれ猫ドレス下,Silly Cat Skirt
バージンロードラグ,Wedding Aisle Rug
エレメントブースト,In the Element
超さいほう針小の本,Super Needle S Book
あらくれチャッピー,Ripped Rabbit
金のフェザーチップ,Gold Feather Chip
オブジェクト座標135,Object Coordinates 135
第１３回セラフィ像,13th Seraphi Statue
おいしい料理セット,Delicious Meal Set
求めるは仙者の霊薬,Seeking a Hermit's Elixir
しゅうれん用ブーツ,Training Boots
ジェイドウォリアー,Jade Warrior
マイユの肖像画・庭,Maille Portrait (G)
カーニバルコーデⅡ,Carnival Outfit Ⅱ
打ち上げ花火・黄緑,Fireworks Launcher (Y)
竜と生きるは竜術士,A Dragomancer's Life
黒鳥のサークレット,Blackbird Circlet
壁かけ潜水艦ライト,Submarine Wall Light
舞踏魔プレシアンナ,Dancing Demon Prescianna
ワイルドなたてがみ,Wild Mane
ハロウィンバルーン,Halloween Balloon
チョコ神ぬいぐるみ,The Grand Choco Plushie
オブジェクト座標095,Object Coordinates 095
魔女のとんがり帽子,Witch's Pointy Hat
ほのおのつるぎの書,Fire Blade Book
メタスラッＴシャツ,Metal Slime T-Shirt 2
シルバーデビルの像,Silvapithecus Statue
みちびきのプチ香水,Guidance Perfume S
オトシゴスティック,Seahorse Stick
ナイトメアゾーン針,Nightmare Zone Needle
ジェスターキャップ,Jester Cap
しぐさ書・ミルク缶,Milk Can
真・幻界諸侯練習札,True Dread Fiends Tag
リビングスタチュー,Sculpture Vulture
コロシアムキャップ,Coliseum Cap
ポールスターのくつ,North Star Shoes
マスターマシュマロ,Master Marshmallows
しぐさ書・桜の魔法,Cherry Blossom Magic
キュロンイーター花,Kyuroneater Flower
マイタウン湿原地区,My Town Marsh District
ごうかなラグ小・赤,Red Fancy Rug S
コロシアムエントリ,Coliseum Entry
オブジェクト座標020,Object Coordinates 020
ピクニックプクラス,Pukulas Picnic
おそうじ童子のこん,Sweepy Samurai Rod
オブジェクト座標155,Object Coordinates 155
古代魔術のながぐつ,Ancient Magic Boots
カンフーガール衣装,Kung Fu Girl Costume
エルガドーラの水槽,Elgadora's Aquarium
猛将ギーグハンマー,Tyrant Clubber
キングスライム・強,Vicious King Slime
スターの足置き・赤,Red Star Footrest
バトエンマニアの机,Batoenmania Desk
コマンダーコート下,Commander Coat Bottom
魔犬レオパルドの像,Evil Sir Leopold Statue
ラベンダースズラン,Lavender Lily
スライムぬいぐるみ,Slime Plushie
トーマ青年の剣鞘付,Sword Sheathed Toma
古代オルセコの祭壇,Old Orseco Altar
コンシェルジュ１３,Concierge 13
ブレイブスラッシュ,Brave Slash
オブジェクト座標071,Object Coordinates 071
洋ナシのベッド・青,Green Pear Bed
夢のアクセサリー箱,Dream Accessory Box
ドワーフテーブル小,Dwarf Table S
レーナム緑野の木Ａ,Lenam Fields Tree A
ミイラエルフ人形女,Mummy Elf Doll (F)
妖精の女王ウィング,Fairy Queen Wings
ハクオウのこころ６,Hakuo's Heart Lv6
お姫様のタンス・橙,Princess Wardrobe
くらげドレスセット,Jellyfish Dress Set
アイスダンスグラブ,Ice Dance Gloves
ルークのピース・白,White Rook Piece
壁かけバラのリース,Rose Wall Wreath
ドワーフ作業ぼうし,Dwarf Work Hat
ディバイングリーブ,Divine Greaves
オブジェクト座標057,Object Coordinates 057
氷の領界のテーブル,Ice Realm Table
キャットキャンディ,Cat Lollipop
サバイバルボックス,Survival Box
サイドカープリズム,Sidecar Prism
若手芸人の服セット,Young Talent Outfit
まほうサークレット,Magic Circlet
オブジェクト座標137,Object Coordinates 137
プラコンドレス・青,Blue Dress
うんてんしこぺちゃ,Driver Kopecha
キュロン丘陵への道,Road to Kyuron Hills
壁かけＤＱⅩⅠの絵,DQⅩⅠ Painting
サーマリ高原の木Ａ,Samary Plateau Tree A
空が紅く染まるとき,When the Sky Turns Red
モザイクタイルの壁,Mosaic Tile Wall
苺お菓子の間仕切り,Berry Sweet Partition
スカラベキング・異,Anomalous Scarab King
ファラオ・カーメン,Pharaoh Khamun
忍びのマフラー・黄,Yellow Ninja Scarf
道具鍛冶職人の選択,A Toolsmith's Task
ミランのおまねキー,Milan's Copied Key
シュバルツシュルト,Schwarzchuld
凱歌のよろいセット,Valkyrie Armor Set
レンガのお屋敷の塀,Brick House Fence
ストリートシューズ,Street Shoes
古物研究家エンチェ,Antiquarian Anch
エルフ人形の作り方,Making Elf Dolls
パッチ柄ベッド・青,Blue Patch Bed
発信機イヤリング型,Earring Type Transmitter
オーシャンキャンプ,Ocean Camp
創失のゴレオン将軍,Goresham-Hogg
バトルマスターの証,Gladiator's Grant
スライムベストレイ,She-Slime Shield
おとぎの森カチーフ,Fairy Forest Kerchief
壁かけラウル肖像画,Rahul Portrait
紅爆の暴奏将モグド,Blast General Burrows
しぐさ書・究極呪文,Ultimate Spell Trick
メリクリギフト・紺,Navy Christmas Gift
創失の帝国兵・上官,Unperial Elite
ギュッとフランジュ,Frange Arm Doll
ゼニスブルーダリア,Zenith Blue Dahlia
ツリーハウスの外観,Treehouse Exterior
ウォルド地方　入口,Angelfall Region Entrance
おおきなリボン黒桃,Black/Pink Ribbon L
バブルスライム・強,Vicious Bubble Slime
討伐隊員ライヴァス,Strike Force Laivas
限定交換屋シュクル,Limited Exchange Shop Shukuru
第６回釣りコン・銀,6th Fish Contest Silver
２人のクライアント,Two Clients
あくまのムチの秘密,Demon's Whip Secret
ゴールデンゴーレム,Balhib
第２回カジノ祭・金,2nd Casino Fest Gold
ヘヴィーアーマー下,Heavy Armor Bottom
シスター・サレーマ,Sister Salema
純真天使のドレス下,Pure Angel Dress Bottom
ドルボードの残がい,Dolboard Remains
プラコン女ミイラ服,Women's Mummy Costume
くろがねのよろい上,Darksteel Cuirass
フリルのビキニ・赤,Red Frill Bikini
花菱模様のノンラー,Floral Pattern Non La
ビッグビッグハット,Giga Sham Hatwitch
こおりの杖のレシピ,Shiverstick Recipe
セルケトのブローチ,Serket's Brooch
バーストキャンディ,Burst Lollipop
ジェントルシューズ,Gentleman's Shoes
ボーガの盾（小盾）,Boga's Buckler
コマンダーコート上,Commander Coat Top
ダンシングライト青,Dancing Light (Blue)
チアガールシューズ,Cheerleader Shoes
キラーマシンヘルム,Killing Machine Helm
オブジェクト座標170,Object Coordinates 170
オブジェクト座標258,Object Coordinates 258
オブジェクト座標050,Object Coordinates 050
ベラのギフト引換券,Honey's Gift Voucher
アルカナ・セラピア,Arcana Serapia
リゼロッタトランプ,Lieselotte Cards
冥黒の悪夢将ルゲル,Nightmare General Rugel
ふたつ結びエクステ,Double Knot Extension
プラチナ鍛冶ハン小,Platinum Hammer S
護門将ゴウシルシャ,Protector General Goshylsa
スライムつむりの盾,Shell Slime Shield
マジカル姫ゆかた下,Magical Yukata Bottom
水着ふくびき挑戦券,Swimsuit Lottery Entry
オブジェクト座標121,Object Coordinates 121
おいしく焼きしめて,Deliciously Roasted
クレイジー・プック,Sick Satyr
アナザーハート・壱,Another Heart Ⅰ
常勝のよろいセット,Triumphant Armor Set
便せん屋メーキュル,Stationery Shop Mekyuru
マスター・ツェンケ,Guildmaster Zenke
エフェクト用ダミー,Dummy Effect
悪霊の神々強メダル,Apex Evil Trinity Medal
アマラーク城への道,Road to Amarak Castle
オブジェクト座標025,Object Coordinates 025
チェイサーレザー下,Chaser Leather Pants
バラレースふりそで,Rose Lace Furisode
ゲーミングネオン壁,Gaming Neon Wall
エピステルシャの像,Epistelsia Statue
ダークグレーの花束,Dark Gray Bouquet
ルイーダ酒場のラグ,Patty's Pub Rug
通常ドロップ率1.1倍,Normal Drop Rate 1.1x
血潮の浜辺への出口,Exit to Bloody Beach
か弱きスライムたち,Feeble Slime and co.
オブジェクト座標109,Object Coordinates 109
自由人の集落のイス,Freedom Village Chair
プラネタリウム・青,Blue Planetarium
エンゼルブーメラン,Angel Boomerang
ショップ店員セッカ,Shop Clerk Sekka
苺お菓子のキッチン,Berry Sweet Kitchen
星くずプレートの柱,Stardust Plate Pillar
第９回ファラスの像,9th Faras Statue
ピクニックヒューザ,Hyuza Picnic
タイフーンレザー上,Typhoon Leather Shirt
スマートローボード,Smart Lowboard
第７回釣りコン・銅,7th Fish Contest Bronze
冥炎翼マゥフラート,Mu'hraut, the Blazing
応援お願いします！,Help me please!
不滅のフォロボッソ,Tyrannosaurus Wrucks
ブラッディグローブ,Bloody Gloves
闘志に火をつけろ！,Fighting Spirit Ignited
七夕デート大作戦！,A Star Festival Date!
セラフィぬいぐるみ,Seraphi Plushie
オブジェクト座標177,Object Coordinates 177
ぬすっとウサギ・強,Vicious Robber Rabbit
しぐさ書・ムフフ本,Ogler's Digest
レトロなサングラス,Retro Sunglasses
プレゼントボックス,Present Box
カジノ祭３ビンゴ銀,CasinoFest 3 Bingo Slvr
せいどうのよろい上,Bronze Armor Top
メタスラの大剣の本,Metal Gooreatsword Book
エテーネ軍の兵士Ａ,Ethene Army Soldier A
しぐさ書・メタキン,Metal King Slime Trick
プラコンスーツ・紺,Navy Blue Suit
コロシアムバーガー,Coliseum Burger
ごうかなラグ中・赤,Red Fancy Rug M
プクリポの人形・男,Pukulipo Doll (M)
たけやりへいの陣笠,Bambooligan Helmet
ブレイブギフト・紫,Purple Brave Gift
キングスライムの像,King Slime Statue
デスマシーンコイン,Slaughtomaton Coin
緑花のフランベリー,Green Flanberry
くさった死体マスク,Walking Corpse Mask
初級・呪文錬金の本,Beginner Spell
三首海竜のタトゥー,Sea Serpent Tattoo
ハイビスコサージュ,Hibiscus Corsage
おもちゃのトンネル,Toy Tunnel
オブジェクト座標043,Object Coordinates 043
作業場・跡地　出口,Workshop - Ruins Exit
キュロン草園への道,Road to Kyurongrass Garden
シーザーレインボー,Rainbow Scissor
かーにばるこーでⅡ,Carnival Outfit Ⅱ
トレジャーチケット,Treasure Ticket
花柄モダンふりそで,Modern Floral Kimono
フラワーギフト券Ⅱ,Flower Gift Voucher Ⅱ
ダンシングライト緑,Dancing Light (Green)
輝けるつるぎの伝説,Shining Sword Legend
クラウンぬいぐるみ,Crown Plushie
勇者と盟友の肖像画,Hero and Ally Portrait
ハニーパーティー！,Honey Party!
思案の洞くつへの道,Road to Contemplating Cave
魔女グレイツェル強,Apex Gretzel
イナミノ街道の木Ｄ,Inamino Highway Tree D
カルサドラアックス,Calsadora Axe
バウギアベビーの像,Baby Earthwyrm Statue
デスマシーンカード,Slaughtomaton Card
奇跡の鍛冶ハンマー,Miracle Hammer
地脈の結晶のレシピ,Geode Crystal Recipe
エンシェントワンド,Olde-Worlde Staffe
プラコン・白い唐傘,White Paper Umbrella
シンプルモダンラグ,Simple Modern Rug
緑のキーエンブレム,Green Key Emblem
アーイシャの道具箱,Aisha's Toolbox
スウィートビキニ黒,Black Sweet Bikini
プリムリリーのくつ,Primlily's Shoes
ヴァルハラグローブ,Valhalla Gloves
キングリザード・強,Vicious Liege Lizard
ユシュカのこころ５,Yushka's Heart Lv5
フェンサーミサンガ,Fencing Bracelets
魔物管理人ミグニネ,Monster Manager Mignine
グリーターデーモン,Greeter Daemon
サマーソルトクロー,Flip 'n' Rip
闇芸人ルルルリーチ,Rululich
ファルコンウィング,Falcon Wing
ようこそ星明の宮へ,A Starlight Shrine Welcome
エテーネ軍の兵士Ｃ,Ethene Army Soldier C
聖湖ゼニートの小屋,Zenit Cabin
はがねのブーメラン,Soarin' Steel
カーニバルのアーチ,Carnival Arch
ビクトリーチップ菜,Vegetable Victory Chip
まことの美を求めて,In Search of True Beauty
ナチュラル間仕切り,Natural Partition
オブジェクト座標074,Object Coordinates 074
小悪魔王子の短パン,Devil Prince's Shorts
あらびあんいしょう,Arabian Outfit
エテーネのあいさつ,Ethene Greeting
カジノ祭５ビンゴ銀,CasinoFest 5 Bingo Slvr
切り替わり物干し台,Switchable Clothesline
とある天使の罪と罰,Sins of a Certain Angel
ナイトのピース・黒,Black Knight Piece
サニーアンクレット,Sunny Anklet
泡雪のコートセット,Light Snow Outfit
ルーンスタッフの本,Rune Staff Book
セラフィムプリズム,Seraph Prism
オブジェクト座標102,Object Coordinates 102
マタドールグローブ,Matador Gloves
オスクトルグローブ,Oscutor Gloves
武器防具屋マシスタ,Weapon & Armor Shop Masista
しぐさ書・ネオン紫,Neon Purple
飛竜のベストセット,Flying Dragon Outfit
しぐさ書・紅葉隠れ,Hidden in Leaves Trick
オブジェクト座標265,Object Coordinates 265
フェアリーウィング,Fairy Wings
ファンタスティック,Fantastick
イチゴヤドクガエル,Strawberry Poison Frog
パンプキンシューズ,Pumpkin Shoes
アンティーク風の柱,Antique Pillar
真・幻界諸侯コイン,True Dread Fiends Coin
預かり所カルバンク,Storage Calbank
アスバルぬいぐるみ,Asbal Plushie
オブジェクト座標162,Object Coordinates 162
チョッピ荒野の木Ｂ,Choppi Wilderness TreeB
朽ちた遺跡の家用柱,Ruin Pillar
ドルタムのこころ５,Doltam's Heart Lv5
ソノラのダークネス,Sonora's Darkness
ニニエルザドレス下,Ninierza Bottom Dress
ストームタルト・小,Small Storm Tart
サボテンダーコイン,Cactuar Coin
闇朱の破砕将ボーガ,Crimson General Boga
闇の大魔王ローブ下,Archfiend's Lower Robe
水色チューリップ傘,Blue Tulip Umbrella
護りの盾アンルシア,Protector Anlucia
第６回討伐ＴＡ・銅,6th Boss TA Bronze
マスカレイドマスク,Masquerade Mask
古レビュール街道南,Old Revule Highway South
黒衣の剣士のよろい,Dark Swordsman Armor
タウン案内係コポコ,Town Guide Copoco
おばけのいしょう２,Ghost Costume 2
ドン・モグーラの像,Don Mole Statue
森林警備隊の制服上,Forest Ranger Shirt
勇者姫アンルシア像,Anlucia Statue
デスディオ暗黒荒原,Deathdio Darklands
パパラチアプリズム,Padparadscha Prism
ストリートバンダナ,Street Bandana
オブジェクト座標275,Object Coordinates 275
ゴールデントーテム,Gem Jamboree
お魚と夏野菜の雑炊,Fish, Veggies, 'n' Rice
ブレイブマシュマロ,Brave Marshmallows
ヒューザのこころ９,Hyuza's Heart Lv9
きりさきピエロ・強,Vicious Prickly Prankster
第３回セラフィの像,3rd Seraphi Statue
清廉天使のスーツ上,Honest Angel Shirt
オブジェクト座標157,Object Coordinates 157
ユシュカのこころ２,Yushka's Heart Lv2
バズカフェのアイス,Pazu Cafe Ice Cream
ふわふわ雲プリズム,Fluffy Cloud Prism
オルクステラへの扉,Door to Orchesterra
ゴッドジャグリング,Jugglenaut
ゴールドマンＸ０号,Gold Golem X 0
地獄のトリコロール,Tricolor of Terror
ガナドールグローブ,Victor Bracers
オブジェクト座標081,Object Coordinates 081
マーメイドサンダル,Mermaid Sandals
エメラルドプリズム,Emerald Prism
水竜ギルギッシュ強,Apex Gilgish
マンドラゴラベレー,Mandragora Beret
ダークファンタズマ,Shadeshifter
岳都ガタラへの出口,Exit to Mount Gatara
ゴールデンライト青,Golden Light (Blue)
緑のほこらの洞くつ,Green Shrine Cave
カラミティドラゴン,Calamity Dragon
カンダタこぶんクー,Merry Man Ku
コンシェルジュ１４,Concierge 14
妖精図書館のはしご,Fairy Library Ladder
スクアーロの写真２,Squalo's 2nd Photo
プチエビプリカード,Frail Aamon Card
リボンヘッドドレス,Ribbon Headdress
星くずの灯ろう・紫,Purple Stardust Lantern
ハクオウのこころ７,Hakuo's Heart Lv7
レオーネのこころ６,Leone's Heart Lv6
マッドルーパー・強,Vicious Axolotl
中級・ＭＰ錬金の本,Intermediate MP
万魔の塔・四の災壇,Tower of Terror - 4th Platform
イブニングシューズ,Evening Shoes
ガイアファンタジア,Gaia Fantasia
自由なるラ・テート,La Tate, the Free
カラミティデーモン,Calamity Demon
ギンガムマフラー赤,Red Gingham Scarf
セクシーギフト・白,White Sexy Gift
ヘルヴェルトランプ,Helvel Cards
ダラズ採掘場への道,Road to Daraz Quarry
踊るマドハンド人形,Dancing Muddy Hand Doll
ゴールデンパペット,Gold-Plated Puppet
バタフライガウチョ,Butterfly Gauchos
プラコン・赤い唐傘,Red Paper Umbrella
ゴルフレディウェア,Golf Women's Wear
レンジャー協会支部,Ranger Association Branch
七夕の吹き流し・花,Paper Flower Streamers
郵便局員ポエーツォ,Postman Poezzo
しぐさ書・たこ焼き,Takoyaki
深翠のピラー・内部,Deep Green Pillar - Inside
オブジェクト座標231,Object Coordinates 231
スキマスぬいぐるみ,Skimas Plushie
プラネタリウム・黄,Yellow Planetarium
星座の導き・かに座,A Crabby Constellation
スチームカウンタ小,Steam Counter S
３連発花火・赤青緑,3 Fireworks RBG
オブジェクト座標158,Object Coordinates 158
ごうかなタンス・緑,Green Fancy Wardrobe
敵の動きを止めて！,Stop enemy movement!
ウェディテーブル小,Weddie Table S
リンクル地方の木Ａ,Wrinkle Region Tree A
旅のコンシェルジュ,Travel Concierge
オブジェクト座標230,Object Coordinates 230
庭用砂丘のオブジェ,Sand Dune Curio (G)
オブジェクト座標261,Object Coordinates 261
旅芸人ピュージュＧ,Minstrel Pyuju G
シールドこぞう・異,Anomalous Leery Lout
竜族人形男のライト,Nadravian Doll Light(M)
いたずらもぐら・強,Vicious Mischievous Mole
キラパン青プリズム,Blue Sabrecat Prism
トゥインクルツリー,Twinkle Tree
トランク型のタンス,Suitcase-Style Wardrobe
キナリ太猫カプセル,Fat Kinari Cat Toy
行動時10%早詠みの杖,Faster Caster On Action 10%
果てなき修練の末に,After Endless Training
プチドラゴンガイア,Frail Gaia Dragon
どうぐ射程距離延長,Item Range Boost
大怪傑の装束セット,Great Wonder Outfit
黄金のパラディン像,Golden Paladin Statue
いたスト・お店マス,Fortune Street - Shop
始源の歌姫の髪飾り,First Diva's Hairpin
ドルバイクプリズム,Dol-Bike Prism
じょうぶな木枠の柱,Solid Wood Frame Pillar
ドーナッツの浮き輪,Donut Floatie
ちいさなメダルの盾,Mini Medal Shield
ドルワームの紋章旗,Dolworm Banner
妖精のスイートピー,Faerie Sweet Pea
Ｖジャンプの仮面改,V Jump Mask v2
若手芸人のながぐつ,Young Talent Boots
花火交換屋ユリユリ,Fireworks Exchange Yuriyuri
アンルシアパラソル,Anlucia Umbrella
ふわふわふうせん青,Floating Blue Balloon
王宮の間仕切り・赤,Red Royal Partition
扉つきアーチ型の壁,Arched Wall with Door
ピクニックセラフィ,Seraphi Picnic
エージェントハット,Agent Hat
クリムゾングリーブ,Crimson Greaves
オブジェクト座標064,Object Coordinates 064
第１０回ナジーン像,10th Najinn Statue
月うさぎのブランコ,Moon Rabbit Swing
オブジェクト座標223,Object Coordinates 223
人面樹ぬいぐるみ小,Treeface Plushie S
不死の魔王ネロドス,Nerodos, the Immortal Demon King
シングルアンテナＢ,Single Antenna B
エルドナ神のリボン,Eldona's Ribbon
新春初ウリ冒険譚！,New Year First Adventure!
イナミノ街道の木Ｂ,Inamino Highway Tree B
中級・魔力錬金の本,Intermediate Mag. Power
ムニエカの町への道,Road to Munieka
オブジェクト座標122,Object Coordinates 122
ドレスアップ無料券,Free Dress-Up Ticket
黄昏導く魔杖の知識,Twilight Staff's Wisdom
ナスビぬいぐるみ小,Woebergine Plushie S
オブジェクト座標083,Object Coordinates 083
ＤＱⅧ主人公の衣装,DQⅧ Hero Costume
オブジェクト座標212,Object Coordinates 212
オブジェクト座標240,Object Coordinates 240
花束交換屋ププリン,Bouquet Shop Pupurin
しゅうえんのはしゃ,Champion's End
魔女の秘密テーブル,Witch's Secret Table
エピステーサ桃小花,Pink Epistesa Flowers
第１４回セラフィ像,14th Seraphi Statue
モダンバニーヘッド,Modern Bunny Ears
三姉妹の飛行船・桃,Pink 3 Sisters Blimp
オグチャビ像こげ茶,Olive Ogreed Chubby St.
バズカフェのソファ,Pazu Cafe Sofa
マポレーナプリズム,Genie Sanguini Prism
ピオラの杖の作り方,Rod of Rapidity Book
ヴァイパーグローブ,Viper Gloves
ハートのベンチ・桃,Pink Heart Bench
魔衛隊士のグリーブ,Demon Guard Greaves
トレジャーハント！,Treasure Hunt!
しぐさ書・ペンペン,Spank
演奏会２５夏視聴券,Summer Concert '25 Ticket
王さまのプレゼント,The King's Present
サボテンダーマスク,Cactuar Mask
プクリポテーブル大,Pukulipo Table L
さまようよろいの盾,Restless Armour Shield
キャロルじんべい下,Carol Jinbei Bottom
あやしいテーブル大,Suspicious Table L
赤眼のライノスブル,Red-eyed Rhinothrope
ギフト係リーフィー,Gift Clerk Leafy
三姉妹人形・庭用橙,Orange 3 Sis. Doll (G)
オブジェクト座標222,Object Coordinates 222
ゆめみの銅箱タンス,Dreamy Bronze Wardrobe
芯層・サフィア宙橋,Core Area - Sapphira Bridge
第５回釣りコン・銀,5th Fish Contest Silver
みかわしの服セット,Evasion Outfit
シルフウィング・桃,Pink Sylph Wings
スライムナイト帽子,Slime Knight Hat
異国の寺院のタイル,Exotic Temple Tile
なぞの魔狼カプセル,Mysterious Wolf Toy
ブレイズスカルゴン,Blazing Skelegon
管理タブレット中古,Used Management Tablet
しぐさ書・準備運動,Warm-up Exercise
おおきづちの像・庭,Hammerhood Statue (G)
光のフライパンの本,Light Frypan Book
オブジェクト座標066,Object Coordinates 066
機巧技師テキュノス,Engineer Tekyunos
しぐさ書・うなずく,Nod
チェックのイス・赤,Red Checkered Chair
クロッシュグローブ,Bell Gloves
サロン・フェリシア,Salon Felicia
スマイリー・キラー,Smiley Killer
スノーソンカプセル,Snowson Toy
隠者のサークレット,Hermit's Circlet
ラッキーキャンディ,Lucky Lollipop
オブジェクト座標138,Object Coordinates 138
カジノ祭６ビンゴ銅,CasinoFest 6 Bingo Bronze
じごくの弓の黙示録,Oh-No, An Apocalypse
ザ・ボーンズメダル,The Bones Medal
きまぐれカギしっぽ,Silly Cat Tail
レンダーヒルズ地区,Lender Hills District
タイタス号乗船パス,Titus Boarding Pass
栄光の騎士道指南書,Glorious Chivalry Guide
スライムタワー２段,Slime Stack Stage 2
月明かりは消えない,Moonlight Never Goes Out
モダンバニーフレア,Modern Bunny Skirt
ミツバチパーカー下,Honeybee Shorts
攻撃時10%暴走アップ,Haywire Up On Attack 10%
パピヨンソファ・幻,Phantom Papillon Sofa
きまぐれシマしっぽ,Silly Striped Tail
しぐさ書・お祝い黄,Celebrate Yellow
スラサポ屋スラベル,Slime Spirit Shop Slimebell
マイタウン浜辺地区,My Town Beach District
ディープギアハット,Deep Gear Hat
ゴローさんスリッパ,Goro Slippers
ボーンクラッシャー,Bonecrusher
プラコンぐるみ・黒,Black Clothing
メタスラのチェスト,Metal Slime Chest
ゼネシアのサンダル,Zenethia's Sandals
黒レザーのテーブル,Black Leather Table
ヒーリングドリーム,Healing Way
オブジェクト座標283,Object Coordinates 283
王宮のチェスト・赤,Red Royal Chest
パラソルスティック,Jolly Brolly
ピュアスノーの花束,Pure Snow Bouquet
クマリスぬいぐるみ,Kumaris Plushie
オブジェクト座標242,Object Coordinates 242
師団長の七つの教訓,Commander's Lessons
歌詠みのヘアバンド,Poet's Hairband
しっくいと木板の柱,Plaster & Wood Pillar
ハクオウのこころ２,Hakuo's Heart Lv2
タウン案内係カーサ,Town Guide Casa
キラークリムソード,Crimson Killing Sword
プラコンスーツ・白,White Suit
雪だるまスライダー,Snowman Slide
コンシェルジュ０８,Concierge 08
カジノ祭５ビンゴ金,CasinoFest 5 Bingo Gold
賢哲のころもセット,Wise Man Outfit
万魔の塔・二の災壇,Tower of Terror - 2nd Platform
ローラ姫のてぶくろ,Gwaelin's Gloves
ビルダーズブロック,Builders Block
第１１回パドレ像庭,11th Padre Statue (G)
フューチャースーツ,Future Suit
フリーズギフト・灰,Ash Freeze Gift
起源将ジェルザーク,Gelzark, General of Origin
贈り物購買員ヤッフ,Gift Supplier Yaffu
廃墟のドミネウス邸,Abandoned Domineus Mansion
荘厳な神殿の便せん,Majestic Abbey Paper
銀の錬金ランプの本,Silver Lamp Book
オブジェクト座標104,Object Coordinates 104
マリン調のチェスト,Marine Chest
宝珠のプチプチ香水,Jewel Perfume XS
奇跡の鍛冶ハンマ小,Miracle Hammer S
壁かけリベリオの絵,Purrgatroyd Portrait
ゴシック調のベンチ,Gothic Bench
カテドラル式加工法,Cathedral Style Process
キングスライムの盾,King Slime Shield
クマチャンキャップ,Beary Cute Cap
黄のキーエンブレム,Yellow Key Emblem
聖者のほういセット,Saint's Outfit
ハクオウのこころ３,Hakuo's Heart Lv3
オブジェクト座標129,Object Coordinates 129
ごうかなタンス・赤,Red Fancy Wardrobe
雪原のファーブーツ,Snowfield Fur Boots
朽ちた魔神兵の石像,Decayed Aztech Statue
ナブナブ大サーカス,Grand Nabbem Circus
福笑いのラグ・くち,Fukuwarai Mouth Rug
クラシカルトップス,Classical Top
オブジェクト座標009,Object Coordinates 009
ジェントルコート下,Gentleman's Pants
シルエット・DQ1欠番,Silhouette DQ1 Missing #
ゴールドマンＸ７号,Gold Golem X 7
ビクトリーチップ金,Gold Victory Chip
銀トラ太猫カプセル,Fat Silver Tabby Toy
グレイツェルチェア,Gretzel Chair
ビクトリーチップ刻,Time Victory Chip
しぐさ書・タロット,Tarot
エテーネ軍の兵士Ｂ,Ethene Army Soldier B
しぐさ書・ジュエル,Jewel Shower
防衛魔神兵０５２号,Aztech Guard No. 052
伝説の防具を求めて,Wish for Legendary Armor
ホタルビーの像・庭,Firefly Statue (G)
ヒッチハイクデビル,Hitchhike Devil
星花火モビール・庭,Star Fworks Mobile (G)
まもの導師グローブ,Monster Guru's Gloves
王宮のキッチン・青,Blue Royal Kitchen
スノー柄の便利な壁,Snow Pattern Wall
エンパイアブレード,Legate's Blade
スライムベス便せん,She-Slime Paper
ドワーフ市民うでわ,Dwarf Citizen Bangles
獄氷鬼フィルグレア,Icekeeper Filglare
モダンローズドレス,Modern Rose Dress
ダルメシアンのくつ,Dalmatian Shoes
ドレッシーサンダル,Dressy Sandals
手本書・お好み焼き,Pancake Manual
砂漠に甘～い新商品,Sweet New Dessert Product
森のこびとの切り株,Forest Dwarf Stump
グレイツェルソファ,Gretzel Sofa
ガートラント兵士Ａ,Gartlant Soldier A
王軍師のよろいの本,Royal Soldier Gear Book
パラディンのお仕事,Paladin's Work
ナドラガンドの混沌,Primordial Nadragand
アマラーク城　出口,Amarak Castle Exit
ダミーうでＥ００１,Dummy Hand E001
スカイブルーの花束,Sky Blue Bouquet
りんごあめプリズム,Candy Apple Prism
メス三毛猫スーツⅡ,Calico Cat Suit (F) Ⅱ
プラチナさいほ針小,Platinum Needle S
第１１回ファラス像,11th Faras Statue
原初の炎（ランプ）,Origin Flame (Lamp)
ケーキショーケース,Cake Showcase
スターリーステッキ,Starry Stick
炎帝のいくさ装束下,Fire God Pants
バトエンジャーの像,Batoenger Statue
妖精図書館の天球儀,Fairy Library Globe
いちばん星の贈り物,First Star's Gift
スライム柄彫刻の柱,Slime Carved Pillar
怨霊の憑いた戦士Ｂ,Warrior With a Grudge B
ハンマー屋トカチャ,Hammer Shop Tokacha
ゴールデンアロワナ,Golden Arowana
聖守護者ブーメラン,Sentinel's Boomerang
オブジェクト座標253,Object Coordinates 253
スマートな水着・赤,Red Smart Swimsuit
ノクゼリアステッキ,Noxeria Wand
ポンポンベタの置物,Pom Pom Betta Ornament
つっぱりウルフの像,Ruff Wolf Statue
住宅素材屋オダマキ,Housing Materials Odamaki
ドルワーム研究員服,Dolworm Research Suit
シエラ巡礼地への道,Road to Sierra Shrinelands
シスター・アーミャ,Sister Amya
王都キィンベルの机,Kimbel Desk
ハートのベンチ・黄,Yellow Heart Bench
死へと導く滅びの光,Dying Light Leads to Death
紫水晶のカウンタ小,Amethyst Counter S
オブジェクト座標015,Object Coordinates 015
小悪魔王子のマント,Devil Prince's Cloak
ハートガール兵隊服,Heart Soldier Uniform (F)
カジノ祭４ビンゴ金,CasinoFest 4 Bingo Gold
ぽっぷすたーせっと,Pop Star Outfit
うごくせきぞうの像,Living Statue Statue
ファルシオンクロー,Falchion Claw
若武者の甲冑セット,Young Warrior Armor Set
バトルドレスセット,Battle Outfit
しぐさ書・ブレイク,Break
シュメリアブラウス,Sumeria Blouse
七夕の職人道具絵巻,Festival Craftsman Book
家用チームフラッグ,Team Flag
鉄壁のよろいセット,Ironclad Armor Set
神技のベストセット,Divine Skill Outfit
うぇでぃんぐどれす,Wedding Dress
王国軍司令部の防具,Royal Army Armor
キングアックスの書,King Axe Book
わかめをたたえよ！,Praise the Seaweed!
たれ黒太猫カプセル,Fat Lazy Black Cat Toy
奇跡のフライパン小,Miracle Frypan S
アラモンドの案内板,Alamond Info Board
水底にたゆたうもの,Undersea Dwellers
マデュライトの延板,Darkonium Plate
グレーブルーマリー,Gray-Blue Marie
アマラーク城の壁改,Amarak Castle Wall
モザイクガラスの壁,Mosaic Glass Wall
プーちゃんふうせん,Pu Balloon
フラワースティック,Posey Pole
十周年大使サリベス,Anniversary Ambassador Sarybeth
バランスパスタ・小,Small Balance Pasta
天使人形ルーミリア,Angel Doll Lumeria
マジェスタグローブ,Majesta Gloves
小型の四角い水そう,Square Aquarium S
ギュメイ将軍コイン,Goresby-Purrvis Coin
王国軍司令部の緑扉,Royal Army Green Door
しぐさ書・お祝い青,Celebrate Blue
メレアーデパンプス,Mereade Heels
オブジェクト座標048,Object Coordinates 048
レモスラのランタン,Lemon Slime Lantern
厭悪のルベランギス,Ruberangis the Vile
第２回釣りコン・金,2nd Fish Contest Gold
ゼニアス調査録・銅,Bronze Zeniath Zoomer
ネタ「Ｘスライム」,X Slime Trick
ウィリーデシールド,Vilide Shield
スタジアムキャップ,Stadium Cap
プラコンスーツ・黒,Black Suit
お土産屋さんの縁台,Souvenir Shop Bench
打ち上げ柳花火・紫,Purple Willow Firework
ゼドラ王国服モブ８,Zedra Royal Clothes Mob 8
モダンバニータイツ,Modern Bunny Tights
預かり所アズッキュ,Storage Azukyu
パンジーのスカート,Pansy Skirt
ヴィスタリア姫の机,Princess Vistaria Desk
ギルガランのうでわ,Gilgaran's Bangles
クラゲの天井ライト,Jellyfish Ceiling Light
スイゼン湿原への道,Road to Suizen Marsh
紺碧のピラー・内部,Azure Pillar - Interior
りょうりにんめるる,Chef Merle
しぐさ書・ごきげん,Cheery
死闘！　山奥の秘湯,Struggle at the Springs
魔想念スコルパイド,Remnant of Scorpide
はいくらすいしょう,High Class Outfit
アッシュホーンの束,Mandrake Horn Bundle
ゴールドマンＸ８号,Gold Golem X 8
果たせなかった契り,Unfulfilled Promise
ナルビア宿屋のラグ,Nalbia Inn Rug
うさみみギフト・青,Blue Rabbit Ears Gift
まがんの杖の作り方,Making a Hocus Locus
スターリースタッフ,Starry Staff
管理タブレット新品,New Management Tablet
レインスカート・白,White Rain Skirt
迅雷のスーツセット,Thunderclap Set
アマラーク城のラグ,Amarak Castle Rug
ウィザード鏡台・黒,Black Wizard Vanity
フォーリオンの松明,Fourion Torch
リエーレの銃士服上,Lierre Musketeer Shirt
カラフル風船・赤黄,Red & Yellow Balloons
極天女帝の浮遊椅子,Sky Empress' Floating Chair
ゴルスラ会長の帽子,Chairman Gemsly Hat
青年貴族のコート上,Nobleman's Coat Top
エテーネルキューブ,Ethenel Cube
再しぐさ書・盆踊り,Bon Dance (Reprint)
白灰のピラー・内部,White Ash Pillar - Inside
紫色チューリップ傘,Purple Tulip Umbrella
たんすミミックの書,Wardrobe Mimic Book
ゼクレス城・宝物庫,Zechres Castle - Treasury
怨霊の憑いた戦士Ｃ,Warrior With a Grudge C
プラチナのやりの本,Platinum Lance Book
ゴローさん部屋着下,Goro Shorts
ウェスタンブラウス,Western Blouse
カイラム村長の手紙,Chief Kairam's Letter
カントリードレス下,Country Dress Bottom
施設案内係フッハパ,Facility Guide Huhapa
トンブレソンブレロ,Ham Shamwitch Sombrero
メタスラのキッチン,Metal Slime Kitchen
冒険ゼミ会員ベスコ,Adventurer Seminar Megoosa
スピリットフレイム,Spirit Flame
アズラン地方の木Ａ,Azlan Region Tree A
フォンデュフォーク,Fromage Fray Fork
ゴールデンライト紫,Golden Light (Purple)
飛竜の卵のスツール,Flying Dragon Egg Stool
ちっちゃな恋の物語,A Tale of Tiny Love
室内バズスイ掲示板,Indoor Pazu Sweets Board
三姉妹人形・庭用青,Blue 3 Sisters Doll (G)
グレンの歴史４７巻,Glen History Volume 47
四葉透かし細工の柱,Four-Leaf Pillar
デアダイアのかけら,Deadia Shard
ジア・ルミナのコア,Dia Lumina Core
レンジャー協会本部,Ranger Association HQ
フリルのビキニ・黄,Yellow Frill Bikini
セクシーギフト・桃,Pink Sexy Gift
オブジェクト座標263,Object Coordinates 263
マスターの一番弟子,Master's Top Disciple
クリムゾンメイル下,Crimson Mail Bottom
第１２回セラフィ像,12th Seraphi Statue
ペンシルフィッシュ,Pencil Fish
ごうかな食器棚・緑,Green Fancy Cupboard
伝説の勇者グローブ,Legendary Hero Gloves
パンジーのビスチェ,Pansy Bustier
ミューズ海岸への道,Road to Muse Coast
第１１回ケイト像庭,11th Kate Statue (G)
ダズの岩穴・大空洞,Daz Grotto - Caverns
魔法戦士団グローブ,Armamentalist Gloves
オブジェクト座標208,Object Coordinates 208
ディーバギフト・桃,Pink Diva Gift
錬金悪魔の言い伝え,Alchemy Demon Lore
ドワーフの人形・男,Dwarf Doll (M)
占い師ミネアの依頼,Help Fortune Teller Meena
第２回討伐ＴＡ・金,2nd Boss TA Gold
初級魔法戦士ベレー,Novice ARM Beret
はんじゅくスライム,Soft Boiled Slime
口調の書・甘えん坊,Tone Book - Spoiled
聖地パサラン団子山,Sacred Pasaran Dango Mountain
エッグの写真ケース,Egg Photo Case
上級・魔力錬金の本,Advanced Magic Power
カルベローナの記録,Sorceria's Records
メディカルデバイス,Medical Field
おでかけふくびき券,App Tombola Ticket
荒城の宝物殿への道,Path to Palace Treasury
ローガストの黄金像,Gold Logast Statue
レトロなテレビ欠番,Retro TV Missing
バルディア山岳地帯,Valdia Mountain Region
あやしいテーブル小,Suspicious Table S
カフェラウンジの家,Cafe Lounge House
オブジェクト座標090,Object Coordinates 090
シスター・クレセダ,Sister Creseda
ティルツキンの馬車,Tiltzkin's Wagon
演奏会２５冬視聴券,Winter Concert '25 Ticket
第９回討伐ＴＡ・銀,9th Boss TA Silver
ウルタのピアスの箱,Ulta Earrings Box
魔塔の鉄の間仕切り,Tower Iron Partition
ダークプラムの花束,Dark Plum Bouquet
森の水車小屋の壁改,Watermill Wall Decor
クールスターブーツ,Cool Star Boots
春祭り２６Ｄ２目録,Spring Fest '26 D2
バレンタインアーチ,Valentine's Arch
プクリポのあいさつ,Pukulipo Greeting
ユシュカぬいぐるみ,Yushka Plushie
しぐさ書・とまどう,Bewildered
（ラッキーフロア）, (Lucky Floor)
メレアーデのリボン,Mereade Ribbon
武勲の城の一輪挿し,Valor Castle Vase
獄辛党秘書ロシナゼ,Jail Knight Rozzinaze
白トラ太猫カプセル,Fat White Tabby Toy
おうち用地面のラグ,Ground Rug
スーパースターの証,Noscar
スクアーロの写真３,Squalo's 3rd Photo
ドベルニッチの写真,Dobernitch Photo
降魔のサークレット,Demonfel Circlet
アンルシア少女の剣,Anlucia Girl's Sword
古代オルセコの太鼓,Old Orseco Drum
肖像画「学究の徒」,"Academic" Portrait
魔物管理人シャウラ,Monster Manager Shaula
ウェディプランター,Weddie Planter
ランガーオ村の王者,Langao's Champion
スカーレットコート,Scarlet Coating
天の川モビール・青,Blue Milky Way Mobile
あまつちに雷鳴轟く,Thunder Rumbles in the Sky
陰陽博士のころも下,Yin-Yang Skirt
前座芸人のながぐつ,Show Opener's Boots
オブジェクト座標053,Object Coordinates 053
ドミネウスの回顧録,Domineus' Memoir
アズラン地方への道,Road to Azlan Region
三毛猫スーツ衣装券,Calico Cat Suit Voucher
オブジェクト座標080,Object Coordinates 080
ニヒルなサングラス,Nihilistic Sunglasses
プラコンシェルジュ,Private Concierge
シェイクギフト・黄,Yellow Shake Gift
黄チェックの便せん,Yellow Checkered Paper
幻界の四諸侯練習札,Dread Fiends Tag
第９回ハクオウの像,9th Hakuo Statue
フューチャーハット,Future Hat
カジノ祭６ビンゴ金,CasinoFest 6 Bingo Gold
カジノ祭３ビンゴ銅,CasinoFest 3 Bingo Brnz
エフェクトダミー傘,Umbrella Effect
シルエットブレンダ,Silhouette Brenda
じごくのネギボーズ,Brimstone Bud
スノースターグラブ,Snowstar Gloves
レグナードの黄金像,Gold Regnad Statue
オブジェクト座標195,Object Coordinates 195
ゴールデンディスコ,Golden Disco
ごうかなラグ大・緑,Green Fancy Rug L
オブジェクト座標091,Object Coordinates 091
エンペラーレグホン,Longhorn Leghorn
メレアーデの便せん,Mereade Paper
あくま神官の像・庭,Wrecktor Statue (G)
ヘイズバットの分身,Avatar of Haze Bat
クローバープリズム,Clover Prism
ヴァンガードグラブ,Vanguard Gloves
黄金のペンプリズム,Golden Pen Prism
お花畑の庭用ベッド,Flower Field Bed (G)
ごーれむのきぐるみ,Golem Costume
踊魔の霊符・花嫁翠,Green Dancer Talisman
青いビーチパラソル,Blue Beach Umbrella
まじないしターバン,Fizzle-Proof Turban
白色チューリップ傘,White Tulip Umbrella
シャボン玉の花かご,Bubble Flower Basket
帝国技術庁のチェア,Endeavors Chair
ビクトリーチップ王,King Victory Chip
メネトの資材置き場,Menet Depository
ディカス団長のメモ,Commander Dicus' Note
ヨンゲ所長の指針書,Director Yong's Guidebook
ふわあまアーモンド,Soft Almond
キラパンぬいぐるみ,Sabrecat Plushie
メタル天馬プリズム,Metal Tantamount Prism
ドレッシーサマー上,Dressy Summer Top
お祭りやぐら館の塀,Festival Fence
グレイスフルブーツ,Graceful Boots
ぱぱるたうんてんし,Driver Papalta
深い森の修道院の塀,Monastery Fence
ぷりんすたきしーど,Prince Tuxedo
モダンバニーのくつ,Modern Bunny Shoes
若手芸人のてぶくろ,Young Talent Gloves
新作家具屋ファーニ,New Indoor Furniture Shop Fanny
朽ちた遺跡のアーチ,Ruin Arch
しぐさ書・だいこん,Radish
竜族人形女のライト,Nadravian Doll Light(F)
ＤＱⅩⅠ主人公の像,DQⅩⅠ Hero Statue
しぐさ書・ネオン青,Neon Blue
エイルのスティック,Eir's Wand
オブジェクト座標176,Object Coordinates 176
赤点はもうヤバい！,Failing Marks are Bad!
旅芸人ピュージュＦ,Minstrel Pyuju F
アイスブルーの染料,Ice Blue Dye
黄金のピラー・内部,Golden Pillar - Interior
シスター・アニッタ,Sister Anitta
ゼレスタイトの大盾,Celestite Greatshield
きじゅつしのブーツ,Illusionist's Boots
ステージジャンパー,Stage Jumper
北の空き家・地下室,Vacant House - Basement
ベラストル家の彫像,Belastre Sculpture
ぬいぐるみを買いに,To Buy a Plushie
ジア・ルミナの背景,Dia Lumina
パラディノアックス,Paladinsaurus Axe
カルサドラキャンプ,Calsadora Camp
ルーミリアトランプ,Lumeria Cards
セピアの魔勇者人形,Sepia Evil Hero Doll
タンブラーバンダナ,Tumbler Bandana
ビビッド・グリーン,Vivid Green
第９回釣りコン・銅,9th Fish Contest Bronze
ごうかなベッド・赤,Red Fancy Bed
叡聖のサークレット,Profound Circlet
ライバルズトランプ,Rivals Cards
ピンクローズのタネ,Pink Rose Seed
領界調査バインダー,Realm Survey Binder
ブレイブギフト・黒,Black Brave Gift
デュアルブレイカー,Double Down
支援魔神機０２１号,Aztech Support Mech No. 021
砂海のころもセット,Sand Sea Outfit
偽ひとくいサーベル,Fake Erazor Blade
ランプ素材屋ナディ,Lamp Materials Nadi
背離する魔幻の血統,Separation Phantom Family
バズスイーツカフェ,Pazu Sweets Cafe
英雄の武勲を探して,Looking for Hero's Service
ブルーハワイかき氷,Blue Hawaii Shaved Ice
水流光の羽プリズム,Waterflow Feather Prism
王太后の部屋のカギ,Queen's Room Key
しのギフトボックス,Death Gift Box
エステラのこころ５,Estella's Heart Lv5
スピリットブラスト,Spiritual Surge
ゆらゆら牛さん・黄,Yellow Rocking Ox
ハチワレ猫カプセル,Tuxedo Cat Toy
北の渡し守ギマール,North Ferryman Guimard
さんぞくウルフ・強,Vicious Ruff Ruffian
ゲフェンダイトの袋,Gefendite Sack
キュートなイヌミミ,Cute Dog Ears
第１回カジノ祭・銀,1st Casino Fest Silver
ダークポイックリン,Dark Poiclin
メギドロームの手下,Megidrome Henchman
マイタウン未開地区,My Town Savage District
宇宙船アルウェーン,Spacecraft Alweyn
ハンディキャンドル,Handy Candle
３連発花火・青緑赤,3 Fireworks BGR
コルット地方への道,Road to Colt Region
輝きの草原への出口,Exit to Shining Meadow
ハートボーイ兵隊服,Heart Soldier Uniform (M)
空飛ぶ円盤プリズム,Flying Saucer Prism
ゼネシアの神獣たち,Servants of Zenethia
オブジェクト座標257,Object Coordinates 257
たそがれの寄木の壁,Twilight Wooden Wall
オブジェクト座標286,Object Coordinates 286
メカニックスーツ上,Mechanic Suit Top
大審判の絶壁への道,Road to the Judgment Cliffs
フウラの肖像画・庭,Fuura Portrait (G)
オブジェクト座標229,Object Coordinates 229
イケてる歌詞カード,Cool Lyrics Card
虹色のパーカー水着,Rainbow Hoodie Swimsuit
ウサギ魔物の装束下,Rabbit Monster Skirt
コンシェルジュ１２,Concierge 12
ブラッドヒストリー,Barbarous History
プティダストンの像,Teeny Duston Statue
はぐれメタル浮き輪,Liquid Metal Floatie
ダイナースニーカー,Diner Sneakers
レーナム緑野の木Ｂ,Lenam Fields Tree B
黄昏のデスマスター,Twilight Death Master
タロットパック・紫,Purple Tarot Pack
裁縫素材屋フレーツ,Sewing Materials Frets
オブジェクト座標193,Object Coordinates 193
かまいたちプリズム,Cyclown Prism
アシュレイフェイク,Ashley Fake
メリクリギフト・赤,Red Christmas Gift
ウェディテーブル大,Weddie Table L
マリン調のバスタブ,Marine Bathtub
メタッピーのこころ,Mecha-Mynah Heart
攻撃時10%で魔導の書,Ailment Almanac Attack 10%
シスター・デリアン,Sister Derian
ギンガムマフラー黒,Black Gingham Scarf
追憶の武器鍛冶職人,Weaponsmith of Remembrance
セオドルトの指令書,Theodort's Directive
童話の街並みの門柱,Fairy-Tale Gatepost
バトマスアーマー下,Gladiator Leggings
ハイキングパーカー,Hiking Parka
魔幻園マデッサンス,Universagora Studios
魔のギフトボックス,Demon Gift Box
ゼドラ王国服モブ２,Zedra Royal Clothes Mob 2
げんぶの道着セット,Black Turtle Outfit
愛と信頼の預かり所,Love and Trust Depository
ヴァンガードブーツ,Vanguard Boots
スタンドマイク・庭,Microphone Stand (G)
お姫様オーブン・桃,Pink Princess Oven
パンツドレスギフト,Pantdress Gift
ドラゴンソルジャー,Tyrantosaurus
幻想画「一期一会」,"Once-in-a-Lifetime"
おみくじボックスⅢ,Fortune Box Ⅲ
スライムナイトの像,Slime Knight Statue
光飾りタイルのイス,Light Tile Chair
炎の領界の植物・大,Fire Realm Plant L
ドルタムのこころ９,Doltam's Heart Lv9
ディバインメイル下,Divine Mail Bottom
第１回釣りコン・銅,1st Fish Contest Bronze
かがやく星の贈り物,Shining Star's Gift
クーちゃんふうせん,Ku Balloon
キャロル姫ゆかた下,Carol Yukata Bottom
感謝を求める者たち,Those Who Seek Gratitude
しぐさ書・お祝い緑,Celebrate Green
学園女子のジャージ,Schoolgirl Jersey
フォーリオンのラグ,Fourion Rug
ノコギリエイソード,Sawfish Sword
第８回討伐ＴＡ・金,8th Boss TA Gold
しぐさ書・ネオン緑,Neon Green
オブジェクト座標073,Object Coordinates 073
銀甲の崩撃将ダバム,Silver General Dabam
蒼天のソウラ２印章,Souten no Soura 2 Stamps
オニキスの魔剣の本,Hooked on Onyx
匠のチャーハン・小,Small Fried Rice
防衛魔神兵０５４号,Aztech Guard No. 054
ガズバランのしるし,Gazbalan Badge
ホーリークリスタル,Holy Crystal
魔法使いの服セット,Mage Outfit
郵便局員ブリッシュ,Postman Blish
オブジェクト座標197,Object Coordinates 197
おぞましき呪いの絵,Dreadful Cursed Drawing
ウェスタンスパッツ,Western Spats
室内お菓子の自販機,Indoor Snack Machine
暗黒皇帝ガナサダイ,King Godwyn
氷の魔王イヤリング,Ice Demon Earrings
超合金キラーマシン,Killing Machine Toy
ストーンマンのツボ,Stone Golem Pot
踊り神ボニータ右羽,Dance God Bonita Right Wing
創失のガナン帝国城,Gittingham Palace
黄色チューリップ傘,Yellow Tulip Umbrella
アイスブルーの花束,Ice Blue Bouquet
ミスティカルソーン,Spirithorn Whip
ピケリボンバンドＮ,Pique Ribbon Band N
ハスの花ランプ・緑,Green Lotus Lamp
オブジェクト座標221,Object Coordinates 221
シュバリエグリーブ,Chevalier Greaves
ゴスバニーモノクル,Goth Bunny Monocle
スライダークコイン,Nemeslime Coin
聖湖ゼニートの噴水,Zenit Fountain
強毒性ザラキール液,Toxic Zaraquil Liquid
郵便局員ジョレミー,Postman Joremy
アンティーク風の壁,Antique Wall
おうち用水辺のラグ,Waterside Rug
第８回釣りコン・銀,8th Fish Contest Silver
ギーグハンマー・狂,Mad Giga Clubber
サラムのブーメラン,Salam's Boomerang
７ｍｖウェディー女,7mv Weddie Woman
全職こうげき魔力 +5,Natural Magical Might +5
ガタラ原野への出口,Exit to Gatara Fields
攻撃時25%バイキルト,Oomphle On Attack 25%
スパングルパンプス,Spangled Heels
メタルたちきりバチ,Metal Buzzbee
メタリオンブレード,Metallek Blade
サフィア宙橋への扉,Door to Saphia Bridge
木目宝箱のチェスト,Wooden Treasure Chest
ゴールドマンＸ６号,Gold Golem X 6
マダムの店のチェア,Madame's Shop Chair
ファーラット浮き輪,Feralball Floatie
ネオン・縦メーター,Neon Vertical Meter
ヴァイパーファング,Cobra Strike
しりょうのきし・異,Anomalous Skeleton Soldier
シスター・アナベル,Sister Annabel
ドラゴンスティック,Wyvern Wand
彩虹の死剣将グロズ,Rainbow General Glooze
回転木馬のモビール,Carousel Mobile
イレイザーＧｅ５０,Eraser GE50
第９回討伐ＴＡ・銅,9th Boss TA Bronze
オブジェクト座標200,Object Coordinates 200
ミシュアの服上・真,True Mishua Dress Top
蘇りし怪蟲アラグネ,Risen Araniad
冒険者たちのきせき,Adventurer's Miracle
ハイクラスシューズ,High Class Shoes
第８回ラウルの像庭,8th Rahul Statue (G)
クイーン釜プリズム,Queen Pot Prism
まもりのペンダント,Adamant Pendant
シスター・ゼレニナ,Sister Zelenina
ロッキンマートの塀,Rockin' Mart Fence
最新の混乱封印対策,Chaos Sealing Measures
暁天竜ランビリズマ,Lanbelysma, Dragon of Dawn
書斎の筆記具セット,Study Writing Set
大魔王マデサゴーラ,Demon Lord Madesagora
ケミカルポップ鏡台,Chemical Pop Vanity
領界調査員モフテカ,Realm Detective Mofteka
じゃんぼりぃの帽子,Janbori's Hat
オブジェクト座標259,Object Coordinates 259
ラダトームグローブ,Tantegel Gloves
プラコン男オバケ服,Men's Ghost Costume
住宅素材屋ノーニャ,Housing Materials Nonya
ゴシック調のタンス,Gothic Wardrobe
光の鍛冶ハンマー小,Light Hammer S
ドラグーンメイル下,Dragoon Mail Bottom
シスター・ファンナ,Sister Fanna
しぐさ書・勉強する,Study
作りかけぬいぐるみ,Unfinished Plushie
ギュメイ将軍の太刀,Goresby-Purrvis' Sword
ピクニッククロニコ,Chronico Picnic
花狩人のころも・黄,Yellow Flower Hunter Outfit
ランプ錬金のうでわ,Lamp Alchemist's Cuffs
こうげきクリスタル,Attack Crystal
サーペントウィップ,Serpent Whip
自由人の集落への道,Road to Freedom Village
ジアクト軍の飛行艇,Dia Kut Army Airship
マジェスタスーツ下,Majesta Pants
暗黒の魔人強メダル,Apex Ruin Medal
ウサギ魔物のブーツ,Rabbit Monster Boots
ブラッディグリーブ,Bloody Greaves
フォーリオンへの扉,Gate to Fourion
ヴァンガード冒険譚,Vanguard Adventure Tale
ドラゴンゾンビの像,Dragon Zombie Statue
アンクのイヤリング,Ankh Earrings
ハートの兵隊ぼうし,Heart Soldier Hat
メリクリギフト・白,White Christmas Gift
妖精の女王のブレス,Fairy Queen Bracelets
追加クエダミー１０,not used
チェックのラグ・赤,Red Checkered Rug
エボル・クリスタル,Evol Crystal
パピヨンドーム・夢,Dream Papillon Dome
グレースギフト・赤,Red Grace Gift
万魔の大紋章の破片,Terror Sigil Shard
ウサぐるみ衣装券Ⅱ,Rabbit Costume Ticket Ⅱ
黒ねこシャンデリア,Black Cat Chandelier
第２回ヒューザの像,2nd Hyuza Statue
謎の生き人形の写真,Mystery Lively Doll Photo
砂の都ファラザード,Farazard
オブジェクト座標269,Object Coordinates 269
プラコンドレス・桃,Pink Dress
レアドロップ率1.1倍,Rare Drop Rate 1.1x
星座の導き・いて座,Star Guide・Sagittarius
第８回ナラジアの像,8th Narasia Statue
オブジェクト座標279,Object Coordinates 279
まけんしのレイピア,Fizzle Foil
プチバラモスブロス,Frail Soul of Baramos
魔法使いマーガリン,Mage Margarine
真・オノむそう・改,Axes of True Evil+
ワンダラーズマント,Wanderers Mantle
はいたついんまずる,Deliverer Mazur
ドワーフ市民ぼうし,Dwarf Citizen Hat
しぐさ書・ぞうきん,Cleaning Cloth
銀の鍛冶ハンマー小,Silver Hammer S
ガルドドンの黄金像,Gold Gardodon Statue
キラージャグリング,Have a Ball
カンフーのおだんご,Kung Fu Hair Buns
マスタースラックス,Master Slacks
降魔のよろいセット,Demonfel Armor Set
五線譜アーチネオン,Musical Neon Arch
しぐさ書・オカリナ,Ocarina
黄金の飾りハンマー,Ornamental Hammer
バタフライチュチュ,Butterfly Tutu
持ち主不明のチョコ,Unclaimed Chocolate
オブジェクト座標169,Object Coordinates 169
レインスカート・青,Blue Rain Skirt
妖精の女王ドレス上,Fairy Queen Upper Dress
ノクゼリアショット,Noxeria Bow
警備魔神兵０４５号,Aztech Guard No. 045
ごうかな花びん・赤,Red Fancy Vase
ハクオウのこころ５,Hakuo's Heart Lv5
オブジェクト座標268,Object Coordinates 268
メタリオンシールド,Metallek Shield
川辺の休憩所への道,Path to Riverside Rest Area
エルドナ神のぞうり,Eldona's Sandals
カーズ・ド・バニー,Cars de Bunny
ヒロイックウィッグ,Heroic Wig
セクシーブロマイド,Sexy Bromide
オブジェクト座標191,Object Coordinates 191
茶柴ピュアカプセル,Pure Brown Shiba Toy
シックゴスドレス上,Chic Goth Dress Top
プラチナ木工刀の本,Platinum Slick Book
花咲く一軒家の蝶々,Bloom House Butterflies
ボルネア山への出口,Exit to Bornea Mountain
チャージタイム回復,Charge Time Recovery
夢のスティック物語,Fantastick Story
ガウシア樹海への道,Road to Gaussia Woodlands
オブジェクト座標144,Object Coordinates 144
アノマロカリサイス,Anomalocaris Scythe
ホットな海パン・黒,Black Hot Trunks
グリーンシザー・強,Vicious Green Scissors
表層・サフィア宙橋,Surface - Sapphira Bridge
キラーアーマー・祖,Ancestral Lethal Armour
わだつみのころも下,Ocean Lord's Lower Robe
セクシーギフト・紺,Blue Sexy Gift
おどるほうせきの書,Goodybag Book
純真天使のドレス上,Pure Angel Dress Top
ぬいぐるみ屋ビスカ,Plushie Shop Bisca
四角型のトピアリー,Square Topiary
エテーネルキュルル,Ethenel Kyururu
バトエンファイター,Batoen Fighter
東洋風透かし窓・雅,Chic Orient Window
古代王族のボトムス,Ancient Royal Bottoms
マスターの悩みの種,Master's Source of Worry
女性白波柄のゆかた,White Wave Yukata (F)
アームライオン・強,Vicious Hellion
機巧研究所の設計図,Mechanica Blueprint
ガーデンスーツ衣装,Garden Suit Outfit
しましまマフラー赤,Red Striped Scarf
プチドン・モグーラ,Frail Don Mole
シュバリエグローブ,Chevalier Gloves
ふわふわ小麦のタネ,Wondrous Wheat Seed
ショップ店員ハピプ,Shop Clerk Hapipu
吊るし潜水艦ライト,Submarine Hanging Light
祭具・星々の衣折紙,Starry Robe Origami
強化ガジェット零式,Enhanceinator 5000
お菓子の国のお化け,Candy Country Ghost
ヤマネコヘアバンド,Wildcat Hairband
マイタウン雪原地区,My Town Snow District
おまじない師プポペ,Charmer Pupope
魔瘴竜ジャオマンダ,Jaomanda, Dragon of Miasma
ローラ姫のドレス上,Gwaelin's Dress Top
キーたんぬいぐるみ,Keytan Plushie
マスターを目指す者,One Who Aims to be Master
砂塵の幻馬プリズム,Phantom Horse Prism
しぐさ書・聞かざる,Don't Listen
レクタリスのころも,Lectalis' Robe
室内ダストボックス,Indoor Trash Can
ギュッとおねむキュ,Sleepy Kyururu Arm Doll
ゴールドマンＸ９号,Gold Golem X 9
ウィザード鏡台・白,White Wizard Vanity
アンルシアの便せん,Anlucia Paper
森の水車小屋の衝立,Watermill Screen
ディエゴぬいぐるみ,Diego Plushie
アルゴンキッズの像,Argon Fry Statue
第４回釣りコン・金,4th Fish Contest Gold
シーグリーンダリア,Sea Green Dahlia
マルコの錬金ランプ,Marco's Alchemy Lamp
第４回討伐ＴＡ・銅,4th Boss TA Bronze
第１回カジノ祭・銅,1st Casino Fest Bronze
色変わり三角ライト,Triangle Light
パピヨンポスト・幻,Phantom Papillon Mailbox
ディープギアマスク,Deep Gear Mask
ハイネックセーター,High-Necked Sweater
きのこ村のエプロン,Shroom Village Apron
ダークブルーダリア,Dark Blue Dahlia
故郷は遠きにありて,My Hometown is Far Away
ドワーフ作業前かけ,Dwarf Work Apron
スノースターブーツ,Snowstar Boots
ブラックタキシード,Black Tuxedo
イナミノ街道への道,Road to Inamino Highway
預かり所ガスティン,Storage Gastin
うさみみソルジャー,Rabbit Soldier
トランプジョーカー,Card Joker
つむじ風エフェクト,Whirlwind Effect
セイレーンパレオ下,Siren's Pareo Bottom
しぐさ書・おそなえ,Offering
娯楽島ラッカラン駅,Luckland Island Station
はじめての防具鍛冶,Amateur Armorsmithing
ランニャーカプセル,Scram Toy
ファンキータイツ下,Funky Tights
オブジェクト座標052,Object Coordinates 052
ディバインメイル上,Divine Mail Top
蝶とレースの便せん,Butterfly & Lace Paper
第９回ラウルの像庭,9th Rahul Statue (G)
アクアマリンの花束,Aqua Bouquet
うさみみギフト・白,White Rabbit Ears Gift
星座の導き・やぎ座,Star Guide・Capricorn
ダックスビル浮き輪,Splatypunk Floatie
スラタワーステッキ,Slime Stack Stick
ノクゼリアブレード,Noxeria Blade
おもちゃの四角い家,Toy Square House
オブジェクト座標213,Object Coordinates 213
しぐさ書・スマイル,Best Smile
亡き王に手向ける花,Flowers for the Late King
チョコレートの花束,Chocolate Bouquet
タウン案内係ヴィラ,Town Guide Vira
オブジェクト座標238,Object Coordinates 238
ふわふわトラちゃん,Floaty Traeie
ナルビア武器屋の槍,Nalbia Shop Spear
タータンマフラー紺,Navy Tartan Scarf
ドラゴンキッズの書,Small Fry Book
アナザーハート・弐,Another Heart Ⅱ
ハングリーハンター,Hungry Hunter
パレードコステイロ,Mardi Garb Feathers
どうぐ使いグローブ,Item Master Gloves
ボーライドスピアー,Bolide Spear
護りの盾のグローブ,Gloves of Protection
オブジェクト座標024,Object Coordinates 024
いざ　ドラゴラム！,Now, Puff!
労働魔神機０３４号,Aztech Labor Mech No. 034
天ツ風の原への出口,Exit to Howling Highlands
３９ドラクエレンズ,DQ 39th Lens
バスルームのチェア,Bathroom Chair
虹のフェザーチップ,Rainbow Feather Chip
ザンクローネチェア,Zankrone Chair
蚊帳つきフトン・紫,Purple Futon with Net
あぶない忍びマスク,Daring Ninja Mask
古代武器図説・杖編,Book of Ancient Staves
プチアーノン釣り傘,Khalamari Kid Umbrella
マタドールスーツ下,Matador Suit Bottom
にじいろフィッシュ,Threadfin Rainbowfish
しぐさ書・グレドラ,Great Dragon Trick
さまようよろい・強,Vicious Restless Armour
なげきムーングラス,Mourning Moon Glasses
旅人の愛馬プリズム,Traveler's Horse Prism
メタル出現率アップ,Metal Encounter Boost
ＤＱＸショップ印章,DQX Shop Stamps
強・ボーンズメダル,Apex Bones Medal
王宮魔術師ローブ下,Royal Mage Lower Robe
代理人レレッポの像,Agent Releppo Statue
異界魔エボルキング,Evolking, the Unworldly
しゃしょうぷぷると,Conductor Puprut
聖湖ゼニートの本棚,Zenith Bookshelf
オーガ人形の作り方,Making Ogre Dolls
冥王ネルゲルチェア,Nergel Chair
幻想画「一喜一憂」,"Highs and Lows"
七夕の鍛冶ハンマー,Star Festival Hammer
お菓子の国のライト,Candy Country Light
星辰武王の最終試練,Star Warrior's Last Trial
レンジャーコート下,Ranger Coat Bottom
プリンスタキシード,Prince Tuxedo
朽ちた遺跡の庭用壁,Ruin Wall (G)
しぐさ書・みちくさ,Detour
聖騎士のよろいの書,Holy Knight Armor Book
背くらべの落書き柱,Height Marked Pillar
マジカルスティック,Pixie Stick
花婿のサークレット,Groom's Circlet
カンフージャケット,Kung Fu Jacket
プチグラコスカード,Frail Gracos Card
グランミュージアム,Grand Museum
果てなき夢の芸人道,Dream of Entertaining
マジカルギフト・黒,Black Magical Gift
氷の領界の氷ソファ,Ice Realm Sofa
タービア草原への道,Road to Turbia Meadows
フューチャーブーツ,Future Boots
強戦士の聖域・前室,Book of Bosses - Lobby
ヴィーラのころも下,Vila's Garment Bottom
オブジェクト座標115,Object Coordinates 115
マーメイドオブジェ,Mermaid Curio
オブジェクト座標062,Object Coordinates 062
さざなみギフト・赤,Red Ripples Gift
ウサギ魔物の装束上,Rabbit Monster Shirt
届け！　ありがとう,Thanks for Delivery!
フューチャーグラブ,Future Gloves
しぐさ書・トランプ,Cards
きぬのローブセット,Silk Outfit
モノクロームナイト,Monochromour
第８回討伐ＴＡ・銅,8th Boss TA Bronze
キングエレファント,Elephant King
ひかりのタクトの本,Glow Stick Book
神兵ダインヘルヤル,Dainherjar
ライノス・ルージュ,Rouge Rhino
クリスティーヌ先生,Master Christine
しょうじょたんてい,Girl Sleuth
第５回討伐ＴＡ・銀,5th Boss TA Silver
ドワーフテーブル大,Dwarf Table L
イグナイトメイル下,Ignite Mail Bottom
第３回カジノ祭・金,3rd Casino Fest Gold
小さな英雄グローブ,Little Hero's Gloves
ピケモコソックスＰ,Pique Socks P
マスク・ド・ブギー,Mask de Boogie
第１１回ヒューザ像,11th Hyuza Statue
異界獣ヘイズバット,Haze Bat, the Otherworldly
エトワールコート下,Etoile Coat Bottom
スライムの間仕切り,Slime Partition
第１回討伐ＴＡ・金,1st Boss TA Gold
レジェンズシールド,Legends Shield
タコメットの釣り傘,Octopot Umbrella
究極邪教司祭カード,Ultimate Aamon Card
メラゾーマやきそば,Kafrizz Fried Noodles
ドルタムのこころ７,Doltam's Heart Lv7
鳥かごのポスト・黄,Yellow Birdcage Mailbox
果ての大地ゼニアス,Zeniath
ハクオウのこころ１,Hakuo's Heart Lv1
サンタガールブーツ,Santa Girl Boots
ゆめにゅうどうの枕,Napir's Pillow
輝け！　メダライト,Shine On! Medalite
オブジェクト座標179,Object Coordinates 179
燃えるロマンの宝石,Jewel of Burning Romance
ランドンクーンの像,Landon Coon Statue
バンデッドグローブ,Brigand's Mitts
しっこくのターバン,Macabre Turban
ごうかな飾り棚・緑,Green Fancy Shelf
Ｎ高女子のスカート,N High Girl's Skirt
オブジェクト座標094,Object Coordinates 094
マダム・フェリシア,Madame Felicia
Ｓジェネラルコイン,Shogum Coin
ファーラットのツボ,Feralball Pot
バナナのソファ・青,Green Banana Sofa
再しぐさ書・ピース,Peace Sign (Reprint)
メタリオンウィップ,Metallek Whip
フローラルダンディ,Floral Dandy
クルーガースーツ上,Kluger Shirt
キャプテングローブ,Captain's Gloves
動くアンルシア印章,Animated Anlucia Stamps
ティンクルカプセル,Tinkle Toy
花狩人のころも・青,Blue Flower Hunter Outfit
グレースギフト・緑,Green Grace Gift
祭具・星天の衣折紙,Starry Sky Robe Origami
伝説の勇者ウィッグ,Legendary Hero Wig
ゴールドニャンの像,Gold Cat Statue
ダルメシアン衣装券,Dalmatian Outfit Voucher
南国の釣りざお・炎,Fire Tropic Fishing Rod
オブジェクト座標287,Object Coordinates 287
チョッピ荒野の木Ｃ,Choppi Wilderness TreeC
ポールスターボトム,North Star Pants
エルドナ神の紐飾り,Eldona's String Decor
トライデントテイル,Triple-Tine Whip
ライトニングシール,Lightning Sticker
真のパラディンとは,A True Paladin Is...
攻撃時に雷耐性低下,Thunder Resistance ↓ Attack
真夏のビーチ便せん,Midsummer Beach Paper
プロディトグローブ,Plaudit Gloves
ヴァレリアトランプ,Valeria Cards
フラウススティック,Flaus Wand
テラノライナー・異,Anomalous Dragstar
おみくじボックスⅡ,Fortune Box Ⅱ
アイスダンスズボン,Ice Dance Pants
閃輝晶獣ザウザリィ,Crystalfiend Zauzari
ウィキッドスーツ上,Wicked Suit Top
しろへびのぬけがら,White Snake Husk
ゆめみの闇箱タンス,Dreamy Dark Wardrobe
プラコン用のほうき,Private Concierge Broom
ペロキャンプリズム,Lollipop Prism
リリオルへの贈り物,Gift to Lyriol
しぐさ書・ネオン赤,Neon Red
ヒューザのこころ７,Hyuza's Heart Lv7
男性白波柄のゆかた,White Wave Yukata (M)
ハチ駆除防護グラス,Bee Protection Glasses
コンシェルジュ０３,Concierge 03
ドット階段柄のラグ,Stairs Rug
アジサイコサージュ,Hydrangea Corsage
ブルーム・ブリーズ,Bloom Breeze
プラチナさいほう針,Platinum Needle
キーたんのブローチ,Keytan Brooch
レンジャーコート上,Ranger Coat Top
シャーマンシールド,Heedoovoodoo Shield
ジュレリア地下廃坑,Juleria Underground Mine
ブルーリリィのタネ,Blue Lily Seed
ルクスガルン大空洞,Luxgarn Caverns
プロディトシューズ,Plaudit Shoes
しぐさ書・Ｓタワー,Slime Stack Trick
古代ウルベア魔神兵,Ancient Urbea Aztech
せんすいふくえーる,Cheer Diving Suit
シスター・カミッラ,Sister Camilla
オブジェクト座標112,Object Coordinates 112
はくばのおうじの像,Prince Harming Statue
真紅の殺人機械たち,Crimson Killing Machines
アイドルヘアバンド,Idol Hairband
美術室の石像の写真,Art Room Statue Photo
魔瘴魂グウィネーロ,Miasma Soul Gwinero
第６回釣りコン・金,6th Fish Contest Gold
ポーリアにおまかせ,Leave it to Paulia
チェイサーレザー上,Chaser Leather Shirt
ギガンテスの像・庭,Gigantes Statue (G)
リソルの肖像画・庭,Resol Portrait (G)
守護者ラズバーン強,Apex Razerburn
創失のガナン帝国領,The Gittish Empire
プラネタリウム・緑,Green Planetarium
新七不思議コン・銀,Seven Wonders Silver
芳墨の堕天将フィア,Fragrant General Fia
デビルワインの花束,Devil Wine Bouquet
星座の導き・うお座,A Piece on Pisces
聖湖ゼニートの暖炉,Zenit Hearth
ゴールデンボックス,Golden Box
オブジェクト座標098,Object Coordinates 098
プクリポの人形・女,Pukulipo Doll (F)
メタリックウィング,Metallic Wings
闇のギフトボックス,Dark Gift Box
イカしたＴシャツ黄,Yellow Cool T-Shirt
音符のチェスト・彩,Color Music Chest
ドラグーンメイル上,Dragoon Mail Top
レオーネのこころ１,Leone's Heart Lv1
エステラのこころ８,Estella's Heart Lv8
すざくの弓の秘伝書,Vermilion Bird Bow Book
カボチャカーペット,Pumpkin Carpet
DQ1勇者たいまつなし,DQ1 Hero Without Torch
サマーなカンカン帽,Summer Can-Can Hat
マデュライトのクギ,Darkonium Nails
ネコ呼びよせグッズ,Call Cat Items
妖魔のまなざし事件,The Demon's Gaze Incident
淡い記憶を紐解いて,Unraveling Faint Memories
ナルビア民家のラグ,Nalbia House Rug
ビッグホルンの復活,The Return of the Big Horn
ガリアテ王国の秘宝,Treasure of Gateria
ももんじゃの浮き輪,Platypunk Floatie
レジェンズウィップ,Legends Whip
ウサぐるみのぼうし,Rabbit Hat
アリアハングローブ,Aliahan Gloves
ポリ桃パーカー水着,Peach Parka Swimsuit
エリュテイアのオノ,Erytheia's Axe
黄牛鬼タウラダイン,Tauradyne, the Yellow Ox
ザードの尖塔・５階,Zard Spire 5F
マダムの店の飾り棚,Madame's Shop Shelf
タイフーンゴーグル,Typhoon Goggles
苺お菓子のオーブン,Berry Sweet Oven
古代武器図説・爪編,Book of Ancient Claws
さざなみギフト・桃,Pink Ripples Gift
エアボードプリズム,Airboard Prism
スノーガラスドーム,Snow Glass Dome
ハートのタンス・桃,Pink Heart Wardrobe
ドミネウス邸への道,Road to Domineus Mansion
伝説の三悪魔練習札,Legendary Evils Tag
ゴルゴンザカプセル,Gorgonza Toy
クマリスのブラウス,Kumaris' Blouse
福まねきのタヌキ像,Good Luck Tanuki Statue
スノーモンかまくら,Snow Sanguini Hut
ダラズ大鉱脈への道,Road to Daraz Prospect
スパングルドレス上,Spangled Dress Top
ドラグーングリーブ,Dragoon Greaves
オブジェクト座標274,Object Coordinates 274
ユシュカのこころ８,Yushka's Heart Lv8
攻撃時15%で魔導の書,Ailment Almanac Attack 15%
プラコン・黒い唐傘,Black Paper Umbrella
クリムゾングレイブ,Crimson Glaive
コアブラックの花束,Core Black Bouquet
必殺の輝天のおうぎ,Deadly Sky Fan
古代オルセコ闘技場,Old Orseco Arena
りゅうおうハンマー,True Dragonlord Hammer
ゴールドマンＸ４号,Gold Golem X 4
カフェテラスの看板,Cafe Terrace Sign
大聖堂のオルゴール,Cathedral Music Box
クローバーＴシャツ,Clover T-Shirt
プログラム用ダミー,Program Dummy
はじめての武器鍛冶,Welcome Weaponsmithing
虹のプラネタリウム,Rainbow Planetarium
壁かけリソル肖像画,Resol Portrait
エテーネのこしぬの,Ethene Loincloth
ファラスのうであて,Faras' Armguards
コットンキャンディ,Cotton Candy
びっくりルーレット,Surprise Spinner
オブジェクト座標003,Object Coordinates 003
行動時30%早詠みの杖,Faster Caster On Action 30%
ほこらの祭祀場・水,Water Shrine Ritual Ground
しぐさ書・バトル改,Better Battle Pose
第１４回リィン像庭,14th Lynn Statue (G)
とらんす一味ポーチ,Trans Gang Pouch
ユシュカのこころ４,Yushka's Heart Lv4
第２回ディエゴの像,2nd Diego Statue
激辛魔人アケローダ,Super Spicy Demon Akeroda
ニブルヘイム・サガ,The Nibelheim Saga
おとぎの森ブラウス,Fairy Forest Blouse
ウルベア地下遺跡前,Ruins of Urbea
オブジェクト座標060,Object Coordinates 060
第６回釣りコン・銅,6th Fish Contest Bronze
キラーマジンガの剣,Uberkilling Sword
イルーシャの便せん,Illusia Paper
ラッキーマシュマロ,Lucky Marshmallows
ベルセルクブレード,Mad Warrior's Blade
オブジェクト座標032,Object Coordinates 032
きなこづちの像・庭,Honeyhood Statue (G)
野いちごバスケット,Wild Strawberry Basket
ドット風ヒューザ像,Pixelated Hyuza
スライム柄の浮き輪,Slime Pattern Floatie
さとりのころもの書,Clarity Outfit Book
フォーチュンボトム,Fortune Bottoms
花狩人の衣装券・緑,Green Flowerer Voucher
クロッシュウェア上,Bell Shirt
第９回討伐ＴＡ・金,9th Boss TA Gold
月明かりの谷への道,Road to Moonlit Valley
コンシェルジュ０１,Concierge 01
キュートなクマミミ,Cute Bear Ears
オスクトルクラウン,Oscutor Crown
ベラストル家のイス,Belastre Chair
ポルテ制御用・執行,Porte Control
いにしえの黄金石版,Ancient Gold Tablet
学園女子の夏服上改,Schoolgirl Summer Top 2
ＤＱＸ５周年の御旗,5th Anniversary Flag
手品師の服の作り方,Making Conjurer Clothes
烈火の渓谷への出口,Exit to Valley of Fire
おつかれさまでした,Thanks for your hard work.
グレースギフト・黄,Yellow Grace Gift
ピッカピカのレンズ,Sparkling Lens
ミラーガントレット,Mirror Gauntlets
姉神封印神殿　出口,Goddess Seal Temple Exit
小さな英雄のよろい,Little Hero's Armor
カントリーパンプス,Country Heels
レジェンズフラッグ,Legends Flag
スチームカウンタ大,Steam Counter L
オブジェクト座標107,Object Coordinates 107
ドワーフのあいさつ,Dwarf Greeting
ゾンビブラザーズＡ,Zombie Brother A
ホイミントバンダナ,Heal Mint Bandana
ウェディカウンタ小,Weddie Counter S
ブラックマンティス,Black Mantis
カジノ祭４ビンゴ銀,CasinoFest 4 Bingo Slvr
まもの使いのブレス,Monster Wrangler Bangles
Ｐブラッドプリズム,Pigeon Blood Prism
おどるほうせきたち,Goodybags
クールスターセット,Cool Star Outfit
イエローダイアリー,The Yellow Pages
海邪竜アビサルドン,Abyssaldon, Wicked Sea Dragon
大きなお花のベッド,Large Flower Bed
プチＳキラーマシン,Frail Trauminator
ギュッとヒストリカ,Historica Arm Doll
海辺の釣具屋の看板,Fishing Shop Sign
アイスダンスのくつ,Ice Dance Shoes
特注キャットタワー,Custom-Made Cat Tower
バトルステーキ・小,Small Battle Steak
オブジェクト座標027,Object Coordinates 027
ボーイモッズコート,Boy Mod Coat
キレキレなニッパー,Sharp Clippers
オブジェクト座標154,Object Coordinates 154
歓迎会用テーブル１,Table for Welcome Party 1
将軍のゆびわの破片,General Ring Shard
闇の領界の有毒植物,Dark Realm Toxic Plant
ユシュカのこころ１,Yushka's Heart Lv1
ユーライザフェイク,Yuliza Fake
グレイスフルボトム,Graceful Pants
プクリポいいずきん,Pukulipo Fine Hood
スイカさまの像・庭,Mr.Watermelon Statue(G)
ピカレスクグローブ,Picaresque Gloves
クラウンベスト辞典,Clown Dictionary
エンシェントタクト,Olde-Worlde Wande
蒼怨の武骸将デゾス,Blue General Dezos
とある老行者の試練,Trials of an Old Pilgrim
スライダーク練習札,Nemeslime Tag
マタドールシューズ,Matador Shoes
ゴシック調の食器棚,Gothic Cupboard
たびびとのリュック,Traveler's Backpack
アンルシアＴシャツ,Anlucia T-Shirt
壁かけうさぎの御簾,Rabbit Curtain
ギュッとヘビぐるみ,Snake Plushie Arm Doll
第５回討伐ＴＡ・金,5th Boss TA Gold
さらつやシャンプー,Smooth Shampoo
ゴシック調のベッド,Gothic Bed
イルーシャのうでわ,Illusia's Bracelets
オブジェクト座標019,Object Coordinates 019
きまぐれ猫のブーツ,Silly Cat Boots
ガーデンドレス衣装,Garden Dress Outfit
おもちゃの空・晴れ,Toy Clear Sky
使い手をいやすオノ,Wielder-Healing Axe
りょうりにんすぷる,Chef Sprue
オブジェクト座標031,Object Coordinates 031
キューピッドの噴水,Cupid Fountain
トゥーンタウン地区,Toontown District
袋入りクーちゃん帽,Ku Bag Hat
バイオレットの花束,Violet Bouquet
うつしよの極箱・改,Very Worldly Box+
ヴェリナード城下町,Verinard Castle Town
お花畑に行きたい！,Go to the Flower Field!
隠れし世界の守り手,Protector of the Hidden
ビーナスのほほえみ,Venus' Smile
プラコンスーツ・灰,Ash Suit
イナミノ街道の竹Ａ,Inamino Highway Bamboo
ギュッとウシぐるみ,Cow Arm Doll Plush
召喚士リンジャーラ,Summoner Linjara
さんぞくウルフの剣,Ruff Ruffian's Sword
オパールのキッチン,Opal Kitchen
黒曜の隕石孔への道,Road to Meteorite Hole
オブジェクト座標166,Object Coordinates 166
雪夜のエントランス,Snowy Night Entrance
壁かけグレン紋章旗,Glen Wall Banner
ハンドベルエルフ像,Handbell Elf Statue
スライムベスハウス,She-Slime House
メロディアスーツ下,Melody Suit Bottom
ボディーガード呼び,Call Bodyguard
オブジェクト座標092,Object Coordinates 092
スノーボールンの像,Snowballon Statue
オブジェクト座標054,Object Coordinates 054
夢と魔法のステッキ,Dream and Magic Stick
童話の街並みの街灯,Fairy-Tale Lamppost
第４回討伐ＴＡ・銀,4th Boss TA Silver
スチーム装備セット,Steam Equipment Set
ブルーハートピアス,Blue Heart Earrings
バトルシェイカー強,Apex Maracaraider
支援魔神機０２５号,Aztech Support Mech No. 025
てつのよろいセット,Iron Armor Set
第８回釣りコン・銅,8th Fish Contest Bronze
ウェディカウンタ大,Weddie Counter L
ぬすっとの服セット,Robber's Outfit
灰マスク猫カプセル,Ash Mask Cat Toy
星のきらめく夜会服,Starry Nightgown
魔物管理人ドリアス,Monster Manager Dorias
祭壇風のカウンター,Altar-Style Counter
ハート気球のガゼボ,Heart Balloon Gazebo
スライムタワー噴水,Slime Stack Fountain
バルディジニアの花,Valdia Zinnia Flowers
ようこそビギナー！,Welcome, Beginner!
スタンダード２印章,Standard 2 Stamps
アンルシアの剣鞘有,Sword Sheathed Anlucia
ハッチ付き大きな壁,Wall with Hatch
ザルトラ練習召喚符,Zaltra Trainer Summon
スライムかがみもち,Festival Slime
かーにばるこーでⅠ,Carnival Outfit Ⅰ
クラシカルスカート,Classical Skirt
しんりのローブの本,Faithful Outfit Recipe
あいじょうオムレツ,Affection Omelet
美と富と豊穣と幸運,Beauty, Wealth And Luck
賢者の杖クラッシュ,Sage's Staff Crash
ゼネシアのころも上,Zenethia's Robe
ダーマ神官ネイシャ,Abbey Priest Neisha
まもの導師のズボン,Monster Guru's Pants
スターリーシールド,Starry Shield
木造御殿のアーチ壁,Wood Palace Arch Wall
プラコンドレス・紺,Navy Blue Dress
スチームベンチ・赤,Red Steam Bench
偽りのレンダーシア,False Lendersia
キョンシーゴースト,Jiangshi Ghost
しぐさ書・フルート,Flute
リボンスターアーム,Star Ribbon Arm Covers
カラス神楽の装束Ⅰ,Crow Dance Costume Ⅰ
シスター・プリミン,Sister Purimin
紫水晶のカウンタ大,Amethyst Counter L
フローズンスワロー,Frostbird Throw
第１回釣りコン・銀,1st Fish Contest Silver
ハクオウのこころ４,Hakuo's Heart Lv4
クリムゾンレプリカ,Crimson Replica
宣伝コンテスト・銅,Promo Contest Bronze
王宮の間仕切り・青,Blue Royal Partition
コマンダーキャップ,Commander Cap
天地雷鳴士の装束上,Druid Attire Top
ゾディアックコード,Zodiac Code
ゼクレス精鋭兵たち,Zechres Elite Soldiers
ニューＶロンコイン,New Vron Coin
ごうかテーブル大赤,Red Fancy Table L
ウィザードバス・白,White Wizard Bath
プラチナクローの本,Platinum Claws Book
ウェディングケーキ,Wedding Cake
レラージェアックス,Leraje Axe
うんてんしでっかー,Driver Decker
学園男子のエプロン,Schoolboy Apron
紫炎の滅機将シュバ,Violet General Shuba
第１回討伐ＴＡ・銀,1st Boss TA Silver
冥闇角フォルガノス,Forganos
わだつみのころも上,Ocean Lord's Upper Robe
おとぎの森エプロン,Fairy Forest Apron
第９回ヒューザの像,9th Hyuza Statue
焼きたてパンセット,Fresh Baked Bread Set
思い出のペンダント,Memory Pendant
ピンクモーモンぼう,Pink Sanguini Hood
ビクトリーチップ黄,Yellow Victory Chip
アローンギフト・黒,Black Alone Gift
マキュリの庭仕切り,Makyuri Garden Divider
しゃしょうやまびこ,Conductor Yamabiko
オブジェクト座標113,Object Coordinates 113
表情の書・わくわく,Excited
ワーニングな足ヒレ,Warning Flippers
ギャルのコサージュ,Stellar Starflower
蘇りしバサグランデ,Risen Bogan
ナドラガ教団大神殿,Sanctum of the Order
エルフのパーティ机,Elf Party Table
執行者ザジザディリ,Enforcer Zajizadir
ナイトメアファング,Worst Nightmare
第９回クマリスの像,9th Kumaris Statue
マジカルな便利な壁,Magical Wall
旅人バザー・道具屋,Traveler's Bazaar/Item Shop
ギガンテスカプセル,Gigantes Toy
第１３回ナジーン像,13th Najinn Statue
魔瘴魂ゼノドラゴン,Miasma Soul Xenodragon
シスター・エミーネ,Sister Emine
ザードの尖塔・６階,Zard Spire 6F
スライムベスピアス,She-Slime Earrings
ゼニアス調査録・金,Gold Zeniath Zoomer
ディープギアグラス,Deep Gear Glasses
オブジェクト座標010,Object Coordinates 010
夜天に飛来せしもの,Nymean
ランディの結婚指輪,Randy's Wedding Ring
ルベランスティック,Ruberan Wand
魔物管理人ニドヌナ,Monster Manager Nidonuna
三毛猫スーツのヒゲ,Calico Cat Whiskers
オブジェクト座標218,Object Coordinates 218
リソルのおまねキー,Resol's Copied Key
ポーズ書・釣り仙人,Fishing Guru Pose
メレアーデカプセル,Mereade Toy
ポンポンベタ・青赤,Red Pom Pom Betta
エルフお花見セット,Elf Cherry Picnic
海賊トニー＆ベニー,Pirates Tony & Benny
オブジェクト座標246,Object Coordinates 246
第９回カミルの像庭,9th Kamil Statue (G)
お姫様バスタブ・桃,Pink Princess Bathtub
がーるもっずこーと,Girl Mod Coat
タコヤキメットの像,Takopot Statue
夏の恋は泡のごとく,Summer Love, Like a Bubble
スカウトローブーツ,Scout Robes
第４回討伐ＴＡ・金,4th Boss TA Gold
ビクトリーボックス,Victory Box
トライアミュレット,Triamulate
あさがお柄のゆかた,Bell Pattern Yukata
ドワーフカウンタ小,Dwarf Counter S
ギュッと魔勇者の箱,Evil Hero Arm Doll Box
聖守護者のハンマー,Sentinel's Hammer
金のチキ坊カプセル,Golden Chickibo Toy
たれ灰太猫カプセル,Fat Lazy Ash Cat Toy
ポップスターリボン,Pop Star Ribbon
タイタニアステッキ,Butterfly Baton
しぐさ書・ひやかす,Tease
ドルタムのこころ３,Doltam's Heart Lv3
壁かけフウラ肖像画,Fuura Portrait
新春虎の子のお年玉,New Year Gift of the Tiger
第９回セラフィの像,9th Seraphi Statue
きじゅつしグローブ,Illusionist's Gloves
ドワーフの人形・女,Dwarf Doll (F)
しぐさ書・やめとま,Can't Stop, Won't Stop
おばけのいしょう３,Ghost Costume 3
リベリオのきぐるみ,Purrgatroyd Costume
大勇者のブーツ・壮,Intrepid Majestic Boots
エレファントノーズ,Elephantnose Fish
植物学者の実験植物,Botanist Test Plants
りょうりにんぼーら,Chef Bora
ガメゴンレジェンド,Wonder Wyrtle
お姫様キッチン・桃,Pink Princess Kitchen
カラミティスコルプ,Calamity Scorpion
武闘家ヤーン分身Ｂ,Martial Artist Yarn Copy B
ルミナスギフト・黄,Yellow Luminous Gift
魔想念レギルラッゾ,Remnant of Legirrazzo
スライムのチェスト,Slime Chest
家具屋・旅人バザー,Indoor Furniture Shop/Traveler's Bazaar
真・魔幻宮殿の篝火,Demon Palace Flame
フォクシーウィッグ,Foxy Wig
ドワーフカウンタ大,Dwarf Counter L
オブジェクト座標243,Object Coordinates 243
男子のスクール制服,Boy School Uniform
彼女のノートの秘密,The Secret of Her Notebook
第１１回プクラス像,11th Pukulas Statue
魔道士キャロルギル,Wizard Kyrolgyl
バルディスタ突撃兵,Valdista Assault Soldier
庭用ネオン・ファン,Neon Fan (G)
レインボーリキッド,Rainbow Liquid
ロードリーグローブ,Lordly Gloves
ニードルうさこ人形,Needle Rabbit Doll
ゼドラ王国服モブ３,Zedra Royal Clothes Mob 3
ルークのピース・黒,Black Rook Piece
マーチンググローブ,Marching Gloves
イルーシャパラソル,Illusia Umbrella
クールスターの服下,Cool Star Pants
まもの使いのくつ２,Monster Wrangler Shoes 2
警備魔神兵０４１号,Aztech Guard No. 041
人の域を超えた強者,Transcending Mortal Limits
支配されし飛竜たち,The Dragon Rulers
うるわしの浜辺地区,Beautiful Beach
超錬金ランプ小の本,Super Lamp S Book
はじめてのおつかい,First Time Use
クイックジャケット,Quick Jacket
支援魔神機０２２号,Aztech Support Mech No. 022
ギュッとリィンの箱,Lynn Arm Doll Box
しゃくねつのカケラ,Searing Shard
オーブンの古い写真,Old Oven Photograph
ストロングチップス,Strong Chips
しぐさ書・Ｓスター,Star Signal
三姉妹人形・庭用桃,Pink 3 Sisters Doll (G)
エンジェルウィング,Angel Wing
キューピッド衣装券,Cupid Costume Ticket
聖銀のどくろあらい,Silver Haardvark
きしんのまそうの本,Poker Book
千里の名馬プリズム,1000 Mile Horse Prism
オーガの町人うでわ,Ogre Merchant Bracers
トマトのソファ・黄,Yellow Tomato Sofa
オブジェクト座標044,Object Coordinates 044
レーザーの技術革新,Lasers: How Do They Work
ヤマカミヌ王の屋敷,Yamakaminu King's Abode
オブジェクト座標282,Object Coordinates 282
オブジェクト座標204,Object Coordinates 204
アイドルギフト・黄,Gold Idol Gift
ぼーいもっずこーと,Boy Mod Coat
そのオノは星を断つ,Go and Axe the Stars
経験値の古文書・小,Experience Scroll S
ホーローの研究成果,Hollow's Research Results
オブジェクト座標008,Object Coordinates 008
セレド町長の家の扉,Celed Mayor's Door
アマラーク城のイス,Amarak Castle Chair
魔物商人チャーマン,Monster Merchant Charman
聖湖ゼニートの井戸,Zenit Well
ティプローネ青紫花,Blue Tiplone Flower
スラライトステッキ,Slimelight Stick
本棚付きの大きな壁,Bookshelf Wall L
プラズマリムーバー,All Clear
エドアルド邸のイス,Eduardo's Chair
ＤＱＸ１０周年御旗,10th Anniversary Flag
ホワイトパンプキン,White Pumpkin
オブジェクト座標131,Object Coordinates 131
コンシェルジュ０６,Concierge 06
レジェンズアックス,Legends Axe
ふわふわ雲のソファ,Fluffy Cloud Sofa
あかつきのメダイユ,Daybreak Medaille
悪夢より来たるもの,The Bringer of Nightmares
アルウェーン管理棟,Alweyn Admin Building
壁かけのメルヘン窓,Fairy-Tale Window
スターの足置き・青,Blue Star Footrest
紅殻魔スコルパイド,Scorpide, the Crimson Carapace
暗黒の魔人強カード,Apex Ruin Card
常闇の竜プクナード,Everdark Dragon Pukunad
ためしてクルーガー,Try Kluger
パッチ柄ソファ・青,Blue Patch Sofa
深い森の修道院の柱,Monastery Pillar
ワーニングなビキニ,Warning Bikini
スライムもりもり帽,Stacked Slimes Hat
キラパン黒プリズム,Dark Sabrecat Prism
しぐさ書・怒り心頭,Furious
洗たくカゴのベッド,Laundry Basket Bed
レーナム緑野への道,Road to Lenam Fields
閃輝晶獣バンバジャ,Crystalfiend Banbaja
古びた制服のボタン,Old Uniform Button
バザールを護るもの,Protecting the Bazaar
エントランス・２階,Entrance Hall - 2F
イグナイトグリーブ,Ignite Greaves
晴れた空の悲しい蒼,Clear and Blue Skies
スチームテーブル小,Steam Table S
ヒグラシの哀歌・庭,Evening Cicada Elegy(G)
コスモスアーマー下,Cosmos Leggings
カプサイナイトの服,Capsai Knight's Clothes
ブレイブギフト・白,White Brave Gift
アンルシアの剣鞘無,Sword Unsheathed Anlucia
プラコンドレス・紫,Purple Dress
ラダトームのかぶと,Tantegel Helmet
ラッキーペンダント,Lucky Pendant
あやしいカーペット,Suspicious Carpet
武闘家ヤーン分身Ｃ,Martial Artist Yarn Copy C
きじゅつしのネタ帳,Illusionist's Notebook
おしゃれな水着・黒,Black Snazzy Swimsuit
特製やきにくセット,Deluxe Grilled Meat Set
ザンクローネの心臓,Zankrone's Heart
バレンタインポール,Valentine's Pole
フォーマルミュール,Formal Heels
お菓子のテーブル大,Sweet Table L
筆頭研究員のブーツ,Top Researcher Boots
第１４回マローネ像,14th Marone Statue
庭用ネオン・レター,Neon Letter (G)
あくまのツメの秘密,Cobra Claws Secret
スカーレットナイト,Scarlet Knight
ウワサの魔物の写真,Rumored Monster Photo
わかめ王子ぐるみ小,King Kelp Plushie S
ピュアスノーリリィ,Pure Snow Lily
シスター・バチコワ,Sister Bachkova
キャンバスフィルム,Canvas Film
ひんやりズキーニャ,Cool Zucchini
ルミナス衝立チェア,Luminous Screen Chair
支援魔神機０２９号,Aztech Support Mech No. 029
アイスダンス衣装券,Ice Dance Outfit Voucher
残響の海蝕洞への道,Road to Echoing Sea Cave
凶拳は天を超えるか,Evil Fist Crosses Heaven
ゴールドマンＸ１号,Gold Golem X 1
東洋風ついたて・華,Floral Orient Partition
スタジアムシューズ,Stadium Shoes
カレヴァン捜索願い,Kalevan Search Request
マキュリのテーブル,Makyuri Table
しぐさ書・バトエン,Battle Pencil
オブジェクト座標203,Object Coordinates 203
古代魔術のほうい下,Ancient Magic Bottom
さいほう職人の看板,Sewing Sign
ビリジアンカメリア,Viridian Camellia
メタッピーの像・庭,Mecha-Mynah Statue (G)
第１０回プクラス像,10th Pukulas Statue
オブジェクト座標076,Object Coordinates 076
神々のゆびわの破片,Ring of the Risen Shard
海賊の戦闘服セット,Battle Pirate's Outfit
パラディンパラソル,Paladin Umbrella
水晶のイスと机の本,Crystal Furniture Book
異界獣ヘイズシナー,Haze Sinner, the Otherworldly
バトルレックスの書,Hacksaurus Book
カフェラテスズラン,Latte Lily
オルフェア紋章旗幟,Orphea Emblem Banner
プラコン用丸メガネ,Small Round Glasses
神具解放の審問宮２,Relic's Reliquary 2
ケキちゃんカプセル,Cakey Toy
郵便局員エッキョウ,Postman Ekkyo
しぐさ書・ジャッジ,Judgement
ドット風セラフィ像,Pixelated Seraphi
レンダーシアズボン,Lendersia Trousers
みならいあくま・祖,Ancestral Winkster
ウェディングガゼボ,Wedding Gazebo
キングに夜露死苦！,Night to the King!
ガートラント城下町,Gartlant Castle Town
マーメイドバスタブ,Mermaid Bathtub
ドルマフラー・浮遊,Dol-Muffler - Floating
武爪遊戯・断罪の章,Judgement Katar Book
エジャルナの送風機,Ejarna Blower
ウェディの人形・女,Weddie Doll (F)
白きヴェールの乙女,Maid of the White Veil
コイン販売所ユアン,Token Exchange Yuan
自動生成ダンジョン,Auto-Generated Dungeons
シルエットベリンダ,Silhouette Belinda
バルサミコスの遺物,Balsamicos' Remains
オーマイドリーム！,Oh My Dream!
疾風のジャマダハル,Gale Katar
辺境の雪山への出口,Exit to Snowy Mountain
リサイクル４５４１,Recycle 4541
万魔の塔・一の災壇,Tower of Terror - 1st Platform
ウィンターグローブ,Winter Gloves
ガナドールスーツ下,Victor Pants
マジカルじんべい上,Magical Jinbei Top
カントリードレス上,Country Dress Top
ノクゼリアウィップ,Noxeria Whip
パンプキンポンチョ,Pumpkin Poncho
始まりの大魔王の舞,First Demon Lord Dance
びっくりどっきり箱,Surprise Prank Box
ドレッシーサマー下,Dressy Summer Bottoms
鉄巨兵ダイダルモス,Iron Giant Daedalmos
第１２回リソル像庭,12th Resol Statue (G)
学者のころもセット,Academic Outfit
上級・ＭＰ錬金の本,Advanced MP
行動時10%バイシオン,Oomph On Action 10%
ペペロゴーラの私室,Peperogora's Private Room
ハートの食器棚・黄,Yellow Heart Cupboard
セイレーンサンダル,Siren's Sandals
やるきのジャーミィ,Jacked Jammy
星空のチェスト・青,Blue Starry Chest
吼えろ　トビアス！,Howl, Tobias!
究極邪教司祭コイン,Ultimate Aamon Coin
おどるほうせき・強,Vicious Goodybag
ニニエルザドレス上,Ninierza Top Dress
第１２回ラウル像庭,12th Rahul Statue (G)
天界のころもセット,Observatory Outfit
スパングルグローブ,Spangled Gloves
フライパン屋パオス,Frying Pan Shop Paos
レジェンズステッキ,Legends Wand
マリンスライム・塔,Tower Seaslime
ヤングガイアコイン,Young Gaia Coin
ウサぐるみグローブ,Rabbit Gloves
東洋風ついたて・雅,Chic Orient Partition
マデッサンスバッジ,Universagora Badge
ユシュカのこころ９,Yushka's Heart Lv9
セクシーギフト・赤,Red Sexy Gift
ドラキーの写真立て,Dracky Frame
プリズニャン招き猫,Jailcat Figurine
シルエット・犬・白,White Silhouette Dog
ファラオ最高幹部会,Supreme Pharaohs
カプサイ神の像・庭,Capsai Sin Statue (G)
ヒールカルボナーラ,Heal Carbonara
しぐさ書・お祝い赤,Celebrate Red
ラッキー便せん３５,Lucky Paper 35
森の水車小屋の水辺,Watermill Waterside
シビュラスティック,Sibyl Stick
ルミナスギフト・黒,Black Luminous Gift
ファラザードの書簡,Farazard Correspondence
ジュレット民家の扉,Julet House Door
いたずらもぐらの像,Mischievous Mole Statue
ギュッとポルテの箱,Porte Arm Doll Box
メタスラの間仕切り,Metal Slime Partition
聖湖ゼニート　入口,Lake Zenit Entrance
スライムナイトの盾,Slime Knight Shield
うさみみギフト・黒,Black Rabbit Ears Gift
銀のロザリオの破片,Silver Rosary Shard
さすらいのコート下,Errant Coat Bottom
リースのカーペット,Wreath Carpet
けんぽうぎの作り方,Tussler's Teachings
デスマシーン練習札,Slaughtomaton Tag
第３回討伐ＴＡ・銀,3rd Boss TA Silver
ファヒータのホウキ,Fajita's Broom
スライムかが巳もち,Kagami Mochi Slime
アンノウンアックス,Unknown Axe
冒険ゼミ会員ベスナ,Adventurer Seminar Goobriella
ワンダラーズグラブ,Wanderers Gloves
タータンマフラー赤,Red Tartan Scarf
バトエンランチャー,Batoen Launcher
ウサギ魔物のバンド,Rabbit Monster Band
ドラグーンアックス,Dragoon Axe
かぜのマントセット,Windbraker Outfit
トロピカルテーブル,Tropical Table
蘇りし魔軍師イッド,Risen Tactician Idd
渦巻きほっぺシール,Swirled Cheek Sticker
オブジェクト座標133,Object Coordinates 133
ラブリーマシュマロ,Lovely Marshmallows
しぐさ書・ショック,Shock
プリマベーラシール,Primavera Sticker
パクレ警部の事件簿,Inspector Pakul's Case
理不尽な研究に捧ぐ,Devoted to Absurd Research
夜宴館の目玉つき扉,Banquet Door with Eye
スノーモンプリズム,Snow Sanguini Prism
ビクトリーチケット,Victory Ticket
ムーンバニーパンツ,Moon Bunny Pants
ポーンのピース・白,White Pawn Piece
キングのピース・黒,Black King Piece
シスター・マティラ,Sister Matira
サイレントアンガー,Silent Anger
レオーネのこころ７,Leone's Heart Lv7
きれいなバラのトゲ,Beautiful Rose Thorn
マキュリのキッチン,Makyuri Kitchen
大勇者のブーツ・麗,Intrepid Beautiful Boots
鋼鉄巨兵のウィング,Steel Giant Wings
アイリのぬいぐるみ,Aili Plushie
南国スラムざぶとん,Tropical Slime Floormat
オブジェクト座標001,Object Coordinates 001
ウォータースライダ,Waterslider
ラダトームのよろい,Tantegel Armor
まどろみのこんの書,Sleepy Stick Book
マッシュルーム地区,Mushroom District
ドラパンクパーカー,Dracky Punk Hoodie
ゼルゲイドの使い魔,Zelgeid's Familiar
呪文のためのナイフ,Knife for Spells
湖の魔獣ボルゲルグ,Lake Beast Volgerg
デモンズゲイトたち,Demon's Gate
アスバルのこころ５,Asbal's Heart Lv5
旅芸人のヘアバンド,Minstrel Headband
竜と剣の水玉便せん,Dragon Polka Dot Paper
黄金の棺桶風ベッド,Gold Coffin Bed
ハニーポットチェア,Honey Pot Chair
タクティカスカート,Tactical Skirt
オブジェクト座標167,Object Coordinates 167
ブレイブアンルシア,Brave Anlucia
魔物黒アイパッチ券,Black Eyepatch Ticket
ワラタローカプセル,Warataro Toy
ポセイドンオブジェ,Poseidon Curio
レジェンズブレード,Legends Blade
万魔の塔・五の災壇,Tower of Terror - 5th Platform
プラコンゴーレム服,Golem Costume
しぐさ書・リベリオ,Purrgatroyd Dance
預かり所パンドーラ,Storage Pandora
天地雷鳴士の装束下,Druid Attire Bottom
深い森の邸宅の門柱,Forest Manor Gatepost
キャット・マンマー,Cat Momma
転生の花（つぼみ）,Rebirth Flower (Bud)
絶対滅神ジャゴヌバ,Jagonuba, the Absolute Annihilator
マイタウン林道地区,My Town Forest District
青年貴族のコート下,Nobleman's Coat Bottom
聖王のおうぎの壁画,Dryspell Fan Book
レース受付係タータ,Race Receptionist Tarta
オブジェクト座標151,Object Coordinates 151
キューキョクＶロン,Ultimate Vron
ポーズ書・ようこそ,Welcoming Pose
特別預かり所メメリ,Special Storage Memeri
壁かけ海賊フラッグ,Pirate Flag Wall Decor
おてんば姫グローブ,Alena's Gloves
森のこびとのおうち,Forest Dwarf Home
ミラクルサンド・小,Small Miracle Sandwich
入学案内係フラッセ,Admissions Guide Flasse
預かり所仮面オレン,Storage Masked Oran
炎うず巻く聖なる鳥,Fiery Holy Bird
しっこくのグローブ,Macabre Gloves
作ろう！てつよろい,Let's Make Iron Armor!
オパールの間仕切り,Opal Partition
ルコリアぬいぐるみ,Lucolia Plushie
シドーの翼プリズム,Malroth Wings Prism
ダンクルオステウス,Dunkleosteus
オブジェクト座標124,Object Coordinates 124
ハウジング同好会室,Housing Club Room
黒猫オッドカプセル,Odd Black Cat Toy
ワイルドマシュマロ,Wild Marshmallows
聖なる王城の便せん,Holy Royal Castle Paper
バズカフェの飾り棚,Pazu Cafe Shelf
古代オルセコの灯火,Old Orseco Light
クルーガーグローブ,Kluger Gloves
スパイクアーマー下,Spike Armor Bottom
ピクシーチュニック,Pixie Tunic
いたずらウサギの畑,Naughty Rabbit Field
ゆめみの竜箱タンス,Dreamy Dragon Wardrobe
スイゼン湿原の木Ａ,Suizen Marsh Tree A
オブジェクト座標273,Object Coordinates 273
極天女帝のローブ下,Sky Empress Robe Bottom
オブジェクト座標201,Object Coordinates 201
くろがねのよろい下,Darksteel Faulds
ベルヴァインの森東,Belvain Forest East
タイタス号の望遠鏡,Titus Telescope
土地管理人リステア,Land Manager Listeah
第１３回ユシュカ像,13th Yushka Statue
ゼドラ王国服モブ４,Zedra Royal Clothes Mob 4
アヌビスのブローチ,Anubis' Brooch
ドラキーぬいぐるみ,Dracky Plushie
エフェクト両手剣２,Greatsword Effect 2
始源の歌姫のアーム,First Diva's Armbands
オブジェクト座標140,Object Coordinates 140
マスター・ユービア,Guildmaster Yubia
みろーれのいしょう,Milore Costume
ブレスドガナッシュ,Blessed Ganache
ワンダラーズベレー,Wanderers Beret
警備魔神兵０４３号,Aztech Guard No. 043
第３回釣りコン・金,3rd Fish Contest Gold
バトエンコロシアム,Batoen Coliseum
モチつき「つき手」,Pound Mochi "Pounder"
レオパードウェア下,Leopard Pants
いにしえのゼルメア,Ancient Zelmea
ふっかつのじゅもん,Spell of Restoration
トコトコわらし人形,Trotting Child Doll
ドルタムのこころ４,Doltam's Heart Lv4
しぐさ書・星の魔法,Star Magic
ピラミッドの便せん,Pyramid Paper
サプライズラッシュ,Bolt from the Blue
オブジェクト座標051,Object Coordinates 051
プラコン蝶々セット,Butterfly Set
リンベリィトランプ,Linberry Cards
オブジェクト座標264,Object Coordinates 264
アカツキショウグン,Mandrake Murderer
ドラパンクシューズ,Dracky Punk Shoes
タクティカブレザー,Tactical Blazer
オルフェア駅の模型,Orphea Station Model
きょじんのハンマー,Giant's Hammer
ゲルニック将軍の杖,Hootingham-Gore's Staff
２ウェイスピーカー,2-Way Speaker
お城のサンドアート,Sand Castle Art
パニガキャッチャー,Paniga-Catcher
モンスターズ・ラボ,Monsters Laboratory
ヘヴィーアーマー上,Heavy Armor Top
オブジェクト座標058,Object Coordinates 058
帝国のプレゼント券,Empire Present Ticket
星辰のランプ錬金書,Stars Lamp Alchemy Book
プチバラモスゾンビ,Frail Bones of Baramos
キラーパンサーの書,Great Sabrecat Book
打ち上げ柳花火・赤,Red Willow Firework
エンドウマメのラグ,Pea Rug
たゆたう水面投影機,Water Surface Projector
三姉妹人形・家用青,Blue 3 Sisters Doll
はやぶさの剣改の書,Uber Falcon Blade Book
テスト剣モデルあり,Test Sword Model OK
月に還る双子の物語,Tale of Two Moons
マーメイドチェスト,Mermaid Chest
スラベスぬいぐるみ,She-Slime Plushie
きのこのスティック,Shroom Stick
しぐさ書・いねむり,Nodding Off
アーチ型の便利な壁,Arched Wall
コーヒーカップ・桃,Pink Coffee Set
大富豪協会員プゴル,Tycoon Club Member Pugol
キューブレジデンス,Cube Residence
ピケルームウェアＰ,Pique Homewear P
プクリポのいいくつ,Pukulipo Fine Shoes
ドラゴンガイア・双,Double Gaia Dragon
ワイルドジャケット,Wild Jacket
ぬすむ成功率アップ,Half-Inch Success Up
蚊帳つきフトン・黄,Yellow Futon with Net
オブジェクト座標040,Object Coordinates 040
パラディチェイン２,Paladin Chain Mail 2
オブジェクト座標165,Object Coordinates 165
ハンギングアイビー,Hanging Ivy
雷神のやりの作り方,Making Storm Spears
ザードの尖塔・２階,Zard Spire 2F
オブジェクト座標290,Object Coordinates 290
オブジェクト座標087,Object Coordinates 087
妖精の女王の髪飾り,Fairy Queen Hairpin
マジカルエッセンス,Magical Essence
オブジェクト座標139,Object Coordinates 139
森林警備隊グローブ,Forest Ranger Gloves
カラフル花火台・青,Blue Fireworks Stand
王都の小さな案内人,Guide to the Royal City
ガーディアンブーツ,Guardian Boots
忍びのマフラー・紫,Purple Ninja Scarf
ウマしっぽ・茶の箱,Brown Horse Tail Box
悪魔道化師ゲイザー,Clowngazer
耐火性きんちゃく袋,Fireproof Bag
メガルーラストーン,Mega Zoomstone
白バラのドレッサー,White Rose Vanity
モダンバニースーツ,Modern Bunny Suit
カラフル花火台・白,White Fireworks Stand
攻撃時25%で魔導の書,Ailment Almanac Attack 25%
赤眼のデスライダー,Red-eyed Rider
メロディアグローブ,Melody Gloves
銀河のランプ錬金書,Galaxy Lamp Alch. Book
武器屋の家の設計図,Weapon Shop Blueprint
さすらいのコート上,Errant Coat Top
魔塔の赤宝石付き壁,Red Tower Jeweled Wall
ドラグーンバスター,Dragoon Buster
かんだたしょうぐん,Robbin' 'Ood General
国王と黒騎士の写真,King & Black Knight Photo
プラコンドレス・黒,Black Dress
マデサゴーラの背景,Madesagora Background
ヴァンガードコート,Vanguard Coat
ヤドリギ広場　入口,Mistletoe Plaza Entrance
素材タネ屋ムントン,Material Seed Shop Munton
グランゼニス神の像,Gran Zenith Statue
ドミニオンズガード,Dominions Guard
ディバインハンマー,Divine Hammer
キューブライト・庭,Cube Light (G)
酒場主人のドレス下,Tavernkeeper's Skirt
星雲のモビール・白,White Nebula Mobile
ピケリボンバンドＰ,Pique Ribbon Band P
ナゾの黒いかたまり,Black Lump of Mystery
とこしえのゆりかご,Eternal Cradle
オブジェクト座標205,Object Coordinates 205
ゴルフメンズウェア,Golf Men's Wear
ローラ姫のティアラ,Gwaelin's Tiara
イルシームのうちわ,Ilseem Fan
クロッシュウェア下,Bell Leggings
メタスラのオーブン,Metal Slime Oven
マイタウン農村地区,My Town Rural District
ＤＱＸ１０周年花火,DQX 10th Anni. Firework
オブジェクト座標067,Object Coordinates 067
デビルアーマー・強,Vicious Harmour
ギュッとサジェの箱,Sajay Arm Doll Box
いしにんぎょう・強,Vicious Dirty Dogu
うさみみギフト・赤,Red Rabbit Ears Gift
ハートのオルゴール,Heart Music Box
奇跡の木工刀小の本,Miracle Slick S Book
お菓子の国の門柱灯,Candy Country Gate Lamp
アリアハンかんむり,Aliahan Circlet
ホワイトデーメイン,White Day's Mein
魔物管理人セモーナ,Monster Manager Semona
行動時20%暴走アップ,Haywire Up On Action 20%
激辛トマトジュース,Super Hot Tomato Juice
スライムおしゃれ花,Stylish Slime Flower
サーマリ高原への道,Road to Samary Plateau
夢見る男のお宝伝説,Dreamer's Treasure Legend
ふわふわジョニール,Floaty Joneal
星雲のモビール・青,Blue Nebula Mobile
ナウマンコックの像,Naumanncook Statue
テンションブースト,Tension Boost
スライムレース印章,Slime Race Stamps
Ｎ高女子のブレザー,N High Girl's Blazer
スチーム食器棚・赤,Red Steam Cupboard
手本書・線香花火緑,Green Sparkler Manual
ハート兵隊スカート,Heart Soldier Skirt
ホイミントウェア上,Heal Mint Shirt
ゼニアス調査録・銀,Silver Zeniath Zoomer
しゃしょうぽろっく,Conductor Pollock
庭用まちかど掲示板,Town Bulletin Board (G)
エルドナ神の装束上,Eldona's Dress Top
キンスラぬいぐるみ,King Slime Plushie
ピンクパールリング,Pink Pearl Ring
超おたから花ダイヤ,Diamond Treasurebloom
アシュレイトランプ,Ashley Cards
清廉天使のグローブ,Honest Angel Gloves
レジェンドチケット,Legend Ticket
ヒロイックグローブ,Heroic Gloves
ラディカルシールド,Radical Shield
白夜に消えた運転士,Vanish in the Midnight Sun
ウェットスーツ・金,Gold Wetsuit
獄獣のケープセット,Hell Beast Outfit
エンシェントクロー,Olde-Worlde Clawse
エルボブ像白グレー,W/G Eltona Bobtail St.
ミスター・シャウト,Hell Raizer
オブジェクト座標114,Object Coordinates 114
悪夢のヤドリギ広場,Mistletoe Plaza of Nightmares
ギュッとスライム強,Vicious Slime Arm Doll
オブジェクト座標143,Object Coordinates 143
マジックデモニスム,Magic Demonism
聖王のナイフの壁画,Dryspell Knife Book
セクシーギフト・黒,Black Sexy Gift
エントランス・１階,Entrance Hall - 1F
千輪菊花火・赤黄桃,Red/Yel./Pink Fireworks
伝説の旅芸人への道,Road to Legend Minstrel
天の川をつかまえて,Capture the Milky Way
シーサイドオブジェ,Seaside Curio
パピヨンドーム・幻,Phantom Papillon Dome
ヴァレリアカプセル,Valeria Toy
カンフースリッポン,Kung Fu Slip-Ons
古代祭具としての鏡,Ancient Mirrorcles
鉄鬼軍王キラゴルド,Gyldygga
大きなメルヘンの家,Fairy-Tale House L
しゅうれん用バンド,Training Hairband
アイスブルーダリア,Ice Blue Dahlia
ホイミントミュール,Heal Mint Shoes
ほのおのブーメラン,Flametang Boomerang
スライダークスーツ,Nemeslime Suit
レオーネのこころ９,Leone's Heart Lv9
ごうかな飾り棚・赤,Red Fancy Shelf
ブラッディウィング,Bloody Wings
シュパルトブレード,Rift Blade
リボンスターのくつ,Star Ribbon Shoes
ポップスターマイク,Pop Star Microphone
あぶない忍びぞうり,Daring Ninja Sandals
マリン調の間仕切り,Marine Partition
第８回ナジーンの像,8th Najinn Statue
ケーキ神ぬいぐるみ,The Great Cake Plushie
アンテイクグローブ,Antique Gloves
赤のほこらの洞くつ,Red Shrine Cave
ピンクほっぺシール,Pink Cheek Sticker
第９回ラグアスの像,9th Raguas Statue
ハロウィン衣装券Ⅴ,Halloween Voucher Ⅴ
お花大好きブラバー,Flower Lover Blubba
オス三毛猫スーツⅠ,Calico Cat Suit (M) Ⅰ
良薬はキケンな香り,Good Medicine Smells Bad
プラコン用シャワー,Private Concierge Shower
ガナドールスーツ上,Victor Shirt
異界獣ヘイズキング,Haze King, the Otherworldly
しぐさ書・グレープ,Grape Juice
アンチイエローバー,Anti-Yellow Bar
アスタルジアの護符,Amulet of Astalgia
ヘチマの壁・実つき,Loofah Wall with Fruit
オブジェクト座標069,Object Coordinates 069
マジックルーレット,Wizard Wheel
嵐の領界のトロッコ,Storm Realm Minecart
クリムゾンメイル上,Crimson Mail Top
四葉のクローバー傘,Lucky Clover Umbrella
オパールのバスタブ,Opal Bathtub
灰ねこシャンデリア,Ash Cat Chandelier
プティヒューザの像,Teeny Hyuza Statue
月光スミレのランプ,Moonlight Violet Lamp
こあくまのネイル術,Infernails Technique
シシカバブの贈り物,Shish Kebab's Gift
スマート吊りランプ,Smart Hanging Lamp
オブジェクト座標005,Object Coordinates 005
夢の秘密工場の木柵,Dream Factory Wood Fence
演奏アコーディオン,Play Accordion
ラッコのぬいぐるみ,Otter Plushie
ウィザードバス・黒,Black Wizard Bath
ミドリフサアンコウ,Greenspot Anglerfish
ヒストリカキッチン,Historica Kitchen
トコトコチキ坊・庭,Trotting Chickibo (G)
プリズニャンぐるみ,Jailcat Plushie
セイクリッドソード,Sacred Sword
灰三毛太猫カプセル,Fat Ash Calico Cat Toy
海賊なりきりたき火,Pirate Campfire
スチームベッド・赤,Red Steam Bed
カブリオレプリズム,Cabriolet Prism
マジカルギフト・黄,Yellow Magical Gift
天宮騎士のよろい下,Sky Knight Bottom
ジャゴヌバトランプ,Jagonuba Deck
しぐさ書・もじもじ,Bashful
ブランコ付きの庭木,Tree with Swing (G)
しぐさ書・もうそう,Swoon
アンテイクドレス上,Antique Dress
デルクロアの研究室,Delcroix's Laboratory
第１回釣りコン・金,1st Fish Contest Gold
住宅素材屋ピノッピ,Housing Materials Pinoppi
ハイクラススーツ上,High Class Suit Top
第１３回アスバル像,13th Asbal Statue
オブジェクト座標214,Object Coordinates 214
エンシェントククリ,Olde-Worlde Knife
王家の迷宮の滝・庭,Royal Maze Waterfall(G)
大いなる砂漠の象徴,Symbol of the Great Desert
しぐさ書・おびえる,Scared
ブライダルグローブ,Bridal Gloves
マジカルじんべい下,Magical Jinbei Bottom
ドリームエッセンス,Dream Essence
どうぐ使いのぼうし,Item Master Hat
エルガドーラの部屋,Elgadora's Room
金色のフランベリー,Golden Flanberry
王宮のオーブン・赤,Red Royal Oven
青の巨人ブルメル強,Apex Blue Giant Blumel
じごくのドアボーイ,Hell's Bellboy
クレバーギフト・水,Blue Clever Gift
ベラストル家の呪符,Belastre Amulet
リンベリィのリスト,Linberry's Bracelets
滅びの剣アンルシア,Anlucia, Sword of Perdition
船長より愛を込めて,With Love From the Captain
行動時30%聖なる祈り,Care Prayer On Action 30%
正月ボーイカプセル,New Year Boy Toy
道に迷いました……,I got lost...
消えることのない炎,Unquenchable Flames
ポールスターハット,North Star Hat
上級・呪文錬金の本,Advanced Spell
管理棟エレベーター,Admin Building Elevator
ピクニックダストン,Duston Picnic
レトロなポスト・金,Gold Retro Mailbox
ドラゴンキッズ・強,Vicious Small Fry
キミとサメない夢を,Sharkless Dreams
真・幻界諸侯メダル,True Dread Fiends Medal
スポットライト・庭,Spotlight (G)
ダンサーヘアバンド,Dance Hairband
魔法使いに会いたい,To Encounter A Mage
ゴブル砂漠西への道,Road to Goble Desert West
グレイスフルコート,Graceful Coat
オブジェクト座標033,Object Coordinates 033
トンボ柄のじんべい,Dragonfly Jinbei
ホオズキランプの木,Winter Cherry Lamp Tree
楽将バトルシェイカ,Tyrant Maracaraider
闇の大魔王ローブ上,Archfiend's Upper Robe
星空のチェスト・紫,Purple Starry Chest
ネオンフラッシュ赤,Neon Flash (Red)
神託のローブセット,Oracle Outfit
ヴァレリアパラソル,Valeria Umbrella
ヴィーラのサンダル,Vila's Sandals
まもの使いずきん２,Monster Wrangler Hood 2
フォレストカメリア,Forest Camellia
演奏会２５夏レンズ,Summer Concert '25 Lens
りゅうおうシールド,True Dragonlord Shield
サファイアプリズム,Sapphire Prism
常闇の竜レグナード,Everdark Dragon Regnad
エレメンレッドたち,The Glows
竜族の隠れ里の温泉,Nadravian's Rest Bath
オブジェクト座標047,Object Coordinates 047
魔物管理人マビシア,Monster Manager Mabicia
銅のフェザーチップ,Bronze Feather Chip
神官のほういセット,Minister Outfit
ミミックぬいぐるみ,Mimic Plushie
どうぐ発動速度短縮,Faster Item Usage
リンクスのオフィス,Lynx's Office
プラコン男ミイラ服,Men's Mummy Costume
プオーンのツボ・庭,Rebjorn Pot (G)
ティプローネ薄紫花,Purple Tiplone Flower
サマーウルフ衣装券,Summer Wolf Voucher
メレアーデパラソル,Mereade Umbrella
天稟の祭壇の守護者,Guardian of Aptitude
冬風マキシスカート,Winter Maxi Skirt
ムニエカ・隠し通路,Munieka - Secret Passage
オブジェクト座標227,Object Coordinates 227
あやしいカウンタ大,Suspicious Counter L
月のおうぎのレシピ,Lunar Fan Recipe
銀の錬金ツボ小の本,Silver Jar S Book
パピヨンツリー・夢,Dream Papillon Tree
警備魔神兵０４９号,Aztech Guard No. 049
フーたんのブローチ,Futan Brooch
パールキャスケット,Pearl Cap
レオーネのこころ３,Leone's Heart Lv3
超鍛冶ハンマーの本,Super Hammer Book
ケツァルコアトルス,Quetzalcoatlus
遊び人のサングラス,Gadabout's Sunglasses
ルミナスギフト・青,Blue Luminous Gift
メネトのカウンター,Menet Counter
オブジェクト座標225,Object Coordinates 225
究極邪教司祭メダル,Ultimate Aamon Medal
ランカーキャップⅢ,Ranker Cap Ⅲ
タータンハンチング,Tartan Hunting Cap
ジェントルコート上,Gentleman's Coat
プチデビルスーツ上,Petit Devil Shirt
テスト剣モデルなし,Test Sword Model Not OK
ポーズ書・ハンサム,Handsome Pose
いたずらもぐらの書,Mischievous Mole Book
白柴モダンカプセル,Hip White Shiba Toy
ヴァランガアックス,Valanga Axe
ハロウィン衣装券Ⅵ,Halloween Voucher Ⅵ
くしゃくしゃの手紙,Crinkled Letter
サリアスぬいぐるみ,Sarias Plushie
どこでもクラッカー,Anywhere Cracker
オブジェクト座標228,Object Coordinates 228
ヴィーラのころも上,Vila's Garment Top
だいまどうローブ下,Great Mage Lower Robe
大魔王城１階のカギ,Demon Lord's Castle 1F Key
王宮魔術師ローブ上,Royal Mage Upper Robe
壁かけＤＱⅠⅩの絵,DQⅨ Painting
聖翼のドレスセット,Sacred Dress Set
郵便局員ジェノール,Postman Gennault
壁かけパーティ飾り,Party Wall Decor
魔物管理人グーボレ,Monster Manager Gubole
マジカルギフト・桃,Pink Magical Gift
天地雷鳴士の高みへ,The Heights of a Druid
とうめいイレイザー,Transparent Eraser
スイカのタライ・銀,Silver Watermelon Basin
動くモンスター印章,Animated Monster Stamps
オブジェクト座標185,Object Coordinates 185
オラクルギフト・桃,Pink Oracle Gift
まめに働く天使たち,Diligent Angels
タロットパック・赤,Red Tarot Pack
たつじんのオノの本,Pro's Axe Book
決めポーズ中央後列,Decisive Pose Back Row
アズリアのウィッグ,Azria's Wig
ランプ錬金シューズ,Lamp Alchemist's Shoes
水しぶき舞う海の精,Splashing Sea Spirit
スライムエンペラー,Emperor Slime
精霊王のクローク下,Faerie King Skirt
リボンスターの服上,Star Ribbon Top
コマンダーグローブ,Commander Gloves
オブジェクト座標105,Object Coordinates 105
キューベルトの楽譜,Kyubert's Sheet Music
アクアマリンの宝石,Aquamarine Gemstone
フォーチュンローブ,Fortune Robe
ホワイトデーチョコ,White Day Chocolate
赤熱の荒野への出口,Exit to Red Hot Desert
創失のギュメイ将軍,Goresby-Purrvisn't
ロードリーローブ上,Lordly Robe
薬草戦士と豊かな土,Herbal Warrior & Rich Soil
選定者ワルキュウリ,Selector Val-cu-rie
アワードジャケット,Award Jacket
鍛冶素材屋レヴェリ,Smithing Materials Reverie
アンルシアのうちわ,Anlucia Fan
ゴレオン将軍メダル,Goreham-Hogg Medal
ふわふわふうせん緑,Floating Green Balloon
ピンクモーモンの像,Pink Sanguini Statue
プチ魔犬レオパルド,Frail Evil Sir Leopold
ハクオウのこころ８,Hakuo's Heart Lv8
きせきの釣り人列伝,Miracle Angler Book
預かり所アレサンド,Storage Alessand
マーメイドテーブル,Mermaid Table
ネジガラミの根の束,Bundle of Twisty Root
ちからのペンダント,Wrecklace
ターボル峡谷への道,Road to Tabor Gorge
ジュレット駅の模型,Julet Station Model
炎の領界の植物・小,Fire Realm Plant S
森林警備隊の制服下,Forest Ranger Pants
フリルスタービキニ,Frilled Star Bikini
桃果のフランベリー,Pink Flanberry
アジサイじんべい下,Hydrangea Jinbei Bottom
てつのさそり浮き輪,Iron Scorpion Floatie
きまぐれ猫のアーム,Silly Cat Armbands
しぐさ書・恋の魔法,Heart Magic
森の水車小屋の植木,Watermill Garden Plants
プリマベーラピアス,Primavera Earrings
第１２回ヒューザ像,12th Hyuza Statue
リュウグウノツカイ,Oarfish
リンクル地方への道,Road to Wrinkle Region
ゴレオン将軍の鉄球,Goreham-Hogg's Flail
グランゼドーラ印章,Gran Zedora Stamps
レーンの村の丸イス,Rane Village Stool
ふわふわサメバーン,Floaty Great Bite
ふわふわふうせん赤,Floating Red Balloon
オブジェクト座標285,Object Coordinates 285
トゥーンのテーブル,Toon Table
おてんば姫のぼうし,Alena's Hat
ヴァルハラメイル上,Valhalla Mail Top
壁かけライト付き鏡,Wall Mirror with Light
創造神マデサゴーラ,Worldmaker Madesagora
城主ダストンチェア,Duston Chair
かっぱえび家の帽子,Shrimp Snack Hat
ふわふわセサミパン,Fluffy Sesame Bread
夕焼け雲のチェスト,Sunset Cloud Chest
レクタリスのうでわ,Lectalis' Bangles
メッキのトロフィー,Plated Trophy
第８回ファラスの像,8th Faras Statue
たちきりバチの群れ,A Swarm of Buzzbees
創失の主神ゼネシア,Zenethia, the Unmighty
ワイルドフォビズム,Wild Fauvism
しぐさ書・お祝い白,Celebrate White
小島に隠された秘密,Secret Hidden on the Isle
ダーマ神殿の流水壁,Alltrades Stream Wall
ガルーダテンペスト,Garuda Tempest
腐緑の呪老将ズタン,Rot General Zutan
住宅素材屋ムントン,Housing Materials Munton
庭用ハロウィンの墓,Halloween Tombstone (G)
踊魔の霊符・花嫁紫,Iris Dancer Talisman
在りし日を示す地図,Map of the Past
ルビーのかみかざり,Ruby's Hairpin
やみしばりの像・庭,Hellbound Horror (G)
無限獣ネロスゴーグ,Eternal Beast Nerosugog
サファイアのピアス,Sapphire Earrings
ウマしっぽ・リボン,Ribbon Horse Tail
オブジェクト座標210,Object Coordinates 210
サメバーンプリズム,Great Bite Prism
立ちはだかる守護者,The Standing Guardian
黒柴モダンカプセル,Hip Black Shiba Toy
ラダトームのつるぎ,Tantegel Sword
コタツでメレアーデ,Mereade Kotatsu
かざぐるまのアーチ,Pinwheel Arch
異国のレンガ館の塀,Exotic Brick Fence
スカウトパンツ衣装,Scout Pants Outfit
音符のテーブル・彩,Color Music Table
モザイクランプの木,Mosaic Lamp Tree
エステラのこころ９,Estella's Heart Lv9
アイゼルぬいぐるみ,Eisel Plushie
ウロコフネタマガイ,Scaly-Foot Gastropod
シスター・ディモス,Sister Deimos
花菱模様のアオザイ,Floral Pattern Ao Dai
プクリポカウンタ大,Pukulipo Counter L
レモンスライムの壁,Lemon Slime Wall
レトロなポスト・赤,Red Retro Mailbox
ヴァンガードハット,Vanguard Hat
古レビュール街道北,Old Revule Highway North
天の冒険者のブーツ,Divine Traveler Boots
偽りのエテーネの島,False Ethene Island
ガード時20%ダメ軽減,Damage Down On Block 20%
プチＳグレネーどり,Frail Bombird S
ウェディのあいさつ,Weddie Greeting
まがまがしいキノコ,Ominous Mushroom
第２回カジノ祭・銀,2nd Casino Fest Silver
幻界の四諸侯カード,Dread Fiends Card
取りよせ商チャガナ,Broker Chagana
ベサワキ宛ての手紙,Letter to Besawaki
お花のパーカー水着,Flower Hoodie Swimsuit
森のこびとのベッド,Forest Dwarf Bed
学園の生徒会室の棚,School Council Shelf
バトルガントレット,Battle Gauntlets
オブジェクト座標215,Object Coordinates 215
ヒーローギフト・燈,Light Hero's Gift
おおきなリボン白水,White Water Ribbon L
防衛魔神兵０５６号,Aztech Guard No. 056
しぐさ書・ヒーロー,Heroic Punch
お姫様のベンチ・橙,Princess Bench
武闘家ヤーン分身Ａ,Martial Artist Yarn Copy A
しぐさ書・やきそば,Yakisoba
妖精図書館のランプ,Fairy Library Lamp
Ｓキラーマシンの像,Trauminator Statue
カーニバルコーデⅠ,Carnival Outfit Ⅰ
第１３回ポルテ像庭,13th Porte Statue (G)
クラウドブレイカー,Cloudbreaker
ギュッとリルチェラ,Lilcherat Arm Doll
踊魔の霊符・花嫁雪,Snow Dancer Talisman
ルッキュの自作花器,Rukkyu's Handmade Vase
オブジェクト座標141,Object Coordinates 141
アズラン地方の木Ｂ,Azlan Region Tree B
ムーンバニーブレス,Moon Bunny Bracelets
とこなつヘアバンド,Summer Headband
第７回討伐ＴＡ・金,7th Boss TA Gold
カジノバニーリスト,Casino Bunny Wristbands
ヒューザのこころ１,Hyuza's Heart Lv1
自動人形ドミネウス,Automaton Domineus
しぐさ書・お祝い虹,Celebrate Rainbow
ひつじ雲スティック,Sheep Cloud Wand
チューザー地下空洞,Choozah Hollow
スウィートビキニ白,White Sweet Bikini
タクティカシューズ,Tactical Shoes
オブジェクト座標281,Object Coordinates 281
真・暗殺武器の歴史,True Assassin Weapons
花狩人のころも・紫,Purple Flower Hunter Outfit
お姫様の食器棚・橙,Princess Cupboard
マンマーカーペット,Momma Carpet
入団！　カンダタ団,I'm In! Robbin' 'Ood Gang
行動時10%でヘビチャ,Heavy Charge On Action 10%
守護天使のガーベラ,Guardian Angel's Gerbera
ドラキーウォーマー,Dracky Warmer
お花の外灯の作り方,Making Flower Lights
スノースターリボン,Snowstar Ribbon
アラビアンウェア下,Arabian Pants
コンシェルジュ１０,Concierge 10
第３回釣りコン・銅,3rd Fish Contest Bronze
ある船長の航海日誌,Captain's Logbook
蒼穹兵団のよろい上,Azure Corps Armor
防衛魔神兵０５９号,Aztech Guard No. 059
ナイトフィーバー紫,Night Fever (Purple)
占星術師のターバン,Astrologer Turban
ビクトリーチップ銀,Silver Victory Chip
花狩人のころも・赤,Red Flower Hunter Outfit
災厄神話ギャラリー,Calamity Myth Gallery
コンシェルジュ０４,Concierge 04
オーガお花見セット,Ogre Cherry Picnic
プラコン風呂用衣装,Bath Outfit
ソルトナ峡谷への道,Road to Saltona Canyon
極天女帝のローブ上,Sky Empress Robe Top
学園スキルブック１,Academy Skill Book 1
人食い火竜プリズム,Tatsunaga Prism
プティラグアスの像,Teeny Raguas Statue
アラハ格闘場の植栽,Al-Ahagiro Arena Plants
アスバルのこころ９,Asbal's Heart Lv9
ファフニルメイル下,Fafnir Mail Bottom
増殖獣バイロゴーグ,Multiplying Beast Biologog
ヴォルザッド中央塔,Volzaad Central Tower
ショップ店員クレマ,Shop Clerk Kurema
メダルオーナーの館,Medal Owner's Hall
グランドタイタス号,Grand Titus
ドラゴンゾンビ・強,Vicious Dragon Zombie
錬金術は時を超えて,Alchemy Transcends Time
レーナム緑野の木Ｃ,Lenam Fields Tree C
しぐさ書・印を結ぶ,Hand Signs
誓約の園の室内庭園,Covenant Indoor Garden
パンフレットを読む,Read Pamphlet
壁かけムーンライト,Moon Wall Light
異界獣ヘイズナイト,Haze Knight, the Otherworldly
獣魔ローガストの像,Logast Statue
十周年大使アニバス,Anniversary Ambassador Annivers
シャークキングダム,Shark Kingdom
ダンシングライト紫,Dancing Light (Purple)
スコーピオンテイル,Scorpion Tail
オブジェクト座標000,Object Coordinates 000
鋼鉄巨兵のタトゥー,Iron Giant Tattoo
占星術師のローブ下,Astrologer Lower Robe
カラフルスラ花火台,Slime Fireworks Stand
だいまどうローブ上,Great Mage Upper Robe
バタフライウィング,Butterfly Wings
歯車じかけの便せん,Gear Paper
冒険の思い出レンズ,Adventure Memories Lens
魔女は高らかに笑う,The Witch Laughs Loudly
ポップスターリスト,Pop Star Wristbands
灰キツネ猫カプセル,Ash Fox Cat Toy
ラピスのおまねキー,Lapis' Copied Key
呪文ぼうそう率 +2.0%,Haywire Rate +2%
大型のマルチ水そう,Multi-Fish Aquarium L
フューリーブレード,Fury Blade
きまぐれ猫ドレス上,Silly Cat Dress
幸せの妖精のたまご,Happy Fairy Eggs
たれキジ猫カプセル,Lazy Brown Cat Toy
氷の魔王のスーツ上,Ice Demon Suit Top
黄金の飾りよろい下,Ornamental Faulds
デビルニャン貯金箱,Devil Cat Piggy Bank
カジノバニーヒール,Casino Bunny Heels
しっくいと和紙の壁,Plaster & Paper Wall
ごうかなダンロ・赤,Red Fancy Fireplace
はじゃのよろいぎん,Silver Champ Armor
ふのギフトボックス,Dark Gift Box
打ち上げ柳花火・青,Blue Willow Firework
セクシーライトの本,Sexy Light Book
お花の鉢植え・家用,Flower Plant Pot
メレアーデウィッグ,Mereade Wig
砂漠の渇きを癒す者,Desert Thirst Quencher
カジノバニースーツ,Casino Bunny Suit
人形劇の背景セット,Puppet Show Set
ミネアのオルゴール,Meena Music Box
グランゼドーラの母,Mother of Gran Zedora
ポーンのピース・黒,Black Pawn Piece
シスター・シノハゼ,Sister Shinohaze
タイタス号の飾り棚,Titus Shelf
海のステンドグラス,Sea Stained Glass
しぐさ書・キラキラ,Sparkling
アストルティア図鑑,Astoltia Picture Book
エージェントグラブ,Agent Gloves
庭用金平糖ライト虹,Rainbow Candy Light (G)
小さな英雄のブーツ,Little Hero's Boots
第５回釣りコン・銅,5th Fish Contest Bronze
海邪甲デプスロガン,Depthsogan, Evil of the Sea
魔物管理人シェトリ,Monster Manager Shetry
バラシュナの黄金像,Gold Varashna Statue
ポップスターブーツ,Pop Star Boots
筋肉伝道師キタエル,Muscle Evangelist Trayne
ギガントヒルズ・強,Vicious Drakularge
トレジャーコート上,Treasure Coat Top
大勇者の天衣セット,Intrepid Outfit
奇跡の錬金ツボの本,Miracle Jar Book
ムーンバニーブーツ,Moon Bunny Boots
紫水晶のテーブル小,Amethyst Table S
スコアアタック銅赤,Score Attack Bronze
ローズグレーダリア,Rose Gray Dahlia
精霊大臣の屋敷の棚,Minister Mansion Shelf
カスタム屋デコリー,Customizer Decory
オブジェクト座標147,Object Coordinates 147
うんてんしちっちぇ,Driver Chiche
イッショウの家の柱,Issho's House Pillar
黄赤チューリップ傘,Red/Ylw. Tulip Umbrella
ラッキーチケット金,Gold Lucky Ticket
勇者と盟友の便せん,Hero & Ally Paper
マジカルギフト・青,Blue Magical Gift
シーサイドチェスト,Seaside Chest
ブラッドメイジたち,Blood Mages
バレンタインココア,Valentine Cocoa
破天の防具鍛冶職人,Sky Shattering Armorsmith
クルーガースーツ下,Kluger Pants
グレーブルーの花束,Gray-Blue Bouquet
ナイトフィーバー赤,Night Fever (Red)
？？？？からの小包,Parcel from ????
ヴァレリアへの親書,Official Letter to Valeria
オブジェクト座標079,Object Coordinates 079
ふっかふかマフラー,Soft Scarf
北の渡し守べニーズ,North Ferryman Benize
おおきなリボン紫白,Purple/White Ribbon L
オブジェクト座標202,Object Coordinates 202
壁かけマイユ肖像画,Maille Portrait
ダラズ大鉱脈の街灯,Daraz Vein Lamppost
幻想画「一獲千金」,"Striking It Rich"
バトマスアーマー上,Gladiator Armor
第２回ムーニスの像,2nd Moonis Statue
ウェディングドレス,Wedding Dress
妖炎魔女のグローブ,Fire Witch Gloves
天の冒険者のころも,Divine Traveler Coat
スマートな水着・黄,Yellow Smart Swimsuit
しぐさ書・○を描く,Draw an O
シスター・ペポリス,Sister Pepolis
オブジェクト座標136,Object Coordinates 136
しましまマフラー青,Blue Striped Scarf
色飾りタイルの鏡台,Color Tile Vanity
チャーロンへの荷物,Baggage to Charon
しぐさ書・ウインク,Wink
さんぞくのサーベル,Bandit Blade
スラボードプリズム,Slime Board Prism
三姉妹の飛行船・青,Blue 3 Sisters Blimp
古グランゼドーラ城,Old Gran Zedora Castle
ミストグレーの花束,Mist Gray Bouquet
白魔術館のフェンス,White Mansion Fence
うつしよの天箱・改,Worldly Sky Box+
グレゴールの洞くつ,Gregor Cavern
テント風の家の外観,Tent House Exterior
ハンドベルオーガ像,Handbell Ogre Statue
旅芸人の衣装セット,Minstrel Outfit
カースドシャワー用,Cursed Shower
ドラゴンキラーの本,Dragonsbane Book
ディバイングローブ,Divine Gloves
キャロル姫ゆかた上,Carol Yukata Top
第７回釣りコン・金,7th Fish Contest Gold
強・キャッツメダル,Apex Cats Medal
祭具・七夕の剣絵巻,Festival Sword Scroll
ルーキーのつなぎ上,Rookie Shirt
壁かけ忌まわしき絵,Abominable Painting
邪蒼鎧デルメゼの像,Delmeze Statue
大いなる危機の胎動,Great Crisis in Motion
ドルタムのこころ１,Doltam's Heart Lv1
ユシュカのこころ７,Yushka's Heart Lv7
預かり所オレンじい,Storage Old Mandarin
ピンクダマスクの壁,Pink Damask Wall
ふしぎな燭台・黄色,Yellow Mysterious Candlestick
おもちゃの岩山・雪,Toy Mountain (Snow)
警備魔神兵０４４号,Aztech Guard No. 044
ゴールドマン衣装券,Gold Golem Voucher
オブジェクト座標111,Object Coordinates 111
色飾りタイルのイス,Color Tile Chair
スライダークカード,Nemeslime Card
オブジェクト座標070,Object Coordinates 070
スライムトレイ物語,Slime Shield Story
めざましハンドベル,Alarm Clock Bell
デフェル荒野への道,Road to Defel Desert
ドミネウス邸のラグ,Domineus Mansion Rug
カテドラルグローブ,Cathedral Gloves
会場案内係ファリネ,Venue Guide Farine
ポーポラ地方の木Ａ,Popola Region Tree A
オブジェクト座標017,Object Coordinates 017
豊穣の密林への出口,Exit to Forest of Fertility
惜別の置き手紙伝説,Farewell Letter Legend
壁かけタロットの絵,Tarot Painting
会心まいしんラップ,Ode of Confidence
蘇りしレイダメテス,Restored Reidametes
トロピカルジュース,Tropical Juice
花狩人の衣装券・赤,Red Flowerer Voucher
聖湖ゼニートのラグ,Zenit Rug
剛勇のベルトの破片,Bravery Belt Shard
ゴローさん部屋着上,Goro Shirt
旅芸人ピュージュＩ,Minstrel Pyuju I
美少女怪盗のポーズ,Phantom Thief Pose
赤のキーエンブレム,Red Key Emblem
行動時20%バイシオン,Oomph On Action 20%
プレゼントチケット,Present Ticket
ちいさな星の贈り物,Little Star's Gift
しびれだんびら・強,Vicious Paralyslicer
黄昏より君を連れて,Take You From Twilight
ばくだんいわ便せん,Rockbomb Paper
経験値の古文書・中,Experience Scroll M
オブジェクト座標006,Object Coordinates 006
エクリプスアックス,Eclipse Axe
スクアーロの写真４,Squalo's 4th Photo
インディヴィテスト,Indivi Test
蒼天のソウラ便せん,Souten no Soura Paper
オブジェクト座標199,Object Coordinates 199
バラエティボックス,Variety Box
オブジェクト座標004,Object Coordinates 004
リシアの新作アクセ,Lycia's New Accessory
Ｓジェネラルカード,Shogum Card
アイドルギフト・桃,Pink Idol Gift
おもちゃの草花・雪,Toy Plants (Snow)
プロディトスーツ上,Plaudit Suit
ピンクモーモンラグ,Pink Sanguini Rug
リポちゃんふうせん,Lipo Balloon
ブオーンとナドラガ,Bjorn and Nadraga
スライム強スリッパ,Vicious Slime Slippers
オブジェクト座標163,Object Coordinates 163
チョコが詰まった袋,Chocolate Filled Bag
三首海竜のウィング,Sea Dragon Wings
アンドレアル練習札,Rashaverak Tag
じょせいめいどふく,Maid Outfit (F)
闇の辺獄への昇降機,Elevator to Dark Edge
三姉妹人形・庭用黄,Yellow 3 Sis. Doll (G)
ローヌ樹林帯への道,Road to Rhone Woodlands
タロットパック・緑,Green Tarot Pack
試みの荒野への出口,Exit to Wilderness of Trials
防衛魔神兵０５５号,Aztech Guard No. 055
厄魔ポヴァディウス,Povadius
ムーンアックスの謎,Moon Axe Mystery
キングヒドラ練習札,King Hydra Tag
東洋風透かし窓・華,Floral Orient Window
財宝を守るドラゴン,Treasure Guard Dragon
スパイクアーマー上,Spike Armor Top
ドワーフ作業うでわ,Dwarf Work Bangles
トライバルグローブ,Tribal Gloves
オブジェクト座標152,Object Coordinates 152
きじゅつしのズボン,Illusionist's Pants
だいおうキッズ帽子,Squid Kid Hat
オブジェクト座標181,Object Coordinates 181
まもの導師のブーツ,Monster Guru's Boots
第１の試練参加パス,First Trial Entry Pass
おしゃれな水着・黄,Yellow Snazzy Swimsuit
神具解放の審問宮３,Relic's Reliquary 3
三毛猫・双カプセル,Calico Cat Twin Toy
ガーデン花火台・黄,Ylw. Fireworks Stand(G)
マダム・ポタージュ,Madame Potage
しぐさ書・ひまわり,Sunflower
ドット風エステラ像,Pixelated Estella
たんけんかえるまん,Explorer Elman
ベーカリーの庭用床,Bakery Flooring
カーディナルナイト,Cardinal Knight
エステラのこころ６,Estella's Heart Lv6
金平糖モビール・庭,Candy Mobile (G)
パールリボンピアス,Pearl Ribbon Earrings
世界樹のオルゴール,Yggdrasil Music Box
はじめよう！杖作り,Starter Staff Making
茶ブチ太猫カプセル,Fat Tea Spotted Cat Toy
ビクトリーチップ赤,Red Victory Chip
巨大風船青スライム,Big Blue Slime Balloon
第１３回エステラ像,13th Estella Statue
ゆめみの冥箱タンス,Dreamy Gloom Wardrobe
第７回討伐ＴＡ・銅,7th Boss TA Bronze
おうち用夕焼け天井,Sunset Ceiling
一角鬼の闘着セット,Demonhorn Armor Set
お月様と雲のベッド,Moon and Cloud Bed
マリン調のオーブン,Marine Oven
白のキーエンブレム,White Key Emblem
おてんば姫のブーツ,Alena's Boots
ボトルシップの置物,Ship in a Bottle
アンノウンシールド,Unknown Shield
アスバルのこころ７,Asbal's Heart Lv7
ウェスタンレイピア,Western Rapier
真の戦士への道のり,Becoming a True Warrior
夏休みの絵日記・銅,Bronze Summer Break Diary
タウン案内係メゾナ,Town Guide Mezona
ザグバン丘陵への道,Road to Zagban Hills
Ｖジャンプベレー改,V Jump Beret v2
ゼクレス城・テラス,Zechres Castle - Terrace
ふわふわブーケ飾り,Floating Boquet Decor
ナッチョスのテント,Nachos' Tent
ビクトリーチップ地,Earth Victory Chip
バニラリリィのタネ,Vanilla Lily Seed
魔カブト草の根っこ,Horseshoe Plant Root
フルーツバブルバス,Fruit Bubble Bath
特別タロットパック,Special Tarot Pack
笹と流線じんべい上,Bamboo Jinbei Top
見覚えのあるドレス,Familiar Dress
青のキーエンブレム,Blue Key Emblem
ガチャガチャポスト,Capsule Machine Mailbox
英雄はすべてを救う,A Hero Saves All
フカフカのもみガラ,Fluffy Rice Husks
モーモンのランタン,Teeny Sanguini Lantern
第３回カジノ祭・銀,3rd Casino Fest Silver
スライムタワーの像,Slime Stack Statue
青のほこらの洞くつ,Blue Shrine Cave
魔物管理侍女マトリ,Monster Maid Matori
タッツィのお手伝い,Tazzi's Help
ディバインステッキ,Magic Wand
壁かけのはめ殺し窓,Inset Windows
バーベキューセット,Barbecue Set
凧あげナスビナーラ,Kite Flying Woebergine
月球儀にあこがれて,Globe Admiration
ハートのペンダント,Heart Pendant
小鳥の止まり木の畑,Small Bird Perch Field
しぐさ書・そうめん,Noodles Trick
オブジェクト座標217,Object Coordinates 217
プチデビルグローブ,Petit Devil Gloves
まおうのランプ呪文,Demon King Magic Lamp
トロルバッコスたち,Gladiator Trolls
オブジェクト座標146,Object Coordinates 146
オブジェクト座標007,Object Coordinates 007
謎の幽霊列車の写真,Mystery Ghost Train Photo
導きの風に技閃きて,Flash in the Guiding Wind
デビルアーマーの書,Harmour Book
シスター・カナーテ,Sister Canate
ゾンビブラザーズＢ,Zombie Brother B
クローバーシールド,Clover Shield
嵐の領界のテーブル,Storm Realm Table
ヒトデのブーメラン,Starfish Boomerang
予言者学園女学生靴,FTA Shoes (F)
よくばり木箱セット,Well-Made Crate Set
ギュッと白き導き手,Handy Horse Arm Doll
ふわふわホミロット,Floaty Healix
アラビアンウェア上,Arabian Vest
シスター・メアリス,Sister Maris
子供向けの木工教本,Woodworking For Kids
シルエット・鳥・白,White Silhouette Bird
サメきぐるみ衣装券,Sharksuit Voucher
シャインファイバー,Shiny Fibers
しぐさ書・スライム,Slime Trick
魔法学園のスカート,Magic Student Skirt
ゆらゆら羊さん・桃,Pink Rocking Sheep
しぐさ書・傘まわし,Umbrella Spin
オブジェクト座標266,Object Coordinates 266
パルチザンとわたし,Partisan Secrecy
メタルハンター・異,Anomalous Hunter Mech
ドワチャッカの秘宝,Dwachakka's Treasure
シンクギアバイザー,Syncgear Visor
黄金のみたらし団子,Golden Mitarashi Dango
マーメイドティアラ,Mermaid Tiara
しぐさ書・パレード,Parade Dance
アンドレアルコイン,Rashaverak Coin
整理術は海を越えて,Sea the Art of Organizing
おうち用野道のラグ,Field Path Rug
スイカのソファ・庭,Watermelon Sofa (G)
ちびっこ竜族ポーチ,Nadravian Kids Pouch
魔物管理人のぼうし,Monster Manager Cap
第４回釣りコン・銀,4th Fish Contest Silver
歪曲性超空間論・下,Distorted Space Vol. 2
アスフェルド学園駅,Asfeld Academy Station
ポーズ書・キュート,Cute Pose
おうえんだんのふく,Cheer Team Suit
スライムの便せん２,Slime Paper 2
大自然にあこがれて,Longing for Nature
ストロベリーの花束,Strawberry Bouquet
オブジェクト座標194,Object Coordinates 194
プラコンプレゼント,Private Concierge Present
ホワイトキャンドル,White Chocolate Candle
ルミナスギフト・白,White Luminous Gift
第３回討伐ＴＡ・銅,3rd Boss TA Bronze
特別郵便局員レチカ,Special Postman Lechika
深い森の邸宅の屋根,Forest Manor Roof
かいふくクリスタル,Recovery Crystal
ガーデン花火台・赤,Red Fireworks Stand (G)
ガラクタボックス４,Junk Box 4
舞い手のヘアバンド,Performer's Hairband
オブジェクト座標190,Object Coordinates 190
シーサイドテーブル,Seaside Table
プチマジンガカード,Frail Uberkilling Card
初級魔法戦士のくつ,Novice ARM Shoes
オブジェクト座標130,Object Coordinates 130
ビクトリーチップ冥,Hades Victory Chip
全やりなおしの宝珠,Resettall Stone
トレジャーグローブ,Treasure Gloves
強化お願いします！,Please strengthen!
第９回釣りコン・金,9th Fish Contest Gold
男性さくらのゆかた,Sakura Yukata (M)
魔人エンラージャ強,Apex Enraja
マリン調のキッチン,Marine Kitchen
レンタルドルボード,Rental Dolboard
オブジェクト座標188,Object Coordinates 188
オブジェクト座標030,Object Coordinates 030
パッチ柄ベッド・桃,Pink Patch Bed
オブジェクト座標126,Object Coordinates 126
ジュレイダ連塔遺跡,Juleida Tower Remains
プスゴンのテーブル,Pusgon Table
叡聖の博士服セット,Profound Outfit
創失のカデスの牢獄,Gortress
ドラキーマの像・庭,Drackyma Statue (G)
ホワイトデーアーチ,White Day Arch
手品師のヘアバンド,Conjurer's Hairband
フラワーの気球・緑,Green Flower Balloon
庭用ネオン・アロー,Neon Arrow (G)
バルメシュケのカギ,Balmeschke's Key
水辺のシェルベッド,Waterside Shell Bed
蘇生時早詠みと祈り,Casting & Healing Savior
紅蓮のフランベリー,Bright Red Flanberry
浮遊クラゲのランプ,Floating Jellyfish Lamp
ようせいの首かざり,Papillon Pendant
ダンディタキシード,Dandy Tuxedo
オブジェクト座標011,Object Coordinates 011
預かり所バルバトゥ,Storage Barbatou
パンプキャビネット,Pumpkabinet
バズズのぬいぐるみ,Pazuzu Plushie
必殺チャージ率 +1.0%,Special Charge Rate +1%
アンテイクドレス下,Antique Skirt
おやぶんのにがお絵,Boss' Portrait
攻撃時25%暴走アップ,Haywire Up Attack 25%
パッチ柄ソファ・桃,Pink Patch Sofa
オブジェクト座標224,Object Coordinates 224
ニニエルザウィッグ,Ninierza Wig
小さな英雄のズボン,Little Hero's Pants
第９回ユシュカの像,9th Yushka Statue
アマラーク城の本棚,Amarak Castle Bookshelf
灰ブチ太猫カプセル,Fat Ash Spotted Cat Toy
星石に隠された秘密,Secret in the Meteorite
マスター・アーリュ,Guildmaster Aryu
パンパニーニノート,Panpanini's Notebook
スノースター衣装下,Snowstar Dress Bottom
しょくにんのベルト,Utility Belt
アズラン地方の木Ｃ,Azlan Region Tree C
エックス君生活印章,Revival of X Stamps
魔物管理人ヒュリー,Monster Manager Huri
第１３回ラウル像庭,13th Rahul Statue (G)
しぐさ書・ガリバー,Gulliver Hand
エレガンスフラワー,Elegance Flower
ラキの手づくり弁当,Lycae's Homemade Lunch
ネロドス・シャドウ,Nerodos' Shadow
預かり所シャーヤー,Storage Shayer
壁かけ故郷の風景画,Hometown Painting
ネオンフラッシュ緑,Neon Flash (Green)
未完のラゼアの風穴,unfinished Lazea Windways
ザンクローネソファ,Zankrone Sofa
ジア・レド・ゲノス,Dia Ledo Genos
破壊魔神兵０７５号,Aztech Guard No. 075
異界獣ヘイズバイオ,Haze Bio, the Otherworldly
オブジェクト座標244,Object Coordinates 244
エージェントの服下,Agent Coat Bottom
クスリの入った小瓶,Small Bottle of Medicine
執行獣ザジザディリ,Beastly Zajizadir
はじゃのつるぎの書,Cautery Sword Book
しぐさ書・たけのこ,Bamboo Shoot Trick
キャット・ジュニア,Catrick
ドット旅の扉柄ラグ,Travel Door Rug
魔技師ベストセット,Technomancer Outfit
トーテムと私の日常,My Totem Daily
フォーマルシューズ,Formal Shoes
第２回カンダタの像,2nd Robbin' 'Ood Statue
グレースギフト・桃,Pink Grace Gift
テスト型ローガスト,Test Model Logast
冥光冠パニスライム,Jewel of Panigalm
ドルタムのこころ２,Doltam's Heart Lv2
祈りの時は来たりて,Time for Prayer Has Come
ネビュラスブレード,Galactic Greatsword
カテドラルシューズ,Cathedral Shoes
スノースターセット,Snowstar Outfit
図解・虚空を翔る翼,Void Wing Schematic
オブジェクト座標209,Object Coordinates 209
破壊神の眼甲の破片,Wrecking Wear Shard
錬金魔王の言い伝え,Alchemy Demon King Lore
イカしたＴシャツ桃,Pink Cool T-Shirt
フォーリオン造成地,Fourion Worksite
白玉ドットＴシャツ,White Dot T-Shirt
汚染源ヘドロヌーバ,Sludgeraker
メタスラぬいぐるみ,Metal Slime Plushie
暗黒大樹の番人たち,Dark Tree Guardians
オブジェクト座標100,Object Coordinates 100
ホイミントドレス上,Heal Mint Blouse
冥府と虚空の支配者,Ruler of the Void and the Dead
誓約の園の神殿の扉,Covenant Temple Door
ユニコーンプリズム,Unicorn Prism
ごうかなラグ中・緑,Green Fancy Rug M
ランカーキャップⅡ,Ranker Cap Ⅱ
植物学者の置きかご,Botanist Cage
オブジェクト座標037,Object Coordinates 037
ミッドナイトの花束,Midnight Bouquet
ウェディングアーチ,Wedding Arch
クロスペンデュラム,Cross Pendulum
魔法使いは行方不明,The Mage is Missing
ダイナーヘアドレス,Diner Headdress
ごうかなグリル・赤,Red Fancy Grill
チョコレートリップ,Chocolate Tulip
クールスターの服上,Cool Star Shirt
キラパン白プリズム,White Sabrecat Prism
庭用チームフラッグ,Team Flag (G)
紅蓮のクイーンビー,Crimson Queen Bee
おしゃれな水着・桃,Pink Snazzy Swimsuit
酒場の庭オルゴール,Tavern Music Box (G)
タロットパック・銀,Silver Tarot Pack
ゆめみの銀箱タンス,Dreamy Silver Wardrobe
ユーライザウィッグ,Yuliza Wig
茶柴モダンカプセル,Hip Brown Shiba Toy
お花の外灯・ピンク,Pink Flower Light (G)
公演会２５視聴券１,Summer '25 Show Ticket 1
タンブラークロッグ,Tumbler Shoes
しぐさ書・照れカワ,Cute 'n' Shy
オブジェクト座標272,Object Coordinates 272
ごうかなラグ小・緑,Green Fancy Rug S
カボチャのバスタブ,Pumpkin Bathtub
オブジェクト座標189,Object Coordinates 189
魔想念ジェルザーク,Remnant of Gelzark
アラビアンシューズ,Arabian Shoes
りゅうおうブレード,True Dragonlord Blade
ウェディングチェア,Wedding Chair
ポリ緑パーカー水着,Green Parka Swimsuit
たゆたうクラゲの柱,Floating Jellyfish Pillar
未完の風穴の研究室,unfinished Windways Study
戦闘中ＭＰ自動回復,Automatic MP Recovery
タウン案内係ポポコ,Town Guide Popoko
ゴーレムぬいぐるみ,Golem Plushie
ごうかな長イス・緑,Green Fancy Bench
ウェスリーハンマー,Wesley's Hammer
アイドルギフト・白,White Idol Gift
ドワーフ作業首まき,Dwarf Work Scarf
ふわふわフラフの箱,Floaty Fluff Box
Ｖロンのベッド・赤,Red Vron Bed
ゴールデンライト緑,Golden Light (Green)
レッドガーベラの傘,Red Gerbera Umbrella
イナミノ街道の木Ｃ,Inamino Highway Tree C
マスター・ポシェル,Guildmaster Poshel
りょうしゅたけとら,Lord Taketora
とこしえの神殿広間,Temple of Eternity Hall
ギュメイ将軍練習札,Goresby-Purrvis Tag
サーカスハウスの壁,Circus House Wall
しられざる神殿の絵,Picture of Unknown Temple
プリズニャン観覧車,Jailcat Ferris Wheel
オブジェクト座標277,Object Coordinates 277
カラフル天井ライト,Colorful Ceiling Light
ナイトメアシドー針,Nightmare Needle
モザイクガラスの柱,Mosaic Glass Pillar
お庭用の旬のスイカ,Seasonal Watermelon (G)
黒魔術館のフェンス,Black Mansion Fence
野いちごボンネット,Wild Strawberry Bonnet
すいーとないしょう,Sweet Outfit
アンドレアルカード,Rashaverak Card
スライダークメット,Nemeslime Helmet
亡き王国に捧げる詩,Ode to a Departed Kingdom
ライトニングソード,Thunderstorm Sword
アクエリアスガード,Shield of Aquarius
住宅素材屋ポッポル,Housing Materials Poppol
ユーライザ神の光輪,Yuliza's Halo
第７回討伐ＴＡ・銀,7th Boss TA Silver
レオーネのこころ５,Leone's Heart Lv5
ピクニックワグミカ,Wagmika Picnic
ジュレー島下層遺跡,Lower Jule Island Ruins
四葉透かし細工の壁,Four-Leaf Wall
オブジェクト座標187,Object Coordinates 187
たゆたう水面ライト,Water Surface Light
ウィリーデウィップ,Vilide Whip
ルファ神殿・中央塔,Rufa Temple - Tower
アクアマリンマリー,Aqua Marie
冥府より来たるもの,One from the Underworld
レグルのペンダント,Regul's Pendant
初級魔法戦士グラブ,Novice ARM Gloves
髪飾りのデザイン画,Hairpin Design Sketch
ディアブロプリズム,Diablo Prism
ゆらゆら羊さん・紫,Purple Rocking Sheep
ふわふわ雲のベッド,Fluffy Cloud Bed
オスクトルローブ下,Oscutor Robe Bottom
ファフニルメイル上,Fafnir Mail Top
巨商のころもセット,Rich Merchant Outfit
王都カミハルムイ北,Kamiharmui City North
ネルゲルぬいぐるみ,Nergel Plushie
オブジェクト座標118,Object Coordinates 118
初級・魔力錬金の本,Beginner Magic Power
フルーツバスケット,Fruit Basket
断罪のジャマダハル,Judgement Katar
ハディン地下洞くつ,Hadine Cavern
カラマドの剣詰め所,Calamad Outpost
レジェンズウィング,Legends Wing
第３回アルウェの像,3rd Alwe Statue
初級・ＭＰ錬金の本,Beginner MP
ハネツキ博士の部屋,Dr. Hanetsuki's Room
タリスマンの守護者,Guardian of the Talisman
うさぎエステラ人形,Rabbit Estella Doll
黄金獣アルムゴーグ,Golden Beast Armogog
騒演王ベイオウルフ,Chaotic King Beowulf
公演会２５視聴券２,Summer '25 Show Ticket 2
ガーディアンメイル,Guardian Mail
コロシアム対戦終了,Coliseum Match End
クオードのサーベル,Quard's Sabre
プラチナフライパン,Platinum Frypan
オーガキングの盾扉,Testudogre Shield Door
自立型サンドバッグ,Standing Punching Bag
モッズコート衣装券,Mod Coat Costume Ticket
はやぶさのツメの書,Crow's Claws Book
セピアのアイリ人形,Sepia Aili Doll
ケジメはあかく咲く,The End is in Sight
蘇りし冥王ネルゲル,Risen Netherlord Nergel
エテーネ王国２印章,Ethene Kingdom 2 Stamps
古代王族のターバン,Ancient Royal Turban
オブジェクト座標077,Object Coordinates 077
ムーディーテーブル,Moody Table
スチームタンス・赤,Red Steam Wardrobe
天使のタペストリー,Angel Tapestry
純喫茶のカウンター,Cafe Counter
幻想画「一宿一飯」,"A Night’s Hospitality"
エルフＧＰプリズム,Elf GP Prism
ステーション機関室,Station Engine Room
Ｖロンのタンス・赤,Red Vron Wardrobe
オブジェクト座標250,Object Coordinates 250
支援魔神機０２８号,Aztech Support Mech No. 028
閃輝晶獣ビルビギス,Crystalfiend Bilbigis
オブジェクト座標248,Object Coordinates 248
セピアのトーマ人形,Sepia Toma Doll
バージニアステッキ,Virginia Stick
第１２回ファラス像,12th Faras Statue
ビクトリーチップ光,Light Victory Chip
死へと導く獣の伝承,Beast That Leads to Death
あの炎がおっかねえ,That Flame's Scary...
職やりなおしの宝珠,Resetta Stone
チェックのラグ・青,Blue Checkered Rug
旅芸人ピュージュＪ,Minstrel Pyuju J
プチキラーマジンガ,Frail Uberkilling Machine
創失のフーラズーラ,Influzula
演奏会２６秋レンズ,Fall Concert '26 Lens
アンドレアルメダル,Rashaverak Medal
白霜の流氷野への道,Road to Frosty Floes
レグルの記憶の結晶,Regul's Memory Crystal
あくまのいしょう２,Imp Costume 2
伝説の三悪魔コイン,Legendary Evils Coin
第７回釣りコン・銀,7th Fish Contest Silver
純真天使のグローブ,Pure Angel Gloves
三姉妹人形・家用桃,Pink 3 Sisters Doll
預かり所アイリーン,Storage Irene
ホイミスライムの書,Healslime Book
短冊・宇宙の旅へ！,Off to Space!
オブジェクト座標284,Object Coordinates 284
第１回カジノ祭・金,1st Casino Fest Gold
レンガのお屋敷の柱,Brick House Pillar
公演会２５夏レンズ,Summer '25 Show Lens
ヴィーラのバンダナ,Vila's Bandana
お祭りやぐら館の壁,Festival Wall
ガートラント兵士Ｂ,Gartlant Soldier B
怨霊の憑いた戦士Ａ,Warrior With a Grudge A
ビクトリーチップ銅,Bronze Victory Chip
青鮮の根絶将コンネ,Produce General Cornelia
グレイトフルロッド,Grateful Rod
党首マスター・ドー,Spicy Party Leader Mustardo
古グランゼドーラ領,Old Gran Zedora Territory
パーティーの招待状,Party Invitation
ほこらの祭祀場・闇,Dark Shrine Ritual Ground
ゼドラ王国服モブ１,Zedra Royal Clothes Mob 1
小辛翼竜バードアイ,Hot Pterosaur
しにがみきぞくの盾,Bone Baron Shield
鑑賞会２６夏レンズ,Summer Screen '26 Lens
おうち用花畑のラグ,Flower Field Rug
アシッドクリスタル,Acid Crystal
ゴールドフィンガー,Rake 'n' Break
ギュッとメイヴの箱,Meiv Arm Doll Box
フォンデュの像・庭,Fromage Fray Statue (G)
はじゃのろーぶぎん,Silver Champ Robe
冥王の使いマボック,Envoy Mavok
キング・カカオの実,King Cacao Fruit
ぽぽえるうんてんし,Driver Popoel
シュメリアスカート,Sumeria Skirt
第９回ナジーンの像,9th Najinn Statue
ジーガンフのうちわ,Jiganf Fan
祈願の神殿の飾り棚,Gratitemple Shelf
超天遊戯－壱の書－,Chosen's Teachings Book 1
超フライパン作成術,Super Frypan Book
スライダークブーツ,Nemeslime Boots
獄辛党員シニグリー,Prisoner Singuri
ライトイエロダリア,Light Yellow Dahlia
エステラぬいぐるみ,Estella Plushie
テーブルとごちそう,Table and Feast
学園女子の夏服下改,Schoolgirl Summer Skirt2
伝説の三悪魔カード,Legendary Evils Card
聖王のつるぎの壁画,Dryspell Sword Book
四季の壁画つき浴槽,Four Seasons Bathtub
サイクロンアッパー,Air Raiser
ゴールドモンスター,Gold Monster
チョコファウンテン,Choco Fountain
超ようせいのひだね,Super Lamplight
ドルワーム研究員帽,Dolworm Research Hat
旅のおともボックス,Travel Accessory Box
スライムアンノウン,Slime Unknown
ゼクレス魔導兵たち,Zechres Mages
ドルワーム研究服券,Dolworm Outfit Ticket
レンジャコート下２,Ranger Coat Bottom 2
オブジェクト座標172,Object Coordinates 172
くーるすたーせっと,Cool Star Outfit
ラウルの肖像画・庭,Rahul Portrait (G)
スパイスカレー・小,Small Spicy Curry
月光スミレの花びら,Moonlight Violet Petal
王都カミハルムイ南,Kamiharmui City South
はじゃのろーぶきん,Gold Champ Robe
新鮮な異形獣のツノ,Fresh Hexabeast Horn
図解・虚空を断つ剣,Void Sword Schematic
オブジェクト座標232,Object Coordinates 232
呪われた大地への道,Road to Cursed Land
神都の庭オルゴール,Fourion Music Box (G)
妖精の女王ドレス下,Fairy Queen Lower Dress
オブジェクト座標055,Object Coordinates 055
ウサぐるみ衣装券Ⅲ,Rabbit Costume Ticket Ⅲ
壁かけロトのつるぎ,Erdrick's Sword Mount
デスマシーンメダル,Slaughtomaton Medal
アルウェーンの街灯,Alweyn Lamppost
白雲の烈翼将ヤヌビ,White General Yanubi
死のギフトボックス,Death Gift Box
まどうしのころも下,Wizard's Robe Bottom
さざなみギフト・白,White Ripples Gift
決めポーズ中央前列,Decisive Pose Front Row
オブジェクト座標192,Object Coordinates 192
難攻不落の要塞大全,Impregnable Fortresses
バイキルエンハンス,Oomphgrade
ガタラアームズの旗,Gatara Arms Banner
記憶の風穴の研究室,Memory of Windways Study
警備魔神兵０４７号,Aztech Guard No. 047
王宮のオーブン・青,Blue Royal Oven
ウルベア魔神兵の像,Urbea Aztech Statue
プラチナのランプ小,Platinum Lamp S
アマラーク城の玉座,Amarak Castle Throne
グレモリーの大紋章,Gremory Sigil
レンジャシャプカ２,Ranger Shapka 2
オルフェア民家の扉,Orphea House Door
祭具・笹だんご絵巻,Bamboo Dumplings Recipe
ブルラトスの発着場,Bulratos' Landing
ガード時80%でためる,Tension On Parry 80%
カラフル花火台・桃,Pink Fireworks Stand
クリスマスかまくら,Christmas Hut
ゴルスラのかんむり,Gold Slime Crown
オブジェクト座標219,Object Coordinates 219
プチデビルスーツ下,Petit Devil Pants
ぶんぶんパニック！,Buzz Buzz Panic!
マイタウン水没地区,My Town Submerged District
フリルスイムパンツ,Frill Swim Trunks
お姫様チェスト・桃,Pink Princess Chest
氷の魔王のスーツ下,Ice Demon Suit Bottom
クモの巣カーペット,Spider Web Carpet
オフィサーキャップ,Officer Cap
正しくて優しい強さ,Just and Gentle Strength
しゅうれんぎセット,Training Outfit
黒蛇鬼アクラガレナ,Akragarena
水玉模様のふりそで,Polka Dot Kimono
シックゴスグローブ,Chic Goth Gloves
コケ玉の盆栽セット,Moss Ball Bonsai Set
プスゴンのきぐるみ,Pusgon Costume
メレアーデドレス上,Mereade Dress Top
ステージチュチュ下,Stage Tutu Bottom
ドラゴンテイルの書,Dragontail Whip Book
破壊魔神兵０６９号,Aztech Guard No. 069
ユシュカのこころ３,Yushka's Heart Lv3
氷の領界の氷ライト,Ice Realm Light
その先に行くために,To Go Beyond
ビクトリーチップ竜,Dragon Victory Chip
茶柴クールカプセル,Cool Brown Shiba Toy
ＭＰなくなりそう！,I'm losing MP!
アオちゃんカプセル,Bluey Toy
求道者の道着セット,Seeker's Outfit
ハートの食器棚・桃,Pink Heart Cupboard
ランプ錬金設備・庭,Lamp Alch. Facility (G)
ドラキー柄のゆかた,Dracky Yukata
お兄ちゃんへの手紙,Letter to Brother
クリスタルピッケル,Crystal Pickaxe
レオーネのこころ８,Leone's Heart Lv8
賢者のころもセット,Sage Outfit
メリクリギフト・緑,Green Christmas Gift
ヴァルディスタ兵２,Valdista Soldier 2
ゴスバニースカート,Goth Bunny Skirt
行動時25%早詠みの杖,Faster Caster On Action 25%
天狐アマツカゼの旗,Amatsukaze Banner
ガーデニングセット,Gardening Set
ゆめみの金箱タンス,Dreamy Gold Wardrobe
アジサイじんべい上,Hydrangea Jinbei Top
第２回ラグアスの像,2nd Raguas Statue
オブジェクト座標234,Object Coordinates 234
Ｓジェネラル練習札,Shogum Tag
シュバリエメイル上,Chevalier Mail Top
大富豪なりきり宝箱,Tycoon Treasure Chest
シンプルハウスの壁,Simple House Wall
ウィリーデショット,Vilide Shot
プラチナ錬金ツボ小,Platinum Jar S
黒衣の剣士のブーツ,Dark Swordsman Boots
蒼黒のフランベリー,Blue-Black Flanberry
バタフライトップス,Butterfly Top
ポップスターの服下,Pop Star Skirt
リンベリィのドレス,Linberry's Dress
ピクニックマローネ,Marone Picnic
潮風のディーバたち,Sea Breeze Divas
オブジェクト座標021,Object Coordinates 021
オーガのパーティ机,Ogre Party Table
ウェディのサンダル,Weddie Sandals
ネオンフラッシュ青,Neon Flash (Blue)
アールヌーボー調扉,Art Nouveau Style Door
オブジェクト座標088,Object Coordinates 088
まてきのスティック,Brouhaha Boomstick
レトロな水泳ぼうし,Retro Swim Cap
魔物管理人ペコリア,Monster Manager Pekoria
第１０回ユシュカ像,10th Yushka Statue
苺お菓子のバスタブ,Berry Sweet Bathtub
オブジェクト座標125,Object Coordinates 125
真・魔幻宮殿の燭台,Demon Palace Candles
袋入りリポちゃん帽,Lipo Bag Hat
紅白ダケの冬虫夏草,Caterpillar Fungus
しぐさ書・決め左前,Decisive Pose L. Front
プロディトスーツ下,Plaudit Pants
あどるふうんてんし,Driver Adolf
ドルワーム王国の扉,Dolworm Kingdom Door
プラチナトレイの本,Platinum Platter Book
カボチャカウンタ小,Pumpkin Counter S
シスター・ミシェル,Sister Michelle
ビクトリーチップ紫,Purple Victory Chip
第１回討伐ＴＡ・銅,1st Boss TA Bronze
オブジェクト座標184,Object Coordinates 184
ルネッサンステッキ,Renaissance Wand
預かり所ビッティス,Storage Bittis
しぐさ書・サクうま,Saku Uma
嵐の領界の雷岩・庭,Storm Realm Rock (G)
プリーストナイトＡ,Priest Knight A
ルミナスシーリング,Luminous Ceiling
エトワールコート上,Etoile Coat Top
からくりしょうぐん,Bamboolict
プチドラゴンカード,Frail Green Dragon Card
ぐりーんたきしーど,Green Tuxedo
アスタルジアの欠片,Astalgia Shard
夢見るスイムワンピ,Dream Swim Dress
キングのピース・白,White King Piece
カボチャのキッチン,Pumpkin Kitchen
アマラーク城の花壇,Amarak Castle Flowerbed
リリィアンヌバッグ,Lillian Bag
魔物管理人トゥフラ,Monster Manager Tufura
ピンクダマスクの柱,Pink Damask Pillar
ゼブラパーカー水着,Zebra Hoodie Swimsuit
となかいのきぐるみ,Reindeer Costume
じょうぶな木枠の壁,Solid Wood Frame Wall
ベジセルク・サーガ,Cucumberserk Saga
シルフウィング・白,White Sylph Wings
オブジェクト座標128,Object Coordinates 128
レド・ゲノスの背景,Ledo Genos
マイタウン白亜地区,My Town Chalk District
フェンリルアタック,Lupine Leader
サボテンダーポーズ,Cactuar Pose
運動会・赤組衣装券,Red Team Voucher
ロヴォス高地への道,Road to Rovos Highlands
青年貴族のグローブ,Nobleman's Gloves
壁かけ災厄の王の絵,King Calamity Portrait
スターコートセット,Superstar Outfit
夜の神殿☆探検手帳,Temple of Night Notebook
スパングルフェザー,Spangled Feather
ほこらの祭祀場・氷,Ice Shrine Ritual Ground
魔物管理人ピョンル,Monster Manager Ponel
魔物三度笠チケット,Sandogasa Ticket
預かり所・よろず屋,Depository/General Shop
お姫様間仕切り・桃,Pink Princess Partition
マスター・ポーリア,Guildmaster Paulia
深海にうごめくもの,Dweller of the Deep
氷闇の月飾りの破片,Icy Dark Moon Shard
オブジェクト座標220,Object Coordinates 220
罪深きバラのように,Like a Sinful Rose
マダムの店のだるま,Madame's Shop Daruma
魔法使いのぼうし２,Mage Hat 2
マイタウン海辺の村,My Town Seaside Village
さはらこーとせっと,Sahara Outfit
ダイナーズボン衣装,Diner Trousers Outfit
シスター・グレンダ,Sister Glenda
マスカレイドヘルム,Masquerade Helm
ほこらの祭祀場・嵐,Storm Shrine Ritual Ground
サーカスハウスの柱,Circus House Pillar
いなずまチャーム赤,Red Lightning Charm
ねこまどうの像・庭,Meowgician Statue (G)
水の領界のサンゴ礁,Water Realm Coral Reef
ディバインクラウン,Divine Crown
ほわいとたきしーど,White Tuxedo
ルーンクラブクロー,Rune Crab Claws
ジュエルスティック,Jewel Wand
天宮騎士のグリーブ,Sky Knight Greaves
ヤドリギ広場　出口,Mistletoe Plaza Exit
しぐさ書・ツッコミ,Sobering Slap
ゲルヘナ幻野への道,Road to Gerhena Field
ライトニングダガー,Thunderstorm Skean
ブロンズブーメラン,Bronze Boomerang
防衛魔神兵０５７号,Aztech Guard No. 057
魔物シールド勲章券,Shield Medal Ticket
光飾りタイルの鏡台,Light Tile Vanity
ミステリドールの書,Pocus Poppet Book
サーカステントの扉,Circus Tent Door
ナスビナーラの門松,Woebergine Pine Decor
オブジェクト座標245,Object Coordinates 245
超天遊戯－弐の書－,Chosen's Teachings Book 2
ふしぎな燭台・白色,White Mysterious Candlestick
リーフ柄の便利な壁,Leaf Pattern Wall
ばくだん岩の像・庭,Rockbomb Statue (G)
コンシェルジュ１１,Concierge 11
第８回釣りコン・金,8th Fish Contest Gold
小悪魔王子ステッキ,Devil Prince's Stick
風船星空天井ライト,Starry Balloon Light
花咲く一軒家の壁改,Bloom House Wall Decor
魔塔の青い炎の台座,Blue Tower Flame
妖魔ジュリアンテ強,Apex Mystical Juliante
ハロウィン衣装券Ⅷ,Halloween Voucher Ⅷ
スライダークグラブ,Nemeslime Gloves
イチゴのクッション,Strawberry Cushion
赤の巨人レドノフ強,Apex Red Giant Rednov
ゼクレスのテーブル,Zechres Table
おおきなリボン青白,Blue/White Ribbon L
シスター・メイデル,Sister Maidel
シンプルイヤーマフ,Simple Earmuffs
オブジェクト座標175,Object Coordinates 175
ハイクラススーツ下,High Class Suit Bottom
氷魔王の大矛・オノ,Ice Demon King Axe
ももんじゃプリズム,Platypunk Prism
もじゃらきラクーン,Raccoon Platypunk
推しに想いを込めて,Pouring Out One's Feelings
ロードリーコサージ,Lordly Corsage
アスバルのこころ１,Asbal's Heart Lv1
謹賀新年★２０２１,Happy New Year 2021
ムーンバニーヘッド,Moon Bunny Head
高機動スピンネイル,High Mobility Spin Nail
景品交換所リーニャ,Prize Exchange Linya
水のはごろもセット,Flowing Outfit
チュピちゃんのネジ,Chupie's Screw
魔天兵ゴルドーたち,Evil Soldier Goldo and co.
予言者学園女学生服,FTA Uniform (F)
ぐるぐるキャンディ,Spiral Lollipop
ホワイト庭用ソファ,White Outdoor Sofa
セイレーンパレオ上,Siren's Pareo Top
しにがみきぞく・強,Vicious Bone Baron
死霊姫ヤサギリたち,Dead Princess Yasagil
銀のキーエンブレム,Silver Key Emblem
プラコン男あくま服,Men's Imp Costume
神兵のガントレット,Divine Soldier Gloves
しぐさ書・たてごと,Harp
大地の箱舟プリズム,Ark of the Earth Prism
預かり所クリスタル,Storage Crystal
王宮のチェスト・青,Blue Royal Chest
第６回討伐ＴＡ・銀,6th Boss TA Silver
太古の偶像を求めて,In Search of Ancient Idols
紫水晶のテーブル大,Amethyst Table L
夏休みの絵日記・銀,Silver Summer Break Diary
エージェントの服上,Agent Coat Top
おにのかなぼう物語,Marauder's Maul Story
鳥かごのポスト・桃,Pink Birdcage Mailbox
オブジェクト座標255,Object Coordinates 255
コンシェルジュ０５,Concierge 05
ハクオウのこころ９,Hakuo's Heart Lv9
オブジェクト座標042,Object Coordinates 042
ベビーぷりズポーチ,Baby Jailcat Pouch
オルファの丘への道,Road to Orpha Hill
妖精の女王パンプス,Fairy Queen Heels
カンダタこぶんリポ,Merry Man Lipo
冒険ゼミの会員帽子,Adventurer Seminar Cap
オーガの村人うでわ,Ogre Villager Bracers
プクリポテーブル小,Pukulipo Table S
ビターチョコヌーバ,Dark Fudgeraker
幸せのご近所バトン,Happy Neighborhood Baton
アクセ購買員ククス,Accessory Supplier Kook
蘇りしジュリアンテ,Risen Juliante
ひとくいドールたち,Man-Eating Dolls
翠将鬼ジェルザーク,Gelzark, the Green General
マリンスライムの像,Seaslime Statue
しゅうれん用リスト,Training Wristbands
ナイトのピース・白,White Knight Piece
ガールモッズコート,Girl Mod Coat
神官長ナダイアの杖,Archpriest Nadaia's Staff
オブジェクト座標029,Object Coordinates 029
初心者用のハンマー,Beginner's Hammer
冒険ゼミ会員ベスエ,Adventurer Seminar Glooria
壁かけ朝食シェルフ,Breakfast Wall Shelf
ナスビナーラ衣装券,Woebergine Voucher
ハートのしゃぼん玉,Heart Soap Bubbles
ともしびこぞう提灯,Wickerman Paper Lantern
マリンスライム・強,Vicious Seaslime
男性もみじのゆかた,Maple Yukata (M)
おとぎの森シューズ,Fairy Forest Shoes
マジカルハットの書,Hat Hamwitch Book
ノーブルギフト・黒,Black Noble Gift
ソーミャ宛ての手紙,Letter to Somya
アグラニ風たいまつ,Agrani-Style Brazier
紫電とどろく時は今,Purple Lightning Time
ごうかなグリル・緑,Green Fancy Grill
こおりのブーメラン,Winter's Wing
イグナイトメイル上,Ignite Mail Top
大地の怒竜バウギア,Earthwyrm Baugia
しぐさ書・ほほえむ,Smile
植物学者のテーブル,Botanist Table
はやてのキュロット,Agility Culottes
しぐさ書・雪だるま,Snowman
おもちゃの草原・雪,Toy Grass Field (Snow)
ヒロイックパーカー,Heroic Hoodie
大森林のレンジャー,Great Forest Ranger
究極邪教司祭練習札,Ultimate Aamon Tag
クロウズぬいぐるみ,Claws Plushie
オブジェクト座標097,Object Coordinates 097
ジェスタースーツ下,Jester Suit Bottom
ザ・キャッツメダル,The Cats Medal
武器チャームメダル,Weapon Charm Medal
シグナルクローバー,Clover Signal
作業場・跡地　入口,Workshop - Ruins Entrance
まじないしローブ下,Fizzle-Proof Bottom
オブジェクト座標038,Object Coordinates 038
ジェスターシューズ,Jester Shoes
プクリポプランター,Pukulipo Planter
ヴァルハラグリーブ,Valhalla Greaves
いたずらジャーミィ,Jammy the Jocular
マリーヌ神像の写真,Marine Statue Photo
バイコーンプリズム,Bicorn Prism
さまようよろいの書,Restless Armour Book
白亜の臨海都市地区,Chalky Waterfront
おしゃれストリート,Fashion Street
しぐさ書・升で乾杯,Cheers Box
メギス鶏のからあげ,Megis Fried Chicken
パピヨンソファ・夢,Dream Papillon Sofa
オフビートなアイツ,That Offbeat Person
ソルシエールの服下,Sorciere's Bottoms
ブルートライデント,Blue Trident
オブジェクト座標045,Object Coordinates 045
ごうかな長イス・赤,Red Fancy Bench
ランプ錬金職人の神,Lord of Lamp Alchemy
帝国の闇サンタたち,The Yuleish Empire
チアガールのリスト,Cheerleader Bangles
ギュッとチュラリス,Chularis Arm Doll
司祭のほういセット,Pastor's Outfit
サンタガールトップ,Santa Girl Top
クリムゾンウィング,Crimson Wings
ホイミントドレス下,Heal Mint Skirt
クリームつむりの像,Cream Slime Statue
若手芸人のバンダナ,Young Talent Bandana
記念品交換ベスリン,Souvenir Exchange Bethlin
ようせいのわたアメ,Fairy Cotton Candy
ウィザード本棚・黒,Black Wizard Bookshelf
カギ師たちの挑戦状,The Keymaker's Challenge
ゴレオン将軍コイン,Goreham-Hogg Coin
ネレウススティック,Nereus Wand
森の水車小屋の生垣,Watermill Hedge
エテーネ軍の兵士Ｄ,Ethene Army Soldier D
幻影のドミネウス邸,Illusory Domineus Mansion
ポーポラ地方への道,Road to Popola Region
騎神のよろいセット,Knight God Armor Set
えんじぇるいしょう,Angel Costume
異界将軍ゲルニック,Hootingham-Gore, the Otherworldly
チョコっとシューズ,Choco Shoes
海沿いのヴィラの床,Seaside Villa Floor
グリームシューター,Gleam Bow
マジェスタスーツ上,Majesta Shirt
ハスの花ランプ・赤,Red Lotus Lamp
ポールスタートップ,North Star Shirt
第１０回ラウル像庭,10th Rahul Statue (G)
魔物ブルーメット券,Blue Helmet Ticket
古防砂ダム・展望台,Old Sand Dam Observatory
ダルメシアンズボン,Dalmatian Shorts
１０周年のかんむり,10th Anniversary Crown
サンバ・デ・ビーク,Samba de Beak
ポーズ書・もののふ,Samurai Pose
学園の菜園の飾り棚,Academy Garden Shelf
つりしのいしょうⅡ,Angler's Costume Ⅱ
ルナナのぬいぐるみ,Lunana Plushie
はぐくみギフト・燈,Light Nurturing Gift
フリルのビキニ・桃,Pink Frill Bikini
発光きのこプリズム,Glowing Shroom Prism
烈風のころもセット,Gale Garments Set
カミハルムイ渡し船,Kamiharmui Ferry
ヒエヒエなんです！,It's Freezing!
ディエゴからの試練,Trials From Diego
オブジェクト座標082,Object Coordinates 082
春祭り２６Ｄ１目録,Spring Fest '26 D1
オブジェクト座標235,Object Coordinates 235
トレジャーキャップ,Treasure Cap
アマラーク城の噴水,Amarak Castle Fountain
嵐の領界のついたて,Storm Realm Partition
リーフシードラゴン,Leafy Seadragon
祈願の神殿の陳列台,Gratitemple Stand
ピュアブルーダリア,Pure Blue Dahlia
グレースギフト・紺,Blue Grace Gift
はじゃのよろいどう,Bronze Champ Armor
森のこびとのポスト,Forest Dwarf Mailbox
伝説の勇者はちがね,Legendary Hero Headband
クルクルポシェット,Bag o' Books
ゴージャスクリーム,Gorgeous Cream
真・幻界諸侯カード,True Dread Fiends Card
シスター・モスコル,Sister Moscol
謎の飛行物体の写真,Mystery UFO Photo
やまたのおろちたち,Orochi and co.
オブジェクト座標023,Object Coordinates 023
魔衛隊士のよろい下,Demon Guard Leggings
バトラエルトランプ,Batrael Cards
星座の導き・しし座,Constellations: Leo
オブジェクト座標216,Object Coordinates 216
迷宮の主の間への道,Path to Boss
ギルガランのピアス,Gilgaran's Earrings
ヒューザのこころ２,Hyuza's Heart Lv2
パピヨンベッド・幻,Phantom Papillon Bed
バンデッドチェイン,Brigandine
第５回釣りコン・金,5th Fish Contest Gold
アンガーギフト・銀,Silver Angry Gift
オブジェクト座標117,Object Coordinates 117
しらふじいろダリア,White Wisteris Dahlia
カラフル風船・紫桃,Purple & Pink Balloons
おおさそりの浮き輪,Scorpion Floatie
フェアリードラゴン,Damselfly
しぐさ書・狼まわし,Wolf Spin
初心者用ブーメラン,Beginner's Boomerang
前ウェーブつけ毛Ａ,Front Wavy Hairpiece A
女性もみじのゆかた,Maple Yukata (F)
ローラ姫のドレス下,Gwaelin's Dress Bottom
スライダークの大剣,Nemeslime Greatsword
ごうかなベッド・緑,Green Fancy Bed
カラス神楽の装束Ⅱ,Crow Dance Costume Ⅱ
燃えるほのおの凱歌,Triumph of Flames
おおきなリボン水白,Watercolor Ribbon L
古代つちわらしたち,Ancient Lickspittles
第３回カジノ祭・銅,3rd Casino Fest Bronze
パンジーのサンダル,Pansy Sandals
シスター・ニルーナ,Sister Nirna
しぐさ書・こまいぬ,Foo Dog Trick
ミツバチパーカー上,Honeybee Hoodie
アマラーク城の衝立,Amarak Castle Screen
オブジェクト座標160,Object Coordinates 160
アイスゴーレムたち,Glacial Golem and co.
プスゴンきぐるみ券,Pusgon Costume Ticket
シャイニーウィング,Shiny Wings
しぐさ書・けいれい,Salute
封神の参道への出口,Exit to The Sealed Approach
模様入りしっくい壁,Pattern Plaster Wall
小さな英雄はちがね,Little Hero's Headband
つみきでハッピー！,Happy with Blocks!
新作家具屋ハズカム,New Indoor Furniture Shop Hazcam
オブジェクト座標236,Object Coordinates 236
オブジェクト座標247,Object Coordinates 247
ゆめみの天箱タンス,Dreamy Sky Wardrobe
ハートの兵隊の服上,Heart Soldier Coat
プラコン女あくま服,Women's Imp Costume
エンタシスマンの書,Prancing Pillar Book
ミラクル武器の軌跡,Miracle Sword Book
オブジェクト座標106,Object Coordinates 106
オブジェクト座標123,Object Coordinates 123
千鳥格子のふりそで,Houndstooth Furisode
ソルシエールハット,Sorciere's Hat
真紅のダイヤモンド,Crimson Diamond
バスルームの洗面台,Bathroom Washbasin
足音切り替え検証庭,Footstep Switching
タコメットの像・庭,Octopot Statue (G)
カジキマグロの置物,Marlin Ornament
第１０回ラグアス像,10th Raguas Statue
レーナム緑野の木柵,Lenam Fields Wood Fence
ようせいのヤキソバ,Fairy Fried Noodles
オブジェクト座標276,Object Coordinates 276
プラチナソードの本,Platinum Sword Book
りょうりにんかっぷ,Chef Cupp
スパングルドレス下,Spangled Dress Bottom
ブルーノーのタンス,Brunoe's Wardrobe
アンルシアキッチン,Anlucia Kitchen
オブジェクト座標093,Object Coordinates 093
アウトドアテーブル,Outdoor Table
ティプローネ淡雪花,Tiplone Snow Flower
魔神のムチのレシピ,Beelzebarb Recipe
アワードスニーカー,Award Sneakers
ダルメシアンハット,Dalmatian Hat
代理人ルーニアの像,Agent Runia Statue
カジノバニーヘッド,Casino Bunny Ears
表情の書・ウインク,Wink
バレンタインチョコ,Valentine's Chocolate
シープ木馬プリズム,Rocking Sheep Prism
タナトスハント・改,Victimiser+
影の深底への昇降機,Elevator to Shadowy Deeps
アラビアンターバン,Arabian Turban
ジングルジャケット,Jingle Jacket
ローヤルさそりばち,Royal Waspion
プラコン用のカップ,Private Concierge Cup
どうぐ使いのズボン,Item Master Pants
ドワーフプランター,Dwarf Planter
コペのふわふわパン,Kope's Fluffy Bread
スイカのタライ・金,Gold Watermelon Basin
わかめ国王のなげき,Seaweed King's Lamentation
コスモスアーマー上,Cosmos Armor
タイフーンレザー下,Typhoon Leather Pants
オブジェクト座標256,Object Coordinates 256
黄金のブローチの箱,Golden Brooch Box
占術師マルグリット,Fortune Teller Margaret
ペコリア・アルファ,Pekoria Alpha
誓約の園の植栽花壇,Covenant Planting Bed
エゼソル峡谷への道,Road to Ezesol Canyon
オブジェクト座標120,Object Coordinates 120
マリンアンクレット,Marine Anklet
プリズニャンコタツ,Jailcat Kotatsu
ボルテージアックス,Voltage Axe
レプリカード発行証,Replicard Proof
壁かけ読書家の本棚,Avid Reader Bookshelf
白銀獣ロムドゴーグ,Silver Beast Romdogog
バトエンをかかげる,Raise Battle Pencil
ガーデン花火台・緑,Grn. Fireworks Stand(G)
オブジェクト座標116,Object Coordinates 116
キュルル花火・緑黄,G/Y Kyururu Fireworks
まほうのよろい下２,Magic Armor Bottom 2
支援魔神機０２３号,Aztech Support Mech No. 023
バステトのブローチ,Bastet's Brooch
レッドローズのタネ,Red Rose Seed
メルサンディ穀倉帯,Melsandy Millfields
うしろの正面……？,Who's That Behind You...?
アルケミストン帽子,Sham Hamwitch Hat
エージェントマスク,Agent Mask
軍馬の大剣の作り方,Great War Horse's Sword
ロトのしるしの花火,Erdrick Emblem Firework
りゅうおうアックス,True Dragonlord Axe
超天遊戯－参の書－,Chosen's Teachings Book 3
しぐさ書・ビースト,Wild Side
オブジェクト座標101,Object Coordinates 101
武器防具屋ランギー,Weapon & Armor Shop Langie
仮装メイク術の効果,disguise makeup effect
万魔の塔・三の災壇,Tower of Terror - 3rd Platform
オーガの町人ブーツ,Ogre Merchant Boots
レンタル花がら水着,Rental Floral Swimwear
ももんじゃスカート,Platypunk Skirt
花咲ける木工職人道,The Woodworker's Way
ウパソルジャー・創,Created Wooper Trooper
茶マスク猫カプセル,Tea Mask Cat Toy
分岐界ドワチャッカ,Divergent Dwachakka
裏ショコラチケット,Chocolate Ticket Back
ゴールデンスライム,Gem Slime
オブジェクト座標159,Object Coordinates 159
打ち上げ柳花火・緑,Green Willow Firework
まほうよろいの秘密,Magic Armor Secret
第１４回ポルテ像庭,14th Porte Statue (G)
きんのブレスレット,Gold Bracer
捨てられた城への道,Road to Abandoned Castle
ゼドラ王国服モブ７,Zedra Royal Clothes Mob 7
ジュラシックロイド,Jurassic Droid
源世妃フォルダイナ,Foldina
オブジェクト座標022,Object Coordinates 022
創失を招くもの設置,Unmaking Placement
第１２回パドレ像庭,12th Padre Statue (G)
ウェットスーツ・赤,Red Wetsuit
壊れた封空のランプ,Broken Sealing Lamp
エステラのこころ３,Estella's Heart Lv3
しぐさ書・ガクブル,Tremble
バーニングスワロー,Blazebird Throw
ズッシリゾット・小,Small Sushi Risotto
ハロウィン衣装券Ⅱ,Halloween Voucher Ⅱ
宿屋スィーテの地図,Sueet's Map
ベラストル家の暖炉,Belastre Fireplace
黒衣の剣士キッチン,Dark Swordsman Kitchen
花狩人の衣装券・黄,Yellow Flowerer Voucher
コッケンのトマリギ,Cuckoo's Perch
採掘現場地区への道,Road to Mining Site
ドワチャカシールド,Dwachakka Shield
手作りからあげ弁当,Homemade Fried Bento
支援魔神機０２７号,Aztech Support Mech No. 027
ステージチュチュ上,Stage Tutu Top
アズラン大浴場の扉,Azlan Bathhouse Door
ガラクタボックス２,Junk Box 2
スラミィのやくそう,Slimey's Medicinal Herb
ジュリアンテのムチ,Juliante's Whip
コンシェルジュ０７,Concierge 07
バレンタインメイン,Valentine's Mein
ボディーガード強化,Bodyguard Boost
お庭用グリッドラグ,Grid Rug (G)
バブスラジャムパン,Bubble Slime Jam Bread
白蛇のこんの作り方,Make a White Snake Rod
第６回討伐ＴＡ・金,6th Boss TA Gold
強・タロットメダル,Apex Tarot Medal
壁画に刻まれた歴史,Engraved in History
ネオンフラッシュ桃,Neon Flash (Pink)
高機能錬金食品の本,Efficient Alchemy Food Book
オブジェクト座標252,Object Coordinates 252
こおりのやいばの書,Icicle Dirk Book
キンスラ王冠ランプ,King Slime Crown Lamp
タロットパック・青,Blue Tarot Pack
星くずの灯ろう・黄,Yellow Stardust Lantern
たれサバ猫カプセル,Lazy Gray Cat Toy
炎帝のいくさ装束上,Fire God Shirt
バトエン屋コロペン,Batoen Shop Coropen
前ウェーブつけ毛Ｂ,Front Wavy Hairpiece B
幻界の四諸侯コイン,Dread Fiends Coin
サジェのオルゴール,Sajay Music Box
魔物管理人ポリッピ,Monster Manager Polippi
ハートの兵隊の服下,Heart Soldier Pants
オブジェクト座標089,Object Coordinates 089
ゴージャスクッキー,Gorgeous Cookies
白銀のフランベリー,Silver Flanberry
オブジェクト座標096,Object Coordinates 096
あくまのいしょう３,Imp Costume 3
おもちゃのサーカス,Toy Circus
カジノ祭６ビンゴ銀,CasinoFest 6 Bingo Silver
水着ふくびき招待券,Swimsuit Lottery Invite
ポイズントリル・強,Vicious Poison Trill
エゼソル峡谷の木Ａ,Ezesol Canyon Tree A
商人トルネコの依頼,Merchant Torneko's Request
王宮のバスタブ・青,Blue Royal Bathtub
ドルタムのこころ８,Doltam's Heart Lv8
大光の管制室への扉,Door to Pulse Control Room
シスター・アマティ,Sister Amati
グランドタイタス丼,Grand Titus Bowl
ジェントルグローブ,Gentleman's Gloves
ゴールドマンＸ３号,Gold Golem X 3
ばあさんの愛情料理,Grandma's Loving Cooking
異国の寺院の庭用床,Exotic Temple Floor (G)
清廉天使のスーツ下,Honest Angel Pants
労働魔神機０３７号,Aztech Labor Mech No. 037
樹天の里へのはしご,Ladder to Treetop Town
ダーマ神殿の荷馬車,Alltrades Abbey Wagon
ピクニックパルミオ,Palmio Picnic
白パールコンパクト,White Pearl Compact
第１１回ナジーン像,11th Najinn Statue
花の生けられた花瓶,Vase with Flowers
パドレア邸ブランコ,Padrea Mansion Swing
旧ネクロデアの石碑,Old Necrodea Monument
タッツィぬいぐるみ,Tazzi Plushie
創世の神の絵の写真,God of Creation Photo
オブジェクト座標049,Object Coordinates 049
悲嘆のレイジバルス,Grieving Regibalus
てっこうまじん・祖,Ancestral Bad Karmour
騎神のガントレット,Knight God Gauntlets
プチベリアルカード,Frail Belial Card
おとぎの森スカート,Fairy Forest Skirt
レジェンズハンマー,Legends Hammer
疾き盗賊のグローブ,Erik's Gloves
タホドラキーぼうし,Drackmage Hat
ネオンフラッシュ黄,Neon Flash (Yellow)
壁かけキルギルの絵,Kirgyl Portrait
スライムのキッチン,Slime Kitchen
防衛魔神兵０５３号,Aztech Guard No. 053
カウンターブースト,Counter Boost
スライムナイトの書,Slime Knight Book
キャットリベリオ強,Apex Purrgatroyd
シックゴスキャップ,Chic Goth Cap
ポセイドンチェスト,Poseidon Chest
ふわふわ雲のタンス,Fluffy Cloud Wardrobe
グリンガムのレシピ,Gringham Whip Recipe
キングヒドラカード,King Hydra Card
三毛ねこの便利な壁,Calico Cat Wall
白柴ピュアカプセル,Pure White Shiba Toy
ダーマ神殿のテント,Alltrades Abbey Tent
実装テストアトラス,Implementation Test Atlas
トナカイのきぐるみ,Reindeer Costume
エステラのこころ７,Estella's Heart Lv7
プラコンスーツ・桃,Pink Suit
極天女帝のサンダル,Sky Empress Sandals
グレイツェルの大鍋,Gretzel's Cauldron
市松模様のふりそで,Checkered Kimono
シルエット・猫・白,White Silhouette Cat
異界魔エボルシナー,Evolsinnar, the Unworldly
戦士のよろいセット,Warrior Armor Set
スライムベス柄の傘,She-Slime Umbrella
郵便局員レキュッタ,Postman Rekyuta
愛しのツボ錬金職人,Beloved Jar Alchemist
闇夜の巨人カプセル,Dark Night Giant Toy
ギュメイ将軍カード,Goresby-Purrvis Card
ナイトフィーバー青,Night Fever (Blue)
王宮のイスと机の本,Royal Furniture Book
レースのミニハット,Lace Mini Hat
錬金屋ミス・ドール,Alchemy Shop Miss Doll
チェックのイス・青,Blue Checkered Chair
漆黒の匪賊ギャレス,Black Bandit, Gareth
本当にあった降魔術,Art of Demon Conquering
花狩人の衣装券・紫,Purple Flowerer Voucher
コーヒーカップ・黄,Yellow Coffee Set
茶トラ太猫カプセル,Fat Brown Tabby Toy
闇の領界のレリーフ,Dark Realm Relief
オブジェクト座標046,Object Coordinates 046
ぶらっくたきしーど,Black Tuxedo
星のおうぎのレシピ,Stellar Fan Recipe
空賊のシャツセット,Sky Pirate Outfit
モーモンぬいぐるみ,Teeny Sanguini Plushie
銀マスク猫カプセル,Silver Mask Cat Toy
バトルパッツァ・小,Small Battle Pazza
ドミネウス邸のイス,Domineus Mansion Chair
ワイドワイドブリム,Wide Wide Brim
ライガークラッシュ,Wild Animaul
さまようヨロイさん,The Wandering Armor
マイタウン草原地区,My Town Meadow District
オブジェクト座標196,Object Coordinates 196
うつしよの竜箱・改,Worldly Dragon Box+
オブジェクト座標014,Object Coordinates 014
タイタス号の羅針盤,Titus' Compass
天河のジャンビーヤ,Milky Way Jambiya
スライム柄彫刻の壁,Slime Carved Wall
行動時10%聖なる祈り,Care Prayer On Action 10%
オブジェクト座標036,Object Coordinates 036
グレン駅の模型・雪,Glen Stn. Model (Snow)
アクロバーガー・小,Small Acro-Burger
バットエンド司令部,Bato-End Headquarters
しぐさ書・おそうじ,Cleaning
どうぐ使いぼうし２,Item Master Hat 2
破壊魔神兵０７１号,Aztech Guard No. 071
音符のチェスト・黒,Black Music Chest
ナチュラル吊り照明,Natural Hanging Light
しぐさ書・決め右前,Decisive Pose R. Front
しゃしょうまりうす,Conductor Marius
スノースター衣装上,Snowstar Dress Top
超フライパン小の本,Super Frypan S Book
トーテムぬいぐるみ,Totem Plushie
ベスキャンプリズム,She-Slime Candy Prism
ハートのベッド・桃,Pink Heart Bed
水着貸し屋レターヌ,Swimsuit Rental Shop Letann
まじないしローブ上,Fizzle-Proof Shirt
アジサイ姫ゆかた上,Hydrangea Yukata Top
黒紫チューリップ傘,Blk/Prp. Tulip Umbrella
スラミィのせいすい,Slimey's Magic Water
蒼怨の邪骨将マッゼ,Navy General Mazze
ユーライザの便せん,Yuliza Paper
スライムエネルゴン,Energon Slime
喪心獣ゾンテドール,Mourning Beast Zontedor
スラシャボンシール,Liquid Soap Slime Sticker
ヴァリースタジアム,Valley Stadium
魔王と副官の肖像画,Demon King Painting
疾風のサザンクロス,Gale of the Southern Cross
退魔の装束の作り方,Make an Exorcism Outfit
ナルビア宿屋のイス,Nalbia Inn Chair
気球受付係パルーン,Balloon Receptionist Paloon
たれ赤茶猫カプセル,Lazy Mahogany Cat Toy
ゼニスの封宮　出口,Palace of Zenith Exit
魔法のペンプリズム,Magic Pen Prism
ポンポンベタ・白赤,White Pom Pom Betta
朽ちた遺跡の庭用柱,Ruin Pillar (G)
クールスターハット,Cool Star Hat
アイスバープリズム,Ice Pop Prism
キルティングバッグ,Quilting Bag
アスバルのこころ３,Asbal's Heart Lv3
憤怒の大剣の作り方,Making a Fury Blade
ふかふかないしょう,Hatching Outfit
エンタシスマン・強,Vicious Prancing Pillar
アニメ塗りフィルム,Anime Paint Film
ドレスアップ優待券,Free Dress-Up Coupon
スフィンクスの石像,Sphinx Stone Statue
破邪の紋章のレシピ,Sacred Crest Recipe
オブジェクト座標267,Object Coordinates 267
演奏会２６秋視聴券,Fall Concert '26 Ticket
いやしの服のレシピ,Healing Outfit Recipe
コーヒーカップ・緑,Green Coffee Set
初級魔法戦士タイツ,Novice ARM Tights
さいきょうのおとこ,Strong Man
酒場主人のウィッグ,Tavernkeeper's Wig
深碧の魔壊将ブラゴ,Jade General Brago
ハロウィン衣装券Ⅲ,Halloween Voucher Ⅲ
南国の釣りざお・氷,Ice Tropic Fishing Rod
しゃしょうふろっく,Conductor Flock
邪竜教祖オルストフ,Orstov the Wicked
ウィキッドスタッフ,Wicked Staff
ブサカワぬいぐるみ,Ugly Plushie
ヒロイックレギンス,Heroic Leggings
エンゼルスティック,Angel Wand
クリティカルロッド,Critical Rod
ディバインアックス,Divine Axe
鍛冶素材屋フウザム,Smithing Materials Fuzam
チョッピ荒野の木Ａ,Choppi Wilderness TreeA
猛る槌矛のガイオウ,Gaiou, Hammer and Pike
ネコ姫のドレッサー,Cat Princess Vanity
ダークペルシャの杖,Whiskamancer Staff
スノーボールンたち,Snowballon and co.
昔日のよろいセット,Ancient Armor Set
ゴージャスウィップ,Gorgeous Whip
ビクトリーチップ海,Sea Victory Chip
カジノ祭３ビンゴ金,CasinoFest 3 Bingo Gold
グーラ・マシュラン,Gullah Mashraan
憎しみは時を超えて,Hatred is Timeless
ライダージャケット,Rider Jacket
第１１回ルミナ像庭,11th Lumina Statue (G)
ピクニックリベリオ,Purrgatroyd Picnic
グランゼドーラ王国,Gran Zedora Kingdom
マグノリアの花飾り,Magnolia Hair Decor
モチつき「返し手」,Pound Mochi "Returner"
ファントムカチーフ,Phantom Kerchief
アスバルのこころ２,Asbal's Heart Lv2
コンシェルジュ０２,Concierge 02
ディバインバスター,Divine Buster
しっくいと木板の壁,Plaster & Wood Wall
ガラクタボックス３,Junk Box 3
盗賊のチュニック下,Thief Pants
新春ドラキーアーチ,New Year Dracky Arch
パピヨンツリー・幻,Phantom Papillon Tree
メイヴのぬいぐるみ,Meiv Plushie
演奏会２５冬レンズ,Winter Concert '25 Lens
やりなおしの無限石,Infinite Repeatstone
ネタ「おたから袋」,Treasure Bag Trick
カルデア山道への道,Road to Chaldea Mountain Road
ホイミントウェア下,Heal Mint Pants
おうち用芝生のラグ,Lawn Rug
ライダーヘルメット,Rider Helmet
コンシェルジュ０９,Concierge 09
揺らぎはじめる世界,World That Begins to Shake
氷の領界の光る結晶,Ice Realm Glow Crystal
釣り道に　王道なし,No Noble Path in Fishing
武器鍛冶職人の挑戦,Weaponsmith's Challenge
ギュッとアンルシア,Anlucia Arm Doll
しぐさ書・キンスラ,King Slime Trick
陰陽博士のてぶくろ,Yin-Yang Gloves
王国の悪夢・洞くつ,Kingdom of Terror - Cave
しぐさ書・まぶしい,Dazzling
第４回釣りコン・銅,4th Fish Contest Bronze
ヴィンテージの時計,Vintage Watch
じょうぶな釣りざお,Strong Fishing Rod
オブジェクト座標086,Object Coordinates 086
セーリアぬいぐるみ,Celia Plushie
キズだらけのレンズ,Scratched Lens
スマートな水着・桃,Pink Smart Swimsuit
パドレ救出大作戦！,Padre Rescue Operation!
バルディスタ軽歩兵,Valdistan Infantry
魔天導クローマたち,Sky Guide Chroma and co.
イルミンズールの弓,Irminsul Bow
白バラのオルゴール,White Rose Music Box
シスター・ビゴスラ,Sister Bigosla
七夕の吹き流し・星,Paper Star Streamers
初心者用スティック,Beginner's Wand
ナチュラルチェスト,Natural Chest
しぐさ書・パンフ２,Pamphlet 2
ウマしっぽ・白の箱,White Horse Tail Box
オーガＧＰプリズム,Ogre GP Prism
エレガントポイズン,Elegant Poison
マタドールスーツ上,Matador Suit Top
オブジェクト座標239,Object Coordinates 239
じゃっくのいしょう,Jack's Costume
しぐさ書・かんおけ,Coffin Trick
フォグブルーダリア,Fog Blue Dahlia
金のロザリオの破片,Gold Rosary Shard
新作家具屋メーベル,New Indoor Furniture Shop Mabel
スワンボートベンチ,Swan Boat Bench
リゼ＆ルコプリズム,L & L Prism
ヒストリカＴシャツ,Historica T-Shirt
ゴールデンライト赤,Golden Light (Red)
グレイスフルハット,Graceful Hat
氷魔王の大矛・ヤリ,Ice Demon King Spear
忍びのマフラー・赤,Red Ninja Scarf
鋼塊の痛哭将アボク,Steel General Ablok
ウェディのターバン,Weddie Turban
おしゃべりシャベル,Talking Shovel
オブジェクト座標206,Object Coordinates 206
ふわふわバニー・黄,Gold Floaty Bunny Girl
古代魔術のほうい上,Ancient Magic Shirt
ポーリアが望むモノ,What Paulia Wants
マイタウン古代地区,My Town Ancient District
ホワイトデーポール,White Day Pole
かたりべの服セット,Storyteller's Outfit
パインのドレッサー,Pineapple Vanity
マリンバックシャン,Marine Derriere
ジョイフルショコラ,Joyful Chocolate
ガーデン花火台・青,Blue Fireworks Stand(G)
ディアブロウィング,Diablo Wings
サザミレ草原への道,Road to Sazamire Prairie
始源の歌姫のドレス,First Diva's Dress
ＰＣの姿を映す和紙,PC's Reflective Washi Paper
キュレクスのポッド,Kyurex's Pod
景品交換所マディア,Prize Exchange Madia
きょうだいの便せん,Sibling Paper
オブジェクト座標149,Object Coordinates 149
ソルシエールグラブ,Sorciere's Gloves
ガーディアングラブ,Guardian Gloves
オブジェクト座標068,Object Coordinates 068
第８回ラグアスの像,8th Raguas Statue
デザートランナ・異,Anomalous Parched Peckerel
聖夜のエントランス,Holy Grand Lobby
オブジェクト座標034,Object Coordinates 034
バルディスタ魔術兵,Valdistan Caster
ゼクレス王のマント,Zechres King's Mantle
ルーキーのつなぎ下,Rookie Pants
みんなに声をかける,Speak with everyone.
フェアリープリズム,Fairy Prism
第５回討伐ＴＡ・銅,5th Boss TA Bronze
エステラのこころ１,Estella's Heart Lv1
シール少年マツタケ,Sticker Boy Matsutake
水の領界の室内噴水,Water Realm Fountain
いなずまチャーム黄,Yellow Lightning Charm
レオパードウェア上,Leopard Shirt
まんぷく丸の像・庭,Riceball Baby Statue(G)
ウマしっぽ・黒の箱,Black Horse Tail Box
三姉妹人形・家用黄,Yellow 3 Sisters Doll
ミステリークッキー,Mystery Cookies
オブジェクト座標072,Object Coordinates 072
イブニンググローブ,Evening Gloves
ハルファスの大紋章,Halphas Sigil
桜のキーエンブレム,Sakura Key Emblem
死霊王ギスマイヤー,Spirit King Gismeyer
マリーヌ神のしもべ,Servant of Marine
ニニエルザグローブ,Ninierza Gloves
第８回討伐ＴＡ・銀,8th Boss TA Silver
ホイミンぬいぐるみ,Healie Plushie
ホーリーキャンディ,Holy Lollipop
タイタス号の伝声管,Titus Voice Pipe
鑑賞会２６夏視聴券,Summer Screen '26 Ticket
トンブレロの像・庭,Ham Shamwitch Statue(G)
ソルシエールの服上,Sorciere's Top
海底デイジーの花束,Undersea Daisy Bouquet
銀のフェザーチップ,Silver Feather Chip
ラッキーチケット銀,Silver Lucky Ticket
ゆらゆら牛さん・白,White Rocking Ox
カントリースカート,Country Skirt
学園女子のエプロン,Schoolgirl Apron
ナチュラルテーブル,Natural Table
オブジェクト座標168,Object Coordinates 168
こおりのツメの秘密,Ice Claws Secret
オブジェクト座標153,Object Coordinates 153
フォーチュングラブ,Fortune Gloves
ファンキータイツ上,Funky Vest
DQ1勇者たいまつあり,DQ1 Hero With Torch
スライムベホマズン,King Cureslime
しぐさ書・ネオン黄,Neon Yellow
鍛冶ハンマーの逆襲,Smith Hammer Strikes Back
桃色チューリップ傘,Pink Tulip Umbrella
フォーリオン２印章,Fourion 2 Stamps
第１３回ヒューザ像,13th Hyuza Statue
オブジェクト座標254,Object Coordinates 254
エージェントブーツ,Agent Boots
第２回カジノ祭・銅,2nd Casino Fest Bronze
キッズ木馬プリズム,Rocking Small Fry Prism
秘宝のガーディアン,Treasure Hunter Mech
オブジェクト座標108,Object Coordinates 108
ミラージュウィング,Mirage Wings
マスター・クレップ,Guildmaster Krepp
ガートラント建国王,Founder of Gartlant
陰陽博士のころも上,Yin-Yang Robe
オパールのオーブン,Opal Oven
アンノウンステッキ,Unknown Wand
エキゾチックピアス,Exotic Earrings
マドハンドの像・庭,Muddy Hand Statue (G)
しぐさ書・ひらめく,Inspire
壁かけ夜の神殿の絵,Temple of Night Painting
オブジェクト座標289,Object Coordinates 289
ウィリーデブレード,Vilide Blade
旅に出ると決めた日,The Day I Went on a Trip
ぺろぺろキャンディ,Lollipop
ゼネシアのウィッグ,Zenethia Wig
妖精図書館のチェア,Fairy Library Chair
神兵のよろいセット,Divine Soldier Armor Set
ドランド平原への道,Road to Drand Plains
竜将ドラゴンガイア,Tyrant Gaia Dragon
レモンスライムの柱,Lemon Slime Pillar
大きなタルのベッド,Large Barrel Bed
ふわふハーフムーン,Fluffy Halfmoon Betta
ザードの尖塔・４階,Zard Spire 4F
お菓子のパーティ机,Sweet Party Table
ゼニスの封宮　入口,Palace of Zenith Entrance
知の祝祭への招待券,Wisdom Festival Invite
ドワーフレンガの壁,Dwarf Brick Wall
王都カミハルムイ駅,Kamiharmui Station
プラコンスーツ・赤,Red Suit
りゅうおうの像・庭,Dragonlord Statue (G)
パピヨンチェア・夢,Dream Papillon Chair
オブジェクト座標178,Object Coordinates 178
オブジェクト座標271,Object Coordinates 271
オブジェクト座標013,Object Coordinates 013
うつしよの金箱・改,Worldly Gold Box+
ステンドグラスの柱,Stained Glass Pillar
目覚めし五つの種族,Awakening of the Five Tribes
大地の大竜玉の破片,Earthwyrm's Jewel Shard
草食モーモンの写真,Herbivore Sanguini Photo
オブジェクト座標237,Object Coordinates 237
セレディーネの手紙,Celedine's Letter
オブジェクト座標207,Object Coordinates 207
物語の妖精ストリィ,Story Fairy Storey
辛党はあきらめない,Nice Spice Never Gives Up
キラーマジンガの像,Uberkilling Statue
オブジェクト座標142,Object Coordinates 142
おひさまのぬくもり,Warmth of the Sun
ヒマワリのおおづち,Sunflower Hammer
花狩人のころも・緑,Green Flower Hunter Outfit
バトルロードコイン,Battle Road Coin
バトルフォークの本,Battle Fork Book
ソルシエールブーツ,Sorciere's Boots
エルドナ神の装束下,Eldona's Dress Bottom
キャット・リベリオ,Purrgatroyd
アスフェルド大光章,Large Asfeld Medal
うさみみギフト・桃,Pink Rabbit Ears Gift
マイタウン採掘地区,My Town Mining District
まおうの錬金ランプ,Demon King Lamp
フィギュアチケット,Figure Ticket
スノーベルプリズム,Snow Bell Prism
ヒューザのこころ６,Hyuza's Heart Lv6
マウンテンクッキー,Mountain Cookies
ローヌ風焼き肉弁当,Rhone-Style Grilled Bento
忠節の騎馬プリズム,Loyal Horse Prism
あたらしいお友達？,A New Friend?
ぺっぺっぺ画伯の絵,Painter's Paintings
防衛軍の制服・灰色,Gray Defense Force Suit
結界の守護者練習札,Barrier Guardians Tag
チョッピ荒野への道,Road to Choppi Wilderness
オブジェクト座標182,Object Coordinates 182
フェザースティック,Winged Wand
原初の炎（聖火台）,Origin Flame (Platform)
キャロルコサージュ,Carol Corsage
機工博士のコート下,Engineer's Lower Coat
オブジェクト座標059,Object Coordinates 059
シルバリヌスのツボ,Silverine Pot
チームアジトの外観,Team Hideout Exterior
怒れる軍団長の叫び,Angry Legionnaire's Cry
レオーネのこころ４,Leone's Heart Lv4
パピヨンベッド・夢,Dream Papillon Bed
パンジーのかんむり,Pansy Crown
プクプクピーチの山,Pukupuku-Peach Pile
実録！魔剣の作り方,Making a Fizzle Foil
ブラスターフィスト,Fist of Justice
占い師の星型ライト,Diviner Star Light
ルディアンリッター,Brigadoomian Knight
ドラゴンスラッシュ,Dragon Smash
スターダムシューズ,Stardom Shoes
大きな黄金の秘宝？,Large Golden Treasure ?
白柴クールカプセル,Cool White Shiba Toy
小さな英雄の便せん,Little Hero Paper
金神の秘鳥将バオラ,Gold General Baora
ユシュカのこころ６,Yushka's Heart Lv6
キングスライム・祖,Ancestral King Slime
オブジェクト座標026,Object Coordinates 026
りべりおのきぐるみ,Purrgatroyd Costume
スライムのかんむり,Slime Crown
まどうしのころも上,Wizard's Robe Top
クラッシュチェーン,Crusher Chain
アストルティアの楯,Aegis of Astoltia
記憶のナルビアの町,Memory of Nalbia
パンプキングローブ,Pumpkin Gloves
ギュッとルナナの箱,Lunana Arm Doll Box
ハートのタンス・黄,Yellow Heart Wardrobe
カンダタこぶんプー,Merry Man Pu
魔物管理人アゼルル,Monster Manager Azerul
赤い金魚鉢の作り方,Making Goldfish Bowls
悪霊の神々強コイン,Apex Evil Trinity Coin
赤キノコのテーブル,Red Mushroom Table
打ち上げ花火・水色,Fireworks Launcher (LB)
こんにゃくプリズム,Konjac Prism
赤の錬金石２０こ券,20 Red Gems Ticket
ポップスターの服上,Pop Star Top
オブジェクト座標018,Object Coordinates 018
マスター・ホッチャ,Guildmaster Hotcha
オスクトルローブ上,Oscutor Robe Top
ウェスタングローブ,Western Gloves
妖炎魔女のパンプス,Fire Witch Shoes
タイタス号の天井扇,Titus Ceiling Fan
グロリアスコートＷ,Glorious Coat and Wig
イルシームトランプ,Ilseem Deck
メカニックスーツ下,Mechanic Suit Bottom
セラフィムウィング,Seraph Wings
三姉妹の飛行船・黄,Yellow 3 Sisters Blimp
チームゆく年くる年,Team New Year
カムバックお月様！,Comeback Moon!
第９回釣りコン・銀,9th Fish Contest Silver
マジックチャクラム,Magic Circle
光飾りタイルの本棚,Light Tile Bookshelf
オブジェクト座標127,Object Coordinates 127
メルサンディギフト,Melsandy Gift
オバケのかぶりもの,Ghost Hood
ももんじゃグローブ,Platypunk Gloves
ノクゼリアシールド,Noxeria Shield
ごきげんクローバー,Cheery Clover
コイン販売所ナクハ,Token Exchange Nakuha
エステラのこころ２,Estella's Heart Lv2
オブジェクト座標084,Object Coordinates 084
ニブルヘイムのカギ,Nibelheim Key
雑貨屋さんの屋根白,White Shop Roof
オレンジキャンディ,Orange Ice Pop
ツボ錬金職人の看板,Jar Alchemy Sign
スカウトハイブーツ,Scout High Boots
レオーネのこころ２,Leone's Heart Lv2
プンスコのソファー,Punsuko's Sofa
森林警備隊のぼうし,Forest Ranger Hat
水の領界のかがり火,Water Realm Brazier
モモリオンの日記帳,Sanguini King's Diary
ピクニックファラス,Faras Picnic
クロッシュシューズ,Bell Shoes
しぐさ書・雪の魔法,Snow Magic
あなたと私の弓作り,You and I Making a Bow
プクリポカウンタ小,Pukulipo Counter S
キュロン湿原への道,Road to Kyuron Marshlands
セーラススティック,Selas Wand
プチバラモスカード,Frail Baramos Card
フォステイルソファ,Fostail Sofa
ゴーレムのきぐるみ,Golem Costume
凱歌のガントレット,Valkyrie Gauntlets
踊り神ボニータ左羽,Dance God Bonita Left Wing
ザードの尖塔・３階,Zard Spire 3F
妖炎魔女のドレス下,Fire Witch Lower Gown
りゅうおうトランプ,Dragonlord Cards
赤チェックの便せん,Red Checkered Paper
マンドラゴラコイン,Mandragora Coin
オブジェクト座標161,Object Coordinates 161
深い森の邸宅の石壁,Forest Manor Stone Wall
占星術師のローブ上,Astrologer Upper Robe
ホーリージャミラス,Divine Jamirus
ひつじ雲をかぞえて,Counting Sheep Clouds
邪将トロルバッコス,General Gladiator Troll
夢の倉庫追加計画！,Dream Warehouse Addon Plan
結界の守護者カード,Barrier Guardians Card
ろうがぼうの作り方,How to Make a Sadistick
よろず屋ドロッジェ,General Shop Drogger
イルーシャトランプ,Illusia Cards
ヴィーラのグローブ,Vila's Gloves
マジックスープ・小,Small Magic Soup
プチアトラスカード,Frail Atlas Card
どうぐ使いのブーツ,Item Master Boots
預かり所フォッチャ,Storage Foccia
八の星獣イジュツィ,8th Star Beast Ijutsi
スターシルクハット,Superstar Top Hat
ナドラガ神のほこら,Nadraga Shrine
壊れた異形獣のツノ,Broken Hexabeast Horn
運動会・白組衣装券,White Team Voucher
トレジャーコート下,Treasure Coat Bottom
３連発花火・緑赤青,3 Fireworks GRB
戦場を舞うガルーダ,Garuda Dances In Battle
グランゼドーラ兵Ａ,Gran Zedora Soldier A
ドラゴンクローの書,Dragon Claws Book
冒険ゼミ会員ベスノ,Adventurer Seminar Eloozabeth
ビクトリーチップ青,Blue Victory Chip
中層・サフィア宙橋,Middle Area - Sapphira Bridge
すごろく景品係ミミ,Sugoroku Prize Clerk Mimi
ミステリークリーム,Mystery Cream
クールスターマイク,Cool Star Microphone
戦士の魔物かぶと券,Warrior Helm Ticket
オブジェクト座標186,Object Coordinates 186
バトエンジャーお面,Batoenger Mask
マジックフライ・強,Vicious Splutterfly
モダンローズヒール,Modern Rose Heels
労働魔神機０３１号,Aztech Labor Mech No. 031
ビクトリーチップ祭,Festival Victory Chip
ブートキャンパーズ,The Boot Campers
プラコンドレス・赤,Red Dress
魔勇者アンルシア強,Apex Anlucia, Hero of Evil
プロペラ草の鉢植え,Propeller Plant Pot
うつしよの銅箱・改,Worldly Bronze Box+
ルミナスギフト・桜,Pink Luminous Gift
小さなラメのシール,Small Glitter Sticker
シックゴスドレス下,Chic Goth Dress Bottom
オルッパ地下洞くつ,Orppa Cavern
シングルアンテナＡ,Single Antenna A
ホイミスライ浮き輪,Healslime Floatie
ラブリースティック,Fond Wand
壊れた酒場の置き物,Broken Tavern Ornament
取りよせ商ドロフィ,Broker Dorofi
ブーキャンとうめい,Boot Camp Transparency
はいたついんめるか,Deliverer Merca
中辛角竜ボブラノス,Medium Spicy Dragon Bobranos
永眠のフクロウ魔人,Owl of Eternal Sleep
ホワイトタキシード,White Tuxedo
しぐさ書・アイドル,Idol
ハートの兵隊のくつ,Heart Soldier Shoes
ホットピンクダリア,Hot Pink Dahlia
続・暗殺武器の歴史,Assassin Weapons Part 2
白猫オッドカプセル,Odd White Cat Toy
ダークネスウィング,Darkness Wings
華麗なる魔法戦士団,The Great Armamentalist
室内夢色カウンター,Indoor Dream Counter
パピヨンポスト・夢,Dream Papillon Mailbox
族長のケープセット,Chieftain Outfit
ガーディアンヘルム,Guardian Helm
ぷらこんどれすくろ,Black Dress
タウン案内係スミカ,Town Guide Sumika
あやかしの魔弓伝説,Apparition Bow Legend
紫水晶のカーペット,Amethyst Carpet
エンゼルスラネオン,Angel Slime Neon Sign
ヘルボードプリズム,Hellboard Prism
アシュレイの髪飾り,Ashley's Hairpin
シュタール鉱野の木,Stahl Minefield Tree
レーンの村のアーチ,Rane Village Arch
ゼドラ王国服モブ６,Zedra Royal Clothes Mob 6
お掃除マシン・白式,White Cleaning Machine
グロリアスグローブ,Glorious Gloves
ホットな海パン・白,White Hot Trunks
ベストゼレスタイト,Best Celestite
生と死の重なるとき,Life and Death Overlap
シュジャクカプセル,Peashock Toy
チョコレートのラグ,Chocolate Rug
王宮の魔法戦士たち,Royal Palace Armamentalist
渚のピチピチギャル,Beachside Babes
キャンセルショット,Stopping Power
ストロベリーチョコ,Strawberry Chocolate
メレアーデキッチン,Mereade Kitchen
あるイケメンの秘密,Secret to Being Handsome
ダルメシアンシャツ,Dalmatian Shirt
まのギフトボックス,Demon Gift Box
プラチナ錬金ランプ,Platinum Alchemy Lamp
ポップスターセット,Pop Star Outfit
中型の四角い水そう,Square Aquarium M
とこなつココナッツ,Summer Coconut
魔物管理人スーディ,Monster Manager Sudy
いにしえの竜の伝承,Lore of the Ancient Dragon
冒険ゼミ会員ベスミ,Adventurer Seminar Slimona
メタスラヘッドホン,Metal Slime Headphones
オブジェクト座標103,Object Coordinates 103
暴君バサグランデ強,Apex Tyrant Bogan
キィンベルのぼうし,Kimbel Hat
王宮のバスタブ・赤,Red Royal Bathtub
黒パールコンパクト,Black Pearl Compact
あたまリボン水色券,Blue Head Ribbon Ticket
デュアルプロテクト,Bated Breath
バルディスタ重装兵,Valdistan Trooper
レンタル衣装無料券,Outfit Rental Ticket
労働魔神機０３８号,Aztech Labor Mech No. 038
アンノウンバスター,Unknown Buster
プラコンドレス・橙,Orange Dress
マダムの店のソファ,Madame's Shop Sofa
ヤシの葉の便利な壁,Palm Leaf Wall
ファンシークリーム,Fancy Cream
サボテンダー強たち,Apex Cactuars
プリティサングラス,Pretty Sunglasses
第１０回エルジュ像,10th Erju Statue
つやつやなタケノコ,Glossy Bamboo Shoot
スライダーククロー,Nemeslime Claws
ピケルームウェアＮ,Pique Roomwear N
オブジェクト座標241,Object Coordinates 241
マスカレイドスーツ,Masquerade Suit
ボルケーノウィップ,Volcano Whip
ファイアタルト・小,Small Fire Tart
第１０回ヒューザ像,10th Hyuza Statue
オパールのチェスト,Opal Chest
オブジェクト座標171,Object Coordinates 171
ミラージュプリズム,Mirage Prism
魔衛隊士のよろい上,Demon Guard Armor
ザオ系射程距離 +0.5m,Zin-type Range +0.5m
花咲く一軒家の衝立,Bloom House Screen
学園男子のジャージ,Schoolboy Jersey
クラシカルシューズ,Classical Shoes
カジノ祭４ビンゴ銅,CasinoFest 4 Bingo Brnz
まごころ駅弁を君に,Sincere Lunch for You
アルヴァンの像・庭,Alvan Statue (G)
キラーマシン便せん,Killing Machine Paper
ポーズ書・ラジャー,Roger! Pose
いっぱつのてぶくろ,One Shot Gloves
マジカル姫ゆかた上,Magical Yukata Top
ふんわりパンケーキ,Fluffy Pancakes
ルイーダ酒場の宝箱,Patty's Pub Chest
アイドル握手会会場,Idol Handshake Venue
新七不思議コン・金,Seven Wonders Gold
機工博士のコート上,Engineer's Upper Coat
アクセルギアの破片,Mechanical Monocle Shard
アイドルギフト・赤,Red Idol Gift
魔女シュガーのムチ,Witch Sugar's Whip
ビーチで大公演！？,Beach Performance!?
お魚のパーカー水着,Fish Hoodie Swimsuit
奏演王ベイオウルフ,Performance King Beowulf
メタスラのバスタブ,Metal Slime Bathtub
アスバルのこころ６,Asbal's Heart Lv6
ガラスケースのカギ,Glass Case Key
灰塵の豪雷将バルケ,Ash General Barke
ふわふわアーケロン,Floaty Archelon
オブジェクト座標233,Object Coordinates 233
アブソリュートレイ,Ray of Nope
うぉークンカプセル,War Pet Toy
ゴブル砂漠東への道,Road to Goble Desert East
第２回クロウズの像,2nd Claws Statue
ルファ神殿への亀裂,Crevice to Rufa Temple
時の王者のグローブ,Time Sovereign's Gloves
輪王ザルトラ召喚符,Zaltra Summon
モダンローズビジュ,Modern Rose Bijou
ライトグレーダリア,Light Gray Dahlia
アズラン大浴場の棚,Azlan Bathhouse Shelf
グレーリリィのタネ,Dark Gray Lily Seed
オブジェクト座標016,Object Coordinates 016
第１１回セラフィ像,11th Seraphi Statue
壁かけガタラ紋章旗,Gatara Wall Banner
パラディンチェイン,Paladin Chain Mail
妖炎魔女のドレス上,Fire Witch Upper Gown
スライムヘッドホン,Slime Headphones
強戦士の聖域・闘場,Book of Bosses - Arena
サンゴールドの花束,Sungold Bouquet
オブジェクト座標035,Object Coordinates 035
ゴスバニートップス,Goth Bunny Tops
ルイーダ酒場の壁改,Patty's Pub Wall
聖湖ゼニートの壁泉,Zenit Wall Fountain
シマエナガのアーチ,Long-tailed Tit Arch
サンセットスズラン,Sunset Lily
チェックのスカート,Plaid Skirt
ギュッとリゼロッタ,Lieselotte Arm Doll
ボンボンヘアバンド,Pompom Hairband
魔瘴石のネックレス,Miasmite Necklace
歓迎会用テーブル２,Table for Welcome Party 2
エトワールグローブ,Etoile Gloves
黒衣の剣士グローブ,Dark Swordsman Gloves
ゴージャスティアラ,Gorgeous Tiara
ホワイトバックラー,White Shield
しぐさ書・シャワー,Shower
ショコラなシューズ,Chocolate Shoes
オブジェクト座標148,Object Coordinates 148
アズ・フーラズーラ,Azu Fluzula
ヒューザのこころ４,Hyuza's Heart Lv4
メロディアシューズ,Melody Shoes
オブジェクト座標173,Object Coordinates 173
白いビーチパラソル,White Beach Umbrella
カルデア山道の横穴,Chaldea Mountain Road Cave
笹と流線じんべい下,Bamboo Jinbei Bottom
オブジェクト座標085,Object Coordinates 085
タロットパック・金,Gold Tarot Pack
中級・呪文錬金の本,Intermediate Spell
シスター・ヒーディ,Sister Heedy
光速シューティング,Shooting at Lightspeed
英雄の真実を追って,Chasing the Hero's Truth
あそび商人ニャポー,Play Merchant Meowpaw
かっぱえび家の甲羅,Kappa Ebisen Shell
ビクトリーチップ闇,Dark Victory Chip
ドルワーム研究ぐつ,Dolworm Research Shoes
オブジェクト座標119,Object Coordinates 119
風鈴のシャンデリア,Wind Chime Chandelier
ストームグラス・庭,Storm Glass (G)
モガリム街道への道,Road to Mogarim Highway
フリルスイムワンピ,Frill Swim Dress
シルエット・五種族,Silhouette 5 Tribes
黒い影の正体の写真,Shadow's True Form Photo
見習い自由人の覚悟,Ready for Free Apprentice
しぐさ書・あらまあ,Oh My!
バットエンドのラグ,Bato-End Rug
オブジェクト座標012,Object Coordinates 012
ウィリーデアックス,Vilide Axe
壁かけシラナミの絵,Shiranami Portrait
室内レトロな自販機,Indoor Retro Machine
博愛騎士のよろい上,Love Knight Upper Armor
ロードリーローブ下,Lordly Skirt
オブジェクト座標063,Object Coordinates 063
オブジェクト座標260,Object Coordinates 260
レンジャコート上２,Ranger Coat Top 2
アンティーク扇風機,Antique Electric Fan
銀のさいほう針の本,Silver Needle Book
マスター・ヴェキオ,Guildmaster Vecchio
ピヨちゃんＴシャツ,Chick T-Shirt
ビューティクリーム,Beauty Cream
第１３回パドレ像庭,13th Padre Statue (G)
バルメシュケの水晶,Balmeschke's Crystal
王者のマントセット,Sovereign's Armor Set
ベビーピンクダリア,Light Pink Dahlia
ノクゼリアアックス,Noxeria Axe
蒼穹兵団のよろい下,Azure Corps Leggings
天星郷の翼プリズム,Firmament Wings Prism
さざなみギフト・黒,Black Ripples Gift
チョウチンアンコウ,Anglerfish
天の冒険者のグラブ,Divine Traveler Grips
ミイラ男のてぶくろ,Mummy Boy Gloves
模様入りしっくい柱,Pattern Plaster Pillar
タップペンギーたち,Pogoin' Penguins
職人道具をかかげる,Hold Up Crafting Tool
ガナサダイのこころ,Godwyn's Heart
第１１回ラウル像庭,11th Rahul Statue (G)
第８回ヒューザの像,8th Hyuza Statue
しぐさ書・からあげ,Eat Fried Chicken
僧侶のほういセット,Priest Outfit
アスバルのこころ４,Asbal's Heart Lv4
ランカーキャップⅠ,Ranker Cap Ⅰ
幻想画「一触即発」,"Ready to Erupt"
アスバルのこころ８,Asbal's Heart Lv8
チェックイヤーマフ,Plaid Earmuffs
ブレイブギフト・赤,Red Brave Gift
ガーディアンの資格,Guardian Qualification
エテーネ王宮の鏡台,Ethene Royal Vanity
はじゃのよろいきん,Gold Champ Armor
キャロルじんべい上,Carol Jinbei Top
オブジェクト座標174,Object Coordinates 174
ルティアナの守護符,Lutiana's Protection
アクセ購買員タリス,Accessory Supplier Talis
タマゴ変換屋エギー,Egg Converter Eggy
旅芸人ピュージュＨ,Minstrel Pyuju H
ゼネシアのかんむり,Zenethia's Crown
僧兵のころもセット,Monk Warrior Outfit
フェルアバの大洞穴,Felaba Depths
エンゼルスライム帽,Angel Slime Cap
エゼソル峡谷の木Ｂ,Ezesol Canyon Tree B
シャーマンアックス,Heedoovoodoo Axe
オオカミ討伐作戦！,Wolf Subjugation Tactics!
茶キツネ猫カプセル,Tea Fox Cat Toy
高級アラモンド鉱石,Refined Alamond Ore
ガートラント兵士Ｃ,Gartlant Soldier C
シルエット・ナイト,Silhouette Knight
ヒストリカのうちわ,Historica Fan
呪術師ゴルガーレン,Shaman Golgaren
プラチナフライパ小,Platinum Fry Pan S
黒柴ピュアカプセル,Pure Black Shiba Toy
キュルルぬいぐるみ,Kyururu Plushie
スライムナイト・強,Vicious Slime Knight
配布用経験値の聖典,Experience Scripture
赤バラのドレッサー,Red Rose Vanity
水晶の小物の作り方,Making Crystal Decor
リンカサークレット,Linka's Circlet
ダンディジャケット,Dandy Jacket
パワーストーンマン,Power Stone Golem
オブジェクト座標078,Object Coordinates 078
キングヒドラコイン,King Hydra Coin
青色サイネリアの傘,Blue Cineraria Umbrella
すりガラスフィルム,Frosted Glass Film
ギュッとレグナード,Regnad Arm Doll
第１３回リソル像庭,13th Resol Statue (G)
グランゼドーラ劇場,Gran Zedora Theatre
メイジドラキー帽子,Drackolyte Hat
マグマの杖のレシピ,Magma Staff Recipe
ウェットスーツ・白,White Wetsuit
天の川モビール・白,White Milky Way Mobile
シルフウィング・青,Blue Sylph Wings
スライムジェネラル,Shogum
オブジェクト座標002,Object Coordinates 002
潜水服・デフォルト,Default Diving Suit
アンテイクシューズ,Antique Shoes
お花の外灯・ブルー,Blue Flower Light (G)
呪われたシシカバブ,Cursed Shish Kebab
マジックファンの本,Magic Fan Book
豪華なシャンデリア,Luxury Chandelier
結界の守護者メダル,Barrier Guardians Medal
ミイラエルフ人形男,Mummy Elf Doll (M)
オブジェクト座標132,Object Coordinates 132
マスター・バレクス,Guildmaster Barex
リボントークハット,Ribbon Toque
圧力錬金釜プリズム,Pressure Pot Prism
幻界のゆびわの破片,Phantom Ring Shard
光とブレスの防ぎ方,Defend Light and Breath
蒼穹兵団のグリーブ,Azure Corps Greaves
召集！　五領界会談,The Five Realms Convene
おめかしＶチケット,Dress-up V Ticket
りょうりにんぴーら,Chef Peera
超おたから花ルビー,Ruby Treasurebloom
バルディスタ便せん,Valdista Paper
色飾りタイルの本棚,Color Tile Bookshelf
ウィキッドスーツ下,Wicked Suit Bottom
マジカルギフト・白,White Magical Gift
オブジェクト座標270,Object Coordinates 270
緑の巨人グリモア強,Apex Green Giant Greemor
エターナルガーデン,Eternal Garden
メリクリギフト・桃,Pink Christmas Gift
オブジェクト座標198,Object Coordinates 198
記念品交換スラリー,Souvenir Exchange Sakagoochi
奇跡のさいほう針小,Miracle Needle S
大型の四角い水そう,Square Aquarium L
漆黒魔獣ナイダーク,Black Magic Beast Nydark
スーパーダーキズム,Super Darkism
オブジェクト座標041,Object Coordinates 041
ラン錬作業トップス,Lamp Alchemist's Top
シャーマニズム大全,Shamanism Encyclopedia
まおうのつかい・強,Vicious Demon-at-arms
サハラコートセット,Sahara Outfit
ブランドンビースト,Brandon's Beast
エレガントに猛毒を,Elegantly Venomous
妖精の隠れ家の石壁,Fairy Lair Stone Wall
アンルシアカプセル,Anlucia Toy
攻撃時10%でヘナトス,Blunt Attack 10%
時の指針書レプリカ,Chronocle Replica
アラハ格闘場の売店,Butterfly Concession
床下水そう用ハッチ,Floor Aquarium Hatch
僧兵のサークレット,Monk Warrior Circlet
ナイトマリーのタネ,Night Marie Seed
金のキーエンブレム,Gold Key Emblem
マスカレイドブーツ,Masquerade Boots
オブジェクト座標156,Object Coordinates 156
ガタラ大山林への道,Road to Gatara Mountain Forest
ゼネシアのころも下,Zenethia's Skirt
ホワイトショコラ城,White Chocolate Castle
新七不思議コン・銅,Seven Wonders Bronze
ギュッとザンクの箱,Zankrone Arm Doll Box
壁かけポプリリース,Potpourri Wall Wreath
博愛騎士のよろい下,Love Knight Lower Armor
南国の釣りざお・闇,Dark Tropic Fishing Rod
不気味なペンダント,Spooky Pendant
スチームテーブル大,Steam Table L
小型のネオン水そう,Small Neon Aquarium
異界滅神ジャゴヌバ,Jagonuba, the Otherworldly Destroyer
海風の小分けぶくろ,Sea Breeze Sack
ヒューザのこころ８,Hyuza's Heart Lv8
セレドの民家の外観,Celed House Exterior
アンノウンショット,Unknown Bow
シュガーナイトの服,Sugar Knight's Clothes
ヒマエル印の分析器,Himael Marked Analyzer
オシリスのブローチ,Osiris' Brooch
ネオン・虹サークル,Neon Rainbow Circle
プチゲルニック将軍,Frail Hootingham-Gore
マスカレイドグラブ,Masquerade Gloves
銀河エフェクト・庭,Galaxy Effect (G)
シャボンのオブジェ,Bubble Curio
光の錬金ツボ小の本,Light Jar S Book
PC兄弟の装備一式２,PC Sib. Equipment Set 2
終末の風景（CS用）,Doomsday's View (CS only)
特技のダメージ +100,Skill Damage +100
レオーネのこころ10,Leone's Heart Lv10
ゾーン中ちから +20%,Strength While Pepped Up +20%
呪文のダメージ +10%,Spell Damage +10%
MDぬいぐるみ２欠番,MD Plushie 2 Missing #
特技のダメージ +150,Skill Damage +150
魔女の森-夜宴館 前,Witchwood - Banquet Hall
行動時5%で嵐まとい,Storm Clad On Action 5%
呪文のダメージ +15%,Spell Damage +15%
ハクオウのこころ10,Hakuo's Heart Lv10
エステラのこころ10,Estella's Heart Lv10
PC兄弟ノ装備一式２,PC Sib. Equipment Set 2
GMロトの紋章型花火,GM Erdrick's Emblem FW
デフェル荒野-墓 前,Defel Desert - Tomb
攻撃時魔力低下 +15%,Spell Power ↓ Attack +15%
行動時5%聖なる祈り,Care Prayer On Action 5%
Re星降る夜の大乱闘,Re: Starry Night Scuffle
ドルタムのこころ10,Doltam's Heart Lv10
アスバルのこころ10,Asbal's Heart Lv10
MDぬいぐるみ１欠番,MD Plushie 1 Missing #
夏宵メモワール 2017,Summer Memoirs 2017
ヒューザのこころ10,Hyuza's Heart Lv10
しぐさ書・×を描く,Draw an X
ユシュカのこころ10,Yushka's Heart Lv10
コマンド間隔 -0.5秒,Command Interval -0.5s
戦士の儀礼場 入口,Court of Warriors Entrance
ハッスル系範囲 +5m,Hustle Dance Range +5m
2014/07月分クエスト,Quest for 2014/07
けがれの谷底 出口,Defiled Depths Exit
海風の洞くつ 入口,Seabreeze Cave Entrance
忘却のほら穴 入口,Forgotten Cave Entrance
悪鬼の棲みか 出口,Demon's Dwelling Exit
カルデア空洞 出口,Chaldea Cavity Exit
練習スタジオ 出口,Practice Studio Exit
モガレの広間 入口,Mogare Hall Entrance
タロのすみか 入口,Taro's Dwelling Entrance
大審判の絶壁 出口,The Judgment Cliffs Exit
希望なき荒地 入口,Hopeless Wasteland Entrance
３階-ＶＩＰルーム,VIP Room 3F
神授の秘密殿 入口,Shrine of Sanction Entrance
特技の範囲距離 +1m,Skill Range +1m
カムイラの穴 出口,Kamuira Hole Exit
小さなほら穴 入口,Small Cave Entrance
プリーストナイトB,Priest Knight B
砂だまりの間 出口,The Sand Lot Exit
白き諸刃の塔 出口,White Blade Tower Exit
暗黒魂の封洞 入口,Soulseal Hollow Entrance
ジュレット街-酒場,Julet Street-Tavern
月夜見の清泉 入口,Lunar Spring Entrance
エテーネの村 入口,Ethene Village Entrance
かーにばるこーで1,Carnival Outfit Ⅰ
ザグビナ遺構 入口,Zagbina Remains Entrance
ぱふぱふ天国 出口,Puff Puff Paradise Exit
砂だまりの間 入口,The Sand Lot Entrance
特技の効果範囲 +1m,Skill Range +1m
特技のダメージ +20,Skill Damage +20
ブーナー石洞 入口,Booner Rock Cave Entrance
亡都の地下堂 入口,Hall of the Lost City Entrance
流砂の隠れ家 出口,Quicksand Lair Exit
エントランス 出口,Entrance Exit
女神の祠・水 出口,Shrine of Water Exit
亡都の地下堂 出口,Hall of the Lost City Exit
暗闇のボロ屋 入口,Dark Shabby House Entrance
いざないの間 入口,Hall of Invitation Entrance
あくまのいしょう2,Imp Costume 2
野営のほら穴 出口,Campsite Grotto Exit
女神の祠・風 出口,Shrine of Wind Exit
神授の秘密殿 出口,Shrine of Sanction Exit
ブーナー石洞 出口,Booner Rock Cave Exit
つるぎの酒場 出口,Doom 'n' Gloom Exit
暗闇のボロ屋 出口,Dark Shabby House Exit
2013/07月分クエスト,Quest for 2013/07
月明かりの家 出口,Moonlit House Exit
ファボル鉱山 出口,Fabol Mine Exit
ザードの祭壇 入口,Zard Altar Entrance
真・魔幻宮殿 出口,True Demon Palace Exit
必殺チャージ率 +1%,Special Charge Rate +1%
崩れゆく虚室 入口,Crumbling Chamber Entrance
ロンダの氷穴 入口,Rhonda Ice Cave Entrance
森の井戸の底 入口,Forest Well Bottom Entrance
浜辺の洞くつ 入口,Beach Cave Entrance
審判の展望台 入口,Trial Observatory Entrance
2013/04月分クエスト,Quest for 2013/04
大甲虫の古巣 出口,Old Beetle Nest Exit
雪虫の洞くつ 入口,Cave of the Flies Entrance
アグーラ廃村 出口,Agrah Village Exit
未知なる工房 入口,Unknown Workshop Entrance
はじまりの地 出口,Land of Beginnings Exit
全職みのまもり +10,Natural Resilience +10
2013/10月分クエスト,Quest for 2013/10
第２昇降塔 第２層,Lift Tower 2 2F
魔空の隠れ家 出口,Hackson Hideaway Exit
詩吟のほこら 出口,Poetry Shrine Exit
おばけのいしょう2,Ghost Costume 2
エントランス 入口,Entrance Entrance
神の緋石の間 入口,Divine Crimsonite Chamber Entrance
大神殿・地下 出口,Sanctum Subterrane Exit
カラマドの町 入口,Calamad Entrance
プペラホール 出口,Pupella Hole Exit
洞くつ最深部 入口,Cave Depths Entrance
１階-ノースルーム,North Room 1F
希望なき荒地 出口,Hopeless Wasteland Exit
亡国の礼拝堂 出口,Lingering Chapel Exit
２階-ティールーム,2F - Tea Room
３階-カジノテラス,Casino Terrace 3F
プペラホール 入口,Pupella Hole Entrance
ソルベルム領 入口,Solbern Region Entrance
花摘みギルド 出口,Flower Picking Guild Exit
会心率と暴走率 +2%,Critical & Haywire Rate +2%
2012/12月分クエスト,Quest for 2012/12
2012/10月分クエスト,Quest for 2012/10
第１層 深想の邂逅,L1 - Thoughts Meet
ファボル鉱山 入口,Fabol Mine Entrance
ダストンの花_枯れ,Duston's Withered Flower
砂岩の洞くつ 入口,Sandstone Cave Entrance
モリナラ広場 入口,Molinara Square Entrance
町長の執務室 出口,Mayor's Office Exit
魔空の隠れ家 入口,Hackson Hideaway Entrance
開戦時 30%でピオラ,Starting Accelerate 30%
バギ系射程距離 +5m,Woosh Spell Range +5m
タロのすみか 出口,Taro's Dwelling Exit
ジャイラ密林 入口,Jyra Jungle Entrance
あくまのいしょう3,Imp Costume 3
洞くつ最深部 出口,Cave Depths Exit
ガイオス古海 入口,Gaios Sea Entrance
常時呪文暴走率 +2%,Haywire Rate +2%
ボロヌスの穴 入口,Boronus Hole Entrance
１階-カジノテラス,Casino Terrace 1F
第１昇降塔 第１層,Lift Tower 1 1F
王家の迷宮5ｔｈ用,Royal Maze 5F
特技の射程距離 +2m,Skill Range +2m
第１昇降塔 第２層,Lift Tower 1 2F
はじまりの地 入口,Land of Beginnings Entrance
つりしのいしょう2,Angler's Costume Ⅱ
きまぐれな行動 +5%,Whimsical Action +5%
不思議の魔塔 入口,Mysterious Tower Entrance
秘密の宝物庫 出口,Secret Treasury Exit
チャージ時間 -10秒,Charge Time -10 sec.
秘密の小部屋 出口,Secret Room Exit
モガレの広間 出口,Mogare Hall Exit
リンジャの塔 入口,Linja Tower Entrance
やまびこの陣 +20秒,Echo Location +20 sec.
西の塔-かくし部屋,West Tower Hidden Room
青き樹縛の塔 出口,Blue Tree Tower Exit
辺境のほら穴 入口,Frontier Den Entrance
ガナン帝国城 入口,Gittingham Palace Entrance
古き神の遺跡 入口,Historic Ruins Entrance
大神殿・地下 入口,Sanctum Subterrane Entrance
全職みのまもり +20,Natural Resilience +20
小型艇発着場 出口,Vessel Landing Exit
闘技場・舞台 入口,Arena Stage Entrance
戦闘中移動速度 +2%,Movement Speed During Battle +2%
ザードの祭壇 出口,Zard Altar Exit
忘却のほら穴 出口,Forgotten Cave Exit
特技のダメージ +50,Skill Damage +50
灼熱の溶岩窟 入口,Burning Lava Cave Entrance
真・魔幻宮殿 入口,True Demon Palace Entrance
異界滅神の間 入口,The Obliterator's Chamber Entrance
天の機織り場 入口,Heavenly Weaver Entrance
２階-ノースルーム,North Room 2F
ゲルヘナ幻野 入口,Gerhena Field Entrance
地上制圧隊 偵察兵,Ground Patrol Scout
不意をつく確率 +3%,Surprise Enemy Rate +3%
クドゥスの泉 出口,Kudus Spring Exit
ムチ特技の射程 +3m,Whip Skill Range +3m
古き神の遺跡 出口,Historic Ruins Exit
おばけのいしょう3,Ghost Costume 3
ポプルの花畑 出口,Populu's Flower Field Exit
灯台のアジト 出口,Lighthouse HQ Exit
月世界・王宮 出口,The Moon's Royal Palace Exit
滅星の邪園 中心部,Doomsday's Garden Center
カムイラの穴 入口,Kamuira Hole Entrance
風穴の研究室 入口,Windways Study Entrance
先進研究区画 出口,Advanced Research Exit
グレン城下町 入口,Glen Castle Town Entrance
静寂のほこら 入口,Shrine of Silence Entrance
狩人の休憩所 入口,Hunter Rest Area Entrance
選王の儀礼場 出口,Rise of Royal Rites Exit
狩人の休憩所 出口,Hunter Rest Area Exit
崩れゆく虚室 出口,Crumbling Chamber Exit
暗黒魂の封洞 出口,Soulseal Hollow Exit
キャンプ方面 出口,Camp Region Exit
大甲虫の古巣 入口,Old Beetle Nest Entrance
ガナン帝国城 出口,Gittingham Palace Exit
孤島の修道院 入口,Island Monastery Entrance
孤島の修道院 出口,Island Monastery Exit
霧系の効果範囲 +4m,Mist Effect Range +4m
チャージ時間 -20秒,Charge Time -20 sec.
根源のほこら 入口,Shrine of the Source Entrance
リンジャの塔 出口,Linja Tower Exit
魔瘴調査区画 出口,Miasma Survey Area Exit
武闘家ヤーン分身C,Martial Artist Yarn Copy C
秘密の小部屋 入口,Secret Room Entrance
事務棟-２階・受付,Administration - 2F - Reception
亡国の礼拝堂 入口,Lingering Chapel Entrance
第２層 深想の合力,L2 - Thoughts Unite
ポプルの花畑 入口,Populu's Flower Field Entrance
LV100・ブーメラン_B,Lv. 100 Boomerang B
深海のほこら 入口,Deep Sea Shrine Entrance
けがれの谷底 入口,Defiled Depths Entrance
グランゼドーラ兵B,Gran Zedora Soldier B
月世界・王宮 入口,The Moon's Royal Palace Entrance
アグラニの町 入口,Agrani Entrance
小型艇発着場 入口,Vessel Landing Entrance
風穴の研究室 出口,Windways Study Exit
悪鬼のねぐら 出口,Devil's Roost Exit
大審判の絶壁 入口,The Judgment Cliffs Entrance
カラマドの町 出口,Calamad Exit
ランガーオ村 入口,Langao Village Entrance
ププイアの穴 入口,Pupuia Hole Entrance
未知なる工房 出口,Unknown Workshop Exit
ブルラトス 発着点,Bulratos' Landing Point
ナルビアの町 入口,Nalbia Entrance
モガレ修道院 入口,Mogare Monastery Entrance
女神の祠・土 出口,Shrine of Earth Exit
祈りの宿-預かり所,Prayer Inn - Depository
静寂のほこら 出口,Shrine of Silence Exit
戦士の儀礼場 出口,Court of Warriors Exit
学園透明ギミック1,Clear Academy Gimmick 1
メルン水車郷 入口,Melun Watermill Entrance
魔選の儀礼場 入口,Ceremonial Hall Entrance
モリナラ広場 出口,Molinara Square Exit
特技のダメージ +40,Skill Damage +40
闘技場・舞台 出口,Arena Stage Exit
つりしのいしょう1,Angler's Costume Ⅰ
フォーリオン 入口,Fourion Entrance
第３層 深想の別離,L3 - Thoughts Parting
かーにばるこーで2,Carnival Outfit Ⅱ
魔瘴調査区画 入口,Miasma Survey Area Entrance
王家の宝物庫 入口,Royal Treasury Entrance
天の機織り場 出口,Heavenly Weaver Exit
グラデル台地 入口,Gradel Plateau Entrance
開戦時 10%でためる,Starting Tension 10%
古ガリアル洞 出口,Old Garial Cave Exit
深海のほこら 出口,Deep Sea Shrine Exit
１階-サウスルーム,South Room 1F
2013/08月分クエスト,Quest for 2013/08
開戦時 10%でピオラ,Starting Accelerate 10%
ダストンの花_咲き,Duston's Blooming Flower
黒き濁流の塔 出口,Black Stream Tower Exit
ザアグの洞門 入口,Cave of Zaag Entrance
つるぎの酒場 入口,Doom 'n' Gloom Entrance
グルグ地下道 入口,Gulug Underpass Entrance
詩吟のほこら 入口,Poetry Shrine Entrance
王家の宝物庫 出口,Royal Treasury Exit
隠しオフィス 出口,Hidden Office Exit
楽園へ至る間 入口,The Way to Utopia Entrance
流砂の隠れ家 入口,Quicksand Lair Entrance
ププイアの穴 出口,Pupuia Hole Exit
マキュリ集落 入口,Makyuri Village Entrance
２階-サウスルーム,South Room 2F
カルデア洞穴 入口,Chaldea Cave Entrance
2013/12月分クエスト,Quest for 2013/12
王家の迷宮 地下階,Royal Maze BF
2013/05月分クエスト,Quest for 2013/05
ムニエカの町 出口,Munieka Exit
２階-カジノテラス,Casino Terrace 2F
マティルの村-民家,Matil Village - House
購買部・食堂 入口,School Shop/Cafeteria Entrance
ザグビナ遺構 出口,Zagbina Remains Exit
赤き炎業の塔 出口,Red Fire Tower Exit
特技のダメージ +30,Skill Damage +30
根源のほこら 出口,Shrine of the Source Exit
女神の祠・花 出口,Shrine of Flowers Exit
異界滅神の間 出口,The Obliterator's Chamber Exit
第３昇降塔 第４層,Lift Tower 3 4F
オノ特技の範囲 +2m,Axe Skill Range +2m
アグーラ廃村 入口,Agrah Village Entrance
ツスクルの村 入口,Tsuskuru Village Entrance
古ガリアル洞 入口,Old Garial Cave Entrance
第３昇降塔 第３層,Lift Tower 3 3F
ザアグの洞門 出口,Cave of Zaag Exit
月夜見の清泉 出口,Lunar Spring Exit
野営のほら穴 入口,Campsite Grotto Entrance
カルデア空洞 入口,Chaldea Cavity Entrance
先進研究区画 入口,Advanced Research Entrance
会心完全ガード +5%,Critical Hit Guard +5%
スイのやしろ 入口,Sui Shrine Entrance
LV120・ブーメラン_B,Lv. 120 Boomerang B
審判の展望台 出口,Trial Observatory Exit
悪鬼のねぐら 入口,Devil's Roost Entrance
賢者の隠れ家 入口,Sage's Lair Entrance
ＶＩＰルーム 入口,VIP Room Entrance
月明かりの家 入口,Moonlit House Entrance
ＶＩＰルーム 出口,VIP Room Exit
魔選の儀礼場 出口,Ceremonial Hall Exit
狩人のほら穴 入口,Hunter's Den Entrance
第２昇降塔 第３層,Lift Tower 2 3F
学園透明ギミック2,Clear Academy Gimmick 2
クドゥスの泉 入口,Kudus Spring Entrance
マティルの村-廃屋,Matil Village - Abandoned House
チャージ時間 -15秒,Charge Time -15 sec.
悪鬼の棲みか 入口,Demon's Dwelling Entrance
練習スタジオ 入口,Practice Studio Entrance
フォーリオン 出口,Fourion Exit
高価なゴブレット,Expensive Goblet
壁かけ紋章旗・青,Blue Wall Banner
ごうかなツボ・緑,Green Fancy Pot
ふわふわ人魂・赤,Floaty Red Wisp
いっせいこうげき,All-out Attack
レンガの大きい壁,Brick Wall L
コブタパーカー上,Piglet Hoodie
ネオン・サークル,Neon Circle
ユシュカのズタ袋,Yushka's Bag
かしのブーメラン,Birchwood Boomerang
『だれでもＯＫ』,"Anyone is OK"
ひつじのころも下,Sheep Skirt
冒険の書のベッド,Adventure Log Bed
はるかなる釣り道,Faraway Fishing Path
破壊神フォロボス,Tyrannosaurus Wrecks
預かり所ヘギンツ,Storage Hegints
ヴァースのほら穴,Verse Cave
バスルームの手桶,Bathroom Hand Bucket
音符のベンチ・彩,Color Music Bench
ネコ姫のオルガン,Cat Princess Organ
シマ柄のじんべい,Striped Jinbei
模様入り木板の壁,Patterned Wood Wall
レシピ屋トリーナ,Recipe Shop Torina
疾き盗賊のブーツ,Erik's Boots
ピクニックグリエ,Grei Picnic
バーニングバード,Firebird Throw
カエルパーカー上,Frog Hoodie
見覚えのある人間,Familiar Human
遊び人の服セット,Gadabout Outfit
ナチュラルソファ,Natural Sofa
あったかセラフィ,Warm Seraphi
えるんすてふじん,Mrs. Ernesto
福呼びたぬきの像,Lucky Tanuki Statue
妖貴妃ディアーダ,Beauty Empress Diada
第１０回ラウル像,10th Rahul Statue
我らは自然と共に,We Are With Nature
福笑いのラグ・目,Fukuwarai Eye Rug
邪毒のウィーヌム,Poisonous Wienum
守護天使のブーツ,Guardian Angel Boots
ドルタムトランプ,Doltam Cards
魔物管理人エッダ,Monster Manager Edda
かいぞくウーパー,Salamarauder
丸いランタンの木,Round Lantern Tree
フォレストドラゴ,Lumbering Lizard
ウルタ皇女の部屋,Princess Ulta's Room
預かり所ミリシェ,Storage Milliche
フラウスショット,Flaus Bow
春風の吹く日まで,When a Spring Wind Blows
シスター・ソリヤ,Sister Solya
パラディンタイツ,Paladin Tights
護衛隊長グアルダ,Escort Captain Guarda
プチ暗黒の魔造兵,Frail Dark Golem
ふっくらにんにく,Plump Garlic
１段ブロック・青,Blue Block
サメきぐるみ・桃,Pink Sharksuit
プラコン用編み物,Private Concierge Knitting
ジェントルダンス,Gentle Gentleman
ピュアリィタクト,Lillet of the Valley
お姫様ベッド・桃,Pink Princess Bed
ルビーのドレス下,Ruby's Dress Bottom
占い師の服セット,Fortune Teller Outfit
キャッ飛び便せん,Vampire Cat Paper
ドラムクラッシュ,Monster Masher
鑑賞会２６夏目録,Summer Screen '26 List
よろず屋ミガンス,General Shop Migans
デンジャーランス,Danger Lance
ルビスのローブ上,Rubiss' Upper Robe
ファイアブレイク,Heat Stroke
世界を肯定する者,The World Affirmer
森の井戸の地下洞,Underground Forest Well
レオン・ビュブロ,Leon Byblo
郵便局員マドゥン,Postman Madun
テストメット無し,Helmetless Test
キャロルベリアル,Carol Belial
さめきぐるみあか,Red Shark Suit
ツボ錬金作業着上,Jar Alchemist's Clothes
シスター・ソマリ,Sister Somali
しぐさ書・あわわ,Gasp
ある孤児が見た空,An Orphan's Sky
ちゃがまゴンの像,Wyrkettle Statue
銀のフライパン小,Silver Frypan S
ワープ装置・天獄,Heavenly Hell Warp
ギガデンデロベー,Giga Dendelobe
シャボンのアーチ,Bubble Arch
反乱軍メンバー１,Rebel Army Member 1
マタドールバンド,Matador Headband
アマラークの騎士,Knight of Amarak
ひっさつコマンド,Special command
まほうのグリーブ,Magic Greaves
ハートの本棚・桃,Pink Heart Bookshelf
ジュレー島の木Ａ,Jule Island Tree A
ヴァース山林地帯,Verse Mountain Forest area
アビスキャンディ,Abyss Lollipop
クオードのコート,Quard's Coat
守護天使の装束上,Guardian Angel Shirt
転職神官ハクドウ,Vocation Priest Hakudo
ハロウィンメイン,Halloween Mein
パラディンの部屋,Paladin's Room
ヒストリカチェア,Historica Chair
丁目古代都市地区,Block Ancient Suburb
ダラリア砂岩遺跡,Daleria Sandstone Ruins
キリカ草原への道,Road to Kirika Steppe
チェイサーアーム,Chaser Armguards
悪意の源への通路,Path to the Source of Malice
巨象のフライパン,Naumanncook's Frypan
ベホイムスライム,Sootheslime
青の巨人ブルメル,Blue Giant Blumel
Ⅲ‐スペーディオ,Ⅲ‐Wulfspade
ハイクラス衣装券,High Class Outfit Voucher
ネタ「スライム」,Slime Trick
弱酸性の間　入口,Weak Acidity Entrance
トコトコリゼルコ,Trotting L & L
おてんば姫のふく,Alena's Dress
フラワーサンダル,Flower Sandals
薬剤設備・庭欠番,Medicinal Facility (G)
星空のタンス・青,Blue Starry Wardrobe
イプチャルの鉱石,Yppchal's Ore
へこむカンナさん,Dismal Master Kanna
落陽の草原への道,Road to Sunset Meadow
道具鍛冶作業着下,Toolsmith's Apron
姫君のブーメラン,Princess' Boomerang
マーブルステッキ,Marble Wand
黒衣の剣士パドレ,Dark Swordsman Padre
ギュッとラキの箱,Lycae Arm Doll Box
闇指揮者デリゲン,Dark Conductor Derigen
ふわふわキンギョ,Floaty Goldfish
幸せの花を探して,Look for Lucky Flowers
セピアンフリル上,Sepian Shirt
フェザープリズム,Feather Prism
ドラゴンベスト上,Dragonscale Vest
フェディーラの家,Fedira's House
人食い火竜メダル,Tatsunaga Medal
マジェスタブーツ,Majesta Boots
しぐさ書・お花見,Flower Viewing
魚交換員ピッチョ,Fish Exchange Picho
流星メダル引換券,Meteor Medal Voucher
ネオン・パターン,Neon Pattern
ネタ「キンスラ」,King Slime Trick
初心者用の片手剣,Beginner's Sword
大地のドルゴール,Dol Radio of the Earth
おばけのいしょう,Ghost Costume
2015/2月分クエスト,Quest for 2015/02
もこふわパジャマ,Fluffy Pyjamas
いやしの服セット,Healing Outfit
イースターアーチ,Easter Arch
ローゼンニードル,Rosen Needle
精霊王のグローブ,Faerie King Gloves
深海ザメカプセル,Deep-sea Shark Toy
ふぉーまるすーつ,Formal Suit
ボーンファイター,Zombie Gladiator
デザートゴースト,Sweaty Yeti
しびれ弾ショット,Shocking Shot
大地の箱舟　１幕,Ark of the Earth Act 1
東洋風ベンチ・雅,Chic Orient Bench
パピヨンクラウン,Papillon Crown
ムーディーソファ,Moody Sofa
パペットマンの書,Magic Marionette Book
しびれくらげ０５,Man o' War 05
魔物管理人ニョイ,Monster Manager Nyoi
しぐさ書・キラ星,Stars
ホーリーカロット,Holy Headwear
神墟ナドラグラム,Nadragram Remains
案内係ロマンツェ,Guide Romanze
宵と暁の伝承の本,Legend of Dusk and Dawn
人狼ウォルマード,Werewolf Wolmad
ナスビぬいぐるみ,Woebergine Plushie
レースの観客１８,Race Spectator 18
レイダメテス瓦礫,Reidametes Rubble
魔人の勲章の破片,Ruin's Medal Shard
マルグリットの娘,Margaret's Daughter
ナジーントランプ,Najinn Cards
スライムのタンス,Slime Wardrobe
ジア・クルヴィダ,Dia Kuruvida
スターダムスーツ,Stardom Suit
防具鍛冶作業着下,Armorsmith's Apron
キナリ猫カプセル,Kinari Cat Toy
ケキちゃんハウス,Cakey House
アスバルへの親書,Official Letter to Asbal
闇の大魔王ブーツ,Archfiend's Boots
機密文書・Ｐ２号,Classified Document "P2"
踊り子のスカート,Dancer Skirt
キラートーチ・異,Anomalous Killer Torch
グレートハンマー,Great Hammer
りゅうおうエッジ,True Dragonlord Edge
ゾンビキラーの本,Zombiesbane Book
奇門遁甲の式・壱,1st Divination Ceremony
からくりランサー,Bamboolancer
キャプテンクロー,Captain's Hooks
グランゼドーラ領,Gran Zedora Territory
あくじきオオワシ,Voracious Eagle
合唱隊のスモック,Choir Smock
預かり所シーラナ,Storage Shirana
アスフェルド学園,Asfeld Academy
ウルフキャンディ,Wolf Lollipop
占い師の四角ラグ,Diviner Square Rug
ネタ「ミルク缶」,Milk Can Trick
うんてんしだふぃ,Driver Duffy
金のフェルマーク,Gold Fel Mark
ノクゼリアスピア,Noxeria Spear
ショコラなドレス,Chocolate Dress
ドルステーション,Dol Station
シスター・リィト,Sister Lito
ピコのヘアアクセ,Pico's Hair Accessory
毒竜討伐隊の記録,Serpentscale Skean Book
輝ける生命の群生,Swarm of Life
テンシノコシカケ,Celestool
プリティリュック,Pretty Backpack
スイートウィッグ,Sweet Wig
レースの観客１３,Race Spectator 13
ギュッとアスバル,Asbal Arm Doll
クリスマスカード,Christmas Card
寒鬼団長アレル樹,Cold Demon Tree Alleru
ドワーフ市民くつ,Dwarf Citizen Shoes
チェーンジーンズ,Chain Jeans
いっぱつのよろい,One Shot Armor
壁かけＤＱⅢの絵,DQⅢ Painting
壁かけ桜の飾り棚,Cherry Blossom Shelf
プラチナ錬金ツボ,Platinum Jar
花華メイドレス下,Flower Maid Dress
とんぼ玉プリズム,Glass Bead Prism
かんおけカプセル,Coffin Toy
ツーショット写真,Two-Shot Photo
ナルビア宿屋の柱,Nalbia Inn Pillar
花透かし細工の柱,Floral Pillar
グリーンエッグ２,Green Egg 2
剛獣鬼ガルドドン,Gardodon, the Brutal Beast
まもの使いハウス,Monster Manor
ブレイクキャップ,Break Cap
妖精の光プリズム,Fairy Light Prism
パレードウェア下,Mardi Garb Bottom
銀の鍛冶ハンマー,Silver Hammer
へいしうぃりあむ,Soldier William
暗黒の魔人カード,Ruin Card
牡丹文のふりそで,Peony Kimono
カラミティロイド,Calamity Droid
トーテムケープ下,Totem Leggings
花華メイドレス上,Flower Maid Top
キュルル花火・緑,Green Kyururu Firework
カボチャつきの畑,Pumpkin Field
凶拳暴鬼ダルカス,Darkas
ドワーフ間仕切り,Dwarf Partition
トポルのフェンス,Topol Fence
撃滅隊長ジェリゴ,Destruct Captain Jerigo
アマラーク城下町,Amarak Castle Town
ベリアルカプセル,Belial Toy
朽ちた遺跡の寝台,Ruin Bed
全職みのまもり +5,Natural Resilience +5
魔法学園のぼうし,Magic School Hat
肆の五声は哭の声,Fourth of 5 Voices Weep
グランゼニスの剣,Gran Zenith Sword
血潮の浜辺への道,Road to Bloody Beach
ふわふわサンダル,Fluffy Sandals
英雄と少女の物語,Tale of a Hero and Girl
ステージシューズ,Stage Shoes
王立研究所職員１,Royal Research Staff 1
きら星のグローブ,Twinkling Gloves
リカバースナック,Recover Snack
プクリポバスタブ,Pukulipo Bathtub
壁かけルナナの絵,Lunana Portrait
メタルモンスター,Metal Monster
リボンスターの服,Star Ribbon Outfit
カジュアルブレス,Casual Bracelet
プチデビル衣装券,Petit Devil Voucher
郵便局員アレカヒ,Postman Arekahi
極天女帝のぼうし,Sky Empress Hat
超鍛冶ハンマー小,Super Hammer S
のどかな農村地区,Idyllic Village
参の式修了の陽符,Yang III Completion Charm
謎の大巨人の写真,Mystery Giant Photo
七夕の錬金ランプ,Star Festival Lamp
道具屋リスキュー,Item Shop Riskyu
ツインアンテナＤ,Twin Antenna D
プスゴンカプセル,Pusgon Toy
マーメイドパレオ,Mermaid Pareo
ゴシック調の本棚,Gothic Bookshelf
ネレウスアックス,Nereus Axe
闇の領界風の本棚,Dark Realm Bookshelf
筆頭研究員の手袋,Top Researcher Gloves
ファントムブーツ,Phantom Boots
シーサイドランプ,Seaside Lamp
ヴェリナード王国,Verinard Kingdom
レギオンメイル上,Legion Mail Top
ゆめみるぴあにー,Dreaming Peony
アドミラルコート,Admiral's Coat
うさテラカプセル,Bunny Estella Toy
カラマドの町の壁,Camarada Village Wall
シースルーブーツ,See-through Boots
お茶屋のパラソル,Teahouse Umbrella
鎧竜のトロフィー,Training Dragon Trophy
リザードマン・強,Vicious Mandrake Major
白亜の王城・２階,Chalky Castle 2F
ポラリスハンマー,Polaris Pummeler
奇跡の錬金ツボ小,Miracle Jar S
しょこらなどれす,Chocolate Dress
ドラキーの像・庭,Dracky Statue (G)
星夜を待ちながら,Waiting for the Stars
エテーネルスープ,Ethenel Soup
ボンボントップス,Pompom Top
リリーコサージュ,Lily Corsage
転送係エグバート,Transfer Agent Egbert
封鎖された研究室,Sealed Laboratory
おきもの緑キノコ,Green Mushroom Ornament
ファーラット・強,Vicious Feralball
初心者用の両手杖,Beginner's Staff
ウィリーデスピア,Vilide Spear
プクリポ間仕切り,Pukulipo Partition
へびのおうぎの本,Cobra Fan Book
まわりにチャット,Nearby Chat
パンプキッズ・強,Vicious Pumpkid
レンダーシアの服,Lendersia Clothing
超便利ツール印章,Companion App Stamps
「楽園」の展示室,"Paradise" Exhibit Room
歌詠みのころも上,Poet's Attire Top
大キジ猫カプセル,Big Brown Cat Toy
３階への転送装置,Transporter to 3F
モンシロプリズム,White Butterfly Prism
モグラのエリート,Murderous Mole
プリンセスドレス,Princess Dress
シルバーアックス,Silver Axe
ザード遺跡の息吹,Breath of Zard Ruins
ハイキングベレー,Hiking Beret
ヘルゴースト・異,Anomalous Spitegeist
がうがうキャップ,Bow-Wow Cap
キャラメルリップ,Caramel Tulip
メタリオンサイズ,Metallek Scythe
トキワアカネの花,Red Ibis Flowers
魔物管理人ミリィ,Monster Manager Miry
魔物管理人コレス,Monster Manager Koresu
みやびな打ち掛け,Elegant Wedding Kimono
瑞雲の道服セット,Cloudy Outfit
ローズフォーム上,Rose Form Top
ドワーフキッチン,Dwarf Kitchen
預かり所ぺイジー,Storage Peiji
ブラックゴースト,Black Ghost Knifefish
冥王ネルゲルの像,Nergel Statue
デモンマウンテン,Demon Mountain
ドラグーンアーム,Dragoon Armguards
ドラゴンバスター,Wyrmfang
行動時10%魔力覚醒,Channel Anger Action 10%
ギガントモンキー,Gigant Gorilla
名探偵の鹿撃ち帽,Sleuth's Deerstalker
こわれたスロット,Broken Slot Machine
ユキハのウィッグ,Yukiha's Wig
ファータウィング,Fata Wings
売り子フィービー,Vendor Phoebe
地獄のミサワ印章,Misawa of Hell Stamps
ドラキュラの衣装,Dracula Costume
ウィッチシューズ,Witch's Shoes
あいんすりったー,Eins Ritter
クオードキッチン,Quard Kitchen
ヴァルハラの館へ,To the Halls of Valhalla
神々が住まう聖域,God's Sacred Dwelling
招かれざる者たち,The Uninvited
伝説の勇者の衣下,Legendary Hero Bottoms
黄金のブローチ？,Golden Brooch ?
トランプグローブ,Tycoon Gloves
さいほう設備・庭,Sewing Facility (G)
シスター・ネリー,Sister Nelly
魔神ジュリアンテ,Devil Juliante
エルフのあいさつ,Elf Greeting
聖王のブーメラン,Dryspell Boomerang
超錬金ツボ小の本,Super Jar S Book
女性花柄のゆかた,Women's Floral Yukata
ネヴァンメイル上,Nemain Mail Top
プチギュメイ将軍,Frail Goresby-Purrvis
マッピング計測器,Mapping Instrument
しびれくらげ先生,Sir Man o' War
ファラオ・ヘッド,Pharaoh's Head
壁かけ吊るし食材,Wall Hanging Food
メロディアセット,Melody Outfit
こいするちゅちゅ,Tutu in Love
ヤバい宝石の包み,Dangerous Gem Package
便せん屋メビシェ,Stationery Shop Mebishe
壁かけの鉄格子窓,Iron Grate Window
禁忌の幻影神・断,Severing Phantom
時獄獣キュロノス,Kyuronos, Beast of Time
フワフワわたアメ,Fluffy Cotton Candy
ラウルぬいぐるみ,Rahul Plushie
ブラニック採石場,Branick Quarry
魚交換員グナクー,Fish Exchange Gunaku
ハッピークリーム,Happy Cream
交換屋クラリッサ,Exchange Shop Clarissa
ノクゼリアファン,Noxeria Fan
Ｖロンの本棚・赤,Red Vron Bookshelf
支援端末Ｐ１０９,Support Terminal P109
カフェラテの花束,Latte Bouquet
ワグミカのソファ,Wagmika's Sofa
グレートドラキー,Gracky
さいほう職人の魂,The Soul of Sewing
酒場のオルゴール,Tavern Music Box
アルビノホシエイ,Albino Stingray
大怪傑のはちまき,Wondrous Headband
７ｍｖドワーフ男,7mv Dwarf Man
ラウルのゴーグル,Rahul's Goggles
ファーベルの父親,Fabel's Father
小さな民家の模型,Small House Model
しぐさ書・天灯桃,Pink Lantern
レースの観客１４,Race Spectator 14
航界船マニュアル,Navigational Ship Manual
ナンナのこころ５,Nanna's Heart Lv5
グロリアススーツ,Glorious Suit
タクティカ帽ボブ,Tactical Hat (Bob)
妖精の隠れ家の塀,Fairy Lair Fence
バドリー岩石地帯,Budley Rock Zone
ゴシックコート下,Gothic Coat Bottom
ジングルシューズ,Jingle Shoes
飛竜のベストの書,Flying Dragon Book
ブレイブクリーム,Brave Cream
冷眠室ペコリアＢ,Cryogenics Pekoria B
フォステイル広場,Fostail Square
レースの観客１５,Race Spectator 15
キャラメルの花束,Caramel Bouquet
プクリポの便せん,Pukulipo Paper
どらぱんくせっと,Dracky Punk Outfit
コバルト池のカギ,Cobalt Pond Key
交換屋ジョーンズ,Exchange Shop Jones
地獄の帝王の立像,Estark Statue
せいどうのブーツ,Bronze Boots
強襲隊長シシオウ,Assault Captain Shishiou
大怪傑のグローブ,Wondrous Gloves
竜界を継ぐ者たち,Heirs of the Dragon Realm
ランドインパクト,Crackerwhack
陰陽博士のぼうし,Yin-Yang Hat
ブランウッドの束,Branwood Bundle
ドラケンブレード,Drakenblade
星の職人道具絵巻,Starry Craftsman Book
ノートの切れはし,Scrap Paper
アグラニに潜む影,What Lurks in Agrani
ガーネットダリア,Garnet Dahlia
たちきりエリート,Buzzbeelite
怨霊の憑いた戦士,Warrior With a Grudge
ドワーフバスタブ,Dwarf Bathtub
ガタラ原野の木Ａ,Gatara Fields Tree A
レンジャーブーツ,Ranger Boots
シャドーノーブル,Shadow Noble
ヴェリナード領南,Verinard South
壁かけ団子花飾り,Dumpling Floral Decor
オルフェアの奇跡,The Miracle of Orphea
ホーリーアトラス,Holy Atlas
究明者のシューズ,Research Shoes
マーメイドチェア,Mermaid Chair
ウェイトブレイク,Slimmer Down
キュルル花火・赤,Red Kyururu Firework
パラディンの心得,Tips for Paladins
おおきなリボン黄,Yellow Ribbon L
嵐の領界のガゼボ,Storm Realm Gazebo
闇の大魔王アーム,Archfiend's Armlets
プチ真・幻界諸侯,Frail True Dread Fiends
多勢賞トロフィー,Great Numbers Trophy
シスター・ガララ,Sister Galara
りゅうおうワンド,True Dragonlord Staff
遺跡の守護者たち,Guardians of the Ruins
踊り子のティアラ,Dancer Tiara
クマチャンコート,Beary Cute Coat
ジア燃石生産場２,Diatite Production Plant 2
スライムのゆかた,Slime Yukata
ぐんたいガニ・祖,Ancestral Crabid
魔塔研究家マディ,Tower Researcher Maddy
ベルトロトランプ,Bertro Cards
清涼スイムワンピ,Cool Swim Dress
王宮のベッド・青,Blue Royal Bed
マリーンの宝石袋,Malynn's Jewel Bag
アメジストクラブ,Amethyst Crab
スプリングレザー,Spring Leather
中型の球体水そう,Spherical Aquarium M
セレニティワンド,Staff of Serenity
ノーライフロード,Lifeless Lord
シャイニーメロン,Shiny Melon
ツリーゲルニック,Hootingham-Tree
スコーピオサイス,Scorpio Scythe
やみのしょくだい,Sconstrosity
キラキラ大風車塔,Wondrous Windmill Tower
有翼人のサンダル,Winged One's Sandals
エドアルドの工具,Eduardo's Tools
聖王のやりの壁画,Dryspell Spear Book
ポイポイ商会倉庫,Poipoi Trade Co. Storage
レシピ屋ロミルダ,Recipe Shop Romilda
魔天匠レスヘヴン,Master Les Haven
マーメイドタンス,Mermaid Wardrobe
おとぎの森ボレロ,Fairy Forest Bolero
郵便局員ルジアダ,Postman Rujiada
シルエット・庭草,Silhouette Grass (G)
レプティリアたち,Reptilias
ウルトラ大砲置き,Ultra Cannon
奇跡の万能ぶくろ,Miracle All-Purpose Bag
東洋風タンス・雅,Chic Orient Wardrobe
打ち上げ花火・橙,Fireworks Launcher (O)
バトエンフラッグ,Batoen Flag
第１１回ケイト像,11th Kate Statue
サンタのてぶくろ,Santa Mitts
プチアーノン・強,Vicious Khalamari Kid
冥王の大鎌・オノ,Netheraxe
イルーシャのくつ,Illusia's Shoes
キュルルのチョコ,Kyururu Chocolate
丸小紋のはかま下,Circle Hakama Bottom
ノクトルケープ下,Nocturne Bottoms
聖王のツメの壁画,Dryspell Claw Book
アンタッチャブル,Untouchable
真珠のヘアビーズ,Pearl Hair Beads
グランマーズの館,Madame Luca's House
しゃしょうばぎー,Conductor Bagy
ネヴァングリーブ,Nemain Greaves
クリスマスライブ,Christmas Live
授業プクリポ男性,Pukulipo Male Student
ジェントルハット,Gentleman's Hat
エテーネルリング,Ethenel Ring
アガレスの大紋章,Agares Sigil
魔人リンジャーラ,Demonic Linjara
スイの塔への出口,Exit to Sui Tower
ドラゴンクロー絶,Apex Dragon Claws
オーガの村人くつ,Ogre Villager Shoes
キュルルのポスト,Kyururu Mailbox
光の神殿・最上層,Temple of Light - Top Floor
エテーネスズラン,Ethene Lilies
トキミタデの種子,Timeseer Weed Seeds
ダーティードール,Dirty Doll
ウェディングくま,Wedding Bear
バカンウグレ遺跡,Bakangre Ruins
木造御殿のタイル,Wood Palace Tile
おまつりドングリ,Festival Acorn
魔塔銀行屋ボクス,Tower Banker Bokks
特攻隊長バーナー,Commander Burner
レースの観客０２,Race Spectator 02
かなしきりかるど,Sad Ricardo
森林警備隊ブーツ,Forest Ranger Boots
あたまリボン茶券,Tea Head Ribbon Ticket
キュルル花火・虹,Rainbow Kyururu Fwork
エルフテーブル小,Elf Table S
ふしぎなグローブ,Mysterious Gloves
オレンジと白の傘,Orange/White Umbrella
クリスマスの暖炉,Christmas Fireplace
ドラパンクズボン,Dracky Punk Trousers
ゾーマ　ソウリョ,Zoma, Priest
エメラルドの花束,Emerald Bouquet
ごうけつのけがわ,Ursa Minor Fur
グランゼドーラ城,Gran Zedora Castle
帝国三将軍コイン,Triumgorate Coin
グロリアス衣装券,Glorious Outfit Voucher
新エテーネのこて,New Ethene Gauntlets
釣り用ダミー宝箱,Fishing Treasure Chest
憤怒のイフリート,Deranged Djinn
ケイトのうであて,Kate's Armguards
魚交換員プトゥン,Fish Exchange Putun
チアガールの服上,Cheerleader Top
デビパンクのツノ,Devil Punk Horn
猫パンチ（右手）,Cat Punch (Right Hand)
パピリオアーマー,Papilio Armor
口調の書・オレ様,Tone Book - Tsundere
聖守護者のつるぎ,Sentinel's Sword
パンドラボックス,Pandora's Box
ベルヴァインの森,Belvain Forest
ヒューザトランプ,Hyuza Cards
パッチ柄ラグ・青,Blue Patch Rug
管理人マルリーヌ,Caretaker Marlene
マーブルシュガー,Marble Sugar
金剛不壊の武装術,Unbreakable Varja
プクリポソファ大,Pukulipo Sofa L
かいしんバーガー,Critical Burger
ホイップゴースト,Whipped Scream
シュメリアブレス,Sumeria Bracelets
王家のペンダント,Royal Family's Pendant
ブレイブグリーブ,Brave Greaves
緑キノコのベッド,Green Mushroom Bed
ピクニックアサヒ,Asahi Picnic
レシピ屋ユシレピ,Recipe Shop Yusirepi
メタスラスカーフ,Metal Slime Scarf
武刃将軍のゆびわ,Warrior General Ring
渡し守ディレーク,Ferryman Direkke
スライムのベンチ,Slime Bench
ギャルいウィング,Stellar Wings
タータンシューズ,Tartan Shoes
プクリポのいい服,Pukulipo Fine Clothes
夢の王国ドレス下,Dream Kingdom Skirt
トンブレロ貯金箱,Ham Shamwitch Pig Bank
ラストチョーカー,Ultimate Choker
サンゴ礁かきわり,Coral Reef Backdrop
ウェディングール,Wedding Ghoul
新商品は桜の香り,Cherry Scented Products
便せん屋ヤマブキ,Stationery Shop Yamabuki
ヘルガーディアン,Hell's Gatekeeper
お菓子のチェスト,Sweet Chest
鉱石の台座ランプ,Ore Pedestal Lamp
あるある川柳・銀,Haiku Silver
ベジセルクの咆哮,Cucumberserk's Roar
超エッチなしたぎ,Really Robust Lingerie
セクシーキャット,Sexy Cat
セルケトのアンク,Serket's Ankh
レースの観客２１,Race Spectator 21
ブレイブクッキー,Brave Cookies
深淵をのぞくネコ,Cat Gazing into the Abyss
ファータシューズ,Fata Shoes
クロ・マネキの像,Black Mannequin Statue
プクリポ研究者２,Pukulipo Researcher 2
旬の黄金イセエビ,Seasonal Gold Lobster
博愛騎士のピアス,Love Knight Earrings
レギオングローブ,Legion Gloves
ネタ「メタキン」,Metal King Trick
じごくのおくり火,Lava Lampling
黒いレースの日傘,Black Lace Umbrella
アツアツグラタン,Piping Hot Gratin
ドワーフの便せん,Dwarf Paper
グレン風たいまつ,Glen-Style Brazier
デスマスの礼服下,Death Master Bottom
究明者のグローブ,Research Gloves
小悪魔王子の王冠,Devil Prince's Crown
プクリポソファ小,Pukulipo Sofa S
王宮の食器棚・赤,Red Royal Cupboard
屍鬼王ゾルドゥス,Corpse King Zoldus
シスター・サテラ,Sister Satella
突撃隊長デスタン,Charge Captain Destan
ファルコンクロー,Gryphon Talon
聖天舎のテーブル,Monastery Table
パイソンウィップ,Python Whip
魚交換員ポッツァ,Fish Exchange Pozza
ミラクルチケット,Miracle Ticket
ベリアル強メダル,Apex Belial Medal
預かり所クイーレ,Storage Quaile
赤キノコのベッド,Red Mushroom Bed
魔物管理人レビデ,Monster Manager Rebide
オパールのダンロ,Opal Fireplace
ポーズ書・クール,Cool Pose
リベホイミパフェ,Remidheal Parfait
ミラクルコート上,Miracle Coat Top
スイレンの釣り堀,Water Lily Fish Pond
スイーツの便せん,Sweet Paper
ファータドレス上,Fata Dress Top
討伐隊員シーナン,Strike Force Sinan
慟哭のフライパン,Wailing Fry Pan
郵便局員ウイロウ,Postman Willow
まもの使いの証明,A Master of Monsters
レッスンチケット,Lesson Ticket
タータングローブ,Tartan Gloves
りぷとん画伯の絵,Ripton Painting
心をつなぐ初仕事,First Job, Connect Minds
オセアノスの祈り,Full Fathom Prayer
ももじゃの像・庭,Platypeach Statue (G)
壁かけＤＱⅧの絵,DQⅧ Painting
新作家具屋カガミ,New Indoor Furniture Shop Kagami
庭用ネオン・粒子,Neon Particles (G)
ノーブルコート下,Noble Coat Bottom
オニグモの盾の本,Spider Shield Book
エビルプリースト,Aamon
たれ灰猫カプセル,Lazy Ash Cat Toy
モガマルグローブ,Cyril Gloves
カプレーゼタクト,Fromage Flay Wand
しびれくらげ１７,Man o' War 17
シュバリエハット,Chevalier Hat
ナチュラルベッド,Natural Bed
渡し守スーティー,Ferryman Sutei
あくまのきしの像,Knight Aberrant Statue
アトリエ地下１階,Studio B1F
３段ブロック・赤,Red 3-Step Block
渡し守アリーモス,Ferryman Alimos
よろいのきし・凶,Knight Destructant
リザードファッツ,Frou-Frou
ギュッと時の化身,Tockle Arm Doll
ゴスバニーハット,Goth Bunny Hat
グランマーズの門,Madame Luca's Gate
レジェンズソード,Legends Sword
ウィリーデナイフ,Vilide Knife
バラ模様付きの壁,Rose Pattern Wall
魔天鳳レアルフス,Sky Phoenix Realphus
フェンサーハット,Fencing Hat
源世果フルポティ,Frooty Dracky
古びた糸とじの書,Old Thread-Bound Book
釣りざお作成入門,Fishing Rod Creation
グロリアスコート,Glorious Coat
チェイサーブーツ,Chaser Boots
ツボ錬金職人頭巾,Jar Alchemist's Cap
青嵐　夢を破って,Shattered Dreams
星詠みのテーブル,Stargazing Table
ラタンバスケット,Rattan Basket
フォースブレード,Force Blade
バズミルクティー,Pazu Milk Tea
ファンキーブーツ,Funky Boots
虚竜王グリーデル,Griedel, Dragon King of the Void
黄昏の霊堂への扉,Door to Mausoleum of Dusk
切る前の玉子焼き,Uncut Omelet
強化屋スコルピィ,Enhancer Scorpi
もうどくブルース,Venomous Verse
しびれくらげ１９,Man o' War 19
闇司祭長ユルイゲ,Yuruige
ウェナベリーの枝,Wenaberry Branch
ワルド水源への道,Road to Wald Headwaters
堕天使エルギオス,Fallen Angel Corvus
アラハギーロ城内,Al-Ahagiro Castle
しぐさ書・拾遺譚,Collected Tales
よろず屋ルリーズ,General Shop Luriez
フォルモンティ村,Vollmondi Village
あざやかな笹飾り,Vivid Bamboo Decor
ハンターグローブ,Hunter Gloves
アメジストローズ,Amethyst Rose
モーモンの浮き輪,Sanguini Floatie
しぐさ書・指さす,Point
プチスライダーク,Frail Nemeslime
ドラけしシャワー,Eraser Shower
記憶のパドレア邸,Memory of Padrea Mansion
ポーズ書・聖騎士,Holy Knight Pose
道具屋チャーロン,Item Shop Charon
荒ぶる王子のオノ,Princely Axe
月影の装束セット,Moonshade Outfit
オーロラカメリア,Aurora Camellia
身代わりのコイン,Substitution Coin
妖精たちのポルカ,Brownie Boost
レースの観客２８,Race Spectator 28
花華メイドの下駄,Flower Maid Geta
ラズバーンの手下,Razburn's Minion
キュルルトランプ,Kyururu Cards
踊り子と願いごと,A Dancer and a Wish
Ｌ型のトピアリー,L-Shaped Topiary
新兵支給てぶくろ,Recruit Gloves
真珠の取れる浮貝,Pearl Taken From a Shell
魔法学園のマント,Magic School Cloak
パンプキンキッズ,Pumpkin kids
ちょこっとすーつ,Choco Suit
クルッチカプセル,Ickle Toy
はじめてのドレス,My First Dress
整備士のてぶくろ,Technician's Gloves
バケーロの子分Ｂ,Bakero's Henchman B
木造御殿のアーチ,Wood Palace Arch
メタリオンガード,Metallek Targe
蒼天のソウラ印章,Souten no Soura Stamps
ついてクンマット,Pet Mat
青地にうろこ紋傘,Blue Scaled Umbrella
雪の女王の洞くつ,Snow Queen's Cave
どこかのバスタブ,A Bathtub Somewhere
星夜の長てぶくろ,Starry Night Long Gloves
巨兵のトロフィー,Giant's Trophy
しあわせの玉手箱,Happiness Jewelry Box
マジカルドレス上,Magical Dress Top
カプサイシューズ,Capsai Shoes
ルティショー像茶,Tea Astolti Short St.
光のオーナメント,Light Ornament
福笑いのラグ・顔,Fukuwarai Face Rug
バルディスタ憲兵,Valdistan Police
ルーミリアの小屋,Lumeria's Hut
ミイラ男のぼうし,Mummy Boy Hat
リルチェラソファ,Lilcherat Sofa
名探偵のコート下,Sleuth's Coat Bottom
サフランローブ下,Saffron Robe Bottom
ルミナスウィング,Luminous Wings
ネコ姫のチェスト,Cat Princess Chest
刺しゅう入りくつ,Embroidered Shoes
札強化屋ラベロー,Card Enhancer Rabero
ゼネシアのころも,Zenethia's Garments
ダンシングライト,Dancing Light
ミラクルボックス,Miracle Box
ギュッとエステラ,Estella Arm Doll
武器屋ボーディス,Weapon Shop Bodis
ネイビーリュック,Navy Backpack
フェザーマジック,Feather Magic
プクラスの研究室,Pukulas' Laboratory
アリゲーターガー,Alligator Gar
くさった死体・強,Vicious Walking Corpse
なかまモンスター,fellow monster
音符のタンス・黒,Black Music Wardrobe
預かり所ペコリア,Storage Pekoria
出張購買員イリー,Team Supplier Illy
サバイバルスキル,Ruggedness skill
黒岩削り出しの壁,Black Rock Wall
王家の迷宮の燐光,Royal Maze Phosphor
はじまりの地の木,Land of Beginnings Tree
ＣＭ用ドワーフ３,Dwarf For CM 3
プチヒドラカード,Frail Hydra Card
求道者のはちまき,Seeker's Headband
スーパーテンツク,Sluggernaut
オーガカウンタ大,Ogre Counter L
カザルス近衛兵長,Guard Captain Casals
超酸性の間　入口,Super Acidity Entrance
マッドファルコン,Terrorhawk
しびれくらげ１１,Man o' War 11
ごちそうターキー,Feast Turkey
星空のソファ・青,Blue Starry Sofa
悪魔王の同族狩り,Hunting Devil's Family
先制攻撃率アップ,First Strike Rate Up
ミイラ男の衣装２,Mummy Boy Costume 2
古強者のよろい下,Veteran's Faulds
紋入りのレンガ柱,Crested Brick Pillar
シスター・ロッカ,Sister Lokka
常闇のスティック,Everdark Wand
ブラッドエイプス,Scarlet Simian
占星術師のブーツ,Astrologer Boots
ダーマ神殿の壁泉,Alltrades Wall Fountain
アークワンドの本,Celestial Sceptre Book
ゾーマ　ケンジャ,Zoma, Sage
憎悪のダークネス,Darkness of Hatred
エテーネの服一式,Ethene Clothes Set
白亜の王城・１階,Chalky Castle 1F
ソポスのサンダル,Sophos Sandals
ヘナトライロッド,Blunt Rod
討伐隊員ポッカラ,Strike Force Pokkara
便せん屋ヒキワリ,Stationery Shop Hikiwari
ウルタのバンダナ,Ulta Bandana
クリナップロッド,Cleanup Club
びようしいちじく,Hairdresser Ichijiku
フカき封じの水底,Ocean Floor
ファラオ・ルドラ,Pharaoh Rudra
三姉妹のモビール,3 Sisters Mobile
ヴァルハラヘルム,Valhalla Helm
執行者ニニエルザ,Enforcer Ninierza
パドレの錬金人形,Padre Alchemy Doll
ファラザード兵Ｂ,Farazard Soldier B
トライドグローブ,Battle-born Gloves
ナイス！ナイフ！,Knice Knives!
荘厳な竜のはかま,Majestic Dragon Hakama
汚れたペンダント,Dirty Pendant
レース屋ツキカゲ,Race Registrar Tsukikage
シンクギアブーツ,Syncgear Boots
シスター・ラーニ,Sister Lani
異形の大地への道,Road to Deformed Earth
花妖精のウィング,Flower Fairy Wings
燦滅のノクゼリア,Noxeria the Ruinous
魔天賊ボティたち,Sky Bandit Boti and co.
フェンサーブーツ,Fencing Boots
ウサぐるみ衣装券,Rabbit Costume Ticket
カイトバックラー,Kite Buckler
エンゼルショット,Angel Shot
しびれくらげ０１,Man o' War 01
タイタス号のタル,Titus Barrel
木の葉のよろい下,Foliage Armor Bottom
若武者のよろい上,Young Warrior Cuirass
悠久の果ての約束,Promises at the Brink
さいほうサンダル,Sewer's Sandals
とこなつハッピ上,Summer Top
演奏会２６秋目録,Fall Concert '26 List
スチームキッチン,Steam Kitchen
舞い手の服セット,Performer's Outfit
色見本・みずいろ,Pale Blue Swatch
セーラスウィップ,Selas Whip
花透かし細工の壁,Floral Wall
種族神像プクリポ,Pukulipo Tribal Statue
赤い屋根の家の柱,Red Roof House Pillar
キラーマジンガ強,Apex Uberkilling Machine
あこがれの彼の人,Longing for Someone
アヌビスアタック,Anubis Assault
おもちゃの岩・雪,Toy Rocks (Snow)
らくらくジョウロ,E-Z Watering Can
月見の縁台セット,Moon Viewing Bench Set
フラウスブレード,Flaus Blade
燃料供給マシーン,Fuel Supply Machine
原始獣フォドラス,Primitive Beast Fodras
スライムの食器棚,Slime Cupboard
よみがえりの羽根,Reviving Feather
アンノウンソード,Unknown Sword
ラグアスキッチン,Raguas Kitchen
シロブタカプセル,White Pig Toy
シスター・リーリ,Sister Leely
宿屋ナイトグッド,Innkeeper Nightgood
ヒポポ・サードン,Hippo Sardon
ゲノミーキャップ,Crankiid Cap
悪霊の神々カード,Evil Trinity Card
ガーデンパンプス,Garden Pumps
磁界の効果アップ,Magnetic Field Boost
トラキーの像・庭,Tracky Statue (G)
王家のナイフ全集,Nobleman's Knife Set
カムシカせんべえ,Azlantelope Wafer
ピクニックリィン,Lynn Picnic
童話の街並みの柱,Fairy-Tale Pillar
デッドリーソード,Deadly Sword
カボチャチェスト,Pumpkin Chest
フォースブレイク,Fource Break
ゴスバニーブレス,Goth Bunny Bracelets
武器屋バーニジア,Weapon Shop Banijia
ファフニルアーム,Fafnir Armguards
シャークウェア上,Upper Sharkwear
メイジももんじゃ,Crack-Billed Platypunk
子供の家ペコリア,Child House Pekoria
マスカルポンポン,Mascarponpon
オノでエキサイト,Excite With an Axe
つっこみレーサー,Ridge Racer
詩人の舞台・控室,Poet's Stage Waiting Room
攻撃時25%でぶきみ,Spooky Aura Attack 25%
ドラゴンの便せん,Dragon Paper
ナスビッＴシャツ,Woebergine T-Shirt
まだあたらしい傘,Mint Condition Umbrella
七夕のさいほう針,Star Festival Needle
ウェナーフェイス,Wena Face
エネルギー制御室,Energy Control Room
オンチョの探索帳,Oncho's Travel Log
イグナイトバンド,Ignite Headband
ばくだんサーカス,Pantomine
光の郷フィネトカ,Finetka
荒波サーフパンツ,Rough Sea Surf Shorts
アサシンコート上,Assassin Coat Top
メタルかがみもち,Festival Metal Slime
真のレンダーシア,True Lendersia
明け方に浮かぶ月,The Moon Rising at Dawn
幸運を呼ぶサロン,Lucky Salon
学園女子の夏服下,Schoolgirl Summer Skirt
ケイオスの儀式書,Berserker's Ritual Book
ユグドラシルの本,Spryggdrasil Book
ワンダラー放浪記,Wanderer's Notes
壁かけおばけの窓,Haunted Window
アラハギーロ地方,Al-Ahagiro Region
フォトライフ・金,Photo Life Gold
剥きかけりんご左,Left Peeled Apple
アッシュリザード,Mandrake Militant
テレパスタイツⅡ,Telepath Tights Ⅱ
防衛軍の制服・紫,Purple Defense Force Suit
アローインプの像,Bodkin Bowyer Statue
封印の守護者・右,Seal Guardian - Right
アマリリスの笑顔,Amaryllis' Smile
郵便局員ケパルト,Postman Kepart
ギンガムの便せん,Gingham Paper
三姉妹の馬車・桃,Pink 3 Sisters Carriage
ジュレー島の木Ｂ,Jule Island Tree B
よろず屋カエマン,General Shop Kaeman
獄卒のトロフィー,Prisoner's Trophy
キラキラスライム,Glittering Slime
ダークキングの像,Dark King Slime Statue
終わりを告げる者,The Doomsayer
ボロボロの魔神兵,Tattered Demon Soldier
常闇のブーメラン,Everdark Boomerang
クロッシュメット,Bell Hat
オーブなプチ香水,Orb Perfume S
りゅうおうソード,True Dragonlord Sword
代理人グラドマン,Agent Gladman
セイクリッドボウ,Sacred Shot
ジェントル衣装券,Gentleman's Voucher
白木のパーティ机,Plain Party Table
ピカレスクブーツ,Picaresque Boots
ヘルゲゴーグ・烈,Reinforced Helgegog
プチ伝説の三悪魔,Frail Legendary Evils
冒険者ゼミナール,Adventurer Seminar
レクタリスの光輪,Lectalis' Halo
ガートラント兵５,Gartlant Soldier 5
ダークタルト・小,Small Dark Tart
素材屋・コイン屋,Material Shop/Coin Shop
魂を刈り取る天使,Angel Who Reaps Souls
シグナルクラウン,Crown Signal
ブルービックバン,Blue Big Bang
エドアルドの人形,Eduardo's Doll
黒岩削り出しの柱,Black Rock Pillar
ティンクルバトン,Twirl Baton
壁かけパッケージ,Wall Hanging Package
ＣＭ用プクリポ１,Pukulipo For CM 1
万能ヘアスプレー,All-purpose Hairspray
DQ3ゆうしゃぞーま,DQ3 Hero, Zoma
青色パンジーの傘,Blue Pansy Umbrella
デビパンクズボン,Devil Punk Slacks
しんぷあれくせい,Father Alexei
どっかんドンガル,Tintaur
シスター・サーラ,Sister Sarah
預かり所デイスン,Storage Dyson
ダンディクッキー,Dandy Cookies
ナンナのこころ３,Nanna's Heart Lv3
スラタワーパンツ,Slime Stack Bottom
ツタのからまる柱,Ivy Entwined Pillar
おどろきとまどう,Shock and Confusion
星天のペンダント,Starry Pendant
フラワーギフト券,Flower Gift Voucher
旬の黄金本マグロ,Seas. Gold Bluefin Tuna
六大陸堂の便せん,Six Continents Paper
強酸性の間　入口,Strong Acidity Entrance
エステラキッチン,Estella Kitchen
しびれくらげ０２,Man o' War 02
ドラグーンヘルム,Dragoon Helm
三姉妹の馬車・白,Wht. 3 Sisters Carriage
ドロくさいこうら,Smelly Shell
リゾートかきわり,Resort Backdrop
きめんどうしの杖,Lump Shaman Cane
どうぐやまろっく,Item Shop Maroc
ブラウニー便せん,Brownie Paper
冒険者のはちまき,Adventurer's Headband
メギストリスの都,Megistris City
ズッキーニャ・祖,Ancestral Cruelcumber
ドラパンクセット,Dracky Punk Outfit
マポレーナ便せん,Genie Sanguini Paper
マホトラのころも,Draining Drape
ギュッとヒューザ,Hyuza Arm Doll
第３回マイユの像,3rd Maille Statue
エメラルドリリィ,Emerald Lily
トナカイゴレオン,Goreham-Deer
板張りの大きい壁,Plank Wall L
シスター・ルルア,Sister Lulua
シェンロンロッド,Xenlon Rod
しんこう心スキル,Faith skill
牡丹の紋付はかま,Peony Crest Hakama
カイザードラゴン,Royal Reptile
烈震竜樹ハダルデ,Quake Dragon Hadalde
ギルガランの服下,Gilgaran's Trousers
観戦案内ヴェルト,Watch Guide Velt
カジノなプチ香水,Casino Perfume S
名探偵のグローブ,Sleuth's Gloves
ポイズンリザード,Killer Gila
ファラオプリズム,Pharaoh Prism
カルサドラ溶岩洞,Calsadora Pyroduct
演奏ヴァイオリン,Play Violin
レシピ屋ルセット,Recipe Shop Ruseto
木の葉よろい全集,Foliage Armor Book
防具鍛冶作業着上,Armorsmith's Top
メタブラチケット,Metal Medley Ticket
グランゼドーラ門,Gran Zedora Gate
フラウスウィップ,Flaus Whip
ルファ神殿への道,Road to Rufa Temple
予言者学園学生靴,FTA Shoes (M)
ギュッとウリボー,Wild Boar Arm Doll
たゆたう瑞雲の詩,Poem of Floating Clouds
ハイキングパンツ,Hiking Pants
サフラングローブ,Saffron Gloves
ドワーフ作業くつ,Dwarf Work Sandals
しぐさ書・ツリー,Tree Trick
打ち上げ花火・緑,Green Firework
ガーデンシューズ,Garden Shoes
機神の眼甲の破片,Mechanical Eye Shard
桜モダンスカート,Cherry Modern Skirt
グレイトマーマン,Merderer
ハロウィン投影機,Halloween Projector
さまようたましい,Lost Soul
ほっとイヤーマフ,Soft Earmuffs
じごくのもんばん,Grim Keeper
中枢へ向かう通路,Passage to Core
コルシュール大臣,Minister Corsur
オーフィーヌ海底,Orfine Seabed
猫貴族のグローブ,Aristocat Gloves
イブニングコート,Evening Coat
郵便局員パーポポ,Postman Papopo
パッショントップ,Passion Top
大とうぞくのカギ,Great Thief's Key
初心者用の両手剣,Beginner's Greatsword
カジノレイド祭り,Casino Raid Festival
ドラキーＴシャツ,Dracky T-Shirt
デリシャスオイル,Delicious Oil
足音切り替え検証,Footstep Switching
第１３回ラキ像庭,13th Lycae Statue (G)
若武者のすねあて,Young Warrior Boots
時の妖精プリズム,Time Fairy Prism
ぶれいくすたいる,Break Style
ブレスクラッシュ,Breathtaking Bash
キラークリムゾン,Crimson Killing Machine
魔法戦士団ハット,Armamentalist Hat
ギュッとセラフィ,Seraphi Arm Doll
ポポラパの最深部,Popolapa Depths
聖騎士のよろい下,Holy Knight Bottoms
さびたペンダント,Rusty Pendant
ルーンバックラー,Rune Buckler
はがねのグリーブ,Steel Greaves
ＣＭ用プクリポ２,Pukulipo For CM 2
レースの観客２７,Race Spectator 27
クリスマスのソリ,Christmas Sleigh
全滅時の復活場所,resurrection spot
プチアンドレアル,Frail Rashaverak
ルベランハンマー,Ruberan Hammer
ギュッと主神ラキ,Almighty Lycae Arm Doll
ぬい合わせた願い,Stitched Together Wishes
ピナヘトのおふだ,Pinahett's Amulet
幽玄なる刀の世界,A Sword Sublime
ワンダークッキー,Wonder Cookies
ふわふわエンゼル,Floaty Angel Slime
実行委員エルスカ,Executive Committee Elska
証人ラディスオー,Keen Ladis
素材タネ屋コイズ,Material Seed Shop Koiz
サワナギの戦士Ａ,Warrior of Sawanagi A
リィンカネ便せん,Re[in]carnation Paper
エテーネのまもり,Ethene Charm
打ち上げ花火・赤,Red Firework
ドワチャカオイル,Dwachakka Oil
保育地区の移動台,Nursery District Platform
預かり所ジュエル,Storage Jules
キケンな取り引き,Risky Business
ローズコサージュ,Rose Corsage
エンゼルスライム,Angel Slime
レースの観客３１,Race Spectator 31
時の歯車チャーム,Timegear Charm
超高性能スコップ,Ultra High Power Shovel
預かり所メビータ,Storage Mebita
お姫様ベンチ・桃,Pink Princess Bench
ぬいぐるみ竜族女,Dragon Plushie (F)
開祖の道着セット,Founder's Outfit
金平糖ライト・氷,Ice Candy Light
神兵のよろいの書,Divine Soldier Book
お姉さまの髪飾り,Debora's Flowers
ダーマ神殿の松明,Alltrades Abbey Torch
みかづきプリズム,Crescent Moon Prism
サワナギの戦士Ｂ,Warrior of Sawanagi B
東洋風飾り棚・雅,Chic Orient Shelf
武勲の城の庭園灯,Valor Castle Light (G)
ナジーンカプセル,Najinn Toy
ピンキーパンサー,Pink Sabrecat
ふくめんうさぎ３,Masked Rabbit 3
たれ黒猫カプセル,Lazy Black Cat Toy
フェルナーのメモ,Felner's Notes
ギュッとはぐりん,Liquid Metal Arm Doll
魔天鬼グーラたち,Sky Ogre Geira and co.
れっどたきしーど,Red Tuxedo
リンジャハル海岸,Linjahar Coast
夕焼け雲のソファ,Sunset Cloud Sofa
マーチングセット,Marching Outfit
2013/2月分クエスト,Quest for 2013/02
今年のブレス対策,Breath Countermeasures
ベビタンキャップ,Imp Hood
ワクチンのふくろ,Vaccine Pouch
ヴァイパーコート,Viper Coat
ガニッポのかばん,Ganippo's Bag
鉱石の天井ランプ,Ore Ceiling Lamp
オシリスのアンク,Osiris' Ankh
美容師のプライド,Hairdresser's Pride
ゴールドマンの像,Gold Golem Statue
ポセイドンベッド,Poseidon Bed
光の錬金ランプ小,Light Lamp S
メタルなプチ香水,Metal Perfume S
預かり所ボルリラ,Storage Borrilla
おきもの赤キノコ,Red Mushroom Ornament
エルフたちの集落,Elven Settlement
エテーネのうでわ,Ethene Armbands
バブリン印の丸薬,Zepling Marked Pill
まもの使いの前進,Way of the Wrangler
新兵支給むねあて,Recruit Breastplate
はやてのバンダナ,Agility Bandana
ラッキーチケット,Lucky Ticket
預かり所ポッポビ,Depository Poppobi
妖精郷の舞踏服上,Faerie Realm Shirt
ごはんいこーよ！,C'mon, Let's Eat!
学園の教室のイス,School Classroom Chair
超常現象研究会室,Paranormal Research Room
レグナード変異体,Variant Regnad
猫貴族のスカート,Aristocat Skirt
スライムの石の柱,Slime Stone Pillar
手品師のグローブ,Conjurer's Gloves
キラゴルドメダル,Gyldygga Medal
スターのイス・赤,Red Star Chair
レオパードハット,Leopard Hat
プクレットの桃花,Pink Pukulet Flowers
聖守護者の両手剣,Sentinel's Greatsword
賢者セレディーネ,Sage Celedine
どくどくバルーン,Toxic Loon
紹介人ブルーレス,Introducer Blueleth
黄金のバディンド,Golden Badindo
エステラの紹介状,Estella's Intro Letter
月世界の都への道,Road to The Moon's Capital
アンフィスバエナ,Amphisbaena
プリズニャンの像,Jailcat Statue
手品師の服セット,Conjurer's Outfit
預かり所ズグラム,Storage Zugram
求道者のてぶくろ,Seeker's Gloves
預かり所セテーラ,Storage Setera
魚交換員ビスリン,Fish Exchange Bislin
野いちごサンダル,Wild Strawberry Sandals
スタン弾ショット,Stunning Shell
ライトスティック,Light Stick
アクロニウム鉱石,Acronium Ore
ロトのオルゴール,Erdrick Music Box
マローネトランプ,Marone Deck
シスター・ミペカ,Sister Mipeka
輝天のスティック,Sky Wand
ゴールデンリング,Golden Ring
闇騎士のグローブ,Dark Knight Gloves
ジュエルシャワー,Jewel Shower
メデューサスーツ,Medusa Suit
ぬいぐるみ屋ウー,Plushie Shop Woo
アントワネット妃,Princess Antoinette
闇雷竜のまなざし,Dark Thundragon's Gaze
ふしぎなイレモン,Mysterious Lemon
チャージタックル,Charge Tackle
スチーム本棚・赤,Red Steam Bookshelf
ナイトフィーバー,Night Fever
魔女の長日傘・青,Blue Witch Day Umbrella
別離の剣器・不屈,Parting Blade of Fortitude
ぶたさんの貯金箱,Piggy Bank
ワイトキング・祖,Ancestral Wight King
メロポネスの財布,Meroponesse's Wallet
苺お菓子のベッド,Berry Sweet Bed
魚交換員ペコリア,Fish Exchange Pekoria
クッキーの便せん,Cookie Paper
ツインクルタクト,Twinkle Little Staff
村王クリフゲーン,Chief Cliffgain
ピリからペッパー,Hot Stuff
ヒストリカの像＋,Historica Statue +
預かり所パーシリ,Storage Pashiri
究極Ｖロンコイン,Ultimate Vron Coin
パシティの試作品,Pashti's Trial Product
壁かけ四季の丸窓,4 Seasons Round Window
シグナルスライム,Slime Signal
放送局員ドラビー,Broadcaster DV
タウルスハンマー,Taurus Hammer
大地の箱舟　３幕,Ark of the Earth Act 3
ジャイラジャイラ,Jyra Jyra
ムーディーベッド,Moody Bed
ひまわりプリズム,Sunflower Prism
スターギフト・桃,Pink Star Gift
アンノウンロッド,Unknown Rod
誘殺参謀リランザ,Seductress Rilanza
キューピッド衣装,Cupid Costume
エンゼルチャイム,Angel Slime Chime
チョコヌーバの像,Fudgeraker Statue
バズカフェの看板,Pazu Cafe Sign
銀トラ猫カプセル,Silver Tabby Toy
ポイズンスケイル,Serpentscale Skean
色見本・アイビー,Ivy Swatch
預かり所エフォー,Storage Epho
風虎の道着セット,Wind Tiger Outfit
壁かけ穴ゴーレム,Golem Hole
ガズバランの封洞,Gazbalan Sealed Cave
じんめんじゅの像,Treeface Statue
怪盗ポイックリン,Poiclin
しぐさ書・水やり,Watering
大魔導イーギュア,Giga Rapscallion
壁かけＤＱⅥの絵,DQⅥ Painting
ファラオ・ニビス,Pharaoh Nibis
ナンナのこころ１,Nanna's Heart Lv1
アスバルのズボン,Asbal's Pants
ポセイドンランプ,Poseidon Lamp
カンダタの像・庭,Robbin' 'Ood Statue (G)
預かり所ティルダ,Storage Tilda
ダンダダ団アジト,Robbin' 'Ood Gang HQ
赤バラのテーブル,Red Rose Table
保育地区ペコリア,Nursery Area Pekoria
矢文のポスト・緑,Green Arrow Mailbox
デビパンクブーツ,Devil Punk Boots
シグナルウィング,Wing Signal
ミミックの像・庭,Mimic Statue (G)
ホーローの隠れ家,Hollow's Hideout
怪魔鳥バトロウス,Monstrous Bird Batros
ＶＩＰライセンス,VIP License
トポルの蝶々かご,Topol Butterfly Basket
ふるぼけたタライ,Worn-out Washbasin
猛火竜のウィング,Fire Dragon Wings
おおくちばし・強,Vicious Beakon
シルバーウィング,Silver Wings
ホークブリザード,Snowbird
魔瘴狼イジャラン,Demoic Wolf Ijaran
防具屋アベーシャ,Armor Shop Abesha
ビントンの陳情書,Vinton's Petition
悪魔の翼プリズム,Devil Wings Prism
タータンスーツ下,Tartan Suit Bottom
ワイルドバングル,Wild Bangles
セラフィのポスト,Seraphi Mailbox
ファントムマント,Phantom Cloak
レース屋チャイル,Race Registrar Chaile
せんすいふくあお,Blue Diving Suit
商人たちのテント,Merchants' Tents
エレガントココア,Elegant Cocoa
新春ふくびきマン,New Year Lottery Man
アリアハンマント,Aliahan Cape
羅刹王バラシュナ,Varashna, the Sinful Spirit
オルフェア地方東,Orphea Region East
スライムベスな傘,She-Slime Umbrella
メギストリス紫花,Megistris Flowers
ダイバーゴーグル,Diver Goggles
預かり所キャビネ,Storage Cabinay
ロイヤルステップ,Royal Step
ハイパーチケット,Hyper Ticket
アンノウンダーク,Unknown Dirk
大地の箱舟　２幕,Ark of the Earth Act 2
イカ焼きプリズム,Fried Squid Prism
住宅素材屋テラナ,Housing Materials Terrana
邪神バルサミコス,Dark Deity Balsamicos
郵便局員ワルダー,Postman Walder
チェッカーハット,Checkered Hat
王軍師のグローブ,Royal Soldier Gloves
わかめ由来石けん,Seaweed Soap
フラウスシールド,Flaus Shield
ギュッとソーミャ,Somya Arm Doll
世界樹のグリーブ,Yggdrasil Greaves
ライダース衣装券,Rider Outfit Voucher
フォトライフ・銅,Photo Life Bronze
封じられた洞くつ,Sealed Cave
五の星獣ウツァト,5th Star Beast Uzato
キュロンリッカー,Kyuronlicker
ブラックコンドル,Black Buzzard
もみじこぞう・強,Vicious Leafy Larrikin
案内係エムロード,Guide Emerald
ゼクレス精鋭槍兵,Zechres Elite Spearman
風のころも安置箱,Wind Robe Coffer
ムーンのタトゥー,Moon Tattoo
はじめてのオフ会,A Face to Face First
クリスマスラベル,Christmas Label
ガートラント兵３,Gartlant Soldier 3
灰三毛猫カプセル,Ash Calico Cat Toy
ガタラ原野の木Ｃ,Gatara Fields Tree C
めっとなしすーつ,Helmetless Suit
どくろあらい・強,Vicious Haardvark
深い森の邸宅の床,Forest Manor Floor
ポポラパの洞くつ,Popolapa Cave
アメジストの花束,Amethyst Bouquet
パピヨンドレス上,Papillon Dress Top
ホラーマシンの像,Killed Machine Statue
友情の彫像の写真,Friendship Sculpture Photo
初期プクリポ女性,Initial Pukulipo Female
道具購買員ユシエ,Item Supplier Yushie
ダマスク模様の壁,Damask Pattern Wall
竜術士のグローブ,Dragomancer Gloves
マグマエフェクト,Magma Effect
預かり所スリーズ,Storage Sleaze
シスター・レジア,Sister Regia
ごうかな本棚・緑,Green Fancy Bookshelf
名探偵のコート上,Sleuth's Coat Top
カーニバルマスク,Carnival Mask
おばけヒトデ・強,Vicious Scarfish
やつざきアニマル,Bullion
預かり所ウロック,Storage Ulock
大魔獣イーギュア,Giga Rapscallion
マスター・カンナ,Guildmaster Kanna
ヒヨコパーカー下,Chick Shorts
みのしまったタイ,Snappy Snapper
ブルームウィング,Bloom Wings
工匠神のグローブ,Craftmaster's Gloves
勇気の輝石交換券,Courage Augite Coupon
ネオン・メーター,Neon Meter
ストリートリスト,Street Wristbands
王国軍司令部の盾,Royal Army Shields
えきいんぺいんず,Attendant Penzu
オパールのベッド,Opal Bed
冥洞に眠る海魔王,Abyssal Leviathan
トープストランプ,Tohpes Cards
動くあいさつ印章,Animated Stamps
荒ぶる魔王の痛み,Pain of the Demon King
ジャングルリップ,Jungle Tulip
グラコスの像・庭,Gracos Statue (G)
アジサイ姫ぞうり,Hydrangea Sandals
磁気式図書購入札,Magnet Book Purchase Tag
ボスコイン無料券,Free Boss Coin Ticket
ビジューなビキニ,Bijou Bikini
ドラゴンシールド,Dragon Shield
新エテーネの脚帯,New Ethene Gaiters
シスター・リュリ,Sister Lulie
プリズニャンの書,Jailcat Book
くさりかたびら上,Chain Mail Top
パンプキンマント,Pumpkin Cloak
ファータドレス下,Fata Dress Bottom
シナイジッチたち,Sinazitch and co.
ガタラ原野の木Ｄ,Gatara Fields Tree D
スイーツこんぼう,Sweet Club
セーラスブレード,Selas Blade
ドラゴングローブ,Dragonscale Gloves
春祭り２６レンズ,Spring Fes. '26 Lens
異界アスタルジア,Astalgia
武器防具屋ソロリ,Weapon & Armor Shop Sorori
攻撃時25%でルカニ,Sap Attack 25%
忠義の勲章の破片,Loyalty Medal Shard
ドラパンクネイル,Dracky Punk Nails
聖夜の反逆者軍団,Holy Night Rebel Army
レオパードブーツ,Leopard Boots
しぐさ書・天灯赤,Red Lantern
極彩色の吊り提灯,Brightly Hanging Lantern
ホワイトショコラ,White Chocolate
中層・ルビン宙橋,Middle Area - Rubyn Bridge
BGMテストボス部屋,BGM boss test room
ハロふわドラキー,Halloween Dracky
バズカフェの植木,Pazu Cafe Plant
女性金魚のゆかた,Women's Goldfish Yukata
キャンサークロー,Claws of Cancer
王宮のタンス・青,Blue Royal Wardrobe
星落ちる谷への道,Road to Starfall Valley
武器鍛冶作業着上,Weaponsmith's Top
ベビーサタンの書,Imp Book
まよえるえうりこ,Lost Eurico
最果ての地下遺跡,Deepest Depths
王立研究所職員２,Royal Research Staff 2
ギガモーモリーナ,Giga Sanguilina
しぐさ書・ナイス,Nice
キングスパーキー,King Sparky
壁かけ武器セット,Weapon Wall Set
幻界導師のゆびわ,Phantom Priest Ring
お花大好きクポ！,I Love Flowers, Kupo!
まほうせんしだん,Armamentalist Corps
音符のベンチ・黒,Black Music Bench
あおざいいしょう,Ao Dai Outfit
リンクスのヒミツ,Lynx's Secret
スライムの木の壁,Slime Wood Wall
アビスセーラー上,Abyss Shirt
陽の試練壱・陽炎,Yang Trial I - Yang Haze
ネレウスウィップ,Nereus Whip
茶三毛猫カプセル,Tea Calico Cat Toy
庭用お月見ランプ,Moon Viewing Lamp (G)
アスバルのベスト,Asbal's Vest
ルビン宙橋への扉,Door to Rubyn Bridge
ホイミント衣装券,Heal Mint Outfit Voucher
天の川のついたて,Milky Way Partition
魔物ソンブレロ券,Sombrero Ticket
ふかふかなキノコ,Soft Mushroom
妖精とふしぎな火,Fairy and the Fire
緑宝箱のチェスト,Green Treasure Chest
ウィリーデソード,Vilide Sword
小さな英雄の肖像,Little Hero Portrait
クマチャンブーツ,Beary Cute Boots
花妖精のタトゥー,Flower Fairy Tattoo
ふわふわコウリン,Floaty Kourin
シール特別交換券,Sticker Exchange Ticket
朽ちた遺跡の宝箱,Ruin Treasure Chest
ステラレポート２,Stella Report 2
ディバインソード,Divine Sword
グローリーココア,Glory Cocoa
若武者のよろい下,Young Warrior Faulds
モモリオンの王冠,Sanguini King's Crown
しびれくらげ１３,Man o' War 13
ベージュカメリア,Beige Camellia
光棒エネルライト,Enerlight Wand
脱・辺境ドリーム,Unremote Dream
エテーネ軍の兵士,Ethene Army Soldier
カミハルムイの柵,Kamiharmui Fence
塔のガーディアン,Tower Guardian
ライダーススーツ,Riders Suit
スターのイス・青,Blue Star Chair
アンノウンワンド,Unknown Staff
ウィンターブーツ,Winter Boots
郵便局員サショラ,Postman Sashola
スチームチェスト,Steam Chest
ビーナスステップ,Venus Step
へんげのステッキ,Mod Rod
パーティーメガネ,Stimulating Specs
デスクローゼット,Mimicloset
ヒロイックブーツ,Heroic Boots
ホンワカ羽毛の束,Snuggly Feather Bundle
剣魔ジルドラーナ,Jildrana, the Spellsword
もうひとつの楽園,Another Paradise
学園の校庭の鉄棒,Schoolyard Iron Bar
臨時大使カヤカリ,Temp Ambassador Kayakari
念晶錬磨場・初級,Telecrystal Refinery - Beginner
イカダ風の座椅子,Raft-Style Legless Seat
奇門遁甲の式・参,3rd Divination Ceremony
スクアーロの写真,Squalo's Photo
プチテンタコルス,Frail Abyssal Octopot
玉ネギのチェスト,Onion Chest
魚交換員パラポン,Fish Exchange Parapon
やさしさのクスリ,Kindness Medicine
テレパスタイツⅠ,Telepath Tights Ⅰ
預かり所ニノヤズ,Storage Ninoyazu
フォーマルドレス,Formal Dress
魔物管理人ロミナ,Monster Manager Romina
ディアナウィング,Diana Wings
お祝いシャワー白,Celebration (White)
しびれくらげ０３,Man o' War 03
しびれくらげ２３,Man o' War 23
クリスタルエッジ,Crystal Edge
誓約の園のランプ,Covenant Lamp
アルミラージの像,Spiked Hare Statue
紫イモのテーブル,Purple Yam Table
学生のローファー,School Loafers
水晶のカウンタ大,Crystal Counter L
魔衛隊士のかぶと,Demon Guard Helmet
リトライストーン,Retry Stone
キュララな夏休み,Kyurara Summer Holiday
防具屋ペルトラン,Armor Shop Pertran
大きなお菓子の柱,Big Sweets Pillar
壁かけ管理棟の窓,Admin Building Window
表情の書・ねがお,Sleepy
凶将バリクナジャ,General Togrus Maximus
ツボ錬金設備・庭,Jar Alchemy Facility (G)
ましょううおたち,Salamanglers
レインボーファン,Rainbow Fan
執行獣ジブアジブ,Beastly Jib-ajib
スパイクグローブ,Spike Gloves
じげんばくだん岩,Timebomb Rock
ホイミンキャップ,Healie Cap
グラコス強メダル,Apex Gracos Medal
ノクゼリアソード,Noxeria Sword
春風応援バイザー,Spring Cheer Visor
ドルワーム王国駅,Dolworm Kingdom Station
カンフースーツ上,Kung Fu Suit Top
クレーンゲーム機,Crane Game Machine
へんげの杖・猫２,Mod Rod (Cat 2)
第１４回ポルテ像,14th Porte Statue
もみじこぞう・祖,Ancestral Leafy Larrikin
門より出でし魔獣,Beast from the Gate
アルゴンズポーチ,Argon Pouch
表層・ルビン宙橋,Surface - Rubyn Bridge
エンゼルアーマー,Angelarmour
カミハルムイ領北,Kamiharmui North
こがらしのダガー,Pruning Knife
ブルータキシード,Blue Tuxedo
シンイのこころ９,Shini's Heart Lv9
パンプキンパンツ,Pumpkin Pants
お化け提灯の鳥居,Ghost Lantern Arch
便せん屋イトクリ,Stationery Shop Itokuri
パラディンの伝説,Legend of Paladin
レースの観客２３,Race Spectator 23
アルテミスの恵み,Artemis' Blessing
ピクニックカミル,Kamil Picnic
究明者のコート下,Research Coat Bottom
プラチナハンマー,Platinum Hammer
セピアンフリル下,Sepian Pants
さめきぐるみもも,Pink Shark Suit
ガナドールブーツ,Victor Boots
掃討隊長バナゴル,Mopping Captain Bangol
パクレ警部の現実,Inspector Pakul's Facts
桜モダンスーツ上,Cherry Modern Shirt
ルティアナの清泉,Lutiana's Spring
ソードフライヤー,Goregoyle
東洋風ベッド・華,Floral Orient Bed
プラチナ木工刀小,Platinum Slick S
ブチ太猫カプセル,Fat Spotted Cat Toy
水鳥のいる池・庭,Bird Pond (G)
ファンキーネイル,Funky Nails
ベルト倉庫のカギ,Belt Storage Key
原始獣のコート上,Primal Beast Coat
ウサギパーカー下,Rabbit Shorts
脂たっぷりサバ缶,Canned Fatty Mackerel
ルミナスオーロラ,Luminous Aurora
ライノソルジャー,Rhinoceraxe
みやびな飾り扇子,Elegant Decor Fan
スラタワーヘッド,Slime Stack Head
ノクトルクラウン,Nocturne Crown
ウイングタイガー,Missing Lynx
古き踊り子の伝説,Old Dancer's Legend
誓約の園のアーチ,Covenant Arch
魔物管理人モモノ,Monster Manager Sanguino
白亜の博物館の窓,Chalk Museum Window
花びらチャーム白,White Petal Charm
水晶の壁掛け時計,Crystal Wall Clock
記念大王スライム,Commemorative King Slime
グランゼドーラ港,Gran Zedora Harbor
イシスのブローチ,Isis' Brooch
執行者ジブアジブ,Enforcer Jib-ajib
メラゾ熱のクスリ,Kafrizz Fever Medicine
氷の領界の丸イス,Ice Realm Round Chair
やいばのぼうぎょ,Pincushion
アサシン・ニヒル,Nihilassin
パレードシューズ,Mardi Garb Shoes
クリスタルクロー,Crystal Claws
氷の領界のベッド,Ice Realm Bed
もぐらのスコップ,Mischievous Mole Shovel
ドラゴン花火・紫,Purple Dragon Firework
よろず屋リューロ,General Shop Ryuro
おしゃれカタログ,Fashion Catalog
懐かしのゲーム機,Nostalgic Game Console
女王たちきりバチ,Queen Buzzbee
りゅうおうクロー,True Dragonlord Claws
預かり所ラフィー,Storage Rafi
ジャリムバハ砂漠,Jyarimbaha Desert
ピンキーマッシュ,Pink Mushroom
フルムーンチェア,Full Moon Chair
屋根つき露天風呂,Open-Air Bath
ジャゴヌバの幻影,Illusion of Jagonuba
始源の歌姫セット,First Diva's Outfit
ジュレット住宅村,Julet Residences
ボンボンスカート,Pompom Skirt
ロイヤルグローブ,Royal Gloves
レンドアのベッド,Lendor Bed
グレモリーの紋章,Gremory Crest
スマッシュポテト,Mashed Potatoes
パピヨンウィング,Papillon Wings
壁かけ掛け軸・秋,Autumn Wall Scroll
ぽかぽかマフラー,Warm Scarf
それは誰がために,For Whose Sake
帝国三将軍メダル,Triumgorate Medal
ほうき星の贈り物,Comet's Gift
木製ハニータンス,Wooden Honey Wardrobe
反乱軍メンバー２,Rebel Army Member 2
プラコン用白ヒゲ,White Mustache
ポルネア山への道,Road to Polnea Mountain
シンプルＴシャツ,Simple T-Shirt
ユシュカカプセル,Yushka Toy
インテリローブ上,Scholar's Robe Top
エビルキュビズム,Evil Cubism
メタリオンファン,Metallek Fan
プラコンナスビ服,Woebergine Costume
マイタウンメダル,My Town Medal
ガテリア式動力源,Gateria Power Source
総主教オルストフ,Patriarch Orstov
アデリーカプセル,Adelie Penguin Toy
ウェディングベル,Wedding Bell
メレアーデのカギ,Mereade's Key
リソルぬいぐるみ,Resol Plushie
ディバインロッド,Divine Rod
預かり所ラリッサ,Storage Larissa
ネタ「かんおけ」,Coffin Trick
ネックレスの包み,Necklace Package
アリアハンブーツ,Aliahan Boots
イルーシャの服下,Illusia's Dress Bottom
猛火竜のタトゥー,Fire Dragon Tattoo
ザンクローネの本,Zankrone's Book
魔勇者アンルシア,Anlucia, Hero of Evil
打ち上げ花火・青,Blue Firework
闇の辺獄への出口,Exit to Dark Edge
ヤマネコシューズ,Wildcat Shoes
しぐさ書・天灯白,White Lantern
白魔術館の魔法扉,White Mansion Magic Door
スーパーホネホネ,Bone Chimer
銀の噴水の作り方,Making Flower Fountains
ナシームの洞くつ,Naseem Cave
代理人ジェイダー,Agent Jayda
スライムあんぱん,Slime Anpan
ザンクローネの像,Zankrone Statue
鞠文様のふりそで,Ball Pattern Kimono
ペコリア・オメガ,Pekoria Omega
静かなる湿原地区,Quiet Marshlands
第８回ラウルの像,8th Rahul Statue
ブリガンオーダー,Brigan Order
マドロック海賊団,Madlock Pirates
グロリアスズボン,Glorious Pants
中心核の間への扉,Door to Core Chamber
夏の渚のサンダル,Summer Beach Sandals
セーラスショット,Selas Shot
コルセアグローブ,Corsair Gloves
ファラスカプセル,Faras Toy
フライングバニー,Flying Bunny
ナブレットソファ,Nablette Sofa
見果てぬ夢の蛮勇,Unfulfilled Dreams
ちいさな時の球根,Tiny Time Bulb
紫水晶のバスタブ,Amethyst Bathtub
バラの刈り取り方,How to Cut Roses
ブラバニクイーン,Dark Hare
エレガントドレス,Elegant Dress
ピクニックラウル,Rahul Picnic
覇者のローブ・金,Golden Victor's Robe
ウルタのコート下,Ulta Coat Bottom
坑道跡は黄泉の国,Land of the Dead Mine
便せん屋シロタエ,Stationery Shop Shirotae
フレンジーの部屋,Frenzy's Room
勇者姫のウィッグ,Hero Princess Wig
天馬ファルシオン,Falchion
べあとりすふじん,Mrs. Beatrice
ロイヤルクッキー,Royal Cookies
スラタワー便せん,Slime Stack Paper
しっこくのつばさ,Black Wings
チョコボのぼうし,Chocobo Hat
家出したスラルド,Runaway Goomerald
水のサークレット,Flowing Circlet
青い金魚と金魚鉢,Blue Goldfish in Bowl
ふしぎなボレロ上,Glombolero Top
ユーライザのメモ,Yuliza's Note
魔天殻レメゲノン,Sky Shell Remegenon
キュルル花火・黄,Yellow Kyururu Firework
ブラッドカメリア,Blood Camellia
アンルシアの像＋,Anlucia Statue +
軍団長室のソファ,Corps Commander's Sofa
大賢者のグローブ,Supreme Sage's Gloves
勝てるケンカの本,Winning Fight Book
打ち上げ花火・紫,Fireworks Launcher (P)
ランプ錬金練習着,Lamp Alchemy Training Wear
人食い火竜練習札,Tatsunaga Tag
ダーティラビッツ,Bad Hare
蒼穹の守護者たち,Azure Sky Guardians
ワーニングな水着,Warning Swimsuit
住宅素材屋コイズ,Housing Materials Koizu
水晶宮上層への道,Path to Palace Upper
スウィートハイム,Sweet Home
アラモンドの植木,Alamond Plant
レジェンズファン,Legends Fan
トコトコセラフィ,Trotting Seraphi
調理職人コック帽,Cook's Hat
幻の彫像を探して,Phantom Statue Search
Ⅰ‐スペーディオ,Ⅰ‐Wulfspade
ウィキッドブレス,Wicked Braclets
カボチャのガゼボ,Pumpkin Gazebo
魔天鋼バルバトン,Balbaton, Steel of Evil
ローヌ樹林帯の草,Rhone Woodlands Grass
ガズバランの牙Ｃ,Gazbalan's Fang C
リソルの生徒手帳,Resol's Student ID
マイレージメダル,Mileage Medal
しぐさ書・苦笑い,Bitter
鬼嫁への罪滅ぼし,Destroy the Devil's Wife
住宅素材屋ハクヒ,Housing Materials Hakuhi
劇場案内係タシア,Usher Tashia
オフビートクロー,Offbeat Claw
カボチャの便せん,Pumpkin Paper
ドラゴンウィング,Dragon Wing
だいだいカメリア,Sour Orange Camellia
アンノウンファン,Unknown Fan
ジュエルブレード,Jewel Blade
邪神ヤファギル戒,Yaphagil, the Precept
﻿ステージ管理人,Stage Manager
フリーズクランチ,Freeze Crunch
レースの観客２０,Race Spectator 20
ユキハのよろい下,Yukiha's Lower Armor
スマートチェスト,Smart Chest
ステューデントＳ,Student S
ブレイクシューズ,Break Shoes
エドアルドの部屋,Eduardo's Room
壁かけ行灯ランプ,Paper Wall Lantern
天空のオルゴール,Zenithia Music Box
ほうおうの巻き物,Phoenix Scroll
氷と釣りのワルツ,Of Ice and Fishing
ダンサーシューズ,Dance Shoes
わんわんエナジー,Barking Energy
真珠貝のささやき,Pearl Oyster Whispers
魔塔紹介人パイク,Tower Introducer Pike
レースの観客０３,Race Spectator 03
異国の寺院の香炉,Exotic Temple Censer
ピクシーキャップ,Pixie Cap
フォステイルの像,Fostail Statue
ザハディガル岩峰,Zahadigal Pinnacle
ひつじのころも上,Sheep Shirt
レースの観客０７,Race Spectator 07
ガナン帝国の勲章,Gittish Medal
バタフライブーツ,Butterfly Boots
ポランパンの書状,Poranpan's Letter
しびれくらげ０９,Man o' War 09
レジェンズクロー,Legends Claw
プテラノドン・強,Vicious Pteranodon
ノクゼリアサイズ,Noxeria Scythe
ガメゴンのこうら,Wyrtle Shell
ストリートベスト,Street Vest
暗殺教本・毒殺編,The Poison Assassin
マリン調のタンス,Marine Wardrobe
ふわふわドラキー,Floaty Dracky
かんだたみならい,Robbin' 'Ood Amateur
ズワイガニファン,Snow Crab Fan
おおきなリボン白,White Ribbon L
住宅素材屋グッス,Housing Materials Guss
インテリサンダル,Scholar's Sandals
メレアーデの部屋,Mereade's Room
ショッパーバッグ,Shopping Bag
わかがしらひのき,Young Hinoki
しぐさ書・ハート,Draw a Heart
えきいんぴけっと,Attendant Piket
おもちゃのテント,Toy Tent
預かり所エパニエ,Storage Epanie
はやぶさの剣の書,Falcon Blade Book
最強クイズ問題集,Best Quiz Questions
荷馬車の作業員Ｂ,Wagon Worker B
これからの私たち,Our Path Ahead
グレンドラゴニア,Glendragonia
預かり所キーラル,Storage Keeral
アウルスティック,Aur Wand
起源獣ガルドドン,Gardodon, Beast of Origin
ほっとヘッドホン,Soft Headphones
サメきぐるみ・赤,Red Sharksuit
魔物管理人ツグミ,Monster Manager Tsugumi
クオードのズボン,Quard's Pants
ダークネスマリン,Dark Seaslime
メス三毛猫スーツ,Calico Cat Suit (F)
つやめく毛髪の束,Glossy Hair Bunch
ぶっこみサーベル,Stabby Sabre
しぐさ書・決め左,Decisive Pose Left
ゴダ神殿への入口,Entrance to Goda Temple
ぱーてぃーどれす,Party Dress
イルーシャの服上,Illusia's Dress Top
ふくめんうさぎ１,Masked Rabbit 1
バルザックゾンビ,Zombie Baalzack
お姫様食器棚・桃,Pink Princess Cupboard
ぼくめつしんかん,Partislam
ファラスパラソル,Faras Umbrella
ポルテのグルめも,Porte's Gourmemo
ネタ「ひまわり」,Sunflower Trick
魔法使いのぼうし,Mage Hat
覇者のローブ・銅,Bronze Victor's Robe
マーガレットの傘,Marguerite Umbrella
シルバーアロワナ,Silver Arowana
真珠商パールポポ,Pearl Merchant Palupopo
パティシエのくつ,Pastry Chef Shoes
ふわふわクリオネ,Floaty Sea Slug
金宝箱のチェスト,Gold Treasure Chest
トナカイスーツ券,Reindeer Suit Voucher
ガナドールバンド,Victor Headband
王城の悪夢・１階,Nightmare's Castle 1F
住宅素材屋ペペプ,Housing Materials Pepepu
未完のご神体の間,unfinished Hall of Worship
ヤマネコグローブ,Wildcat Gloves
スウィ～ツランド,Sweetsland
呪われし星座大全,Cursed Constellations
白いヴェールの女,White Veiled Woman
欲望の邪鬼ゴモル,Demon of Desire Gomoru
原始獣のグローブ,Primal Beast Gloves
木の葉のよろい上,Foliage Armor Top
トランプスカート,Tycoon Skirt
イルーシャの部屋,Illusia's Room
キュロンイーター,Kyuroneater
スラタワーボディ,Slime Stack Body
クローバーのカギ,Clover Key
ダークレアリズム,Dark Realism
超さいほう針の本,Super Needle Book
冷眠室ペコリアＣ,Cryogenics Pekoria C
虹色のインゴット,Rainbow Ingot
星夜のローファー,Starry Night Loafers
レトロなランタン,Retro Lantern
シンイのこころ５,Shini's Heart Lv5
さめきぐるみくろ,Black Shark Suit
魔物管理人メメナ,Monster Manager Memena
古グランゼドーラ,Old Gran Zedora
黄金の飾り両手剣,Ornamental Greatsword
初期ドワーフ男性,Initial Dwarf Male
ぐるぐるネジまき,Spiral Winding Key
ファイアフォース,Fire Fource
ロングタキシード,Long Tuxedo
猛爆隊長ダイノス,Bomb Captain Dinos
主神グランゼニス,Gran Zenith
カプサイ神・激辛,Super Hot Capsai Sin
中央地区ペコリア,Central Area Pekoria
預かり所ニューネ,Storage Newne
銀のフェルマーク,Silver Fel Mark
ルティアナの神気,Lutiana's Divinity
アメジストライク,Amethystriker
そのために生きた,A Purpose for Living
ショックをうける,Received Shock
オーガの人形・女,Ogre Doll (F)
白いレースの日傘,White Lace Umbrella
２段ブロック・青,Blue 2-Step Block
白ゴシック柄の壁,White Gothic Wall
ツインアンテナＣ,Twin Antenna C
オーナーの館２階,Owner's Mansion 2F
ドラゴンクロー改,Uber Dragon Claws
ふわふわメンダコ,Floaty Flapjack Octopus
シャインステッキ,Shining Stick
パハカースのメモ,Pahkas' Memo
たいやきプリズム,Taiyaki Prism
追加クエダミー９,not used
聖湖ゼニートの塀,Zenit Wall
モーグリのぼうし,Moogle Hat
しびれくらげ０４,Man o' War 04
盆踊りフウラ・庭,Festival Dance Fuura(G)
ユシュカパラソル,Yushka Umbrella
れんごくまちょう,Bird of Terrordise
いっぱつのつるぎ,One Shot Sword
プクリポチェスト,Pukulipo Chest
エメットの手紙２,Emmett's Letter 2
まっちゃガーベラ,Matcha Gerbera
クリムゾンローグ,Crimson Rogue
アスバルのマント,Asbal's Cape
おばけトマト軍団,Haunted Tomato Army
バレットハンマー,Bullet Basher
氷の魔王のマスク,Ice Witch Mask
光のフライパン小,Light Frypan S
景品交換所コルナ,Prize Exchange Koruna
あなたと歩く物語,Tale of Walking With You
オアシスの隊商宿,Oasis Caravan
秘密の部屋・倉庫,Secret Room - Storage
ピンクの鉄アレイ,Pink Dumbbell
美容師マルジャン,Hairdresser Marjan
名探偵のシューズ,Sleuth's Shoes
ハヌマーン強軍団,Apex Nemean Army
カレイドスコープ,Kaleidoscope
赤いエクササイズ,Red Exercise
ルビーのロザリオ,Ruby Rosary
飛竜の巣のベッド,Flying Dragon Nest Bed
預かり所ティーチ,Storage Tichi
ヒマワリの地植え,Sunflower Plant
高貴な紋付はかま,Noble Crest Hakama
牙狼のジャケット,Fanged Wolf Jacket
男性金魚のゆかた,Men's Goldfish Yukata
フリーズウィップ,Malevolash
紫竜の煌玉の破片,Dragonic Orb Shard
ファフニルヘルム,Fafnir Helm
ＶＪの飛び出すＶ,V Pops Out!
ガテリア式真空管,Gateria Vacuum Tube
ドラゴン花火・青,Blue Dragon Firework
ラガのタリスマン,Raga's Talisman
人生で大切なもの,Important Things in Life
ガチャコッコ・祖,Ancestral Clockwork Cuckoo
案内係エリーシェ,Guide Elishe
２段ブロック・赤,Red 2-Step Block
時の化身の像・庭,Tockle Statue (G)
客室案内ブレント,Room Guide Brent
ルミナスウォール,Luminous Wall
ドワーフ風アーチ,Dwarf-Style Arch
ザイナー衛士団長,Guard Commander Zeiner
レースの観客０４,Race Spectator 04
シスター・ラクト,Sister Lakuto
水晶のテーブル小,Crystal Table S
しぐさ書・スイカ,Watermelon Trick
魚交換員プッピポ,Fish Exchange Puppipo
マッドフィンガー,Muddy Finger
紫水晶のチェスト,Amethyst Chest
飛鶴文のふりそで,Flying Crane Kimono
王宮の食器棚・青,Blue Royal Cupboard
幻の海トラシュカ,Sea of Trashka
預かり所ラヴィア,Storage Lavia
スターリーワンピ,Starry Dress
三つ星ブレンド豆,3-Star Blend Beans
メカニックブーツ,Mechanic Boots
ミランのスケッチ,Milan's Sketch
防衛軍の制服・金,Gold Defense Force Suit
名無しのスライム,Anonymouslime
黄竜の道着セット,Yellow Dragon Outfit
出張大使バガトゥ,Ambassador Bagatu
メラゴースト・塔,Tower Firespirit
ネコ姫のスツール,Cat Princess Stool
パタプラのうきわ,Patapula's Floatie
演奏会２５夏目録,Summer Concert '25 List
森の水車小屋の柱,Watermill Pillar
レギオンメイル下,Legion Mail Bottom
たまにカウンター,Counterattack Chance
バケーロの子分Ａ,Bakero's Henchman A
ハルバルド海賊団,Halbard Pirates
ヴァレリアの部屋,Valeria's Room
レシピ屋シャニス,Recipe Shop Chanice
ハヤブサ観察日記,Falcon Watcher's Diary
清廉天使のブーツ,Honest Angel Boots
渚のシェルランプ,Beach Shell Lamp
月を手に入れた男,The Man of the Moon
黒鳥のチュチュ下,Blackbird Tutu Bottom
とこなつシューズ,Summer Shoes
パペットマン・強,Vicious Magic Marionette
色見本・きみどり,Yellow Green Swatch
スカラベーダーズ,Scaravaders
クエスト代行受付,Quester's Behest
グレープジュース,Grape Juice
スライムのこころ,Slime Heart
ドラゴン花火・黄,Yellow Dragon Firework
オーガテーブル大,Ogre Table L
便せん屋ヒナゲシ,Stationery Shop Poppy
密林の暴獣ザベス,Jungle Beast Zabeth
ジングルガーター,Jingle Garter
ピコピコハンマー,Honking Hammer
ウェディ間仕切り,Weddie Partition
魔改造クリムゾン,Modified Crimson
チェルシーの写真,Photo of Chelsea
あやしいチェスト,Suspicious Chest
防具鍛冶グローブ,Armorsmith's Gloves
レギュラーダブル,Regular Double
水槽アイテム１０,Aquarium Item 10
ユーライザの部屋,Yuliza's Room
マスク猫カプセル,Mask Cat Toy
デザートスプーン,Dessert Spoon
ギガントドラゴン,Drakulard
ニードルマンの書,Needleman Book
水の領界の鉢植え,Water Realm Plant Pot
プラチナシールド,Platinum Shield
ワイルドシューズ,Wild Shoes
グロスナー王の剣,King Grossner's Sword
プリムリリーの服,Primlily's Clothes
デビルンチャーム,Devil's Delight
カミルのローブ下,Kamil's Robe Bottom
大会係員ブルバー,Event Staff Bruba
ウェーブアイロン,Wave Iron
聖使者キルパッポ,Messenger Kilpappo
ソポスのころも下,Sophos Robe Bottom
住宅素材屋ツイナ,Housing Materials Tuina
バロンシルエット,Baron Silhouette
パピリオグローブ,Papilio Gloves
記憶のムストの町,Memory of Morst
ソレイユバンドゥ,Sunflower Band
ジェルソルジャー,Gel Soldier
預かり所トッケロ,Storage Tokkero
バッジ交換券・虹,Rainbow Badge Ticket
じゃんけんチョキ,Scissors
郵便局員ミラジェ,Postman Miraje
ファントムハック,Seeing Stars
タホドラキー・祖,Ancestral Drackmage
カントリーブリム,Country Brim
青リンゴのタンス,Green Apple Wardrobe
スライムベス・祖,Ancestral She-Slime
丸型のトピアリー,Round Topiary
バシっ娘ランリィ,Bazoom Gal Ranry
ウィンドウベンチ,Window Bench
コッケン様貯金箱,Cuckoo Piggy Bank
ゼクレスへの関所,Checkpoint to Zechres
はかなき星に光を,Light on a Fleeting Star
ベルトロの部下Ｂ,Bertro Subordinate B
パンジーのリスト,Pansy Bangles
キラーマシンの書,Killing Machine Book
しぐさ書・花吹雪,Cherry Blossoms
ガズバラン神の像,Statue of Gazbalan
むげんの弓の物語,Purblind Bow Story
ネレウスシールド,Nereus Shield
天女のかみかざり,Celestial Maiden Ribbon
たけやりへいの書,Bambooligan Book
レースの観客０９,Race Spectator 09
Ｖジャンプベレー,V Jump Beret
ダストンのポスト,Duston Mailbox
便せん屋ハナサト,Stationery Shop Hanasato
神獣アマカムシカ,Amazlantelope
お祭りのはちまき,Festival Headband
くろがねのブーツ,Darksteel Boots
しぐさ書・ギフト,Gift
経験値の秘薬・小,Experience Elixir S
人食い火竜カード,Tatsunaga Card
メタルスライム強,Apex Metal Slime
ギュメイ将軍の像,Goresby-Purrvis Statue
うらないしはっけ,F. Teller Hakke
カミハルムイ領南,Kamiharmui South
混沌竜ランブルス,Rumbles, Dragon of Chaos
技師の工具かばん,Engineer's Toolbag
タイタス号のイス,Titus Chair
預かり所サーニュ,Storage Sannu
ゴードンハンマー,Mega Moai Hammer
ジングルモーモン,Jingly Sanguini
ナイトスナイパー,Night Sniper
預かり所ポピリア,Storage Popilia
たたかいのビート,Rhythm 'n' Bruise
植物学者の鉢植え,Botanist Plant Pot
武器屋リュウトウ,Weapon Shop Ryuto
マスター・リリム,Guildmaster Lilim
ギュッとクラウン,Crown Arm Doll
ゴシックコート上,Gothic Coat Top
グレイトライドン,Night Rider
ライトタルト・小,Small Light Tart
審判の天使リスト,Angel of Judgment Bands
救助された侍女Ｂ,Relief Maid B
ラン錬作業ベスト,Lamp Alchemist's Vest
雪の結晶プリズム,Snowflake Prism
パニガルム探査券,Panigalm Explore Ticket
参の五声は言の声,Third of 5 Voices Speak
情熱のガナドール,Passionate Victor
ある船乗りの手記,Sailor's Memoir
伝説のグリンガム,The Whip of Legend
フォースセレクト,Fource Selection
グランドネビュラ,Solar Flair
闇の領界のアーチ,Dark Realm Arch
聖域の闘衣セット,Etherean Outfit
どうぐやえいなる,Item Shop Einar
マジンガ先生たち,Master Machines
工匠神のむねあて,Craftmaster's Top
なけなしのおかね,Bag with Little Money
グロリスのしずく,Droplet of Gloris
蝶模様のふりそで,Butterfly Kimono
マーメイドベッド,Mermaid Bed
冬来たりなば……,Winter Comes...
ヴァレリアの仮面,Valeria's Mask
よろいのきし召喚,Summon Knight Errant
預かり所・郵便局,Depository/Post Office
クリムゾンヘルム,Crimson Helm
鋼の秘奥・大剣編,Metalworks: Greatswords
ウルベア地下遺跡,Ruins of Urbea
武勲の城の黒障子,Valor Castle Dark Shoji
ジャックのカード,Jack Card
いたずらバーティ,Buttre the Bad
じんめんじゅ・強,Vicious Treeface
防衛軍のグローブ,Defense Force Gloves
ブルーナポレオン,Humphead Wrasse
ムニエカの作業台,Munieka Workbench
青年貴族のぼうし,Nobleman's Hat
月と虹のモビール,Moon & Rainbow Mobile
ダイナースカート,Diner Skirt
紅葉のドレッサー,Autumn Leaf Vanity
バラレースはかま,Rose Lace Hakama
クレセントエッジ,Razer-Wing
取引商ディーリア,Trader Delia
ソーシャルレンズ,Social Lens
スターダムハット,Stardom Hat
機神のトロフィー,Mech Trophy
セラフィの便せん,Seraphi Paper
ヘルカッチャ・強,Vicious Masqueraider
預かり所ボリバル,Storage Boliver
トーマ少年期の剣,Toma's Childhood Sword
もうどくバルーン,Deadly Poison Balloon
ウーパールーパー,Axolotl
代理人ハヤテの像,Agent Hayate Statue
デモンズゲイトＡ,Demon's Gate A
黄金のパラディン,Golden Paladin
パッションリボン,Passion Ribbon
シンイのこころ１,Shini's Heart Lv1
ヴォルカドラゴン,Volcanic Dragon
黄金の飾り両手杖,Ornamental Staff
ルベランアックス,Ruberan Axe
さんぞくウーパー,Salamarauder
はじまりの地の旗,Land of Beginnings Flag
エルフカウンタ大,Elf Counter L
りゅうぐう王・塔,Tower Nessicure
トポルの村への道,Road to Topol Village
丁目採掘現場地区,Block Mining Site
海のとける洞くつ,Sea Melting Cave
大型の丸い水そう,Round Aquarium L
とこなつハッピ下,Summer Skirt
聖騎士のグリーブ,Holy Knight Greaves
アゲハのりんぷん,Butterfly Scales
白亜の博物館の塀,Chalk Museum Fence
暗黒大樹のふもと,Foot of the Dark Tree
グレン領東への道,Road to Glen East
どうぐ使いの時代,Era of the Item Master
乗り物係ガドッソ,Vehicle Clerk Gadosso
ボロボロの指針書,Tattered Guidebook
前座芸人のうでわ,Show Opener's Bracers
はにわにんぎょう,Clay Mannequin
預かり所カチュア,Storage Kachua
カルサドラ大空洞,Calsadora Hollow
魔物管理人ニトト,Monster Manager Nitoto
カテドラルローブ,Cathedral Robe
王都ネクロデア跡,Necrodea Capital Ruins
輝くさそりの行方,Shining Scorpion's Home
配達員パッテーラ,Deliverer Patella
荷馬車の作業員Ａ,Wagon Worker A
アルゴングレート,Great Argon Lizard
キングレオ強軍団,Apex Marquis de Leon Army
シュパルトクロー,Rift Claws
ネタ「グレドラ」,Great Dragon Trick
クリスマスアーチ,Christmas Arch
銀の錬金ツボの本,Silver Jar Book
星の鍛冶ハンマー,Starry Hammer
まんじゅシャモン,Shamanju
シルエット・樹木,Silhouette Tree
ミランぬいぐるみ,Milan Plushie
アカシックソード,Void Sword
カプサイせんべい,Capsai Rice Cracker
レスキュマフィン,Rescue Muffin
王国軍司令部の家,Royal Army HQ House
辺境警備隊兵士Ａ,Frontier Guard Soldier A
キングギフト・白,White King Gift
彫刻家エルノーラ,Sculptor Elnora
ラブリーチケット,Lovely Ticket
はがねの防具図鑑,Steel Armor Works
エナジーフォール,Magic Blast
ネブラ用とうめい,Transparent for Nebula
カーレルの氷雪洞,Carrel Ice Cave
大樹の鳥籠　出口,The Tree's Cage Exit
しびれくらげ０８,Man o' War 08
スキップ係オウカ,Skipper Ouka
古強者のグリーブ,Veteran's Greaves
ガタラのブタまん,Gatara Pig Buns
ナンナのこころ２,Nanna's Heart Lv2
シスター・ソルテ,Sister Solte
ウェディのパレオ,Weddie Pareo
スチームショット,Steam Bow
最後の神話の戦い,The Last Mythical Battle
ドラゴンのしっぽ,Dragon Tail
個性的なＴシャツ,Eccentric T-shirt
複数魚水そう・小,Multi-Fish Aquarium S
純喫茶のテーブル,Cafe Table
よろず屋カトラズ,General Shop Katraz
光の神殿の便せん,Temple of Light Paper
サメきぐるみ・金,Gold Sharksuit
セーラスハンマー,Selas Hammer
マリーントランプ,Malynn Cards
ダーマ神殿のラグ,Alltrades Abbey Rug
ダクパラシールド,Paladead's Shield
よろず屋ポナック,General Shop Ponak
ときめく砂糖菓子,Sugar Candy
メモリアフェザー,Memoria Feather
やいばのよろい下,Spiked Armor Bottom
鉄枠木板張りの柱,Iron Framed Wood Pillar
プリーストナイト,Priest Knight
初心者用のおうぎ,Beginner's Fan
レオーネの髪飾り,Leone's Hairpin
療養地区の移動台,Medical District Platform
ブルーファルコン,Blue Falcon
預かり所ディーズ,Storage Diz
オーガカーペット,Ogre Carpet
ガリバーハンド！,Gulliver Hand!
さめきぐるみきん,Gold Shark Suit
ゴールドデーモン,Gold Daemon
スライム柄コタツ,Slime Kotatsu
パワフルニンニク,Powerful Garlic
聖賢者のバングル,Holy Sage Bangles
アステライト鉱石,Astolyte
壁かけ鉄のランプ,Iron Wall Lamp
追憶のキャンバス,Remembrance Canvas
キャプテンドラゴ,Captain Drago
コルセアマント上,Corsair Cloak
しぐさ書・かかし,Scarecrow Trick
ナルビア宿屋の家,Nalbia Inn House
銀河のツボ錬金書,Galaxy Jar Alchemy Book
ファーグスオイル,Fargus Oil
デーモンバスター,Demonsbane
白猫のワンピース,White Cat Dress
おおきなリボン赤,Red Ribbon L
討伐隊員リャード,Strike Force Ryard
ジャングル風の壁,Jungle-Style Wall
暴走したコウリン,Berserk Kourin
魔石球のかがやき,Glow of the Magic Stone
夢色ショーケース,Dreamy Showcase
グランゼドーラ駅,Gran Zedora Station
飛行士のキャップ,Aviator's Cap
手本書・たこ焼き,Takoyaki Manual
ＣＭ用ドワーフ１,Dwarf For CM 1
ヘルカッチャ・異,Anomalous Masqueraider
原始獣のシャプカ,Primal Beast Shapka
アスバルトランプ,Asbal Cards
光の錬金ツボの本,Light Jar Book
グイッと青春の味,A Taste of Youth
よろず屋ルキーノ,General Shop Lukino
スチームスーツ下,Steam Suit Bottom
悪霊の仮面の破片,Evil Spirit Mask Shard
ノワールウィング,Noir Wings
水晶のカウンタ小,Crystal Counter S
ふわふわタツノコ,Floaty Seahorse
しょくにんききな,Crafter Kikina
キラーマシン・強,Vicious Killing Machine
プラチナグリーブ,Platinum Greaves
エルトナ豊穣の米,Bountiful Eltona Rice
月のローブの秘密,Moon Robe's Secret
オセアノススピア,Full Fathom Fork
ベホマズン像・庭,King Cureslime (G)
サーチャーギフト,Searcher Gift
丁目水没遺跡地区,Block Submerged Ruins
奇跡のフライパン,Miracle Frypan
エネルギー体・小,Small Energy Body
郵便局員カンココ,Postman Kancoco
レビュール街道南,Revule Highway South
ふくめんうさぎ２,Masked Rabbit 2
ガーディアンの証,Protector's Pin
預かり所エディス,Storage Edith
モーグリの像・庭,Moogle Statue (G)
王宮魔術師のくつ,Royal Mage Shoes
フォーリオン印章,Fourion Stamps
しぐさ書・のぞく,Peek
ぱてぃきょうだい,Sibling Patti
英知を積み重ねて,Accumulating Wisdom
ストレッチかばん,Stretchy Bag
レンダーシア内海,Lendersia Inland Sea
魔物管理人レベレ,Monster Manager Rebre
特技の回復量 +100%,Skill Recovery +100%
フォレストの花束,Forest Bouquet
スライムくんたち,Slime monsters
ラグアストランプ,Raguas Cards
ＣＭ用ウェディ１,Weddie For CM 1
語り継がれる真実,The Untold Truth
プラズマスカット,Plasma Cut
ヘヴィーグリーブ,Heavy Greaves
しぐさ書・ピース,Peace Sign
落陽の草原の木Ｂ,Sunset Meadow Tree B
第３回リーネの像,3rd Renee Statue
ギガンテス便せん,Gigantes Paper
リンベリィの像庭,Linberry Statue (G)
しっこくのマント,Macabre Mantle
クリスタルピアス,Crystal Earrings
おもちゃの丸い家,Toy Round House
竜のうろこの破片,Dragon Scale Shard
やりなおしの宝珠,Regretta Stone
くさりかたびら下,Chain Mail Bottom
リリオルを探せ！,Find Lyriol!
エンゼルハンマー,Angel Hammer
レース屋パマテラ,Race Registrar Pamatera
シールドブレイク,Shattershield
プチ幻界の四諸侯,Frail Dread Fiends
タイタス号の積荷,Titus Cargo
パルミオトランプ,Palmio Cards
預かり所トッゴイ,Storage Togoi
手編みのシューズ,Hand-Knit Boots
２段ブロック・緑,Green 2-Step Block
マーチングパンツ,Marching Pants
シスター・トーレ,Sister Torre
きら星のドレス下,Twinkling Skirt
便せん屋ウィット,Stationery Shop Uito
赤の巨人レドノフ,Red Giant Rednov
トリットアーチズ,Trit Arches
しょうにんあがた,Merchant Agata
東洋風チェア・華,Floral Orient Chair
みずたまドラゴン,Polka Dot Dragon
ファラスのブーツ,Faras' Boots
粘糸蟲ジュバーク,Jerbark
ヴェリナード領西,Verinard West
星拳士シャドポン,Starfighter Shadowpon
渡し守ヤンディー,Ferryman Yandey
ゴクラクギョ・赤,Red Betta
サンダーシャウト,Hellbound Hair-Raiser
マカロンプリズム,Macaron Prism
ファラオ・ゴレム,Pharaoh Golem
クマリスのブーツ,Kumaris' Boots
ドラキュラパーツ,Dracula Parts
あおりんごダリア,Light Green Dahlia
忍者屋敷の床の間,Ninja House Alcove
横ウェーブつけ毛,Side Wavy Hairpiece
おもちゃの池・雪,Toy Pond (Snow)
レシピ屋アルキパ,Recipe Shop Archipa
ホーリーローブ上,Holy Robe Top
ギーグハンマー強,Apex Giga Clubber
ＣＭ用プクリポ４,Pukulipo For CM 4
びっくりボックス,Trap Box
ストリートパンツ,Street Pants
どん欲のグリーニ,Greedy Greenie
お菓子の国の小屋,Candy Country Cabin
ルティチャビ像白,White Astolti Chubby St.
ラベンダーの花束,Lavender Bouquet
ランプ錬金職人帽,Lamp Alchemist's Hat
ネタ「爆発っ！」,Explode Trick!
スクールブレザー,School Blazer
スパイラルダガー,Spiral Shanker
排他検証ステージ,Exclusive Survey Stage
スライム帽子・黒,Black Slime Hat
ユキハのよろい上,Yukiha's Upper Armor
月守りの翼竜たち,Moon Guardian Dragons
パハカースの肋骨,Pahkas' Bone
スキルクラッシュ,Skill Scupperer
バトルシェイカー,Maracaraider
メンメ式万能パテ,Menme All-Purpose Putty
道具屋ドロッジェ,Item Shop Drogger
デスマドモアゼル,Golden Girl
レースの観客２５,Race Spectator 25
おくびょうな白猫,Cowardly White Cat
こんらんのダンス,Dance of Confusion
ファンシーカカオ,Fancy Cacao
バルディアメタル,Valdia Metal
冥獣のツメの秘術,Monster Slashers Secret
作曲家のアトリエ,Composer's Studio
ハンタースーツ下,Hunter Suit Bottom
おばけキノコ・祖,Ancestral Funghoul
ポイックリンの像,Poiclin Statue
紹介人ウェダガン,Introducer Wedgan
聖賢者のローブ下,Holy Sage Robe Bottom
師団長のよろい下,Commander Leggings
シルエット・建物,Silhouette Building
タダ土地チケット,Free Plot Ticket
しろはなだダリア,White Dahlia
ボルカノハンマー,Volcano Hammer
魚交換員ビコメチ,Fish Exchange Bikomechi
ニーベルのゆびわ,Nibel's Ring
超パーティー仮面,Super Party Mask
魔瘴魂オジャロス,Miasma Soul Ojalos
スライムの像・庭,Slime Statue (G)
ナスビの本棚・白,Pale Eggplant Bookshelf
バルディスタ印章,Valdista Stamps
リザードマンの書,Mandrake Major Book
黒魔術館のタイル,Black Mansion Tile
邪術師エイジャス,Evil-Doer Ajas
お馬さんが見たい,I Wanna See The Horse
しぐさ書・ロック,Rock 'n' Roll
カイザーアックス,Kaiser Axe
女学生のブレザー,Schoolgirl Blazer
おっかけパンサー,Chasing Panther
聖守護者のタクト,Sentinel's Baton
うつしよの境界地,World's Boundary
メガトンチャンプ,Megaton Champ
妖炎魔女の髪飾り,Fire Witch Hairpin
ポケットねぶくろ,Pocket Sleeping Bag
ゆうたのリュック,Gamer Gal Backpack
エンジョイダンス,Enjoy Dance
ステューデントＢ,Student B
ベビーサラマンダ,Salamander Fry
講師ベスカトーレ,Lecturer Vescatore
魔剣士のグローブ,Demon Swordsman Grips
郵便局員モルーゼ,Postman Morusei
レジェンズエッジ,Legends Edge
その者　釣り老師,The Master of Fishing
ホワイトパンサー,Silver Sabrecat
マギエルトランプ,Magiel Cards
シスター・ルスパ,Sister Luspa
ひかりのグローブ,Shimmering Gloves
烈鎚マグナゲイト,Magma Masher
剣王ガルドリオン,Sword King Gardlion
バルディスタ剣兵,Valdistan Swordsman
ぽんぽこの装束下,Tanuki Pants
破戒王ベルムド強,Apex Bermud the Sinful
聖王の大盾の壁画,Dryspell Grtshd Book
スタジアムシャツ,Stadium Shirt
ぷちスラキャップ,Small Slime Cap
ヤーン　涙の鉄拳,Yarn, Iron Fist of Tears
ファントムマスク,Phantom Mask
クマチャンミトン,Beary Cute Mittens
ベホイミスライム,Medislime
プク姫様つきの畑,Puku Princess Field
アラハギーロ王国,Kingdom of Al-Ahagiro
ヤマカミヌの木簡,Yamakaminu Wood Letter
エンゼル皇帝の冠,Angelic Circlet
シックゴスブーツ,Chic Goth Boots
カテドラルミトル,Cathedral Mitre
ハートのロザリオ,Heart Rosary
シルエット・記号,Silhouette Sign
赤宝箱のチェスト,Red Treasure Chest
タータンキャップ,Tartan Cap
コウモリドレス上,Batty Dress
三角ラメのシール,Triangle Glitter Sticker
スウィートビキニ,Sweet Bikini
光創神のウィッグ,Wig of Creation
レッドタキシード,Red Tuxedo
ファンキードラゴ,Hiptile
シンイのこころ３,Shini's Heart Lv3
鉱石の燭台ランプ,Ore Candlestick lamp
けさぎりクローク,Spirit Swordsman
フェリナ姫の部屋,Princess Felina's Room
タコメッＴシャツ,Octopot T-Shirt
絶望のダークネス,Darkness of Despair
お詫びの笹だんご,Bamboo Dumplings
スイートランタン,Sweet Lantern
氷の上のぬくもり,Warmth On the Ice
フォンデッテの像,Fondette Statue
東洋風ベッド・雅,Chic Orient Bed
黒魔術館の天井窓,Black Mansion Window
救助された侍女Ａ,Relief Maid A
神光放つムチの書,Holy Light Whip Book
東洋風タンス・華,Floral Orient Wardrobe
メタルブラザーズ,Metal Medley
マンモスドラキー,Gargantuan Dracky
白霊鬼ボータたち,Bota, the White Spirit and co.
ウサギパーカー上,Rabbit Hoodie
黎明の霊堂への扉,Door to Mausoleum of Daybreak
討伐隊員マダラキ,Strike Force Madraki
風の小鳥カプセル,Wind Bird Toy
郵便局員キャロン,Postman Caron
ゴールドシャワー,Gold Rush
イクチオサウルス,Ichthyosaurus
ゆうたの鑑賞印章,Gamer Gal Screen Stamps
ガタラ原野への道,Road to Gatara Fields
しびれくらげ１４,Man o' War 14
スライムショット,Slime Shot
ビッグブレードⅡ,Broader Sword
シンイのこころ４,Shini's Heart Lv4
フライングスノー,Flying Snow
ばしょうせんの本,Frond Fan Book
どういたしまして,You're welcome.
ルーミリアの家前,Lumeria's House
魔盗鬼チャムール,Devilish Thief Chamour
昏冥庫パニガルム,Panigalm's Abyss Vault
邪神ヤファギル断,Yaphagil, the Severance
ヘルシーワッフル,Healthy Waffles
ダークアドミラル,Dark Slionheart
ライトニング無頼,Lightning Unreliable
シャイニング・強,Vicious Spitnik
マジカルスーツ下,Magical Suit Bottom
壁かけ紋章旗・茶,Brown Wall Banner
ベルトロの部下Ｃ,Bertro Subordinate C
栄光のローブ・金,Gold Glory Robe
タイタス号の小舟,Titus Ship
ガーベラプリズム,Gerbera Prism
目覚めし５つの鍵,Awakening of the 5 Keys
ゴシックグローブ,Gothic Gloves
超暴走魔法陣・零,Uber Ring of Ruin
知の試練・第３層,Wisdom Trials - L3
ネオケラトドゥス,Neoceratodus
つかれきったサメ,Lazy Larry
くさりのはちがね,Chain Headgear
世界樹のよろい上,Yggdrasil Armor Top
ベスのカレーパン,She-Slime Curry Bread
リッシュウの手紙,Rishu's Letter
華やかなふりそで,Lustrous Kimono
ステューデントＲ,Student R
エンジェル衣装券,Angel Costume Ticket
大いなる闇の深淵,Abyss of the Great Darkness
フェアリーエッグ,Fairy Egg
ツヤめきペイント,Glossy Paint
銀の錬金ランプ小,Silver Lamp S
合唱隊のシューズ,Choir Shoes
ルビーのサンダル,Ruby's Sandals
壁かけＤＱⅠの絵,DQⅠ Painting
オレンジのパーツ,Orange Part
星型ランタンの木,Star Lantern Tree
魔幻都市ゴーラ跡,Ruins of Gora
クロックアッパー,Overclocker
シンイのこころ２,Shini's Heart Lv2
マーメイドブレス,Mermaid Bracelets
セラフィのうちわ,Seraphi Fan
ぬすっとウサギ？,Robber Rabbit?
しびれくらげ１０,Man o' War 10
遊び人のモノクル,Gadabout's Monocle
カルベロビュート,Wizardly Whip
黒夜叉のよろい下,Black Bane Legs
スライムの便せん,Slime Paper
悪霊の神々練習札,Evil Trinity Tag
鋼鉄巨兵のピアス,Steel Giant Earring
ダミー足Ｅ０６３,Dummy Feet E063
ビンのテラリウム,Bottle Terrarium
水晶のテーブル大,Crystal Table L
クリームカメリア,Cream Camellia
超あまつゆのいと,Super Celestial Skein
破砕将のハンマー,Crush General's Hammer
マジカルドレス下,Magical Dress Bottom
スライムチャイム,Slime Chime
ごうかな玉座・緑,Green Fancy Throne
深淵をのぞくもの,Look Into The Abyss
チョコっとスーツ,Choco Suit
壁かけ一輪花の絵,Flower Painting
しぐさ書・天灯青,Blue Lantern
ハクオウフェイク,Hakuo Fake
マジックトンカチ,Magic Hammer
栄光のトロフィー,Glory Trophy
ギュッとリベリオ,Purrgatroyd Arm Doll
エラスモサウルス,Elasmosaurus
カンフーキャップ,Kung Fu Cap
クライシスマスク,Crisis Facemask
第２回トーマの像,2nd Toma Statue
ユマテルの教べん,Umatel's Pointer
マーメイドランプ,Mermaid Lamp
魔物管理人シオネ,Monster Manager Shione
とこなつバングル,Summer Bangles
エステラカプセル,Estella Toy
ポルテのヘアピン,Porte's Hairpin
ウルタ皇女の工具,Princess Ulta's Tools
魔元帥ゼルドラド,Marshal Zeldrad
お菓子のバスタブ,Sweet Bathtub
雪原のアノラック,Snowfield Anorak
ふとっちょキノコ,Fat Mushroom
アトラス強カード,Apex Atlas Card
フサフサの白ヒゲ,Fluffy White Mustache
ノクゼリアナイフ,Noxeria Knife
もこもこスカート,Fluffy Skirt
カシャル海底神殿,Kashal Undersea Temple
釣り鐘守りの日記,Bell Keeper's Diary
ロイヤルミミック,Royal Mimic
ギャスモンハート,Buntzenberner Heart
マガツタタリカゼ,The Winds of Dread
攻撃時10%でスタン,Stun Attack 10%
聖女に守られし盾,Saint Protected Shield
におうだちの心得,Steadfast Forbearance
ウェディのズボン,Weddie Trousers
暴君の広場の階下,Tyrant Square Lower Floor
トレジャーデモン,Treasure Demon
青宝箱のチェスト,Blue Treasure Chest
武勲の城のつづら,Valor Castle Wicker Box
郵便局員ピティカ,Postman Pitica
デザートランナー,Parched Peckerel
シルバーサークル,Silver Slicer
女性プラコン服紫,Purple Clothes (F)
スライムざぶとん,Slime Floormat
ダンディシューズ,Dandy Shoes
復活時早詠みの杖,Faster Caster Revival
パンプキンタイツ,Pumpkin Tights
模様入り木板の柱,Patterned Wood Pillar
壁かけプランター,Wall Planter
妖剣士オーレン強,Apex Swordmaster Oren
カイゼルスライム,Kaiser Slime
おおみみずの化石,Wiggly Fossil
バーバニジャンボ,Barbunny Jumbo
古代文字解読辞典,Ancient Lexicon
タータンパンプス,Tartan Heels
管理端末Ｑ４８５,Management Terminal Q485
キラゴルドカード,Gyldygga Card
風車塔のほほえみ,Windmill Tower's Smile
クルーガーブーツ,Kluger Boots
シスター・リコラ,Sister Ricola
大地のエメラルド,Earthen Emerald
交換屋クックルン,Exchange Shop Cocoroon
レオーネフェイク,Leone Fake
古とこしえの神殿,Ancient Temple of Eternity
タイタス号の本棚,Titus Bookshelf
マキュリのタープ,Makyuri Tarp
魚交換員ポポヘプ,Fish Exchange Popohepu
ホーリーパウダー,Holy Powder
あまつゆの集め方,Collecting Rain and Dew
しょうにんかりま,Merchant Karima
メルヘンクリーム,Fairy-tale Cream
アンテイクの世界,Antique World
エテーネのつばさ,Ethene Wing
エドアルドの木槌,Eduardo's Mallet
無垢なる勇者の剣,Innocent Hero's Sword
しびれくらげ１８,Man o' War 18
モダンなあごヒゲ,Modern Beard
ピンクモン便せん,Pink Sanguini Paper
栄光のローブ・銀,Silver Glory Robe
イル・ラビリンス,Illusory Labyrinth
エラフィダイノス,Zere Dragon
住宅素材屋ニーノ,Housing Materials Nino
せかいじゅの守り,Protector of Yggdrasil
シスター・マキリ,Sister Makiri
じごくのたまねぎ,Brimstone Bulb
メルサンディ印章,Melsandy Stamps
ドラパンクグラス,Dracky Punk Glasses
パティシエの帽子,Pastry Chef Hat
しぐさ書・決め右,Decisive Pose Right
ココラタのテント,Cocolata Tent
エネルギー体・大,Large Energy Body
ヴェリナード城駅,Verinard Castle Station
しょうかんスキル,Summoning skill
丸窓つきの和風壁,Japanese Round Window Wall
バタフライリスト,Butterfly Wristbands
ピクニックウルタ,Ulta Picnic
魔犬の仮面の破片,Demon Dog Mask Shard
こあくまのナイフ,Imp Knife
カンダタ月へ行く,Robbin' 'Ood to the Moon
アズラン宿屋の家,Azlan Inn House
住宅素材屋セスタ,Housing Materials Cesta
ジャンボオニオン,Jumbo Onion
ウルベア魔神兵強,Apex Urbea Aztech
ゴクラクギョ・青,Blue Betta
楽しい扇の作り方,Fun Fan Making
バルディスタ工兵,Valdistan Engineer
ラピッドステッキ,Quick Stick
あやしい間仕切り,Suspicious Partition
ニニエルザブーツ,Ninierza Boots
念晶錬磨場・中級,Telecrystal Refinery - Intermediate
キャプテンの部屋,Captain's Room
シスター・ローネ,Sister Rone
ぬいぐるみ竜族男,Dragon Plushie (M)
シスター・ニニカ,Sister Ninika
影に生きる者たち,The Darkest of Stars
氷の領界のアーチ,Ice Realm Arch
プラチナウィング,Platinum Plumes
白木のカウンタ大,Plain Counter L
夕焼け雲のベッド,Sunset Cloud Bed
ぎんのルアーの本,Silver Lure Book
月のサークレット,Moon Circlet
どくやずきん・祖,Ancestral Bodkin Fletcher
あるある川柳・銅,Haiku Bronze
メロンのチェスト,Melon Chest
バトエンウォール,Batoen Wall
ろんぐたきしーど,Long Tuxedo
ハクオウトランプ,Hakuo Cards
カラミティキング,Calamity King
ガーデンスーツ下,Garden Suit Bottom
スタジアムリスト,Stadium Wristbands
石だたみ柄のラグ,Cobblestone Pattern Rug
ニコロイ王の写真,Photo of King Nikoroi
魔物管理人ハズキ,Monster Manager Hazuki
花咲く一軒家の柱,Bloom House Pillar
バンデッドブーツ,Brigand's Boots
グリードイーター,Greed Eater
白亜の博物館の壁,Chalk Museum Wall
ウェナールシェル,Wenal Shell
また遊ぼう便せん,See You Again Paper
水玉模様のはかま,Polka Dot Hakama
ふわふわクマノミ,Floaty Clownfish
メネトのキッチン,Menet Kitchen
かばん工房の秘密,Bag Workshop's Secrets
魚交換員パパルパ,Fish Exchange Papalupa
アビスセーラー下,Abyss Bottoms
３段ブロック・青,Blue 3-Step Block
タクティカ帽ロブ,Tactical Hat (Long Bob)
キューボトランプ,Kyubo Deck
プヨンターゲット,Healium Balloon
グレートアックス,Bad Axe
ブラックドラゴン,Black Dragon
ピケスラパジャマ,Pique Slime Pajamas
エルフプランター,Elf Planter
大地の竜バウギア,Earthwyrm
アスバルのブーツ,Asbal's Boots
ふわふわ雲のラグ,Fluffy Cloud Rug
DQ3そうりょぞーま,DQ3 Priest, Zoma
ノクゼリアエッジ,Noxeria Edge
道化師のグローブ,Buffoon's Gloves
レシピ屋オオジャ,Recipe Shop Ooja
ピンクラインの柱,Pink Line Pillar
カラス神楽の羽根,Crow Dance Feathers
アラビアンアーム,Arabian Armguards
旅芸人ピュージュ,Minstrel Pyuju
転生出現率アップ,Rarefied Encounter Boost
得点賞トロフィー,Scoring Trophy
りゅうおうナイフ,True Dragonlord Knife
深遠なるぱふぱふ,Profound Puff-puff
壁かけ紋章旗・剣,Sword Wall Banner
想いを針にこめて,Put Thoughts in a Needle
スライムＴシャツ,Slime T-Shirt
光の木工刀小の本,Light Slick S Book
お菓子のキッチン,Sweet Kitchen
バシっ娘バンリィ,Bazoom Gal Banry
果ての泉の孔雀姫,The Peacock Princess
小悪魔王子のくつ,Devil Prince's Shoes
キィンベルの服上,Kimbel Shirt
きれいな釣りざお,Beautiful Fishing Rod
ドルワーム兵士１,Dolworm Soldier 1
ダストンキッチン,Duston Kitchen
蘇りしラズバーン,Risen Razburn
ドット絵エステラ,Pixelated Estella
ぶるーたきしーど,Blue Tuxedo
トーマぬいぐるみ,Toma Plushie
水竜ギルギッシュ,Gilgish
大勇者のグローブ,Intrepid Gloves
天宮騎士のかぶと,Sky Knight Helmet
黄金の飾りかぶと,Ornamental Helmet
どうぐやはんちゃ,Item Shop Hancha
ダーマ神殿の噴水,Alltrades Fountain
イマドキの遊び人,Trendy Gadabout
ネイティブ柄ラグ,Native Pattern Rug
金風　天命を詠ず,Reciting Destiny
魔幻都市の便せん,Phantom City Paper
いにしえのパーツ,Ancient Parts
まもの使いのくつ,Monster Wrangler Shoes
マッドレインボー,Rainbow Mannequin
ネタ「究極呪文」,Ultimate Spell Trick
ギュッとアイゼル,Eisel Arm Doll
サメきぐるみ・青,Blue Sharksuit
黒騎士のウィッグ,Black Knight's Wig
機密文書・Ｐ１号,Classified Document "P1"
メカニックフード,Mechanic Hood
しぐさ書・ケーキ,Cake Trick
ドラゴンガイア強,Apex Gaia Dragon
木枠しっくいの柱,Framed Plaster Pillar
ルージュアックス,Rouge Rhino Axe
苺お菓子のタンス,Berry Sweet Wardrobe
月のローブセット,Moon Outfit
ネタ「たけのこ」,Bamboo Shoot Trick
しぐさ書・盆踊り,Bon Dance
アンテイクトーク,Antique Toque
おばけキャンドル,Wax Murderer
師団長のグリーブ,Commander Greaves
ベビーマジシャン,Blinkster
緑の巨人グリモア,Green Giant Greemor
スライム帽子・白,White Slime Hat
木工刀よりも鋭く,Sharp Woodworking Knife
金のほこらへの道,Road to Gold Shrine
ヒャクマガリの根,Terribly Twisted Root
リーネコサージュ,Renee Corsage
ナンナのこころ８,Nanna's Heart Lv8
おおぞらの便せん,Clear Sky Paper
救助された侍女Ｃ,Relief Maid C
白ゴシック柄の柱,White Gothic Pillar
闇のトーマの仮面,Dark Toma's Mask
魚交換員パッツィ,Fish Exchange Patsy
ヒューザの便せん,Hyuza Paper
よろず屋ペリトン,General Shop Periton
スレア海岸の大樹,Surea Coast Large Tree
夢の王国グローブ,Dream Kingdom Gloves
パピリオボトムス,Papilio Bottoms
ドラゴンベスト下,Dragonscale Pants
ガーデンドレス上,Garden Dress Top
アイゼルトランプ,Eisel Deck
王宮のベンチ・青,Blue Royal Bench
ガズバランの牙Ｂ,Gazbalan's Fang B
ソポスのころも上,Sophos Robe Top
ファフニルブーツ,Fafnir Boots
ベリアル強カード,Apex Belial Card
育みの大地への道,Road to Flourish Fields
ナンナのこころ９,Nanna's Heart Lv9
ミシュアのブーツ,Mishua Boots
超おたからのタネ,Super Treasure Seed
昔ながらの扇風機,Classic Electric Fan
虚空の神ナドラガ,Nadraga
ふわふわホホジロ,Floaty Shark
第１３回リソル像,13th Resol Statue
トライバルトップ,Tribal Top
デュアルカッター,Twomerang
ジア・クリスタル,Dia Crystal
人面樹ぬいぐるみ,Treeface Plushie
ピンクタイフーン,Pink Typhoon
勝利の彫像の写真,Victory Sculpture Photo
ドット柄の浮き輪,Dot Pattern Floatie
ファラオ・ヘルマ,Pharaoh Herma
不滅の闘士のオノ,Axe of the Immortal
天地雷鳴士のくつ,Druid Shoes
スカウトブラウス,Scout Blouse
おたからの花びら,Iridescent Petal
ネオンフラッシュ,Neon Flash
ドラゴン花火・緑,Green Dragon Firework
シーサイドタンス,Seaside Wardrobe
クイーンモーモン,Queenie Sanguini
ピカレスクコート,Picaresque Coat
桜モダングローブ,Cherry Modern Gloves
悪しき水の洞くつ,Foulwater Cave
ぐんたいガニ・強,Vicious Crabid
スターギフト・緑,Green Star Gift
おもてなしの行灯,Hospitality Lantern
プラークラベーン,Giant Stingray
紹介人アラーニャ,Introducer Aranya
陶芸設備・庭欠番,Pottery Facility (G)
アビスソルジャー,Abyss Soldier
ヘルヴェルの上司,Helvel's Superior
ブルームシールド,Bloom Shield
紫水晶の間仕切り,Amethyst Partition
バラのコサージュ,Rose Corsage
チェルシーの白衣,Chelsea's White Coat
ほのおのよろい下,Flame Armor Bottom
ヒロイックスーツ,Heroic Suit
竜王のツメの伝説,Claws of Legend
特製まくら２９号,Special Pillow No. 29
神都のオルゴール,Fourion Music Box
大型魔神機開発部,Large Aztech Development
プクリポ研究者３,Pukulipo Researcher 3
白木のカウンタ小,Plain Counter S
１階への転送装置,Transporter to 1F
シンクギアウェア,Syncgear Wear
しぐさ書・土下座,Grovel
退魔の装束セット,Exorcism Outfit
真のエテーネの島,True Ethene Island
聖騎士のよろい上,Holy Knight Armor
ドラキーのこころ,Dracky Heart
壱の五声は歌の声,First of 5 Voices Sing
学園のスニーカー,School Sneakers
第１３回パドレ像,13th Padre Statue
竜族の里のベッド,Nadravian's Rest Bed
ギガスクラッパー,Giga Scrapper
催眠術師ピプノス,Hypnotist Pypnos
トポルのパラソル,Topol Umbrella
チャコルのポーチ,Charcoal Pouch
絶牙の白獅子たち,White Fang Lions
ゴージャスココア,Gorgeous Cocoa
ＣＭ用ドワーフ４,Dwarf For CM 4
灰もふ猫カプセル,Soft Ash Cat Toy
キンペンカプセル,King Penguin Toy
デモンズゲイトＢ,Demon's Gate B
ロベールの家の鍵,Robert's Housekey
手編みのてぶくろ,Hand-Knit Mitts
おそうじ童子の像,Sweepy Samurai Statue
第９回ラウルの像,9th Rahul Statue
魔天海フォルネー,Sky Ocean Folnay
辺境の雪山への道,Road to Snowy Mountain
ガンコ職人の息子,A Stubborn Craftsman's Son
ベビタングローブ,Imp Gloves
決めポーズ左前列,Decisive Pose L Front
ネヴァンメイル下,Nemain Mail Bottom
トナカイグローブ,Reindeer Gloves
エナジーパウダー,Energy Powder
リザードマン・祖,Ancestral Mandrake Major
終幕の踊り子伝説,Dancer's End Act Legend
ふしぎなボレロ下,Glombolero Bottom
オーグリード大陸,Ogreed
ほのおのよろい上,Flame Armor Top
預かり所クローブ,Storage Clove
ボーンバット・強,Vicious Bone Bat
魔女のイヤリング,Witch's Earrings
ゼドラ集落の高台,Zedra Village Upper Area
防具屋アーニャー,Armor Shop Annya
シンイのこころ６,Shini's Heart Lv6
壁かけ掛け軸・冬,Winter Wall Scroll
しゃしょうぱーり,Conductor Pari
フォーリンスター,Fallen Star
ポセイドンチェア,Poseidon Chair
聖王のオノの壁画,Dryspell Axe Book
プティマイユの像,Teeny Maille Statue
スイーツサボテン,Candy Cactus
第８回パドレの像,8th Padre Statue
マスターシューズ,Master Shoes
かぜきりの弓の書,Blowy Bow Book
オルセコ王家の墓,Orseco Royal Tomb
預かり所ユリーラ,Storage Yurila
大型の球体水そう,Spherical Aquarium L
防具屋ピルフォン,Armor Shop Pilfon
メタスラのベンチ,Metal Slime Bench
レース屋シャイラ,Race Registrar Shyla
シルバーバングル,Silver Bangles
聖賢者のローブ上,Holy Sage Robe Top
ミラクルグローブ,Miracle Gloves
ふわふわ雲の本棚,Fluffy Cloud Bookshelf
ハンマー作り入門,Hopeful Hammer Making
てくてくスライム,Slime Knight
防衛軍の制服・緑,Green Defense Force Suit
アスバルパラソル,Asbal Umbrella
本読みヒストリカ,Book Reading Historica
シンプルな木の棚,Simple Wood Shelf
不死の幻影のオノ,Immortal Phantom Axe
グロリアスブーツ,Glorious Boots
ベルトロの部下Ｄ,Bertro Subordinate D
護りの盾のブーツ,Boots of Protection
スターのタトゥー,Star Tattoo
うろこのよろい上,Scale Armor
祈願の神殿のラグ,Gratitemple Rug
木彫りのロザリオ,Wood Carved Rosary
邪精霊マガツカゼ,The Winds of Malice
プラチナこうせき,Platinum Ore
ルシェンダの手紙,Lushenda's Letter
シンイのこころ７,Shini's Heart Lv7
メルサンにんじん,Melsan Carrot
ステンドレイピア,Stained Glass Rapier
出張購買員サシモ,Team Supplier Sashim
バステトのアンク,Bastet's Ankh
拳聖の道着作成法,Teachings of the Fist
人食い火竜コイン,Tatsunaga Coin
守護天使のうでわ,Guardian Angel Bands
ネタ「そうめん」,Noodles Trick
ボロボロのノート,Tattered Notebook
超ハッスルダンス,Super Hustle Dance
ガートラント城駅,Gartlant Castle Station
しぐさ書・まわる,Spin
親衛隊長クリムゾ,Captain Crimzo
怪蟲の広場の階下,Insect Square Lower Floor
授業プクリポ女性,Pukulipo Female Student
ドラゴンライダー,Dragon Rider
住宅素材屋ピード,Housing Materials Peid
ガートラント兵２,Gartlant Soldier 2
ラキポルテソファ,Lycae & Porte Sofa
ドラキーのぼうし,Dracky Hat
天翼のイヤーカフ,Heavenly Wing Ear Cuffs
ガウシア樹海の蝶,Gaussia Butterfly
光創神のサンダル,Sandals of Creation
スライムマデュラ,Darkonium Slime
マカイ・マカロン,Demon Delights
えきいんぼうまん,Attendant Bowma
第１２回ラウル像,12th Rahul Statue
防衛軍の制服・Ｚ,Defense Force Suit Z
フィネトカ映写機,Finetka Projector
マッシュスライム,Slimeshroom
ホワイトマアモン,White Fudge Sludge
セクシーテーブル,Sexy Table
花婿のタキシード,Groom's Tuxedo
いくさ化粧シール,Warpaint Sticker
カルサドラの風穴,Calsadora Wind Cave
預かり所ネージュ,Storage Neige
小鳥のバードバス,Small Bird Bath
闇騎士のグリーブ,Dark Knight Greaves
出張購買員ガダン,Team Supplier Gadan
朽ちた遺跡の祭壇,Ruin Altar
いだいなてんさい,Great Genius
エンゼルアックス,Angel Axe
激情の竜エステラ,Estella, Dragon of Passion
よろい武者の置物,Armor Warrior Ornament
嵐帝の羽衣セット,Kaiser's Robe Set
妖精図書館の本棚,Fairy Library Bookshelf
奇跡の木工刀の本,Miracle Slick Book
闇の大魔王の滅角,Archfiend's Horns
復讐の兄弟竜・改,Uber Vengeful Dragons
翠嵐の聖塔・外周,Storm Tower Outer Area
キジ太猫カプセル,Fat Brown Cat Toy
ゴーストプリズム,Ghost Prism
スマイルチケット,Smile Ticket
ドール書・いのる,Pray (Doll)
香りでたどる軌跡,Follow the Track's Scent
伝説のさいほう針,Legendary Sewing Needle
ステージ衣装大全,Complete Stage Outfit
お祝いシャワー虹,Celebration (Rainbow)
ミルドラブレード,Nimzo Blade
スターダムブレス,Stardom Bracelets
魚交換員プルンパ,Fish Exchange Purunpa
ぬかどこスライム,Mouldy Slime
臨時大使ムチョロ,Temp Ambassador Mucholo
バッジ交換券・金,Gold Badge Ticket
モダンな囲みヒゲ,Modern Full Beard
あくまの錬金ツボ,Demon Jar
うごく箱舟号・雪,Moving Ark (Snow)
シトリンの足飾り,Citrine Anklet
しびれくらげ２０,Man o' War 20
弐の式修了の陰符,Yin II Completion Charm
アサシンコート下,Assassin Coat Bottom
１０周年記念会場,10th Anniversary Venue
魔物管理人ノルタ,Monster Manager Norta
奈落いざなう棺桶,Coffin to the Abyss
ジャンボドラキー,Jumbo Dracky
セラフィパラソル,Seraphi Umbrella
オーガのあいさつ,Ogre Greeting
壁かけ純喫茶の窓,Cafe Window
魔物管理人レジエ,Monster Manager Regie
クルーガーハット,Kluger Hat
聖天区画への出口,Exit to Holy Grounds
スカラベテンツク,Scarab Slugger
戦神の箱＋５・改,War Deity Box +5 v2
お花と羽の髪飾り,Featherflower Hairpin
美容師プラティナ,Hairdresser Platina
中型の和風水そう,Japanese Aquarium M
おしゃれなベルト,Bling-Bling Belt
正統派盆栽セット,Orthodox Bonsai Set
メタリオンロッド,Metallek Rod
チルタイムソファ,Chill Out Sofa
プチＳジェネラル,Frail Shogum
帝国三将軍カード,Triumgorate Card
ＣＭ用ウェディ２,Weddie For CM 2
時の王者のブーツ,Time Sovereign's Boots
ギルガランの服上,Gilgaran's Shirt
キュロンな便せん,Kyuron Paper
メギラザの洞くつ,Megilaza Cave
武器鍛冶作業着下,Weaponsmith's Apron
チアガールの服下,Cheerleader Skirt
新作家具屋クレプ,New Indoor Furniture Shop Crepe
ホワイトホイップ,White Whisp
バタフライ衣装券,Butterfly Voucher
キラキラミミック,Glittering Mimic
戦死者を選ぶもの,Choose Death In Battle
中型の丸い水そう,Round Aquarium M
Ｔカバーな海パン,T-Shirt Swim Trunks
ごくじょうソルト,Salt of the Earth
サウザンドダガー,Deft Dagger
プチデビルブーツ,Petit Devil Boots
ほくほく肉じゃが,Meat & Potatoes
スカウト率アップ,Scout Rate Boost
Ⅰ‐ディアノーグ,Ⅰ‐Diamagon
大トラ猫カプセル,Big Tabby Toy
せいれいの杖の書,Spirit Staff Book
サバ太猫カプセル,Fat Gray Cat Toy
ウェディバスタブ,Weddie Bathtub
レースの観客２９,Race Spectator 29
シャンパンタワー,Champagne Tower
カメラこぞうの像,Clicksy Statue
太陽と月のアーチ,Sun and Moon Arch
防衛軍の制服・紺,Blue Defense Force Suit
コスモスグリーブ,Cosmos Greaves
プチバズズカード,Frail Pazuzu Card
雨上がりの都絵図,City After Rain Photo
レギオングリーブ,Legion Greaves
バルディスタ歩兵,Valdista Foot Soldier
ピケスラシューズ,Pique Slime Shoes
幻界王の首かざり,Dreadful Necklace
クラシック風の柱,Classic Pillar
弐の五声は呼の声,Second of 5 Voices Call
グレイトグラタン,Great Gratin
シックゴスピアス,Chic Goth Earrings
フォーマルスーツ,Formal Suit
試練のケモノたち,Trial Beasts
バースデーカード,Birthday Card
種族神像ドワーフ,Dwarf Tribal Statue
合唱隊のニーハイ,Choir Knee-Highs
はやてのグローブ,Agility Gloves
ハートのタトゥー,Heart Tattoo
継続特典係ミノノ,Benefits Shop Minono
夏の渚の麦わら帽,Summer Beach Straw Hat
エレガントヒール,Elegant Heels
預かり所マノリタ,Storage Manorita
あるある川柳・金,Haiku Gold
お祝いシャワー黄,Celebration (Yellow)
スピンドル兵士長,Captain Spindle
ウィリーデロッド,Vilide Rod
ナチュラルチェア,Natural Chair
アンロックコード,Unlock Code
メタスラのベッド,Metal Slime Bed
赤い屋根の家の壁,Red Roof House Wall
小型の円柱水そう,Small Cylindrical Tank
黒鳥のチュチュ上,Blackbird Tutu Top
グリーンアロワナ,Green Arowana
しましまキャット,Candy Cat
地下３階への出口,Exit to B3F
キャプテンの眼帯,Captain's Eyepatch
キング釜プリズム,King Pot Prism
マキュリのチェア,Makyuri Chair
からっぽの赤宝箱,Empty Red Treasure Chest
カツオの山賊焼き,Grilled Skipjack Tuna
めんこ屋チャガン,Pogs Shop Chagan
魔物管理人スメメ,Monster Manager Sumeme
ルベランウィップ,Ruberan Whip
なつきやすくなる,Monster Happiness Boost
自由人のつるはし,Freedom Pickaxe
星空のベッド・紫,Purple Starry Bed
禁忌の邪神のオノ,Axe of the Forbidden
アンノウンエッジ,Unknown Edge
天使のオードブル,Angel Hors D'oeuvre
砂丘のカーペット,Sand Dune Carpet
オルフェウスの弓,Orpheus' Bow
家具＆庭具おきば,furniture storage
シスター・リリン,Sister Lilin
第１２回リソル像,12th Resol Statue
ミラクルコート下,Miracle Coat Bottom
大型の和風水そう,Japanese Aquarium L
マスカットリップ,Muscat Tulip
音符のベッド・黒,Black Music Bed
ぽんぽこの装束上,Tanuki Shirt
武勲の城の金箔壁,Valor Castle Foil Wall
しびれくらげ１６,Man o' War 16
アイテムジュエル,Item Jewel
赤リボンのリース,Red Ribbon Wreath
ガタラ原野の木Ｂ,Gatara Fields Tree B
南国からお届け！,Came From the Tropics!
うごめくモノたち,Wiggling Things
あたまリボン桃券,Pink Head Ribbon Ticket
ウィキッドブーツ,Wicked Boots
ふぉーまるどれす,Formal Dress
めいふのばんにん,Hellbound Heretic
エルフテーブル大,Elf Table L
はぐれメタルの像,Liquid Metal Statue
おおとろの切り身,Tuna Belly
おもちゃの木・雪,Toy Trees (Snow)
セラフィトランプ,Seraphi Cards
ダイコンのタンス,Daikon Wardrobe
スライムベスラグ,She-Slime Rug
茶トラ猫カプセル,Brown Tabby Toy
コウモリドレス下,Batty Skirt
機巧研究所の写真,Photo of the Mechanica
ケラコーナ原生林,Keracona Primeval
ニンジャカッター,Ninja Cutter
ポポリアきのこ山,Popolia Mushroom Mountain
魔の波動を調べる,Examine Demonic Waves
カージナルテトラ,Cardinal Tetra
きぞくねずダリア,Noble Gray Dahlia
壱の式修了の陽符,Yang I Completion Charm
アルウェーンの町,Alweyn Township
便せん屋ペコリア,Stationery Shop Pekoria
茶ブチ猫カプセル,Tea Spotted Cat Toy
渡し守ナーウェイ,Ferryman Naawei
プラチナエンゼル,Platinum Angel
ブラッディヘッド,Bloody Horns
結界の氷殿への道,Road to Ice Barrier Hall
ブレイブストーン,Brave Stone
フォトンサーベル,Photon Sabre
ギュメイカプセル,Goresby-Purrvis Toy
ハロウィンアーチ,Halloween Arch
エルボブ像グレー,Gray Eltona Bobtail St.
ジャンボキャベツ,Jumbo Cabbage
小鳥のガゼボ・白,White Small Bird Gazebo
神の月の感謝祭２,Festival of the Moon 2
展望台へのはしご,Lookout Ladder
ゴールデンコーン,24-Carrot Bunicorn
ニワトリのぼうし,Chicken Hat
2013/1月分クエスト,Quest for 2013/01
白鳥の弓の作り方,How to Make a Swan Bow
しぐさ書・天灯緑,Green Lantern
占い師のテーブル,Diviner Table
シーサイド仕切り,Seaside Partition
ブルーマリッジ島,Blue Marriage Island
夏のお祭りアーチ,Summer Festival Arch
なげくカンナさん,Grieving Master Kanna
そして審判が下る,Then, Judgment Comes
たまねぎスライム,Onion Slime
お祝いシャワー赤,Celebration (Red)
クローバーハット,Clover Hat
お寿司スライム帽,Sushi Slime Hat
スイーツトロル強,Apex Sweet Troll
ダッフルセーラー,Duffel Coat
しぐさ書・Ｖロン,Vron Trick
りんねの大盾の書,Big Brain Drainer Book
しゃっきりレタス,Luscious Lettuce
２階への転送装置,Transporter to 2F
ダーマの神の清泉,Alltrades Spring
スラミチカプセル,Slimichi Toy
地下へつづく階段,Stairs to the Underworld
ビリジアンの花束,Viridian Bouquet
ミイラ男の衣装３,Mummy Boy Costume 3
立派なレンガの柱,Fine Brick Pillar
チューニングキー,Tuning Key
国王ビョン・ダウ,King Byon Dau
マキュリの給水所,Makyuri Drink Station
黄金ツボの調度品,Golden Urn Decor
ゴールデンリーフ,Golden Leaf
飛竜のタマゴ割れ,Broken Dragon Egg
魔物管理人シュン,Monster Manager Shuna
預かり所グルバン,Storage Gureban
４色ポップコーン,Four-Color Popcorn
しぐさ書・バトル,Battle Pose
コポのポーチの箱,Kopo Pouch Box
禁書の守護者・右,Right Banned Book Guard
マザー・ヨハンナ,Mother Johanna
守護天使の装束下,Guardian Angel Pants
コイン屋ペピール,Coin Shop Pepeelu
ゼクレスの丸イス,Zechres Stool
ノクゼリアクロー,Noxeria Claws
極天女帝プリズム,Sky Empress Prism
夏のかき氷セット,Summer Shaved Ice Set
三毛猫のグローブ,Calico Cat Gloves
呪われし友に手を,Hand to My Cursed Friend
ゴマフビウミウシ,Sea Bunny
夢と魔法のタクト,Dream and Magic Wand
いまどんな？設定,Status Icon
ウィリーデサイズ,Vilide Scythe
イエローファット,Grand Yellow Belly
どうぐを愛した男,He Who Loves Items
グレートグリーブ,Great Greaves
波間に消えた記憶,Memory Lost in the Waves
シンイのこころ８,Shini's Heart Lv8
プスゴンのおたま,Pusgon Ladle
３９ドラクエ印章,DQ 39th Stamps
ウィリーデクロー,Vilide Claws
りゅうおうの背景,True Dragonlord
ルイーダチケット,Patty Ticket
お宝に魅せられて,Fascinated by Treasure
アイスタルト・小,Small Ice Tart
夢の王国ドレス上,Dream Kingdom Shirt
邪神ヴァニタトス,Dark Deity Vanitatos
臨時大使ツーウィ,Temp Ambassador Tsui
トランプポイント,Card Points
ぐろりあすすーつ,Glorious Suit
アサシングローブ,Assassin Gloves
星降りのグローブ,Starry Gloves
ゆめみるちょこら,Dreaming Chokora
大盾サイズの星空,Greatshield Sized Sky
プクリポオーブン,Pukulipo Oven
スマイルリザード,Raptile
マキュリのラック,Makyuri Rack
ハッピーチケット,Happy Ticket
モンスター格闘場,Monster Arena
リウ老師の探知機,Master Liu's Locator
ブーナー熱帯雨林,Booner Rainforest
ソードブレイカー,Sword Breaker
預かり所ゾゼルグ,Storage Zozelgu
コブタパーカー下,Piglet Shorts
ラリー特別参加券,Rally Entry Ticket
ひとくいばこ・祖,Ancestral Cannibox
クロスブーメラン,Crucerang
かぜのブーメラン,Gusterang
ナンナのこころ４,Nanna's Heart Lv4
アサシンエミュー,Peckerel
ファントムアーム,Phantom Armguards
立派なレンガの壁,Fine Brick Wall
バジリスクの石版,Basilisk Tablet
不器用な魔法使い,The Incompetent Mage
ウルベアの自販機,Urbea Vending Machine
スイートキャップ,Sweet Cap
努力の彫像の写真,Effort Sculpture Photo
レジェンズのラグ,Legends Rug
黒いバラの花びら,Black Rose Petal
紋入りのレンガ壁,Crested Brick Wall
魔獣調教士ガブラ,Beast Trainer Gabra
ブラッドスピアー,Barbarous Pole
デュークアックス,Aristocrat's Axe
ステラトルネード,Stella Tornado
破戒王ベルムド影,Shade of Bermud
ブロブフィッシュ,Blobfish
梅柄の長ざぶとん,Plum Blossom Floormat L
大辛魔獣モローン,Super Spicy Beast Marone
ウェスタンブーツ,Western Boots
滝のかきわり・雅,Waterfall Backdrop
シャイニングボウ,Shining Shot
オーシャングラス,Ocean Glasses
閃魔細胞のかけら,Fiend Cell Fragment
にわとりプリズム,Chicken Prism
セイレーンヘッド,Siren's Hair Ornament
ファラザード印章,Farazard Stamps
スライムベス帽子,She-Slime Hat
からあげパクパク,Eat Fried Chicken
黄金のあらくれ像,Golden Toughie Statue
出張大使ポミリン,Ambassador Pomirin
トガリアのしずく,Gratite
花びらチャーム桃,Pink Petal Charm
ムーディータンス,Moody Wardrobe
おみくじボックス,Fortune Box
音符のベッド・彩,Color Music Bed
謎の夢幻郷の写真,Mystery Dream City Photo
ピテッザのほら穴,Pitheza Cave
美しき星雲の世界,Guide to the Galaxy
ハンタースーツ上,Hunter Suit Top
移動係ディナーラ,Travel Clerk Dinara
聖大剣アスカロン,Holy Sword Ascalon
デザートフルーツ,Dessert Fruit
郵便局員モニモニ,Postman Monimoni
魔導将軍のゆびわ,Mage General Ring
ショーナへの手紙,Letter to Shauna
ニンニクぎょうざ,Garlic Dumplings
ミルドラースの像,Nimzo Statue
ミルドラショット,Nimzo Bow
妖精郷の舞踏服下,Faerie Realm Pants
ミラーアーマー上,Mirror Armor Top
キュララナビーチ,Culalana Beach
看板・ビックリ！,Sign - Exclamation!
イラッシャイマセ,Welcome
漂流者キュレクス,Castaway Kyurex
しぐさ書・身支度,Get Ready
メロディアハット,Melody Hat
始源の歌姫のくつ,First Diva's Shoes
エステラのポスト,Estella Mailbox
花の守護者の大剣,Flower Guardian's Sword
ティプローネ光花,Tiplone Light Flower
剥きかけりんご右,Right Peeled Apple
ネコミイラ衣装Ⅰ,Cat Mummy Costume Ⅰ
まどうしのぼうし,Wizard's Hat
うすざくらダリア,Pale Pink Dahlia
ミステリーココア,Mystery Cocoa
小さな陶器の破片,Small Pottery Shard
過去からの贈り物,Gift From the Past
氷の魔王のマント,Ice Demon Cloak
奈落の門への出口,Exit to Abyss Gate
しぐさ書・ねる３,Sleep 3
シナイジッチ教頭,Vice Principal Sinazitch
キレキレキッシュ,Sharp Quiche
黒のピアノのイス,Black Piano Seat
ポセイドン仕切り,Poseidon Partition
魔因細胞のかけら,Demon Cell Fragment
ジャイラプランツ,Jyra Plant
壁かけ魔勇者の絵,Evil Hero Portrait
バトエン同好会室,Batoen Club Room
制圧隊長ゾベエガ,Suppress Commander Zobega
壁かけ紋章旗・紫,Purple Wall Banner
ならず者のねぐら,Rogue's Roost
トライドアーマー,Battle-born Armor
シーサイドチェア,Seaside Chair
鉄の鍛冶ハンマー,Iron Hammer
エネルギー誘導球,Energy Guide Sphere
てれぱすたいつⅠ,Telepath Tights Ⅰ
王宮のベンチ・赤,Red Royal Bench
ごうけつの便せん,Great Hero Paper
ピクシーシューズ,Pixie Shoes
ゴールドストーン,Gold Nugget
やいばのグリーブ,Spiked Greaves
古代魔術のうでわ,Ancient Magic Bangles
ファンキーリスト,Funky Wristbands
郵便配達人バイグ,Mailman Baigu
エージェントアイ,Agent Eye Mask
グラコス強カード,Apex Gracos Card
かいぞくＴシャツ,Pirate T-Shirt
やいばのよろい上,Spiked Armor Top
国王コウリンの馬,King Kourin's Horse
希少な水晶の伝承,Rare Crystal Folklore
星空のタンス・紫,Purple Starry Wardrobe
聖守護者のゆびわ,Sentinel's Ring
リンカのグローブ,Linka's Gloves
鋼の秘奥・大盾編,Metalworks: Greatshields
丸小紋のはかま上,Circle Hakama Top
カボチャ間仕切り,Pumpkin Partition
バシっ娘シンリィ,Bazoom Gal Shinry
クロッコの全財産,Crocco's Belongings
シーサイドハウス,Seaside House
魔人王ドミネウス,Demonic Domineus
ホイミントブーツ,Heal Mint Boots
スチームバスタブ,Steam Bathtub
道具鍛冶作業着上,Toolsmith's Vest
めいたんていけち,Sleuth Kechi
メタスラＴシャツ,Metal Slime T-Shirt
ごうかな玉座・赤,Red Fancy Throne
ローズフォーム下,Rose Form Bottom
学園男子の夏服改,Schoolboy Summer Wear 2
どうぐ使いの特訓,Item Master's Training
エテーネ王国印章,Ethene Kingdom Stamps
トレジャーココア,Treasure Cocoa
デルクロアの研究,Delcroix's Research
アイスダンス衣装,Ice Dance Outfit
ユシュカの便せん,Yushka Paper
ゆりかごの語り部,Storyteller of the Cradle
真夜中プリズラン,Midnight Jailrun
「辺獄」の展示室,"Limbo" Exhibit Room
防衛軍のインカム,Defense Force Intercom
小鳥のガゼボ・茶,Brown Small Bird Gazebo
野いちごスカート,Wild Strawberry Skirt
バラモスブロス強,Apex Soul of Baramos
福笑いのラグ・鼻,Fukuwarai Nose Rug
ゴスバニーブーツ,Goth Bunny Boots
キューティココア,Cutie Cocoa
大魔王のお召し物,Apparel for a Demon Lord
はぐれメタル召喚,Liquid Metal Summon
ホワイトゴーレム,White Chocolate Golem
文官レジドの手記,Resid's Note
ノーブルグローブ,Noble Gloves
クリーミーカカオ,Creamy Cacao
取引商フィーリア,Trader Philia
サウルステントウ,Ladyceratops
ギャルいミュール,Stellar Shoes
パンプキンヘッド,Pumpkin Head
縁日のお面屋さん,Festival Mask Shop
グングンのびーる,Rapid Fertilizer
マーチングブーツ,Marching Boots
お庭用釣り堀・和,Japanese Fish Pond (G)
ゴローさんリボン,Goro Ribbon
しぐさ書・ギター,Play Guitar
イルーシャのペン,Illusia's Pen
ぷるぷるスラピー,Wobbling Slurpy
預かり所ガリュア,Storage Garua
ユシュカトランプ,Yushka Cards
オーガの人形・男,Ogre Doll (M)
シスター・ネジュ,Sister Neju
帽子係アンジュー,Hat Clerk Anju
壁かけ穴モーモン,Teeny Sanguini Hole
オルフェア住宅村,Orphea Residences
道具屋プティット,Item Shop Petit
武勲の城の漆喰壁,Valor Castle Wall
航海冒険かきわり,Voyage Backdrop
ふわふわ人魂・黄,Floaty Gold Wisp
預かり所グログス,Storage Gulgus
デスマスグローブ,Death Master Gloves
パンプキンの衣装,Pumpkin Costume
吊るしテラリウム,Hanging Terrarium
ステラツイスター,Stella Twister
キャロル姫ブーツ,Carol Boots
ノクトルケープ上,Nocturne Tunic
ローマス兄妹の家,Romas' House
魔王のネックレス,Sock-It Locket
ひと筆のこだわり,A Single Stroke
エトワールブーツ,Etoile Boots
大きなお菓子の壁,Big Sweets Wall
バスターウィップ,Scourge Whip
ロリータドレス下,Lolita Dress Bottom
メタル迷宮招待券,Metal Maze Ticket
超錬金ランプの本,Super Lamp Book
キリングエナジー,Killing Energy
アヌビスのアンク,Anubis' Ankh
おむつっこりの像,Bushy Baby Statue
フェアリー衣装Ⅱ,Fairy Costume Ⅱ
エトワールの伝説,Etoile Legend
ノクゼリアロッド,Noxeria Rod
スタジアムパンツ,Stadium Shorts
ドリームミミック,Dream Mimic
はぐれモグラの舌,Stray Mole's Tongue
インテリのうでわ,Brainy Bracer
シュメリアヒール,Sumeria Heels
初期ウェディ男性,Initial Weddie Male
クラッシュロッド,Crusher Rod
便せん屋マツリカ,Stationery Shop Matsurika
ウェルカムハウス,Welcome House
ミラクルブースト,Hurt Converter
魔獣サルファバル,Sulphubal
ローベルの報告書,Robel's Report
アンノウンサイズ,Unknown Scythe
メット無しスーツ,Helmetless Suit
3rdキョウダイフク,3rd Brother Clothes
灰ブチ猫カプセル,Ash Spotted Cat Toy
ゲルト海峡への道,Road to Gert Strait
出張購買員パタタ,Team Supplier Patata
ブラッドスピネル,Blood Spinel
巨戦鬼ゴルゴンザ,Gigantic Gorgonza
まよえるかるろす,Lost Carlos
プレミアムな金箔,Premium Gold Leaf
ふくろう観察日記,Owl Observation Diary
聖夜に燃ゆる聖火,Fire Burns on Holy Night
シュメリアピアス,Sumeria Earrings
マーチングコート,Marching Coat
スマートウォール,Smart Wall
双月のスティック,Double Moon Wand
やるきのバーティ,Burly Buttre
魔宮の守護者たち,Evil Shrine Guardians
リエーレの銃士服,Lierre Uniform
パワフルステーキ,Powerful Steak
ハイキングブーツ,Hiking Boots
エルフの人形・男,Elf Doll (M)
クラシカルハット,Classical Hat
春の和菓子セット,Japanese Sweets Set
ふわふわベビタン,Floaty Imp
パンジーのズボン,Pansy Pants
特攻隊長メガース,Kamikaze Captain Megas
デスマスの礼服上,Death Master Shirt
木工素材屋ミヅキ,Woodworking Materials Mizuki
ぴえろいしょうⅡ,Clown Costume Ⅱ
マリーンの金剛棒,Malynn's Diamond Rod
謁見の間への通路,Passage to Audience Chamber
天翼のエンブレム,Heavenly Emblem
預かり所ポンヌク,Storage Ponnuk
エックス君の像３,Mr. X Statue 3
プシューケーの盾,Psyche Shield
調理素材屋ポーツ,Cooking Materials Potsu
ブラッディスーツ,Bloody Suit
ペリドットの宝石,Peridot Gem
きのこ村のぼうし,Shroom Village Hat
スチームイス・赤,Red Steam Chair
暁の使者コッケン,Dawnkeeper Cuckoo
魔壊将のウィング,Wreck General's Wings
乱破の忍び装束上,Spy's Ninja Top
ぷりんせすどれす,Princess Dress
ドルワーム水晶宮,Crystal Palace
エンジョイ浮き輪,Fun Floatie
天魔クァバルナ強,Apex Kukulkannibal
強者賞トロフィー,Strongman Trophy
デスマーキュリー,Mortcury
中型魔神機開発部,Medium Aztech Development
白ねこの便利な壁,White Cat Wall
モーニングスター,Morning Star
ジャックの衣装２,Jack's Costume 2
はがねのかなづち,Steel Hammer
メタルキングたち,Metal King Slime
白木のテーブル大,Plain Table L
レース屋ミチシオ,Race Registrar Michishio
ストームカイザー,storm kaiser
源世庫パニガルム,Panigalm's Origin Vault
ピクニック魔勇者,Evil Hero Picnic
王宮のタンス・赤,Red Royal Wardrobe
星降りのローブ下,Starry Robe Bottom
まよえるまるこす,Lost Marcos
オーディーンボウ,Odin's Bow
ダイナートップス,Diner Top
スウィートバッグ,Bag o' Sweets
水流のかまえ・改,Be More Like Water
大理石の置き時計,Marble Table Clock
オス三毛猫スーツ,Calico Cat Suit (M)
香りたつ幻の果実,Fragrant & Great Fruits
ハートのイス・桃,Pink Heart Chair
クエストスキップ,Quest Skip
案内係ピューリィ,Guide Pury
かばうの性能変化,Chopping Block
しぐさ書・高笑い,Ohoho!
ダーマ神殿への道,Path to Alltrades Abbey
しぐさ書・お弁当,Lunch Box
ヘルジュラシック,Dragster
時元神キュロノス,Kyuronos, Ruler of Time
モモリオンのカギ,Sanguini King's Key
飛行士のグローブ,Aviator's Gloves
レシピ屋ミアーレ,Recipe Shop Miare
東洋風ランプ・華,Floral Orient Hung Lamp
コイン屋マッカル,Coin Shop McCull
異星からの侵略軍,Alien Invaders
カンフードレス上,Kung Fu Dress Top
砂の都の吊り飾り,Sand City Decoration
忠誠のチョーカー,Champion's Choker
闇騎士のよろい下,Dark Knight Lower Armor
禁忌の幻影神・封,Sealing Phantom
審判の天使のくつ,Angel of Judgment Shoes
郵便局員リアンナ,Postman Lianna
シスター・ノンナ,Sister Nonna
サフランローブ上,Saffron Robe Top
破壊と創造の神々,The Creator and the Destroyer
黒夜叉のよろい上,Black Bane Armor
欠番ジェニャの卵,Missing # Jenya Egg
ネレウスハンマー,Nereus Hammer
よろず屋リーベン,General Shop Leven
せんすいふくあか,Red Diving Suit
よろず屋ヤップイ,General Shop Yapui
クラウントランプ,Crown Deck
裏ナイトチケット,Knight Ticket Back
餅つきジャーミィ,Mochi-Pounding Jammy
アビサルシャーク,Seeshark
バンデッドバンド,Brigand's Band
とうぞくぼんがす,Thief Bongas
クリスモスゾンビ,Christmas Zombie
スレア海岸への道,Road to Surea Coast
白魔術館のタイル,White Mansion Tile
毛皮に包まれた氷,Fur-wrapped Ice
トライバルブーツ,Tribal Boots
預かり所コーディ,Storage Cody
ガネーシャエビル,Evil Ganesh
魔物商人デイラー,Monster Merchant Dailer
マーシャルピアス,Martial Earring
公演会２５冬目録,Winter Show '25 List
便せん屋タマズサ,Stationery Shop Tamazusa
お菓子な武器大全,Candy Weapon Compendium
魔物管理人ウルサ,Monster Manger Urusa
天ツ風の原への道,Road to Howling Highlands
野いちごブラウス,Wild Strawberry Blouse
マスタードロッド,Mustardo Rod
道具屋リーフィヤ,Item Shop Leafia
鋼殻のトロフィー,Steel Shell Trophy
魚交換員ポップイ,Fish Exchange Popui
エルダーフレイム,Old Flame
武神の道着セット,War God Outfit
攻城隊長ガンザン,Siege Captain Ganzan
小型の球体水そう,Spherical Aquarium S
預かり所ティリリ,Storage Tiriri
海冥主メイヴの像,Meiv Statue
ギルド移籍許可証,Guild Transfer Permit
天かける七色の橋,Rainbow Sky Bridge
バケットウィッグ,Bucket Wig
「此岸」の展示室,"Coastal" Exhibit Room
はぐメタチケット,Liquid Metal Ticket
チョコキャンドル,Chocolate Candle
マローネパラソル,Marone Umbrella
魔法学園のズボン,Magic School Pants
ノリまゆげシール,Eyebrows Sticker
音符のタンス・彩,Color Music Wardrobe
アトラス強メダル,Apex Atlas Medal
モーモンの像・庭,T. Sanguini Statue (G)
ミルドラシールド,Nimzo Shield
ベントラーコイン,Bentler Coin
格式高い申請用紙,Formal Application Form
天使の弓のレシピ,Angel's Bow Recipe
栄光に隠された闇,A Glorious Darkness
ウェディバングル,Weddie Bangles
オーロラクオーツ,Aurora Quartz
マーメイドソファ,Mermaid Sofa
Ｖロンのラグ・赤,Red Vron Rug
お祝いシャワー青,Celebration (Blue)
スターリーリスト,Starry Wristbands
メガトンハンマー,Megaton Hammer
クッキングデビル,Cooking Devil
中腹への道　入口,Path to Halfway Entrance
古代魔術のぼうし,Ancient Magic Hat
魔物管理人オリー,Monster Manager Ori
ネロドスシャドウ,Nerodos' Shadow
ニューＶロンの盾,New Vron Shield
クラウングローブ,Clown Gloves
マーブルヴォルク,Marble Volk
DQ3賢者男　ゾーマ,DQ3 Sage (M), Zoma
きせきの釣りざお,Miracle Fishing Rod
ボーンプリズナー,Marrow Escapee
魚交換員パッピイ,Fish Exchange Pappi
よろず屋ガーディ,General Shop Gadi
ゴシック調のイス,Gothic Chair
学園ゴシップ新聞,Academy Gossip News
ぐるぐるネジ巻き,Winding Key
パンドラチェスト,Pandoradrobe
花と手紙のセット,Flower and Letter Set
魔女グレイツェル,Gretzel
壁かけお正月飾り,New Year Wall Decor
モンスターハート,Monster Hearts
ファルコンダガー,Gryphon's Wing
侵攻隊長シザルグ,Invasion Captain Sizarg
オーロラパウダー,Aurora Powder
いっぱつのズボン,One Shot Pants
ポセイドンタンス,Poseidon Wardrobe
たちきりブラザー,Bigger Buzzbee
蒼穹兵団のかぶと,Azure Corps Helmet
観測者モルフェス,Observer Morpheus
追想の王城・１階,Memory's Castle 1F
サンダーフロッグ,Zaptile
ハーベストドラゴ,Harvest Dragon
フォールンギフト,Fallen Gift
悪神ラダ・ガート,Fiend Lada Gart
タンブラーリスト,Tumbler Bangles
ぴえろいしょうⅠ,Clown Costume Ⅰ
防衛軍の制服・赤,Red Defense Force Suit
ファンシーチョコ,Fancy Chocolate
ウィズダムサイス,Wisdom Scythe
プチムドーカード,Frail Murdaw Card
ネネットの日記帳,Nenette's Diary
かたりべのブーツ,Storyteller's Boots
ペロリンステッキ,Lolly Stick
スピードアップ床,Speed Up Floor
アズラン温泉旅情,Azlan Hot Spring Travels
ヴァイパーハット,Viper Hat
シンプルパーカー,Simple Hoodie
ジャンボカボチャ,Jumbo Pumpkin
春風チアーズ衣装,Spring Cheer Outfit
コンボアンプ・庭,Combo Amp (G)
ゴシックビスチェ,Gothic Bustier
レジェンズサイズ,Legends Scythe
みかわしオムレツ,Evasion Omelet
ブラックベジター,Scourgette
庭用ネコ草ベッド,Cat Grass Bed (G)
しぐさ書・決め前,Decisive Pose Front
花華メイドブリム,Flower Maid Brim
七夕・雨斬りの書,Festival Rain Slayer
シュパルトエッジ,Rift Edge
アンノウンスピア,Unknown Spear
討伐隊員ロナール,Strike Force Ronal
ワイルドファング,Wild Fang
妖精のトンガリ靴,Fairy Shoes
魔法戦士団サロン,Armamentalist Corps
時の車掌ゼーベス,Conductor of Time, Zebes
天使の資料カード,Angel's Reference Card
ノーブルコート上,Noble Coat Top
前座芸人のズボン,Show Opener's Pants
よろこびの玉手箱,Joyful Jewelry Box
らいだーすすーつ,Riders Suit
シールドアタック,Blockenspiel
ネタ「だいこん」,Radish Trick
シーサイドベッド,Seaside Bed
第１１回パドレ像,11th Padre Statue
マイタウン権利証,My Town Deed
魔天導ビブローン,Bibron, Way of Evil
若者の家ペコリア,Youth House Pekoria
フローズンバード,Icebird Throw
ネタ「紅葉隠れ」,Hidden in Leaves Trick
邪竜教団サミット,Summit of the Dragon Order
バズッチャイーナ,Pazuccina
第１４回リィン像,14th Lynn Statue
レース屋プクヨミ,Race Registrar Pukuyomi
パルカラス亡霊王,Ghost King Palkaras
紫のほこらのカギ,Purple Shrine Key
クレセントダガー,Crescent Dagger
よろず屋スワーニ,General Shop Swani
預かり所ヒメネス,Storage Himenes
聖王のムチの壁画,Dryspell Whip Book
真実に気づいた男,He Who Realized Truth
マーメイド仕切り,Mermaid Partition
地底湖の洞くつ前,Underground Lake Cave
聖王の大剣の壁画,Dryspell Blade Book
シスター・トニア,Sister Tonia
さらりとした樹液,Smooth Sap
ショコラチケット,Chocolate Ticket
海魔の眼甲の破片,Nacreous Necromonocle Shard
メタリオンスピア,Metallek Spear
ネタ「こまいぬ」,Foo Dog Trick
スチームシールド,Steam Shield
絆のエンブレム改,Uber Bonding Emblem
Ⅲ‐ディアノーグ,Ⅲ‐Diamagon
クローバーピアス,Clover Earrings
チョコスティック,Choco Stick
三角ランタンの木,Triangle Lantern Tree
ハンモックベッド,Hammock Bed
ギュッとワンワン,Dog Arm Doll
レクタリスのくつ,Lectalis' Shoes
カボチャオーブン,Pumpkin Oven
バシっ娘を継ぐ石,The Bazoom Gal's Stone
マーチングズボン,Marching Trousers
ルミナスフロート,Luminous Float
よろず屋ピッペル,General Shop Pippel
プロミネンス着弾,Prominence Impact
カンフーパンプス,Kung Fu Pumps
魔法戦士団制服２,Armamentalist Uniform 2
エレメントキラー,Elemental Ender
イワトビカプセル,Rockhopper Penguin Toy
赤き大地の迷い人,Wanderer of the Red Land
白木のテーブル小,Plain Table S
黒曜のテーブル大,Obsidian Table L
ダンディグローブ,Dandy Gloves
獄嵐鬼ウェンリル,Stormkeeper Wenrir
タータンドレス下,Tartan Dress Bottom
ドラゴンクエスト,Dragon Quest
えきいんあぼっと,Attendant Abbot
黒騎士のよろい下,Black Knight Kilt
ハートのイス・黄,Yellow Heart Chair
黒騎士のすねあて,Black Knight Greaves
へんげの杖・ブタ,Mod Rod (Pig)
武器防具屋トイム,Weapon & Armor Shop Toimu
便せん屋キキョウ,Stationery Shop Kikyo
魔物管理人アイミ,Monster Manager Aimi
レシピ屋レズリー,Recipe Shop Leslie
ブレイクスタイル,Break Style
劇場職員ホルーテ,Staff Holte
オーナーの館１階,Owner's Mansion 1F
レース刺繍の日傘,Embroidered Umbrella
壁かけ穴ミイラ男,Mummy Boy Hole
オーロラウンダー,Aurorarounder
オパールの食器棚,Opal Cupboard
タクティカセット,Tactical Outfit
チェイサーバンド,Chaser Headband
ロボとサジェの畑,Robot Sajay Field
地下１階への出口,Exit to B1F
郵便局員ジヌデル,Postman Shinderu
かんだたげんすい,Robbin' 'Ood Marshal
芯層・ルビン宙橋,Core Area - Rubyn Bridge
スターギフト・赤,Red Star Gift
フライングスター,Flying Star
手裏剣アイパッチ,Shuriken Eyepatch
レジェンズワンド,Legends Staff
ヒュプノスハント,Persecutter
サイキョーＶロン,Psycho Vron
センボンウィップ,Blowfish Whip
貢献賞トロフィー,Contribution Trophy
グリンガムのムチ,Gringham Whip
パストラルハウス,Pastoral House
プラチナブレード,Platinum Powersword
ニンジンリゾット,Carrot Risotto
ゾンビブラザーズ,Zombie Brother
夕焼け雲のタンス,Sunset Cloud Wardrobe
祈星のスティック,Prayer Star Wand
アズラン駅の模型,Azlan Station Model
バルディスタ弓兵,Valdista Archer
魔法戦士団ブーツ,Armamentalist Boots
モーモンのぼうし,Teeny Sanguini Hat
ラウルのグローブ,Rahul's Gloves
ジョイフルカカオ,Joyful Cocoa
色見本・やまぶき,Golden Yellow Swatch
レプリカ加工ロボ,Replica Processor
のっかりゼラチン,Boingin' Knight
男性花柄のゆかた,Men's Floral Yukata
ダークプラネット,Dark Planet
アズラン紋章旗幟,Azlan Emblem Banner
ブリキ板張りの壁,Tin Plate Wall
オパールのタンス,Opal Wardrobe
クルヴィダの王冠,Kuruvida's Crown
フェアリーバット,Fruity Succubat
ピラミッドの写真,Pyramid Photo
ガブリエルのやり,Gabriel's Spear
プラチナミミック,Platinum Mimic
ガズバランの牙Ａ,Gazbalan's Fang A
案内係ディアマン,Guide Diamond
クモさんお掃除棒,Spider Sweeping Stick
こいするきゃしー,Kathy in Love
プリンセスニャン,Princess Cat
まものごころの器,Monster Heart Holder
マジェスタハット,Majesta Hat
ロイヤルチャーム,Sovereign Seal
よろず屋ヒャッカ,General Shop Hyakka
第１３回ラウル像,13th Rahul Statue
水のはごろも物語,Flowing Dress Story
モスグリリュック,Moss Green Backpack
キュロン花火・緑,Green Kyuron Fireworks
キラゴルドコイン,Gyldygga Coin
てんとうスカラベ,Spotted Scarab
ジャンボトマト２,Jumbo Tomato 2
ボイスレコーダー,Voice Recorder
魔人エンラージャ,Enraja the Genie
大地の竜玉の破片,Earthwyrm's Eye Shard
凶禍のフラウソン,Flauson the Wicked
かんおけプリズム,Coffin Prism
管理端末Ｑ４８４,Management Terminal Q484
デスマスクの破片,Slaughtomask Shard
シーサイドソファ,Seaside Sofa
ワンダークリーム,Wonder Cream
立ちはだかる慈雨,Rain Stands in the Way
ディバインランス,Divine Lance
預かり所パレーノ,Storage Palenno
スイカのイス・黄,Yellow Watermelon Chair
よろず屋ピンドフ,General Shop Pindoff
魔妖星プルタヌス,Plutanus
魔獣ネロスゴーグ,Demon Beast Nerosugog
パンプキンフード,Pumpkin Hood
誓約の園のガゼボ,Covenant Gazebo
知の試練・第１層,Wisdom Trials - L1
便せん屋ライジー,Stationery Shop Raiji
しんりのローブ上,Faithful Robe Top
バシルーラの起源,The Origins of Bazoom
ファータグローブ,Fata Gloves
フォースシールド,Force Shield
雷エフェクト・庭,Lightning Effect (G)
しぐさ書・きのこ,Mushroom Trick
タロット屋バビロ,Tarot Shop Babilo
フラウスハンマー,Flaus Hammer
うろこのよろい下,Scale Leggings
ヘルヴェルの部屋,Helvel's Room
ムニエカの飾り棚,Munieka Display Shelf
預かり所コライユ,Storage Koraiu
オルフェア地方西,Orphea Region West
レースの観客３２,Race Spectator 32
お待たせしました,Thanks for waiting!
びようしぱぱーな,Papana
アドミラルブーツ,Admiral's Boots
神都フォーリオン,Fourion
モンスターゾーン,Shocking Twist
ＣＭ用ドワーフ２,Dwarf For CM 2
ショコラな衣装券,Chocolate Outfit Voucher
和傘の天井ランプ,Umbrella Ceiling Lamp
魔力吸収布の製法,Magic Cloth Method
ニニエルザドレス,Ninierza Outfit
ミラクルスライム,Miracle Slime
ツインアンテナＢ,Twin Antenna B
手編みのセーター,Hand-Knit Sweater
ねこまどう便せん,Meowgician Paper
七夕・雲払いの書,Festival Cloud Sweeper
トリックランタン,Trick Lantern
タンポラゴラの像,Dandeligora Statue
カエルパーカー下,Frog Shorts
スライムベス提灯,She-Slime Paper Lantern
謎の首長竜の写真,Mystery Lake Beast Photo
ギュッと時の妖精,Time Fairy Arm Doll
郵便局員マルセン,Postman Marsen
脱力系クッション,Relaxing Cushion
初期ドワーフ女性,Initial Dwarf Female
魔物管理人テナナ,Monster Manager Tenana
デビパンクブレス,Devil Punk Bracelets
わかがしらこぐち,Young Koguchi
えきいんしーどる,Attendant Shidoru
シスター・パパラ,Sister Papala
禁書の守護者・左,Left Banned Book Guard
フォルムチェンジ,form change
セレーネアックス,Serenity Slicer
スターリーロッド,Starry Rod
魔天骸オロバドン,Demon Skeleton Orobadon
アルファ用銀の丘,Silver Hill for Alpha
ワイトジェネラル,General-at-arms
カボチャランタン,Pumpkin Lantern
ルイーダ酒場の柱,Patty's Pub Pillar
獄炎鬼アグニース,Firekeeper Agnis
カムシカプリズム,Azlantelope Prism
フロートプラント,Floating Plant
タロットテーブル,Tarot Table
カラフルチケット,Colorful Ticket
色見本・グレープ,Grape Swatch
シャークサンダル,Shark Sandals
はがねのよろい下,Steel Armor Bottom
魔物管理人の制服,Monster Manager Uniform
プロテ豆入り布袋,Bag with Protein Beans
紫水晶のオーブン,Amethyst Oven
行商人チャケマエ,Peddler Chakemae
南の渡し守ハーリ,South Ferryman Hari
シックゴスセット,Chic Goth Outfit
おめでとう便せん,Congratulations Paper
スパイクバイザー,Spike Visor
愛のチョコレート,Affection Chocolate
カンフードレス下,Kung Fu Dress Bottom
やいばのはちがね,Spiked Circlet
しぐさ書・うちわ,Wave Fan
ピクニックチョメ,Clawde Picnic
プティフウラの像,Teeny Fuura Statue
ごうかな本棚・赤,Red Fancy Bookshelf
授業ウェディ男性,Weddie Male Student
エルトナスイセン,Eltona Daffodil
竜将アンテロたち,Dragon General Antelo
霊剣セレンナイト,Sword of Selenite
知の試練・第２層,Wisdom Trials - L2
暴走幽霊列車の怪,The Ghost Train Incident
マスター・ラセド,Guildmaster Rasedo
コールドランナー,Polar Peckerel
預かり所イリズヤ,Storage Irizya
クリスターライト,Crystal Clear
踊り子のサンダル,Dancer Sandals
はがねのよろい上,Steel Armor Top
ソーサリーリング,Sorcerer's Ring
ダストンパラソル,Duston Umbrella
ろうごくドーター,Prison Daughter
小型の和風水そう,Japanese Aquarium S
交換屋メリーポコ,Exchange Shop Meripoko
サンセットの花束,Sunset Bouquet
異界将軍ゴレオン,Goreham-Hogg, the Otherworldly
追想の王城・２階,Memory's Castle 2F
レンタル屋パルノ,Rental Shop Parno
マジックアーマー,Charmour
防衛軍の制服・Ｙ,Defense Force Suit Y
レンダーシア上空,Lendersia Skies
馬蹄のイヤリング,Horseshoe Earrings
大魔王候補者たち,Demon Lord Candidates
ダークキャンドル,Dark Candle
アークデーモンＢ,Archdemon B
さいほう作業着上,Sewer's Clothes
ウィリーデエッジ,Vilide Edge
ウルタのグローブ,Ulta Gloves
聖騎士のやりの書,Paladin's Lance Book
しんりのローブ下,Faithful Robe Bottom
ボロボロのリボン,Tattered Ribbon
飛竜のタマゴ欠片,Dragon Egg Piece
しびれくらげ１２,Man o' War 12
ファラスのズボン,Faras' Pants
はじめてのルーペ,Beginner's Loupe
くすしのローブ上,Apothecary Upper Robe
建物屋ペルホネン,Building Shop Pelhonen
ゼネシアのうでわ,Zenethia's Bangles
星石のハルバード,Meteorite Halberd
さみだれうち・改,Rain of Pain+
ダッシュラン・強,Vicious Drag Racer
キュロドーナッツ,Kyuro Donut
銀のさいほう針小,Silver Needle S
カンフースーツ下,Kung Fu Suit Bottom
ニニエルザピアス,Ninierza Earring
枯れ井戸の地下洞,Underground Well Cave
カジュアルドレス,Casual Dress
バラモスゾンビ闘,Epic Bones of Baramos
キュートクリーム,Cute Cream
ドラグーンソード,Dragoon Sword
パレードウェア上,Mardi Garb Top
修練の竜アズーロ,Azuro, Dragon of Training
ジャックの衣装３,Jack's Costume 3
異界将軍ギュメイ,Goresby-Purrvis, the Otherworldly
魔勇者ぬいぐるみ,Evil Hero Plushie
BGMテスト同期部屋,BGM sync test room
妖精変身ステッキ,Fairy Makeover Wand
スライムのベッド,Slime Bed
育成受付係ブレダ,Training Reception Breda
レジェンズケース,Legends Case
プリズンイーグル,Prison Eagle
タイタス号の模型,Titus Model
マザー・リオーネ,Mother Lione
戦神の箱＋４・改,War Deity Box +4 v2
壁かけ聖天舎の窓,Monastery Window
シスター・レレノ,Sister Releno
ベホマズン便せん,King Cureslime Paper
クリスタルハンド,Crystal Hand
チョコボの像・庭,Chocobo Statue (G)
郵便局員ヘヘヒヒ,Postman Hehehihi
水神ギルギッシュ,Water God Gilgish
バラモス強カード,Apex Baramos Card
バッジ交換券・銀,Silver Badge Ticket
哀愁のパン耳伝説,Sorrow Bread Legend
ラピスの友達の絵,Lapis' Members Drawing
預かり所パリュス,Storage Paruse
妖炎魔女の魔導書,Fire Witch Grimoire
しぐさ書・ドラム,Play Drums
ミラクルクッキー,Miracle Cookies
装飾具屋ピッタン,Decoration Shop Pittan
ヤドカシの像・庭,Draginn Statue (G)
スパークショット,Starstrike
ダイヤココナッツ,Diamond Coconut
ナドラダイト鉱石,Nadradite
家出したスランジ,Runaway Goorange
ヒューザパラソル,Hyuza Umbrella
うるおいの木酢液,Moisturizing Wood Acid
初期ウェディ女性,Initial Weddie Female
射手の服のレシピ,Archer Outfit Recipe
ベルトロの部下Ａ,Bertro Subordinate A
悲愴のウィリーデ,Vilide the Pathetic
ジャングル風の柱,Jungle-Style Pillar
氷結らんげき・改,Crushed Ice+
案内係ラファーヌ,Guide Rafane
開かずの間・前室,Unseen Room Chamber
ヴォイドアンカー,Anchor of Rancour
エルフカウンタ小,Elf Counter S
スチームグローブ,Steam Gloves
素材屋ミルフィプ,Material Shop Mirfpu
魔想念ローガスト,Remnant of Logast
歌詠みのころも下,Poet's Attire Bottom
トーテムサンダル,Totem Sandals
雪だるまのドーム,Snowman Snow Globe
まるこもんせっと,Circle Pattern Set
おシャケなポーチ,Fishionable Pouch
お姫様のイス・橙,Princess Chair
デュエルキャップ,Duel Cap
バラのスティック,Rose Wand
道具屋・レシピ屋,Item/Recipe Shop
郵便局員ペープペ,Postman Pepupe
アスフェルド光章,Asfeld Medal
狂想鬼メルジオル,Mad Ghost Merjol
旬の黄金アマエビ,Seasonal Gold Pink Shrimp
お月見のぼんぼり,Moon Viewing Lantern
グレイナル叙事詩,Epic of Greygnarl
臨時大使ペリレネ,Temp Ambassador Palileo
ナンナのこころ７,Nanna's Heart Lv7
ルビスのローブ下,Rubiss' Lower Robe
童話作家の家の扉,Tale Spinner's Door
シスター・リンネ,Sister Linne
あやしい大木の壁,Suspicious Tree Wall L
スターリーブーツ,Starry Boots
デビパンクセット,Devil Punk Outfit
みつあみエクステ,Braid Extension
バザールを救え！,Save the Bazaar!
先王ゾルトグリン,Former King Zoltgrin
預かり所ブシュラ,Storage Bushra
ミリオンスマイル,Million Smile
暗黒の魔人コイン,Ruin Coin
あしあとカプセル,Footprints Toy
ゲッチュ君の写真,Your Getchu Photo
料理屋クレッセル,Server Kressel
スイカのラグ・庭,Watermelon Rug (G)
ディバインスペル,Anathematise
預かり所ガシャラ,Depository Gashara
奇跡の錬金ランプ,Miracle Lamp
バトルトリニティ,Battle Trinity
じゅうたんソファ,Carpet Sofa
よろず屋ポロペン,General Shop Poropen
不思議な扉銀の丘,Strange Silver Door
よろず屋パサンタ,General Shop Pasanta
ＤＱウォーク印章,DQ Walk Stamps
星降りのローブ上,Starry Robe Top
ミローレのチョコ,Milore's Chocolate
桜モダンスーツ下,Cherry Modern Pants
和風の５色ランプ,Japanese 5 Color Lamp
武器屋ニョッププ,Weapon Shop Nyopup
パラディンのくつ,Paladin Shoes
紹介人グリゼット,Introducer Glisette
エンジェルサイズ,Angel Scythe
ファリネのチョコ,Farine's Chocolate
ストライプゆかた,Striped Yukata
シャンテキッチン,Shante Kitchen
第１１回ラウル像,11th Rahul Statue
星降りのスカート,Starry Skirt
ペリポンの像・庭,Peripon Statue (G)
ネコ姫の間仕切り,Cat Princess Partition
ジルドラーナの剣,Jildrana's Sword
ヴォルザッド要塞,Fort Volzaad
おうごんのかけら,Gold Nuglet
死せる結晶の荒野,Dead Crystal Desert
パッチ柄ラグ・桃,Pink Patch Rug
エックスシューズ,X Shoes
つままれスラベス,Pinched She-Slime
黒猫のブーメラン,Black Cat Boomerang
療養地区ペコリア,Medical Area Pekoria
管理人アチュリン,Caretaker Achurin
ソフトクリーム傘,Ice Cream Umbrella
いきのいいサザエ,Very Fresh Turban Shell
魔天獅ヒッポルコ,Magic Lion Hippolko
きりこみプレート,Aquatic Armour
ケセランパセラン,Tufty Tot
魔物管理人メリュ,Monster Manager Meryu
奈落より常世まで,Abyss to the Real World
フォーリオンの空,Skies of Fourion
預かり侍女アトリ,Storage Maid Atori
授業ウェディ女性,Weddie Female Student
お好み焼き屋コン,Pancake Shop Kon
レビュールマリー,Revule Marie
エスニックビキニ,Ethnic Bikini
ニコニコな大冒険,Adventure With a Smile
便せん屋ウツセミ,Stationery Shop Utsusemi
カレーサタンの像,Curry Imp Statue
ルファ神殿・入口,Rufa Temple - Entry
マジカルかぼちゃ,Magical Pumpkin
アークデーモンＡ,Archdemon A
アインスリッター,Eins Ritter
世界一クイック伝,World's Quickest Legend
サマーコサージュ,Summer Corsage
ユーススニーカー,Youth Sneakers
預かり所ゼーノン,Storage Zenon
光の鍛冶ハンマー,Light Hammer
天象のスティック,Celestial Wand
新作家具屋モルド,New Indoor Furniture Shop Mordo
ふしぎなドロドロ,Odd Clod
棺桶クローゼット,Coffin Closet
いねかりぞくの像,Harvester Statue
どんぐりのランプ,Acorn Lamp
ネコミイラ衣装Ⅱ,Cat Mummy Costume Ⅱ
ティプローネ高地,Tiplone Highlands
イエローシックル,Armour Mantis
シスター・ララニ,Sister Rarani
ハリケーンエッジ,Blusterang
ペシュヤ地下空洞,Peshuya Underground Cave
チョコっと衣装券,Choco Costume Ticket
イオ１０系の写真,Bang 10 Series Photo
死霊兵ガテリアン,Spirit Soldier Gaterian
ヒートギズモ・異,Anomalous Hell Nino
特急メタル招待券,Express Metal Ticket
ガーデンドレス下,Garden Dress Bottom
邪竜神の使徒たち,Apostles of the Dragon God
てれぱすたいつⅡ,Telepath Tights Ⅱ
しぐさ書・大テレ,Very Shy
アラハの庭用ラグ,Al-Ahagiro Rug (G)
応援団のてぶくろ,Cheer Team Gloves
ウェディ秘書モブ,Weddie Secretary Mob
ジュアロとゾデラ,Juaro and Zodera
クイーンスライム,Queen Slime
アクロバットの像,Acro Bat Statue
ガートラント兵４,Gartlant Soldier 4
タイフーンブーツ,Typhoon Boots
エンドオブシーン,Curtain Call
さとりのグローブ,Gloves of Clarity
バトマスグローブ,Gladiator Gloves
景品交換所シリン,Prize Exchange Shirin
ストームフォース,Gale Fource
オルフェア白色花,White Orphea Flowers
キツネパーカー上,Fox Hoodie
ウェディのリスト,Weddie Bracers
ファラザード兵Ａ,Farazard Soldier A
占い師のサンダル,Fortune Teller Sandals
くじゃくの巻き物,Peacock Scroll
学長マスカレイド,School President Masquerade
演奏会２５冬目録,Winter Concert '25 List
案内係サフィール,Guide Sapphire
ふわふわモーグリ,Floaty Moogle
花柄モダンはかま,Modern Floral Hakama
アンカースピアー,Anchor Spear
白トラ猫カプセル,White Tabby Toy
まもの使いの服２,Monster Wrangler Suit 2
女神ルティアナ像,Lutiana Statue
小型魔神機開発部,Small Aztech Development
授業ドワーフ男性,Dwarf Male Student
ラブリークッキー,Lovely Cookies
メラゾ熱ワクチン,Kafrizz Fever vaccine
殺りくのグレボス,Killer Grevos
特製キュロン花火,Specialty Kyuron Fireworks
オパールのベンチ,Opal Bench
プチビッグな香水,Big Perfume S
輝く守りの両手剣,Shining Greatsword
夢占い師の水晶玉,Dreamer's Crystal Ball
ジア燃石生産場１,Diatite Production Plant 1
ギュッとお師匠様,Master Arm Doll
１段ブロック・緑,Green Block
赤バラのチェスト,Red Rose Chest
アラハギーロ印章,Al-Ahagiro Stamps
パピヨンドレス下,Papillon Dress Bottom
ドミネウスの部屋,Domineus' Room
ゴーレムの像・庭,Golem Statue (G)
マキュリの冷蔵庫,Makyuri Refrigerator
ダークネビュラス,Dark Nebulus
フェンサーマント,Fencing Cloak
ゴールデンライト,Golden Light
形見のオルゴール,Keepsake Music Box
暗黒の魔人練習札,Ruin Tag
タンブラーボトム,Tumbler Pants
はじめての木工術,Would-Be Woodworking
バカン山道への道,Road to Bakan Mountain Pass
レクスルクスの楔,Lexlux Link
大地の箱舟　終幕,Ark of the Earth End Act
住宅素材屋ナナイ,Housing Materials Nanai
ダーククリスタル,Dark Crystal
万魔の紋章の破片,Terror Crest Shard
ナラジアトランプ,Narasia Cards
想いを花に込めて,Thoughts Into Flowers
メタスラの食器棚,Metal Slime Cupboard
お祝いクラッカー,Celebration Popper
手袋にかけた想い,Thoughts On Gloves
ラッカラン住宅村,Luckland Residences
ルティショー像黒,Black Astolti Short St.
隠れスライムの像,Hidden Slime
イーギュアの大牙,Rapscallion's Fang
しぐさ書・雪隠れ,Hidden in Snow Trick
攻撃時10%でためる,Tension Attack 10%
賢者のころも上２,Sage Robe Top 2
守護者ラズバーン,Razerburn
実行委員リーベル,Executive Committee Ribel
上級亡霊兵士たち,High Spirit Soldiers
ハートの本棚・黄,Yellow Heart Bookshelf
預かり所シャルギ,Storage Shargi
滝のかきわり・凛,Cold Waterfall Backdrop
メタスラのタンス,Metal Slime Wardrobe
桜花のドレッサー,Cherry Blossom Vanity
ウサぐるみのくつ,Rabbit Shoes
原始獣のコート下,Primal Beast Leggings
折れたはがねの剣,Broken Steel Sword
ネレウスショット,Nereus Bow
パッションパレオ,Passion Pareo
ビジューな足ヒレ,Bijou Flippers
ルベランショット,Ruberan Bow
キャプテンマント,Captain's Cloak
童話ゆうわくの弓,Fuddling Fairy Tales
指先で触れる世界,World at Your Fingertips
パーティードレス,Party Dress
郵便局員ツィサア,Postman Tsisa
古代王族のベスト,Ancient Royal Vest
おめかしカラー券,Recolor Ticket
ダーマ礼拝堂の扉,Alltrades Abbey Door
シスター・ライラ,Sister Lyra
いやしのムニエル,Mending Meuniere
ボストロールの像,Boss Troll Statue
モグふわベビタン,Fluffy Chef Imp
冒険者のてぶくろ,Adventurer's Gloves
らくらくスコップ,E-Z Shovel
ウィキッドヘルム,Wicked Helm
しっくごすせっと,Chic Goth Outfit
氷魔フィルグレア,Filglare the Ice
ディバインヘルム,Divine Helm
素材屋看板と敷物,Material Shop Sign and Floor
小型の丸い水そう,Round Aquarium S
海賊と海神の秘宝,A Pirate's Treasure
ローマストランプ,Romas Deck
素材屋のぼうし紅,Red Material Shop Cap
ふわふわホミ４世,Floaty Healix IV
スチームカッター,Steam Boomerang
リィンぬいぐるみ,Lynn Plushie
かんだたそうすい,Robbin' 'Ood Chief
おうち用青空天井,Blue Sky Ceiling
ラブリーリュック,Lovely Backpack
素材タネ屋ピード,Material Seed Shop Peid
マドハンド便せん,Muddy Hand Paper
サジェぬいぐるみ,Sajay Plushie
灼熱サーフパンツ,Scorching Surf Shorts
種族ＬＯＶＥ印章,Kindred Devotion Stamps
娯楽島ラッカラン,Luckland Island
水晶のカーペット,Crystal Carpet
ナンナのこころ６,Nanna's Heart Lv6
パルミオの研究所,Palmio's Laboratory
第３回魔勇者の像,3rd Evil Hero Statue
キュロン花火・赤,Red Kyuron Fireworks
シスター・ペッス,Sister Pess
ドッグラマッコイ,Dogjamas
クロブタカプセル,Black Pig Toy
ベコン渓谷への道,Road to Becon Valley
ウォーターサイド,Waterside
酒場主人のピアス,Tavernkeeper's Earrings
ボーンのこんぼう,Zombie Gladiator Club
ラグジュアルリム,Life of Luxury
バトルチョーカー,Dogged Collar
いっぱつのぼうし,One Shot Hat
太陽の斧を求めて,Seeking Apollo's Axe
ちあがーるのふく,Cheerleader Clothes
ジャングルの花束,Jungle Bouquet
魔瘴魂ナドラグル,Nadragul, Soul of Miasma
武勲の城のタイル,Valor Castle Tile
シーサイドルーム,Seaside Room
黄昏の詩人の楽譜,Twilight Poet's Score
神授の判定者たち,Judges of Divine Gifts
魔法使いのブーツ,Mage Boots
えにし紡いで……,Weaving Bonds...
エルフのサンダル,Elf Sandals
ラキの手作り弁当,Lycae's Homemade Lunch
オジャロスの部屋,Ojalos's Room
ラヴィアンローズ,Rose Spectaculars
ある魔術師の悔恨,Magician's Regret
超かがやきの樹液,Super Sparkly Sap
エンゼルウィップ,Angel Whip
ナルビア宿屋の扉,Nalbia Inn Door
魔軍十二将の絵画,Twelve Tyrants Painting
ドラキーの便せん,Dracky Paper
ぶっちズキーニャ,Zumeanie
プラコン用のイス,Private Concierge Chair
ウェナールピアス,Wenal Earrings
マジカル姫ぞうり,Magical Sandals
まよえるせしりお,Lost Cecilio
マダムの店のラグ,Madame's Shop Rug
バズカフェのラグ,Pazu Cafe Rug
時の妖精のフード,Time Fairy's Hood
ギュッとルコリア,Lucolia Arm Doll
テンションバーン,Feel the Burn
フカき海の底で２,Bottom of Shark Sea 2
黄金のアンクの箱,Golden Ankh Box
プチデビルハット,Petit Devil Hat
ヘヴィーグローブ,Heavy Gloves
キラーなピッケル,Maniacal Mole Pickaxe
ファラスキッチン,Faras Kitchen
三毛太猫カプセル,Fat Calico Cat Toy
白魔術館の魔法球,White Mansion Magic Orb
ほしくずのピアス,Stardust Earrings
スライムモビール,Slime Mobile
モーグリチケット,Moogle Ticket
ショップポイント,Shop Points
レモンハルト劇場,Lemonheart Theatre
レジェンズロッド,Legends Rod
ポイズンカメリア,Poison Camellia
プクランサフラン,Pukuland Saffron
ながれ星の贈り物,Shooting Star's Gift
シスター・ウナス,Sister Unasu
偽メタルスライム,False Metal Slime
プクリポキッチン,Pukulipo Kitchen
ふわふわホイミン,Floaty Healie
ネグールドラゴン,Nezure Dragon
プラコン美容院券,Beauty Salon Ticket
王城の悪夢・３階,Nightmare's Castle 3F
プクリポ研究者１,Pukulipo Researcher 1
おしえてデーモン,Tell Me, Demon
ドルタムの念晶鏡,Doltam's Telecrystal Mirror
親分ザメの浮き輪,Boss Shark Floatie
陰陽博士の虎の巻,Yin-Yang's Cheat Sheet
おすもっこりの像,Sumo Baby Statue
ジュレー島の木Ｃ,Jule Island Tree C
ぽんぽこの葉っぱ,Tanuki Leaf
ソードファントム,Phantom Swordsman
神光放つ大剣の書,Holy Light Blade Book
黄色パンジーの傘,Yellow Pansy Umbrella
トライバルヘッド,Tribal Hat
あやしいオーブン,Suspicious Oven
ズワイガニネオン,Snow Crab Neon Sign
記憶の帝国技術庁,Memory of Imperial Endeavors
アンノウンクロー,Unknown Claws
大魔王城の便せん,Demon Lord Castle Paper
せんしあいざっく,Warrior Isaac
あやかし妖精物語,Spirited Away
パティシエの服下,Pastry Chef Bottom
あらくれバングル,Brute Bangles
たこやきプリズム,Takoyaki Prism
笑う地獄の大公爵,Duke of Hell Laughing
アズラン宿屋の扉,Azlan Inn Door
シスター・モンテ,Sister Monte
キツネ猫カプセル,Fox Cat Toy
スターギフト・白,White Star Gift
ポセイドンソファ,Poseidon Sofa
トライバルボトム,Tribal Bottom
王城の悪夢・２階,Nightmare's Castle 2F
人形師のアトリエ,Dollmaker's Workshop
凍れる時獄の秘法,Art of Frozen Time
デバフクリスタル,Debuff Crystal
エレガントブレス,Elegant Bracelets
キラキラゴーレム,Glittering Golem
夢のドレスを君に,A Dream Dress For You
帝国三将軍練習札,Triumgorate Tag
巨大ナスビナーラ,Giga Large Woebergine
三首海竜のピアス,Sea Dragon Earring
キュロン花火・黄,Yellow Kyuron Fireworks
ミサイルユニット,Missile Unit
スカウトアタック,Scout Strike
ミラーアーマー下,Mirror Armor Bottom
星空のソファ・紫,Purple Starry Sofa
時の妖精カプセル,Time Fairy Toy
機工博士のぼうし,Engineer's Hat
儀礼場への洞くつ,Cave to the Court
トレジャーブーツ,Treasure Boots
ゼニスのまどろみ,Zenith's Slumber
黄金の飾り片手剣,Ornamental Sword
１段ブロック・赤,Red Block
開かずの間のカギ,Unseen Room Key
ようせいのラムネ,Fairy Drink
セーラスアックス,Selas Axe
王国軍司令部の剣,Royal Army Swords
ふわふわバルーン,Floaty Balloon
オーガカウンタ小,Ogre Counter S
カミルのローブ上,Kamil's Robe Top
ソードギフト・紺,Navy Blue Sword Gift
ショコラなぼうし,Chocolate Hat
ベジセルクの奏演,Cucumberserk's Act
酒場主人のブーツ,Tavernkeeper's Boots
マスターグレイト,Master Dragon
モッズヘッドホン,Mod Headphones
幽閉獄長チッチチ,Caged Chirper
さみだれ突き・零,Multithrust+
魔の試練・第３層,Demon Trials - L3
サクランボのラグ,Cherry Rug
バスタードソード,Bastard Sword
ミステリーチョコ,Mystery Chocolate
アクセ屋カーメロ,Accessory Shop Karmelo
ヒロイック衣装券,Heroic Outfit Voucher
ナイトメアリーフ,Lethal Leaf
きょくげいスキル,Litheness skill
素材屋ジョスリン,Material Shop Joslyn
黄昏の詩人の舞台,Twilight Poet's Stage
神獣パチャティカ,Divine Beast Pachatika
あやしいかげ・強,Vicious Shade
クラムベリル広場,Crumberyl Clearing
預かり所ヤーディ,Storage Yadi
にじいろの布きれ,Technicolor Dreamcloth
まもの使いずきん,Monster Wrangler Hood
キラキラモーモン,Glittering T. Sanguini
ガーデンシャワー,Garden Shower
アメジストの置物,Amethyst Ornament
しょうにんぼった,Merchant Botta
オーラチャーム青,Blue Aura Charm
ハロウィン衣装券,Halloween Voucher
まーちんぐせっと,Marching Outfit
ホイミントバンド,Heal Mint Headband
マジカルチケット,Magical Ticket
紫水晶のキッチン,Amethyst Kitchen
シスター・アシラ,Sister Ashira
しびれくらげ２２,Man o' War 22
ヘルコンダクター,Hell Conductor
ピョンスロット卿,Sir Pyoncelot
覇者のローブ・銀,Silver Victor's Robe
追想の王城・３階,Memory's Castle 3F
ヒョウモンダーク,Dark Octopot
赤組のたいそう着,Red Team Track Suit
ラニアッカ断層帯,Raniakka Fault
ＣＭ用プクリポ３,Pukulipo For CM 3
白もふ猫カプセル,Soft White Cat Toy
氷のシャンデリア,Ice Chandelier
しっこくのブーツ,Macabre Boots
キラークリスマス,Christmas Killing Machine
ホタルのじんべい,Firefly Jinbei
リュウグウノユミ,Oarfish Bow
こあくまの弓の本,Imp Bow Book
赤キノコ栽培日記,Mushroom Diary
ルビスのかんむり,Rubiss' Crown
博愛騎士のブーツ,Love Knight Boots
ホシエイアックス,Stingray Axe
うさぐるみぴんく,Pink Rabbit
芽生えのゆりかご,A Cradle of Sprouts
幻界闘士のゆびわ,Phantom Fighter Ring
ヴァイパーブーツ,Viper Boots
ピアシングソーン,Piercing Thorn
地縛霊は泣き虫？,Are Ghosts Crybabies?
旅人の優雅な日常,Graceful Traveler Life
セラフィキッチン,Seraphi Kitchen
ロトのしるしの旗,Erdrick's Emblem Banner
きら星のドレス上,Twinkling Dress
ドット毒沼柄ラグ,Poisonous Swamp Rug
白亜の王城・３階,Chalky Castle 3F
エピステーサ丘陵,Epistesa Hills
オスクトルブーツ,Oscutor Boots
スノースティック,Snow Stick
賢者の杖の作り方,Making a Sage's Staff
壁かけ木のラック,Wood Wall Rack
ソルトドラゴニア,Mandrake Mineral
マリン調のベンチ,Marine Bench
デザートデーモン,Dessert Demon
オレンジスズラン,Orange Lily
邪眼の魔女レシア,Evil Eye Witch Reshia
カボチャステッキ,Pumpkin Stick
ガチャコッコ・異,Anomalous Clockwork Cuckoo
グレン領西への道,Road to Glen West
郵便局員サユサラ,Postman Sayusara
壁かけ紋章旗・盾,Shield Wall Banner
伝説の勇者の衣上,Legendary Hero Clothes
男ならメガもり丼,Mega Rice Bowl Recipe
魔の試練・第２層,Demon Trials - L2
ルティショー像白,White Astolti Short St.
奈落にひそむもの,Nethergator
シスター・ミアナ,Sister Miana
レースの観客１６,Race Spectator 16
花咲く一軒家の花,Bloom House Flowers
峡谷のヴァランガ,Valanga Canyon
アラビアン衣装券,Arabian Outfit Voucher
巨大リルグレイド,Giga Li'l Gray
レシピ屋ペリンタ,Recipe Shop Perinta
光陰は矢のごとく,How Time Flies
大魔王顔壁への道,Road to The Faces of Evil
シスター・トルテ,Sister Torte
シンプルキャップ,Simple Cap
谷間の広場への道,Road to Valley Clearing
ウルタのコート上,Ulta Coat Top
ウェディの便せん,Weddie Paper
しびれくらげ２４,Man o' War 24
アメジストの衝撃,A Smash of Purple
マジカルクラウン,Magical Crown
キャタピラー・強,Vicious Killerpillar
魔法使いのズボン,Mage Pants
シィジャン兵士長,Captain Shijan
パティシエの服上,Pastry Chef Shirt
ラン錬作業ズボン,Lamp Alchemist's Pants
白ヒゲのサンタ服,White Beard Santa Suit
おうち用川のラグ,River Rug
矢文のポスト・青,Blue Arrow Mailbox
海賊なりきり財宝,Pirate Treasure
シスター・ロロサ,Sister Lolosa
預かり所ミミング,Storage Mimingu
フォトライフ・銀,Photo Life Silver
ヘルクラッシャー,Hell Gladiator
竜族人形の作り方,Making Nadravian Dolls
ギュッとコッコー,Chicken Arm Doll
道具鍛冶サンダル,Toolsmith's Sandals
ミステリーカカオ,Mystery Cacao
アイアンウィング,Flyin' Iron
メタスラにくまん,Metal Slime Meat Bun
壁かけ羽子板飾り,Hagoita Wall Decor
聖王のスティック,Dryspell Wand
春風応援スカート,Spring Cheer Skirt
まほうのよろい上,Magic Armor Top
テラシナーラの像,Bulbergine Statue
伍の五声は呻の声,Fifth of 5 Voices Moan
精霊を喰らうもの,Devourer of Spirits
フラワーウィング,Flower Wings
わかめ王子ぐるみ,King Kelp Plushie
落陽の草原の木Ｃ,Sunset Meadow Tree C
しびれくらげ１５,Man o' War 15
第１２回ピコ像庭,12th Pico Statue (G)
クラシック風の壁,Classic Wall
ラズバーンの怨霊,Razburn's Ghost
道具屋カーティス,Item Shop Katis
魚交換員ピペッタ,Fish Exchange Pipetta
氷の領界の飾り棚,Ice Realm Shelf
三闘士のハンマー,Hammer of the Triad
オオカミアタック,Wolf Whistle
フラウスアックス,Flaus Axe
エステラの便せん,Estella Paper
プラチナメイル上,Platinum Mail Top
メタキンチケット,Metal King Ticket
劇場職員ディガロ,Staff Digaro
星空のラグの絵本,Starry Rug Book
マーメイドハープ,Lorelei's Harp
トモガラのお願い,Tomogara's Request
デビパンクシャツ,Devil Punk Shirt
ノクゼリアワンド,Noxeria Wand
にじいろの色鉛筆,Rainbow Colored Pencil
ストリングライト,String Light
出張購買員ポレロ,Team Supplier Polero
夜宴館プレミアム,Premium Banquet Hall
ちゃばしらこぞう,Tea Candle
カリスマクリーム,Charisma Cream
ジア・クト念晶体,Dia Kut Telecrystal
水の領界のガゼボ,Water Realm Gazebo
タータンスーツ上,Tartan Suit Top
レジェンドホース,Godsteed
まほうの盾の秘密,Magic Shield Secret
エルダードラゴン,Elder Dragon
妖魔ジュリアンテ,Mystical Juliante
アドミラルハット,Admiral's Hat
酒場主人のブレス,Tavernkeeper's Bangles
ゴレオン将軍の像,Goreham-Hogg Statue
金平糖ライト・虹,Rainbow Candy Light
財宝のつまった箱,Full Treasure Box
シスター・カレン,Sister Karen
バラモス強メダル,Apex Baramos Medal
ハロふわモーモン,Halloween T. Sanguini
邪神ヤファギル封,Yaphagil, the Seal
幽霊作家バケンズ,Ghost Writer Bakenz
ウルベア地下帝国,The Urbea Empire
魚交換員ビンチュ,Fish Exchange Bincho
氷の魔王のブーツ,Ice Demon Boots
黒仙翼の羽ばたき,Fairy Wings Flapping
ミスターガリック,Garish Garlic
仮面バスター仮面,The Mask's Mask
レビュール街道北,Revule Highway North
トロルバッコス強,Apex Gladiator Troll
月スミレのランプ,Moon Violet Lamp
セラフィゴーグル,Seraphi Goggles
せいふくえぷろん,Uniform Apron
ハッピークッキー,Happy Cookies
雪だるまつきの畑,Snowman Field
あくむにゅうどう,Nightmare Nomad
たいようのおどり,Sun Dance
ドミネウス邸の机,Domineus Mansion Desk
イエローエッグ２,Yellow Egg 2
パープルエッグ２,Purple Egg 2
ビーナスのなみだ,Venus' Tear
忘我のシシカバブ,Forgetful Shish Kebab
ももんじゃケープ,Platypunk Cape
光の河のほころび,River of Light Fracture
ファラオ・エレフ,Pharaoh Elephant
ガタラ風たいまつ,Gatara-Style Brazier
暗黒大樹の守り人,Guardian of the Dark Tree
ツイストサイダー,Cool Whip
野いちごシューズ,Wild Strawberry Shoes
リトルライバーン,Little Wyvern
スライムウィップ,Slime Whip
年代物のジュース,Vintage Juice
アステルウィップ,Aster Whip
くすしのローブ下,Apothecary Lower Robe
潜水服・ワイルド,Wild Diving Suit
ポーズ書・いのる,Pray Pose
キィンベルの服下,Kimbel Pants
３０分キャンドル,30 Minute Candle
かなしきいれーん,Sad Elaine
ハイパーマカロン,Hyper Macaron
プクリポ風アーチ,Pukulipo-Style Arch
レイブングローブ,Raven Gloves
グレイブディガー,Grave Digger
ダフィアのお守り,Daphea's Amulet
ホカホカストーン,Warmaline
ノクトルグローブ,Nocturne Gloves
バラモスの像・庭,Baramos Statue (G)
グレイトドラゴン,Great Dragon
銀の木工刀小の本,Silver Slick S Book
勇者姫アンルシア,Hero Anlucia
セラフィＴシャツ,Seraphi T-Shirt
聖守護者のおうぎ,Sentinel's Fan
王国の見張り塔前,Kingdom Watchtower
武器鍛冶職人の道,The Weaponsmith's Way
コイン屋ゴンガロ,Coin Shop Gongaro
海底探検かきわり,Seafloor Backdrop
すずらんの花言葉,Language of the Lily
学園女子の夏服上,Schoolgirl Summer Top
執行獣ガンガブラ,Beastly Gangabra
レースの観客２２,Race Spectator 22
まじゅうのうぶ毛,Magic Beast Fur
アックスドラゴン,Axesaurus
星からのまれびと,Stranger from the Stars
使い魔バジリウス,Familiar Basilius
ロリータキャップ,Lolita Cap
シンプルシューズ,Simple Shoes
苺お菓子のベンチ,Berry Sweet Bench
バルディスタ槍兵,Valdista Spearman
マダムの店の緞帳,Madame's Shop Curtain
まよえるかみのれ,Lost Caminole
おうごんのうでわ,Golden Bracelet
滅亡の砂漠への道,Path to Desert of Doom
落陽の草原の木Ａ,Sunset Meadow Tree A
ショコラなブレス,Cholocate Bracers
マイティマカロン,Mighty Macaron
マイスターハット,Meister Hat
予言者学園学生服,FTA Uniform (M)
結界の守護者たち,Guardians of the Barrier
ダイバーグローブ,Diver Gloves
マリン調の食器棚,Marine Cupboard
ごきげんプクリポ,Cheery Pukulipo
渡し守ヌーティフ,Ferryman Nutif
ろくしょうダリア,Green Rust Dahlia
バタフライヒール,Butterfly Heels
レースの観客０８,Race Spectator 08
ドルマ★レッスン,A Lesson in Zam
魚交換員ブッピナ,Fish Exchange Buppina
黒ねこの便利な壁,Black Cat Wall
栄華へのきざはし,Stairway to Splendor
ジュースの自販機,Juice Vending Machine
封印の守護者・左,Seal Guardian - Left
ドルタムシールド,Doltam Shield
過去からの訪問者,Visitors From the Past
ふわふわ雲のイス,Fluffy Cloud Chair
ハルファスの紋章,Halphas Crest
壁画管理ペコリア,Mural Management Pekoria
レースの観客１２,Race Spectator 12
ツインアンテナＡ,Twin Antenna A
エンゼルスタッフ,Angel Staff
ハロふわホイミン,Halloween Healie
機工博士の方程式,Engineer's Formula
旅芸人の衣装上２,Minstrel Shirt 2
呪術師マリーン強,Apex Monstrous Malynn
がうがうグローブ,Bow-Wow Gloves
ヒューザキッチン,Hyuza Kitchen
新作家具屋メアル,New Indoor Furniture Shop Mare
取引商アルトゥナ,Trader Altuna
道具鍛冶ターバン,Toolsmith's Turban
クディンの探し物,Kudin's Search
メレアーデの資料,Mereade's Documents
ネコ姫の観葉植物,Cat Princess Plant
黒魔術館のガゼボ,Black Mansion Gazebo
預かり所エルミナ,Storage Elmina
魔想念ガルドドン,Remnant of Gardodon
パピヨンプリズム,Papillon Prism
げきりんのさとり,Inverse Insight
スライム露天風呂,Slime Outdoor Bath
バトルスタンパー,Battle Basher
シュメリアの写真,Photo of Sumeria
万物を教え導く者,He Who Teaches
別離の剣器・全霊,Parting Blade of the Soul
ふかみどりダリア,Dark Green Dahlia
黒宝箱のチェスト,Black Treasure Chest
ワイルドクッキー,Wild Cookies
ピクニックパドレ,Padre Picnic
悪神の心域２印章,Heartlands 2 Stamps
トレーニー育成帳,Trainee's Logbook
ラッキークッキー,Lucky Cookies
しぐさ書・たき火,Bonfire
レースの観客３０,Race Spectator 30
エトワールハット,Etoile Hat
キツネパーカー下,Fox Shorts
エンゼルブレード,Angel Blade
煙霧の谷への出口,Exit to Misty Valley
郵便局員グウェン,Postman Gwen
モロコシのベッド,Corn Cob Bed
レースの観客０６,Race Spectator 06
しぐさ書・ガード,Paladin's Palisade
フェアリー衣装Ⅰ,Fairy Costume Ⅰ
ハンギングベッド,Hanging Bed
銀河のかみかざり,Galaxy Hair Ornament
童話の街並みの塀,Fairy-Tale Fence
コンキスタグール,Conquistador Ghoul
マンドラゴラたち,Mandragoras
プロミネンスの盾,Shield of the Sun
DQ3賢者女　ゾーマ,DQ3 Sage (F), Zoma
魔創兵長バスラー,Evil Captain Bassler
セラフィムのやり,Seraph's Spear
白組のたいそう着,White Team Track Suit
スチーム間仕切り,Steam Partition
インテリローブ下,Scholar's Robe Bottom
すごろく魔法戦士,Sugoroku Armamentalist
邪眼の盾の作成術,Make an Evil-Eye Shield
ジングルグラコス,Gracos Bells
占い侍女ピクシス,Fortune Teller Maid Pixy
ルーミリアの日記,Lumeria's Diary
下級亡霊兵士たち,Lowly Spirit Soldiers
ノコギリエイ・黄,Yellow Sawfish
カルサドラ溶岩窟,Calsadora Channel
レースの観客２６,Race Spectator 26
お姫様の本棚・橙,Princess Bookshelf
星辰のツボ錬金書,Stars Jar Alchemy Book
エアカープリズム,Air Car Prism
ドルボードレース,Dolboard race
みかがみの盾の本,Silver Shield Book
時の化身クルッチ,Ickle the Tockle
ブラックチャック,Dark Brownie
ふういんのダンス,Dance of Sealing
スノードーム・銀,Silver Snow Globe
プクラストランプ,Pukulas Deck
預かり所ヤムジク,Storage Yamujiku
大空の向こう側で,Beyond the Vast Sky
ヒューザのポスト,Hyuza Mailbox
マーメイドトップ,Mermaid Top
紫色パンジーの傘,Purple Pansy Umbrella
ガートラント兵１,Gartlant Soldier 1
封印のかかった本,Sealed Book
道具屋ズィディリ,Item Shop Zidiri
世界樹のよろい下,Yggdrasil Armor Bottom
中腹への道　出口,Path to Halfway Exit
ローズプリンセス,Rose Princess
大勇者のスカート,Intrepid Skirt
うさぎの和タンス,Rabbit Wardrobe
アリエススタッフ,Aries Staff
ブチブタカプセル,Spotted Pig Toy
バレンタインの幕,Valentine's Curtain
究明者のコート上,Research Coat Top
ナイフフィッシュ,Knifefish
時獄のドミネウス,Damned Domineus
クリスマスライム,Christmas Slime
ナスビのランタン,Woebergine Lantern
タータンドレス上,Tartan Dress Top
はぐメタルーキー,Rookie Liquid Metal Slime
スライムの石の壁,Slime Stone Wall
くらげポンポン帽,Jellyfish Pom Pom Hat
第１２回パドレ像,12th Padre Statue
けんぽうぎセット,Tussler's Outfit
執行者ガンガブラ,Enforcer Gangabra
ドワーフグラミー,Dwarf Gourami
影の谷への昇降機,Elevator to Vale of Shadow
ドルワームギフト,Dolworm Gift
白バラのテーブル,White Rose Table
預かり所アガット,Storage Agato
花模様の光るラグ,Floral Glowing Rug
預かり所シラタマ,Storage Shiratama
シャコガイの大盾,Giant Clam Greatshield
トーテムクラウン,Totem Crown
シャークウェア下,Lower Sharkwear
黒騎士のよろい上,Black Knight Armor Top
壁かけＤＱⅡの絵,DQⅡ Painting
しぐさ書・大泣き,Weeping
夕焼け雲のライト,Sunset Cloud Light
スライムの木の柱,Slime Wood Pillar
ロードリーブーツ,Lordly Boots
ＣＭ用ウェディ４,Weddie For CM 4
はしゃのオノの書,Conqueror's Axe Book
グランプリレシピ,Grand Prix Recipe
キノコどうしたち,Lumpshroom
流砂の海原への道,Road to The Shifting Sands
東洋風ベンチ・華,Floral Orient Bench
芸人の服の作り方,Making a Talent Outfit
ふわふわペコリア,Floaty Pekoria
めろでぃあせっと,Melody Outfit
ルベカとフィーヤ,Rubecca and Fiya
ホーリーローブ下,Holy Robe Bottom
純喫茶の観葉植物,Cafe Houseplant
あこがれの盗賊王,Longing for a Thief King
パニックキャノン,Gone Ballistic
モンセロの湯の花,Moncello Mineral Salts
冥獣王ネルゲル強,Apex Netherfiend Nergel
古びたペンダント,Old Pendant
ミニュアデスの盾,Minyades Shield
初期プクリポ男性,Initial Pukulipo Male
しょうにんでんな,Merchant Denna
王宮のベッド・赤,Red Royal Bed
プラチナメイル下,Platinum Mail Bottom
ステンドシールド,Stained Glass Shield
スラシャボンの像,Liq. Soap Slime Statue
ベリアルオリジン,Belial Origins
お花とネコの物語,Flowers and Cats Story
くろがねの小ビン,Iron Phial
サメきぐるみ・黒,Black Sharksuit
決めポーズ右前列,Decisive Pose R Front
第１３回ポルテ像,13th Porte Statue
デフェル荒野の石,Defel Desert Stone
アワードキャップ,Award Cap
限定交換屋ポタン,Limited Exchange Shop Potan
武器鍛冶グローブ,Weaponsmith's Gloves
男性プラコン服白,White Clothes (M)
深い森の邸宅の塀,Forest Manor Fence
ギュッとダクキン,Dark King Arm Doll
守護天使のお守り,Guardian Angel Amulet
サイドワインダー,Sidewinder
アクセ屋ルイッサ,Accessory Shop Luisa
ふわふわネルゲル,Floaty Nergel
あるへいしちょう,Soldier To Be
ディバインギフト,Divine Gift
プレゼントリスト,Present List
海竜ヴォドニーグ,Sea Dragon Vodnig
夜に蛍が舞う水辺,Fireflies Waterside
商品ナンバー１２,Item Number 12
アサガオのアーチ,Morning Glory Arch
ヒヨコパーカー上,Chick Hoodie
フォン・バルディ,Von Baldi
ジャングルの岩壁,Jungle Rock Wall
預かり所キュグニ,Storage Kugni
さめきぐるみあお,Blue Shark Suit
祈願の神殿の金庫,Gratitemple Safe
れくたりすせっと,Lectalis' Outfit
ボスコイン優待券,Free Boss Coin Coupon
ゴクラクギョ・白,White Betta
カミハルムイ城前,Kamiharmui Castle
機巧研究所の装置,Mechanica Device
お菓子の間仕切り,Sweet Partition
ランプ錬金ギルド,Lamp Alchemy Guild
ゴスバニーパンツ,Goth Bunny Pants
しぐさ書・決め後,Decisive Pose Rear
トラップジャマー,Trap Jammer
大サバ猫カプセル,Big Gray Cat Toy
黒曜のテーブル小,Obsidian Table S
破戒のタリスマン,Sin's Talisman
学園の校庭の砂場,Schoolyard Sandbox
エレメンイエロー,Yellow Glow
ハラッヘリンの像,Meat Imp Statue
禁忌の幻影神・戒,Precepting Phantom
リーネイヤリング,Renee Earrings
郵便局員サビネズ,Postman Sabinez
三闘キノコの胞子,Funguy Spores
大樹の鳥籠　入口,The Tree's Cage Entrance
スチームモノクル,Steam Monocle
エビルソーサラー,Evil Sorcerer
便せん屋ヒメウズ,Stationery Shop Himeuzu
無法者のバンダナ,Freebooter's Bandana
キラーマシンの像,Killing Machine Statue
フルーツの便せん,Fruit Paper
レオパードビキニ,Leopard Bikini
真・やいばくだき,Damage Downer
プスゴンステッキ,Pusgon Cane
ドラグーンランス,Dragoon Lance
ダーマ神殿への扉,Door to Alltrades Abbey
ほのおのグリーブ,Flame Greaves
リエーレグローブ,Lierre Gloves
よろず屋ペピール,General Shop Pepeelu
拳聖の道着セット,Fist Saint Outfit
苺お菓子の食器棚,Berry Sweet Cupboard
便せん屋ユキカゼ,Stationery Shop Yukikaze
ステューデントＧ,Student G
封印の守り手たち,Protectors of the Seal
ＣＭ用ウェディ３,Weddie For CM 3
遊び人のてぶくろ,Gadabout Gloves
再しぐさ書・怒る,Angry (Reprint)
マスカットの花束,Muscat Bouquet
ファントムダガー,Phantom Dagger
道具鍛冶グローブ,Toolsmith's Gloves
マジカルスーツ上,Magical Suit Top
お宝の写真ケース,Treasure Photo Case
レジェンズガード,Legends Guard
オーガプランター,Ogre Planter
預かり所サクニナ,Storage Sakunina
カジノオルゴール,Casino Music Box
プラチナサウルス,Platinasaurus
忍び寄る闇の足音,Creeping Dark Footsteps
ありがとう便せん,Thank You Paper
せいどうのかぶと,Bronze Helm
ダークパラディン,Paladead
木枠しっくいの壁,Framed Plaster Wall
アロケルのおうぎ,Allocer Fan
ごうかなイス・赤,Red Fancy Chair
クリュトスの部屋,Krutos' Room
とびきりスパイス,Superb Spice
しぐさ書・ネオン,Neon
ムーディーライト,Moody Light
クリスマスツリー,Christmas Tree
スカウトスカート,Scout Skirt
乗り物係ナポポフ,Vehicle Clerk Napopofu
しぐさ書・ビート,Rhythm 'n' Bruise
炎光の勾玉の破片,Firelight Jewel Shard
リュートを奏でる,Play Lute
伝説の勇者ブーツ,Legendary Hero Boots
ゼクレス城・地下,Zechres Castle - Underground
モンスターシール,Monster Sticker
トコトコロボ椅子,Trotting Robot Chair
あやしいバスタブ,Suspicious Bathtub
神秘のゴブレット,Mystic Goblet
球体式浮遊座椅子,Spherical Floating Seat
ホワイトジャッジ,White Clubber
別離の剣器・朋友,Parting Blade of Friendship
遊び人の特注花火,Gadabout's Firework
こぞうバックラー,Leery Buckler
天使の翼プリズム,Angel Wings Prism
ブルジョワハンド,Bourgeois Hand
神光放つツメの書,Holy Light Claws Book
ルフの盾の作り方,Making Luf's Shield
形見を取り返せ！,Take Back What's Yours!
ビーストウィップ,Beastly Bullwhip
ケイトのサンダル,Kate's Sandals
猫パンチ（左手）,Cat Punch (Left Hand)
オファニムのカギ,Ofanim's Key
交換屋フォーリィ,Exchange Shop Foley
黒猫のスウェット,Black Cat Sweatshirt
カムシカカプセル,Azlantelope Prism
トーテムケープ上,Totem Cape
大王イカのズボン,King Squid Pants
１０分キャンドル,10 Minute Candle
鉄枠木板張りの壁,Iron Framed Wood Wall
ザード遺跡への道,Road to Zard Ruins
白バラのチェスト,White Rose Chest
辺境警備隊兵士Ｂ,Frontier Guard Soldier B
ポリパーカー水着,Hooded Parka Swimsuit
パトローネ調査員,Detective Patrone
ガケ沿いの集会所,Cliffside Assembly Hall
ドラキュラスーツ,Dracula Suit
死のカラステング,Death Crow
ムストの町・地下,Underneath Morst
プクリポのズボン,Pukulipo Pants
家出したスープル,Runaway Slurple
ネレウスバスター,Nereus Buster
行動時10%で血吸い,Siphon On Action 10%
ドラポヨモニター,Greater Dracky Monitor
市松模様のはかま,Checkered Hakama
スターリーハット,Starry Hat
スノーモン観覧車,Sanguini Ferris Wheel
しぐさ書・ベース,Play Bass
輝ける紋章盾の書,The Path of Radiance
サイドヘアリボン,Side Hair Ribbons
占い師たちの休日,Fortune Teller's Holiday
コットンフェザー,Cotton Feather
ロリータドレス上,Lolita Dress Top
精霊獣ペリッチィ,Spirit Beast Prichy
預かり所トゥーブ,Storage Toube
Ⅱ‐ディアノーグ,Ⅱ‐Diamagon
天命のつるぎの書,Sword of Judgment Book
スペースデーモン,Spacebonnet
ギュッとプオーン,Rebjorn Arm Doll
ライダーグローブ,Rider Gloves
ルビーのドレス上,Ruby's Dress Top
種族神像ウェディ,Weddie Tribal Statue
コルセアバンダナ,Corsair Bandana
ランプ屋カランテ,Lamp Shop Carante
ウェディ風アーチ,Weddie-Style Arch
赤眼のギガンテス,Red-Eyed Gigantes
海底都市ルシュカ,Undersea City Ruska
仲間のフウキの証,Member's SCC Emblem
しょうにんまっか,Merchant Macca
タキシードうさぎ,Tuxedo Rabbit
シンクギアズボン,Syncgear Pants
星降る夜の大乱闘,Starry Night Scuffle
住宅素材屋ツィネ,Housing Materials Zinei
悪夢の追っ手たち,Nightmare Persuers
複数魚水そう・中,Multi-Fish Aquarium M
レオーネトランプ,Leone Cards
討伐隊員ホソバミ,Strike Force Hosobami
あくまのツボ呪文,Demon Magic Jar
異国の寺院の牡丹,Exotic Temple Peonies
幻想蝶のウィング,Fantasy Butterfly Wings
破壊神シドーの像,Malroth Statue
戦神の箱＋３・改,War Deity Box +3 v2
師団長のよろい上,Commander Armor
大戦鬼のグリーブ,War Demon's Greaves
カジュアルヒール,Casual Heels
アラハのテーブル,Al-Ahagiro Table
いにしえの廃棄物,Ancient Waste
古強者のよろい上,Veteran's Cuirass
おうち用星空天井,Starry Sky Ceiling
シスター・イオリ,Sister Iori
流れ着いた愛の詩,Drifted Away Love Poem
シャインスコール,Starburst Throw
プチグレネーどり,Frail Bombird
ドワーフチェスト,Dwarf Chest
奇妙奇天烈な武器,Odd and Strange Weapons
聖天のハイヒール,Holy Heaven Heels
レースの観客１０,Race Spectator 10
ニンジンのタンス,Carrot Wardrobe
（だいじなもの）, (Key Item)
魚交換員ターラタ,Fish Exchange Tarata
ゴールドエッグ２,Golden Egg 2
くらやみハーピー,Succubat
スタンカのハンコ,Stanka's Stamp
ガーデンスーツ上,Garden Suit Top
プリプリぎんなん,Plump Gingko Nut
キラーマシン・祖,Ancestral Killing Machine
奇跡のさいほう針,Miracle Needle
ルベランブレード,Ruberan Blade
預かり所オリジェ,Storage Orige
ダイナーシューズ,Diner Shoes
クエド丘陵への道,Road to Kuedo Hill
クリスタルゲージ,Crystal Gauge
アイドルスーツ下,Idol Pants
ナチュラルラック,Natural Rack
ブレイクスケボー,Break Skateboard
念晶錬磨場・上級,Telecrystal Refinery - Advanced
レジェンズランス,Legends Lance
ごうかなイス・緑,Green Fancy Chair
デスマスターの証,Death Certificate
兵士の荷物ぶくろ,Soldier's Luggage Bag
ニシキゴイの短剣,Colorful Carp Dagger
１００億の身代金,10 Billion Ransom
３段ブロック・緑,Green 3-Step Block
アンドレアルの像,Rashaverak Statue
クマのぬいぐるみ,Bear Plushie
ドゥラ院長のメモ,Director Dura's Note
ダミー足Ｅ００９,Dummy Feet E009
たたきモグラの像,Mashing Mole Statue
預かり所パルーラ,Storage Parula
風車の丘への出口,Exit to Windmill Way
預かり所アスケン,Storage Asuken
ユニコーンのツノ,Unicorn Horn
第９回カミルの像,9th Kamil Statue
集結！　叡智の冠,The Crown of Wisdom
スペシャルランチ,Special Lunch
魔侯爵のグリーブ,Marquis Greaves
レースの観客２４,Race Spectator 24
コッケンの乗る棒,Kokken's Riding Crop
オルストフの尻尾,Orstov's Tail
ハロウィンタンス,Halloween Wardrobe
ファラスのベスト,Faras' Vest
クリスマスの絵本,Christmas Picture Book
預かり所カーリィ,Storage Karry
手作りのロザリオ,Handmade Rosary
ウェディチェスト,Weddie Chest
みやげ屋ベニーア,Souvenir Shop Benia
あやしい大木の柱,Suspicious Tree Pillar
リィンのグローブ,Lynn's Gloves
すごろく魔法使い,Sugoroku Mage
魔天士ダンタール,Sky Sorcerer Dantal
シスター・フュン,Sister Hyun
王都カミハルムイ,Kamiharmui City 
あくまのいしょう,Imp Costume
しぐさ書・天灯黄,Yellow Lantern
三姉妹の馬車・青,Blue 3 Sisters Carriage
お祝いシャワー緑,Celebration (Green)
魔女の玉プリズム,Witch's Ball Prism
紅竜の兄弟の写真,Red Dragon Brothers Photo
レクタリスの姿絵,Lectalis Portrait
しぐさ書・チョキ,Scissors
しなびた花の写真,Wilted Flower Photo
マジカルなアーチ,Magical Arch
モーモンゆず風呂,T. Sanguini Yuza Bath
マリン調のベッド,Marine Bed
ナスビナーラの像,Woebergine Statue
ファラストランプ,Faras Cards
まよえるヴぇるて,Lost Verte
東洋風チェア・雅,Chic Orient Chair
エキサイトアクス,Excite Axe
コルセアマント下,Corsair Pants
春風応援ソックス,Spring Cheer Socks
星詠みの天井飾り,Stargazing Ceiling Decor
お菓子の家セット,Candy House Set
レース屋ヒキシオ,Race Registrar Hikishio
アンルシアソファ,Anlucia Sofa
バンデッドボトム,Brigand's Bottom
スノードーム・金,Gold Snow Globe
ウィリーデワンド,Vilide Staff
窓つきの便利な壁,Wall with Window
ムニエカのアーチ,Munieka Arch
千鳥格子のはかま,Houndstooth Hakama
チャンスコマンド,Chance command
ムーンシューター,Moon Shooter
ワイトキングの杖,Wight King's Staff
わふうしょうぞく,Breezy Wear
ヴェリナード領北,Verinard North
忘れられし王の間,Forgotten King's Room
ダッフルグローブ,Duffel Gloves
レシピ屋リトリア,Recipe Shop Litoria
感謝のエネルギー,Gratitude Energy
レースの観客１９,Race Spectator 19
ケイオスブレード,Berserker's Blade
預かり所ペイジー,Storage Page
エレメングリーン,Green Glow
灰ねこの便利な壁,Ash Cat Wall
神秘のテラリウム,Mysterious Terrarium
ドルワーム兵士２,Dolworm Soldier 2
しびれくらげ２５,Man o' War 25
ナブナブサーカス,Nabbem Circus
メカニックハンド,Mechanic Gloves
シスター・マレレ,Sister Marelle
キラゴルド練習札,Gyldygga Tag
若き彫刻家の才能,Young Sculptor's Talent
バグド王のパンツ,King Bagudo's Shorts
栄光のローブ・銅,Bronze Glory Robe
エルフの人形・女,Elf Doll (F)
バシっ娘ルンリィ,Bazoom Gal Lunry
ハートエフェクト,Heart Effect
案内係ノレイジャ,Guide Noreija
ゼブラマンティス,Zebra Mantis
コーラルディモス,Coral Dimos
スイカのテーブル,Watermelon Table
ユーマグラム印章,Yumagram Stamps
ヘルビースト・強,Vicious Sculptrice
Ⅱ‐スペーディオ,Ⅱ‐Wulfspade
よろず屋ツェツェ,General Shop Zetze
ジーガンフの写真,Jiganf Photo
預かり所ペレチカ,Storage Perechika
チョコボチケット,Chocobo Ticket
バルディスタ要塞,Fortress Valdista
ニードルマン・強,Vicious Needleman
クイーンのカード,Queen Card
星空のベッド・青,Blue Starry Bed
ピンモッＴシャツ,Pink Sanguini T-Shirt
金平糖ライト・桃,Pink Candy Light
ラピスぬいぐるみ,Lapis Plushie
きせきのプチ香水,Miracle Perfume S
公演会２５夏目録,Summer '25 Catalog
参加受付クライブ,Receptionist Clive
よろず屋ゴーツク,General Shop Gotsuku
シャボンプリズム,Bubble Prism
第１２回ラキ像庭,12th Lycae Statue (G)
陰の試練壱・陰霊,Yin Trial I - Yin Spirit
惨禍の迷路への道,Path to Disaster's Maze
暗夜の霊堂への扉,Door to Mausoleum of Night
ブラッディ・ゼア,Bloody Maize
しぐさ書・かき氷,Shaved Ice
魔物管理人ドリー,Monster Manager Dory
兄弟姉妹コーデ券,Sibling Glamour Ticket
初任務はモリナラ,Molinara First Mission
しょうにんぼちぼ,Merchant Bochi
お正月の便利な壁,New Year Wall
逆乱の竜ナダイア,Nadaia, Dragon of Rebellion
じょうりゅうせき,Distillastone
スチームスーツ上,Steam Suit Top
天使のタキシード,Angel Tuxedo
ももんじゃブーツ,Platypunk Boots
フェルナーの客室,Felner's Guest Room
手数を増やすコツ,Tips to Increase Moves
リードシクティス,Leedsichthys
ウィリーデファン,Vilide Fan
闇騎士のよろい上,Dark Knight Upper Armor
黒もふ猫カプセル,Soft Black Cat Toy
バトマスグリーブ,Gladiator Greaves
便せんは芸術だ！,Paper is an Art
便せん屋ハジカミ,Stationery Shop Hajikami
メレアーデリスト,Mereade Wristbands
Ｓキラーブレード,Trauminator Blade
黒曜のカウンタ小,Obsidian Counter S
Ｖロンのテーブル,Vron Table
ドリームチケット,Dream Ticket
Ｖジャンプの仮面,V Jump Mask
2014/2月分クエスト,Quest for 2014/02
よみがえる不死鳥,Resurrected Phoenix
黒レザーのベッド,Black Leather Bed
ウリボーカプセル,Wild Boar Toy
まほうのよろい下,Magic Armor Bottom
スライムステッキ,Slime Stick
行動時 5%でバーハ,Insulate On Action 5%
レシピ屋ルペッタ,Recipe Shop Ruperta
まよえるるぱーと,Lost Rupert
ギルガランのくつ,Gilgaran's Shoes
カメさまカプセル,Galapagod Toy
レイダメテス地面,Reidametes Ground
アシッドテンプル,Acid Temple
スマートテーブル,Smart Table
レーザーユニット,Laser Unit
死神スライダーク,Nemeslime
神殿レイダメテス,Reidametes Temple
商品ナンバー１３,Item Number 13
覚醒リーネコイン,Awakened Renee Coin
レッドアーチャー,Bodkin Bloodbow
甘いシロップビン,Sweet Syrup Bottle
紹介人インジェラ,Introducer Injera
ジラフドラグーン,Giraffagoon
グリゴリきょじん,Watcher Giant
レースの観客０１,Race Spectator 01
おうぎのまい・改,Fan Dango+
額のしずくシール,Forehead Drop Sticker
全身全霊斬り・改,Unbridled Blade+
預かり所ピポーホ,Depository Pipoho
パピヨングローブ,Papillon Gloves
つんつくカージェ,Bluecumber
ルベランシールド,Ruberan Shield
シスター・ヤチヨ,Sister Yachiyo
かなしきへらるど,Sad Herald
キャプテンブーツ,Captain's Boots
レースの観客０５,Race Spectator 05
アイドルスーツ上,Idol Shirt
壁かけ紋章旗・黄,Yellow Wall Banner
はじまりの地の薪,Land of Beginnings Wood
魔法学園のブーツ,Magic Student Boots
銅の鍛冶ハンマー,Copper Hammer
バグレア教会跡地,Bagulea Church Vestige
妄執のグリンデア,Delusional Grindea
黒曜のパーティ机,Obsidian Party Table
ダストントランプ,Duston Cards
口調の書・能天気,Tone Book - Easygoing
青リボンのリース,Blue Ribbon Wreath
プリズニャン・強,Vicious Jailcat
スターギフト・青,Blue Star Gift
森のこびとの水車,Forest Dwarf Waterwheel
Ｖロンのイス・赤,Red Vron Chair
検証用家具１０２,Verification Decor 102
暴君バサグランデ,Tyrant Bogan
ライトバックラー,Light Shield
鋼の秘奥・ムチ編,Metalworks: Whips
預かり所シラクモ,Storage Shirakumo
住宅素材屋アマネ,Housing Materials Amanei
アサシンブラッド,Hellbound Hunter
よろず屋プロシオ,General Shop Proshi
学園男子の海パン,Schoolboy Trunks
エドアルドのメモ,Eduardo's Note
ドラムセット・庭,Drum Set (G)
バイキングソウル,Viking Soul
ファータティアラ,Fata Tiara
東洋風ランプ・雅,Chic Orient Hung Lamp
ごうかなツボ・赤,Red Fancy Pot
ラーの鏡くりぬき,Hollow Mirror of Ra
ツボ素材屋ジョス,Pot Materials Joss
預かり所ボラデュ,Storage Boradu
預かり所ペラーナ,Storage Perana
ドラキースタッフ,Dracky Staff
かなしきだみあん,Sad Damien
グリエ王子の部屋,Prince Grie's Room
スライムチケット,Slime Ticket
ししおどしセット,Scaredeer Set
ゼェードアックス,Zeid's Axe
レクタリスセット,Lectalis' Outfit
しぐさ書・お祝い,Celebrate
ロリータシューズ,Lolita Shoes
レインコートの像,Raincoat Statue
もこもこセーター,Fluffy Sweater
カスタム屋プポル,Customizer Pupol
次期天使長の行方,Find The Next Archangel
レースの観客１１,Race Spectator 11
風変わりな研究書,Eccentric Research
ようがんのカケラ,Lava Lump
防砂ダム・展望台,Sand Dam Observatory
ももんじゃフード,Platypunk Hood
レースの観客１７,Race Spectator 17
手編みのマフラー,Hand-Knit Scarf
素材屋コロレッド,Material Shop Coroled
トポルのロウソク,Topol Candles
奇門遁甲の式・弐,2nd Divination Ceremony
１億ゴールドの袋,100 Million Gold Bag
シスター・イグニ,Sister Iguni
ウェスタンハット,Western Hat
モーモンプリズム,Teeny Sanguini Prism
しびれくらげ２１,Man o' War 21
よろい兵士の置物,Armor Soldier Ornament
魔の試練・第１層,Demon Trials - L1
ハッピーくじ印章,Happy Lottery Stamps
第３回フウラの像,3rd Fuura Statue
ゴクラクギョ・黄,Yellow Betta
道具屋ポッピーナ,Item Shop Poppina
一本角のあやかし,One-horned Ghost
ヒストリカソファ,Historica Sofa
ゴクラクギョ・黒,Black Betta
笹と流線のゆかた,Bamboo Yukata
セレブキャンディ,Celebrity Lollipop
モーモンの便せん,Teeny Sanguini Paper
紫獅鬼バイロゼオ,Byrozeo, the Purple Lion
オーガテーブル小,Ogre Table S
授業ドワーフ女性,Dwarf Female Student
スチームオーブン,Steam Oven
しびれくらげ０７,Man o' War 07
神光放つ短剣の書,Holy Light Dagger Book
禍乱の竜アンテロ,Antelo, Dragon of Turmoil
うんてんしばちゅ,Driver Vatu
荘厳な紋付はかま,Solemn Crest Hakama
つりしのいしょう,Angler's Costume
預かり所スピーラ,Storage Spira
ふたりの近親憎悪,Their Kinship and Hatred
ダイバーレギンス,Diver Leggings
月うさぎのランプ,Moon Rabbit Lamp
ダル・ジャムール,Dar Jamal
フットライト・庭,Footlight (G)
モーモンのこころ,Teeny Sanguini Heart
魔天剛アロゲイル,Arogeil, Strength of Evil
シュガーシューズ,Sugar Shoes
預かり所イウマド,Storage Iwmad
尖塔の守護鬼たち,Keeper of the Spire
行動時 5%でスカラ,Buff On Action 5%
デルメゼの黄金像,Gold Delmeze Statue
フリーズブレード,Frost Fangs
天界のあるきかた,How to Walk the Heavens
魂がつまびく音色,Sounds of the Soul
たったひとつの絆,Only One Bond
リバイブスナック,Revive Snack
ラーヴァドラゴン,Lava Hydra
ワンピースギフト,One-piece Gift
便せん屋スズリネ,Stationery Shop Suzurine
オーフィーヌの海,Orfine Sea
ヨンゲ所長のカギ,Director Yong's Key
ドラゴンチケット,Dragon Ticket
カンフーシューズ,Kung Fu Shoes
リドのタリスマン,Lido's Talisman
キャプテンハット,Captain's Hat
守護鬼の間への道,Road to Keeper's Chamber
プチガイアカード,Frail Gaia Card
魔弓サジタリウス,Sagittarius Bow
迅雷の丘への出口,Exit to Thundering Hills
レビュール菜の花,Revule Rapeseed
案内係ペリュイヌ,Guide Peruine
光のさいほう針小,Light Needle S
メロディアヘッド,Melody Hair Ornaments
王軍師のグリーブ,Royal Soldier Greaves
壁かけ掛け軸・夏,Summer Wall Scroll
ツンドラハンマー,Tundra Hammer
お姫様タンス・桃,Pink Princess Wardrobe
ナナホシのおうぎ,Seven Star Fan
キノコのスタンド,Mushroom Stand
パンプキンハット,Pumpkin Hat
バズカフェのイス,Pazu Cafe Chair
バラモスブロス闘,Epic Soul of Baramos
ファンキーヘッド,Funky Hair Ornament
カスタードダリア,Custard Dahlia
住宅素材屋ゲラド,Housing Materials Gerado
スターリースピア,Starry Spear
ブリキパイプの柱,Tin Plate Pipe Pillar
しぐさリスト選択,Emote List
リンベリィのくつ,Linberry's Shoes
敵を倒すとためる,Killer Tension
しぐさ書・つまむ,Picked Up
キュロン花火・虹,Rnbw. Kyuron Fireworks
ふくびき魔法ビン,Lottery Flask
アトラスカプセル,Atlas Toy
東洋風飾り棚・華,Floral Orient Shelf
トライチャクラム,Tri-Chakram
赤い金魚と金魚鉢,Red Goldfish in Bowl
五大陸のモビール,Five Continents Mobile
郵便局員ブノワト,Postman Bunwato
オルフェアリーズ,Orphearies
討伐隊員エリオス,Strike Force Elios
モーモンのゆかた,Teeny Sanguini Yukata
ほのおチャーム橙,Orange Flames Charm
モッズスニーカー,Mod Sneakers
エピソード依頼帳,Episode Request Book
閃手賞トロフィー,Athlight Trophy
ダイバーシューズ,Diver Shoes
冥鬼魔将メネシス,Nemethys
黒曜のカウンタ大,Obsidian Counter L
獄水鬼ヴァーテル,Waterkeeper Vater
占い師の丸型ラグ,Diviner Round Rug
ルシェンダの武器,Lushenda's Weapon
テルドミールたち,Upover Rider and co.
メタリオンタクト,Metallek Stick
レース屋セーグル,Race Registrar Segul
お菓子のオーブン,Sweet Oven
サイクロンダンス,Cyclone Dance
ゾーマ　ユウシャ,Zoma, Hero
スチームハンマー,Steam Hammer
第１１回ルミナ像,11th Lumina Statue
乱破の忍び装束下,Spy's Ninja Bottom
カエルの置物・庭,Frog Ornament (G)
ようせいのひだね,Lamplight
ＦＦＸＩＶ２印章,FF XIV 2 Stamps
しぐさ書・ヨッ！,Yo!
錬金強化屋アーク,Alchemy Enhancer Arc
ダーマ神殿の看板,Alltrades Abbey Sign
ホースデビル・強,Vicious Gamigin
アンルシアの写真,Photo of Anlucia
レンダーシア地図,Lendersia Map
サワナギの戦士Ｃ,Warrior of Sawanagi C
執行獣ニニエルザ,Beastly Ninierza
ダストンキャップ,Duston Cap
鉱物生命体の弾丸,Life Mineral Bullet
蘇りし大祭壇の間,Restored Grand Altar
プロディトヘッド,Plaudit Headdress
きんのネックレス,Gold Chain
輝天のブーメラン,Sky Boomerang
ドミネウス王の杖,King Domineus' Staff
チアガール衣装券,Cheerleader Outfit Tkt
新作家具屋ニニモ,New Indoor Furniture Shop Ninimo
新兵支給こしだれ,Recruit Armor Bottom
悪霊の神々コイン,Evil Trinity Coin
モンスター討伐隊,Monster Strike Force
出会いは合わせ鏡,Mirrored Encounters
鍛冶素材屋タブロ,Smithing Materials Tablo
ドラパンクパンツ,Dracky Punk Pants
女学生のスカート,Schoolgirl Skirt
デリシャスカルビ,Delicious Ribs
ダーマ神官アデラ,Abbey Priest Adela
極天女帝のピアス,Sky Empress Earrings
釣り老師ハルモス,Fishing Guru Harmos
賢者の手を引いて,By the Sage's Hand
炎の友情☆ダンス,Fiery Friendship Dance
メタスラチャイム,Metal Slime Chime
追加クエダミー８,not used
ドワチャッカ大陸,Dwachakka
タンクハンバーグ,Tank Hamburger
ゴシックパラソル,Glumbrella
カボチャの食器棚,Pumpkin Cupboard
フォーリオン外郭,Outer Fourion
隠密の装束セット,Covert Outfit
グリゴリふれんず,Watcher Friends
タンブラーシャツ,Tumbler Shirt
蒼天のソウラの絵,Soura Painting
空のワインボトル,Empty Wine Bottle
オトナなサンダル,Mature Sandals
若手芸人のズボン,Young Talent Pants
カプリコルランス,Capricor Lance
しぐさ書・自撮り,Selfie
クリスマスレンズ,Christmas Lens
こいするめりっさ,Melissa in Love
クラウンシューズ,Clown Shoes
ワラキウスの幻影,Shade of Warachius
ジャックのローブ,Jack's Robe
モンシロウィング,White Butterfly Wings
防具屋グリッチャ,Armor Shop Gritcha
しぐさ書・ねる２,Sleep 2
経験値の古文書・,Experience Scroll
クオードの剣の鞘,Quard's Scabbard
ファラオ・ナジャ,Pharaoh Naja
クリスモスブロス,Soul of Christmas
こげ茶猫カプセル,Olive Cat Toy
ゴスバニーシール,Goth Bunny Sticker
セレモニーロッド,Ceremonial Rod
青嵐のおうぎ絵巻,Tempest Fan Book
砂の都のテーブル,Sand City Table
ひとくいサーベル,Erazor Blade
桜蝶鬼メイガたち,Meiga, the Pink Butterfly and co.
絆のエンブレム極,Apex Bonding Emblem
黒曜のカーペット,Obsidian Carpet
マジカル姫ハット,Magical Hat
エルドナ神の洗礼,Eldona's Baptism
とこしえの語り部,Storyteller of Eternity
しびれくらげ０６,Man o' War 06
青天竜バルケロス,Azure Dragon Barkelos
イチゴの天井飾り,Strawberry Decor
猛き炎と渦巻く闇,Flames In The Darkness
『他の人の家へ』,"To Other House"
大魔王のグローブ,Demon Lord's Gloves
デーモンフォーク,Archdemon Fork
シスターペコリア,Sister Pekoria
学園の教室の教壇,School Classroom Podium
ザンクローネパン,Zankrone Bread
悠久の時を超えて,Beyond the Bounds of Time
黒レザーのタンス,Black Leather Wardrobe
５００年前の地図,Map of 500 Years Ago
バッジ交換券・光,Light Badge Ticket
夢見る占い師たち,Dreaming Fortune Tellers
船尾甲板・最上部,Poop Deck - Top
プチキングヒドラ,Frail King Hydra
ふわふわモーモン,Floaty Teeny Sanguini
ヨロイの幽霊さん,Mr. Yoroi's ghost
壱の式修了の陰符,Yin I Completion Charm
ゲノミーカプセル,Crankiid Toy
今そこにいる辛党,Now's Thats A Nice Spice
ドラゴンステップ,Dragon Step
リラックス浮き輪,Relax Floatie
トナカイシューズ,Reindeer Boots
ブルークリスタル,Blue Crystal
女神の魂の在りか,Soul of the Goddess
魔物管理人ジラー,Monster Manager Jira
お嬢さまのリボン,Nera's Ribbon
売り子パナッピュ,Vendor Panapyu
トトゴンカプセル,Totogon Toy
冒険スタンプ印章,Adventure Stamps
美容師たちの祭典,Hairdresser Festival
プチゴレオン将軍,Frail Goreham-Hogg
パラディンガード,Knight Watch
GPトロフィー朱金,GP Gold Trophy Red
GPトロフィー紫鉄,GP Steel Trophy Purple
PC兄弟ノ装備一式,PC Sib. Equipment Set
PC兄弟の装備一式,PC Sib. Equipment Set
さいだいＨＰ +100,Max HP +100
GPトロフィー白銀,White GP Silver Trophy
行動時5%でスカラ,Buff On Action 5%
CSダミーエルフ女,CS Dummy Elf F
かいふく魔力 +100,Magical Mending +100
アトラス(コイン),Atlas (Coin)
マイタウンID：－,My Town ID:  - 
西の塔-３階 入口,West Tower 3F Entrance
さいだいＭＰ +130,Max MP +130
GPトロフィー黄銀,Yellow GP Silver Trophy
GPトロフィー紫銅,GP Bronze Trophy Purple
ブーメラン(片手),Boomerangs
こうげき魔力 +100,Magical Might +100
GPトロフィー白銅,White GP Bronze Trophy
CSダミーウェデ女,CS Dummy Weddie F
Re昏きブルーの男,Re: Dark Blue Man
スティック(片手),Wands
GPトロフィー黄金,Yellow GP Gold Trophy
GPトロフィー紫銀,GP Silver Trophy Purple
おびえガード +10%,Frighten Guard +10%
武器ガード率 +10%,Parry Rate +10%
CSダミーエルフ男,CS Dummy Elf M
ベリアル(コイン),Belial (Coin)
GPトロフィー白金,White GP Gold Trophy
GPトロフィー黄鉄,Yellow GP Iron Trophy
GPトロフィー朱鉄,GP Steel Trophy Red
さいだいＭＰ +150,Max MP +150
特技の回復量 +50%,Skill Recovery +50%
GPトロフィー紫金,GP Gold Trophy Purple
GPトロフィー朱銀,GP Silver Trophy Red
　(フォース無効),　(Fource×)
コロシアムMS受付,Coliseum MS Reception
フウキの証(壊れ),SCC Emblem (Broken)
GPトロフィー白鉄,White GP Iron Trophy
CSダミーウェデ男,CS Dummy Weddie M
追加攻撃強化 +25%,Added Attack Boost +25%
西の塔-２階 入口,West Tower 2F Entrance
シンイのこころ10,Shini's Heart Lv10
GPトロフィー黄銅,Yellow GP Bronze Trophy
ナンナのこころ10,Nanna's Heart Lv10
さいだいＭＰ +100,Max MP +100
戦神の宮殿 出口,War God Palace Exit
禁呪の祭壇 出口,Forbidden Altar Exit
かいふく魔力 +15,Magical Mending +15
師父の草庵 出口,Master's Hermitage Exit
武器ガード率 +3%,Parry Rate +3%
朽ちた霊廟 入口,Decaying Tomb Entrance
生誕の花園 入口,Garden of Growth Entrance
揺籃の祭壇 出口,Altar of Beginnings Exit
深謀の荒原 入口,Scheming Expanse Entrance
白亜の王城 出口,Chalky Castle Exit
てれぱすたいつ2,Telepath Tights Ⅱ
魔炎鳥の巣 入口,Darkflame's Nest Entrance
かいふく魔力 +60,Magical Mending +60
第三の領域 入口,Third Area Entrance
さいだいＭＰ +19,Max MP +19
トガの広場 入口,Toga Square Entrance
さいだいＭＰ +16,Max MP +16
悔恨の牢獄 入口,Prison of Remorse Entrance
隠者の住処 入口,Hermit's Dwelling Entrance
大祭壇の間 入口,The Grand Altar Entrance
さいだいＭＰ +17,Max MP +17
機巧研究所 入口,The Mechanica Entrance
光源の間１ 出口,Light Source 1 Exit
２階-王立研究院,2F - Royal Research
さいだいＭＰ +15,Max MP +15
亡都の広間 入口,Ruined Chamber Entrance
マダムの店 入口,Madame's Shop Entrance
懐郷の僧院 出口,Priory of Parting Exit
かいふく魔力 +30,Magical Mending +30
竜のすみか 入口,Dragon's Den Entrance
古跡の井戸 入口,Historic Well Entrance
かいふく魔力 +10,Magical Mending +10
ザード遺跡 入口,Zard Ruins Entrance
深想の発露 入口,Thoughts Manifest Entrance
翠嵐の聖塔 入口,Storm Tower Entrance
氷ダメージ 20%減,Ice Resistance +20%
古王家の墓 出口,Old Royal Tomb Exit
ゴミ処理場 入口,Garbage Plant Entrance
職人練習場 出口,Crafting Center Exit
秘密の部屋 出口,Secret Room Exit
裁定の清堂 出口,Hall of Arbitration Exit
北の洞くつ 入口,North Cave Entrance
終着の星域 出口,The Last Star Exit
ムストの町 入口,Morst Entrance
竜のねぐら 入口,Dragon's Lair Entrance
永遠の牢獄 入口,Eternal Prison Entrance
ザード遺跡 出口,Zard Ruins Exit
さいだいＭＰ +11,Max MP +11
高台の小屋 入口,Cabin on the Cliff Entrance
ご神体の間 入口,Hall of Worship Entrance
呪文発動速度 +2%,Spellcasting Speed +2%
第２昇降塔 入口,Lift Tower 2 Entrance
亡都の霊堂 出口,Tomb of the Lost City Exit
全職きようさ +20,Natural Deftness +20
イーサの村 入口,Ether Village Entrance
封印の異界 出口,Realm of the Seal Exit
悠久の回廊 入口,Eternal Passage Entrance
封神の参道 入口,The Sealed Approach Entrance
第二の領域 入口,Second Area Entrance
武器ガード率 +2%,Parry Rate +2%
全職みりょく +10,Natural Charm +10
第二本校舎 入口,Second School Building Entrance
禁呪の祭壇 入口,Forbidden Altar Entrance
量産型魔法戦士A,Armamentalist Model A
祈りの宿-防具屋,Prayer Inn - Armor Shop
２階-女王の部屋,2F - Queen's Room
芸術の墓場 入口,Cemetery of Art Entrance
こうげき魔力 +15,Magical Might +15
魔獣の菜園 出口,Rabbits' Recluse Exit
盟友の虚無 出口,Ally's Void Exit
忘却の神殿 入口,Temple of Oblivion Entrance
全職すばやさ +30,Natural Agility +30
武器ガード率 +6%,Parry Rate +6%
闇ダメージ 10%減,Dark Resistance +10%
祈りの宿-武器屋,Prayer Inn - Weapon Shop
こうげき魔力 +35,Magical Might +35
怨念の潜窟 出口,Cavern of Resentment Exit
深謀の荒原 出口,Scheming Expanse Exit
全職すばやさ +10,Natural Agility +10
海底の牢獄 入口,Submerged Stir Entrance
量産型魔法戦士F,Armamentalist Model F
さいだいＭＰ +80,Max MP +80
さいだいＨＰ +18,Max HP +18
さいだいＨＰ +24,Max HP +24
光源の間３ 入口,Light Source 3 Entrance
さいだいＨＰ +11,Max HP +11
最終処分場 出口,Landfill Site Exit
祈願の神殿 出口,Gratitemple Exit
幽遠の牢獄 出口,Deep Dungeon Exit
呪文発動速度 +7%,Spellcasting Speed +7%
魔眼の中枢 入口,Eye of Evil's Core Entrance
業炎の聖塔 入口,Fire Tower Entrance
さいだいＨＰ +19,Max HP +19
風樹の台地 出口,Windy Plateau Exit
トガス岩道 入口,Togas Trail Entrance
竜のねぐら 出口,Dragon's Lair Exit
創失の天頂 出口,Apex of Unmaking Exit
女神の神座 入口,Goddess' Shrine Entrance
魔導の秘奥 入口,Secrets of Sorcery Entrance
帝王の玉座 出口,Imperial Throne Exit
時見の神殿 出口,Timeseer Temple Exit
滅星の深淵 出口,Doomsday's Abyss Exit
懐郷の僧院 入口,Priory of Parting Entrance
断罪の記憶 出口,Memory of Absolution Exit
祈願の神殿 入口,Gratitemple Entrance
さいだいＭＰ +14,Max MP +14
さいだいＨＰ +28,Max HP +28
最終処分場 入口,Landfill Site Entrance
凪のほら穴 出口,Cave of the Calm Exit
ガリアル洞 入口,Garial Cave Entrance
土ダメージ 10%減,Earth Resistance +10%
雪原の廃墟 入口,Snowfield Ruins Entrance
コルレーン兵士E,Colrane Soldier E
神代の遺構 入口,Ancient Remains Entrance
量産型魔法戦士C,Armamentalist Model C
トガの広場 出口,Toga Square Exit
海底の牢獄 出口,Submerged Stir Exit
支配者の巣 入口,Nest of Rulers Entrance
全職きようさ +10,Natural Deftness +10
光源の間２ 出口,Light Source 2 Exit
第１昇降塔 出口,Lift Tower 1 Exit
さいだいＨＰ +13,Max HP +13
竜術士の家 入口,Dragomancer's House Entrance
木工ギルド ２階,Woodworking Guild 2F
恵みの広場 入口,Blessed Bastion Entrance
星羅の天宮 入口,Starry Shrine Entrance
帝王の玉座 入口,Imperial Throne Entrance
光源の間１ 入口,Light Source 1 Entrance
さいだいＨＰ +26,Max HP +26
妖剣士の塚 出口,Swordsman Mound Exit
武器ガード率 +4%,Parry Rate +4%
守護者の間 出口,Warden's Chamber Exit
てれぱすたいつ1,Telepath Tights Ⅰ
第三の領域 出口,Third Area Exit
四神の舞台 出口,Stage of the Four Exit
量産型魔法戦士B,Armamentalist Model B
絶命の牢獄 入口,Prison of Death Entrance
冥王の玉座 出口,The Netherlord's Throne Exit
岩峰の広間 出口,Pinnacle Grotto Exit
さいだいＨＰ +17,Max HP +17
女神の神座 出口,Goddess' Shrine Exit
第二の領域 出口,Second Area Exit
世界樹の丘 入口,Yggdrahill Entrance
創生の祭壇 出口,Altar of Creation Exit
裁定の清堂 入口,Hall of Arbitration Entrance
竜神の世界 入口,Within Nadraga Entrance
さいだいＭＰ +18,Max MP +18
さいだいＨＰ +15,Max HP +15
グレン城 入口前,Glen Castle Entrance
ガラガの穴 入口,Garaga Hole Entrance
そなえの場 入口,Place of Preparation Entrance
さいだいＨＰ +50,Max HP +50
ガラガの穴 出口,Garaga Hole Exit
試みの祭壇 出口,Altar of Trials Exit
こうげき魔力 +60,Magical Might +60
コルレーン兵士C,Colrane Soldier C
戦神の宮殿 入口,War God Palace Entrance
風樹の台地 入口,Windy Plateau Entrance
三門の関所 入口,Three Way Gate Entrance
さいだいＭＰ +13,Max MP +13
神化の工房 出口,Workshop of Deification Exit
さいだいＨＰ +12,Max HP +12
永遠の牢獄 出口,Eternal Prison Exit
王家の霊廟 出口,Royal Tomb Exit
森の洞くつ 出口,Forest Cave Exit
さいだいＨＰ +10,Max HP +10
かいふく魔力 +25,Magical Mending +25
コロシアム 入口,Coliseum Entrance
ギアラの間 出口,Abomasum Area Exit
王家の霊廟 入口,Royal Tomb Entrance
警備隊本部-２階,Guard's Office - 2F
闇ダメージ 20%減,Dark Resistance +20%
ルファ神殿 出口,Rufa Temple Exit
守りの部屋 入口,Room of Defense Entrance
こうげき魔力 +30,Magical Might +30
機巧研究所 出口,The Mechanica Entry
さいだいＭＰ +50,Max MP +50
太陽の石室 入口,Sun Chamber Entrance
かいふく魔力 +20,Magical Mending +20
精霊の境界 出口,Spirit Frontier Exit
創生の祭壇 入口,Altar of Creation Entrance
冥闇の聖塔 出口,Dark Tower Exit
第２昇降塔 出口,Lift Tower 2 Exit
さいだいＭＰ +30,Max MP +30
太古の氷穴 入口,Old Ice Cavern Entrance
炎獄王の座 入口,Seat of the Fire King Entrance
詩歌の遺跡 入口,Poetry Ruins Entrance
生産棟-地下１階,Manufacturing - B1F
さいだいＭＰ +60,Max MP +60
彼岸花の園 出口,Red Lily Garden Exit
怨念の潜窟 入口,Cavern of Resentment Entrance
命脈の神殿 入口,Threads of Life Entrance
絶命の牢獄 出口,Prison of Death Exit
高台の小屋 出口,Cabin on the Cliff Exit
秘密の部屋 入口,Secret Room Entrance
天ツ風の間 入口,Windy Room Entrance
風ダメージ 20%減,Wind Resistance +20%
天稟の祭壇 入口,Altar of Aptitude Entrance
ゾーン発動率 +1%,Pep Chance +1%
魔導の秘奥 出口,Secrets of Sorcery Exit
邪神の宮殿 入口,Dark Deity's Palace Entrance
神儀の護堂 出口,Guardian's Hall Exit
勇者の曙光 出口,Hero's Daybreak Exit
砂塵の遺跡 入口,Sandstorm Ruins Entrance
ご神体の間 出口,Hall of Worship Exit
氷晶の聖塔 入口,Ice Tower Entrance
竜のすみか 出口,Dragon's Den Exit
師父の草庵 入口,Master's Hermitage Entrance
亡国の遺構 入口,Lost Vestige Entrance
祈りの宿-道具屋,Prayer Inn - Item Shop
死の礼拝堂 出口,Chapel of Death Exit
溶岩だまり 入口,Lava Pool Entrance
天水の聖塔 出口,Water Tower Exit
北の洞くつ 出口,North Cave Exit
光ダメージ 20%減,Light Resistance +20%
第１昇降塔 入口,Lift Tower 1 Entrance
古跡の井戸 出口,Historic Well Exit
こうげき魔力 +25,Magical Might +25
試みの祭壇 入口,Altar of Trials Entrance
管理事務所 出口,Management Office Exit
恵みの広場 出口,Blessed Bastion Exit
芸術の墓場 出口,Cemetery of Art Exit
さいだいＨＰ +20,Max HP +20
新生の階梯 入口,Ascent of Rebirth Entrance
紫のほこら 出口,Purple Shrine Exit
滅星の邪園 入口,Doomsday's Depths Entrance
３階-王立研究院,3F - Royal Research
研究棟-地下２階,Research - B2F
ガリアル洞 出口,Garial Cave Exit
全職みりょく +60,Natural Charm +60
王国軍区画 入口,Royal Army Ward Entrance
全職みりょく +20,Natural Charm +20
さいだいＭＰ +10,Max MP +10
妖剣士の塚 入口,Swordsman Mound Entrance
天稟の祭壇 出口,Altar of Aptitude Exit
第３昇降塔 出口,Life Tower 3 Exit
冥闇の聖塔 入口,Dark Tower Entrance
封邪の幽谷 入口,Sealing Vale Entrance
地上制圧隊 本隊,Ground Patrol Troop
呪文発動速度 +8%,Spellcasting Speed +8%
朽ちた霊廟 出口,Decaying Tomb Exit
さいだいＭＰ +20,Max MP +20
邪神の宮殿 出口,Dark Deity's Palace Exit
さいだいＨＰ +30,Max HP +30
幽遠の牢獄 入口,Deep Dungeon Entrance
天ツ風の間 出口,Windy Room Exit
峠のほこら 入口,Mountain Pass Shrine Entrance
大樹の根元 出口,The Roots Exit
マダムの店 出口,Madame's Shop Exit
アペカの村 入口,Apeka Village Entrance
魔眼の中枢 出口,Eye of Evil's Core Exit
コルレーン兵士D,Colrane Soldier D
ゼクレス城 入口,Zechres Castle Entrance
勇者の曙光 入口,Hero's Daybreak Entrance
雪原の廃墟 出口,Snowfield Ruins Exit
神話の遺跡 出口,Mystical Ruins Exit
滝見の広場 入口,Fallsview Court Entrance
光源の間３ 出口,Light Source 3 Exit
隠者の住処 出口,Hermit's Home Exit
魔獣の菜園 入口,Rabbits' Recluse Entrance
大祭壇の間 出口,The Grand Altar Exit
昔日の小路 出口,Olden Path Exit
神話の遺跡 入口,Mystical Ruins Entrance
ワルド水源 入口,Wald Headwaters Entrance
支配者の巣 出口,Nest of Rulers Exit
竜術士の家 出口,Dragomancer's House Exit
雷ダメージ 20%減,Thunder Resistance +20%
コルレーン兵士B,Colrane Soldier B
神化の工房 入口,Workshop of Deification Entrance
管理事務所 入口,Management Office Entrance
武器ガード率 +8%,Parry Rate +8%
第一の領域 出口,First Area Exit
古王家の墓 入口,Old Royal Tomb Entrance
王国軍区画 出口,Royal Army Ward Exit
けがれの谷 入口,Defiled Valley Entrance
時見の祭壇 出口,Timeseer Altar Exit
創失の天頂 入口,Apex of Unmaking Entrance
凪のほら穴 入口,Cave of the Calm Entrance
ダズの岩穴 入口,Daz Grotto Entrance
光源の間２ 入口,Light Source 2 Entrance
こうげき魔力 +40,Magical Might +40
呪文発動速度 +3%,Spellcasting Speed +3%
新生の階梯 出口,Ascent of Rebirth Exit
第一の領域 入口,First Area Entrance
土ダメージ 20%減,Earth Resistance +20%
神儀の護堂 入口,Guardian's Hall Entrance
亡都の広間 出口,Ruined Chamber Exit
生誕の花園 出口,Garden of Growth Exit
ゴミ処理場 出口,Garbage Plant Exit
工匠神の間 出口,Craftmaster's Chamber Exit
ラニ大洞穴 入口,Lani Caves Entrance
第３昇降塔 入口,Lift Tower 3 Entrance
竜神の世界 出口,Within Nadraga Exit
魔炎鳥の巣 出口,Darkflame's Nest Exit
守護者の間 入口,Warden's Chamber Entrance
岩峰の広間 入口,Pinnacle Grotto Entrance
創生の邪洞 入口,Cave of Creation Entrance
亡都の霊堂 入口,Tomb of the Lost City Entrance
命脈の神殿 出口,Threads of Life Exit
封神の参道 出口,The Sealed Approach Exit
守りの部屋 出口,Room of Defense Exit
１階-王立研究院,1F - Royal Research
さいだいＭＰ +12,Max MP +12
太陽の石室 出口,Sun Chamber Exit
森の洞くつ 入口,Forest Cave Entrance
紫のほこら 入口,Purple Shrine Entrance
悔恨の牢獄 出口,Prison of Remorse Exit
かいふく魔力 +40,Magical Mending +40
氷晶の聖塔 出口,Ice Tower Exit
こうげき魔力 +20,Magical Might +20
ぴえろいしょう2,Clown Costume Ⅱ
さいだいＨＰ +22,Max HP +22
ゼクレス城 出口,Zechres Castle Exit
滝見の広場 出口,Fallsview Court Exit
３階-騎士団長室,3F - Knight Captain Room
第一本校舎 入口,First School Building Entrance
大樹の根元 入口,The Roots Entrance
世界樹の丘 出口,Yggdrahill Exit
さいだいＨＰ +14,Max HP +14
ぴえろいしょう1,Clown Costume Ⅰ
コルレーン兵士A,Colrane Soldier A
白亜の王城 入口,Chalky Castle Entrance
研究棟-地下１階,Research - B1F
ピラミッド 入口,Pyramid Entrance
ガラシの塔 入口,Garashi Tower Entrance
謎の地底湖 入口,Underground Lake Entrance
魔王アトラス1200,Demon King Atlas 1200
ギアラの間 入口,Abomasum Area Entrance
冥王の玉座 入口,Before the Throne
謎の地底湖 出口,Underground Lake Exit
こうげき魔力 +10,Magical Might +10
量産型魔法戦士E,Armamentalist Model E
封邪の幽谷 出口,Sealing Ravine Exit
忘却の神殿 出口,Temple of Oblivion Exit
量産型魔法戦士D,Armamentalist Model D
セレドの町 入口,Town of Celed Entrance
炎獄王の座 出口,Seat of the Fire King Exit
岳都ガタラ 入口,Mount Gatara Entrance
滅星の邪園 出口,Doomsday's Depths Exit
時見の祭壇 入口,Timeseer Altar Entrance
亡国の遺構 出口,Lost Vestige Exit
神代の遺構 出口,Ancient Remains Exit
竜鱗のまゆ 出口,Dragon's Cocoon Exit
魔獣の寝床 入口,Beast's Bed Entrance
氷床_クルヴィダ,Ice Sheet Kuruvida
炎ダメージ 20%減,Fire Resistance +20%
西の塔-地下１階,West Tower B1F
彼岸花の園 入口,Red Lily Garden Entrance
レーンの村 入口,Rane Village Entrance
ダーマ神殿 入口,Alltrades Abbey Entrance
武器ガード率 +5%,Parry Rate +5%
さいだいＨＰ +16,Max HP +16
砂塵の遺跡 出口,Sandstorm Ruins Exit
ドリームバニラ,Dream Vanilla
ゾーマの像・庭,Zoma Statue (G)
かいしん率 +1.0%,Critical Rate +1.0%
女神の杖の物語,Sacrosanct Staff Story
マドハンド・強,Vicious Muddy Hand
ルミナスガゼボ,Luminous Gazebo
ひとくいドール,Man-Eating Doll
天界のころも上,Observatory Top
原獣プレゴーグ,Wild Beast Pregog
氷風の旅装束上,Icewind Top
初期オーガ女性,Initial Ogre Female
トランプハット,Tycoon Hat
お買いもの印章,Shopping Stamps
かじやぶれんど,Blacksmith Brendo
まいしんベリー,Strawbergine
フランジュの像,Frange Statue
フラウスクロー,Flaus Claws
プーラのほら穴,Pura Cave
水槽アイテム４,Aquarium Item 4
アンクルホーン,Moosifer
シャークウェア,Sharkskin
スライムだるま,Slime Daruma Doll
十一の塔・中層,Tower 11 - Middle Area
ヘルクラウダー,Cumulus Vex
神代の島への扉,Door to the Mythical Isle
預かり所トワタ,Depository Towata
ポムポムオイル,Pom Pom Oil
金ぶち模様の壁,Gold Trimmed Wall
ぎんのかなづち,Silver Hammer
ロリータリスト,Lolita Wristbands
預かり所ルクバ,Storage Rukuba
レストリア地方,Restoria Region
超天道士の遺産,Legacy of the Chosen One
Mサイズお城5 柱,M Size Castle5 Pillar
くらげドレス下,Jellyfish Dress Bottom
トンブレロの像,Ham Shamwitch Statue
パールの浮き輪,Pearl Floatie
音楽隊の制服下,Band Uniform Bottom
奉仕室ペコリア,Service Room Pekoria
緑毛亀のはかま,Green Turtle Hakama
工匠神のマスク,Craftmaster's Mask
古びた巻物巻き,Old Scroll Rolled
エンゼルクロー,Angel Claw
回転木馬の広場,Carousel Plaza
シシカバブ団長,Leader of the Shish Kebabs
魔痛の毒の原液,Demonic Pain Poison
いちころゾール,One-shot Serum
乗船パス引換券,Boarding Pass Voucher
預かり所ヌツィ,Storage Newtsy
サイコロピアス,Dice Earrings
武器屋クータス,Weapon Shop Kootas
ゼクレス機神兵,Zechres Mech Soldier
ツインスワロー,Swallowtail
バーバニードル,Barbunneedle
あらくれマスク,Thug's Mug
郵便局員タリア,Postman Taria
ネタ「ケーキ」,Cake Trick
紅葉のテーブル,Autumn Leaf Table
交換屋ミランダ,Exchange Shop Miranda
プリエールの涙,Living on a Priere
スライムタワー,Slime Stack
はかいのつるぎ,Sword of Ruin
シルバーデビル,Silvapithecus
神官プリストン,Priest Priston
レーザーエッジ,Laser Focus
怪盗対策用ワナ,Anti-Thief Trap
じょうぶな金具,Heavy Duty Fittings
ハヤノキの樹液,Beech Tree Sap
ゴルフバイザー,Golf Visor
天狗のかんむり,Tengu Diadem
高雅なふりそで,Graceful Kimono
猛火竜のピアス,Fire Dragon Earring
新兵支給ブーツ,Recruit Boots
星夜のドレス上,Starry Night Shirt
水神のたつまき,Water Spout
魔剣士のズボン,Demon Swordsman Pants
案内係ラーリア,Guide Laria
たれ茶トラ猫　,Lazy Brown Tabby
兄妹の家・１階,Romas' House - 1F
風の音色を聴け,Listening to the Wind
立方体ボックス,Cube Box
サンプル・鉱石,Sample - Ore
魚交換員ポリィ,Fish Exchange Polly
古びたハンドル,Old Handle
妖精郷のうでわ,Faerie Realm Braces
クラウンハット,Clown Hat
取引商ルーベム,Trader Ruubem
スライムトレイ,Slime Shield
導きの水晶・紫,Purple Guidance Crystal
思い出消しゴム,Nostalgic Eraser
仕立て屋ポポル,Tailor Popol
紫地に蛇の目傘,Purple Ring Umbrella
神兵のよろい上,Divine Soldier Chest
合力の剣器・花,Combined Blade of Flowers
代理人ルーニア,Agent Runia
忘れられた誓い,A Forgotten Vow
赤眼のサイレス,Red-eyed Gryphon
凶獣アルグトス,Ursa Murder
メダルフラワー,Medal Flower
ポーズ書・風雅,Elegant Pose
折れ曲がった剣,Bent Sword
防具屋コーヴィ,Armor Shop Corvi
渡し守シャリア,Ferryman Sharia
スモールタワー,Small Tower
グリゴンダンス,Caped Caperer
小さなイレモン,Little Lemon
防具屋ユーネリ,Armor Shop Yuuneri
しんまいささに,Novice Sasani
ブラドドラゴン,Blood Dragon
移動係ルモンド,Travel Clerk Remond
バナナキャップ,Banana Cap
クリオネワンド,Sea Slug Staff
キアリージャム,Squelch Jam
イチョウのラグ,Ginkgo Rug
管理棟・冷眠室,Admin Building - Cryogenic Chamber
ガテリアギフト,Gaterian Gift
ネオン・レター,Neon Letter
悪魔のさばき方,Demon Sentencing Method
こんとんのかげ,Chaos Shadow
紹介人ミーナー,Introducer Mina
どうぐ使いの服,Item Master Shirt
魔天の勇者の像,Festive Hero Statue
ＧＰライセンス,GP License
ローズウィップ,Rosewhip
迷えるセシリオ,Lost Cecilio
授業人間小女性,Human Female Student
討伐隊員エドー,Strike Force Ed
シュタール鉱野,Stahl Minefield
王家のレイピア,Royal Rapier
あんこくのきり,Dark Cloud
白木のチェスト,Plain Chest
道具錬金ギルド,Item Alchemy Guild
星降るカーテン,Starfall Curtain
バザックス・強,Vicious Tyrannoceratops
妖精のサンダル,Fairy Sandals
エステラチェア,Estella Chair
パペットロープ,Puppet Rope
メタキンメダル,Metal King Medal
道具屋サアタウ,Item Shop Satau
お花の天井飾り,Flower Ceiling Decor
壁かけ宇宙船窓,Spaceship Window
釣り師の衣装Ⅱ,Angler's Costume Ⅱ
バナナトラップ,Banana Time
冥雲魔神の勲章,Cloudy Crest
テラスへの出口,Exit to Terrace
ＧＭのグリーブ,GM's Greaves
輝晶獣ドグドラ,Crystalbeast Dogdra
ワルドキャベツ,Wald Cabbage
寝られない布団,Sleepless Futon
嵐の領界の雷岩,Storm Realm Rock
かたりべの服下,Storyteller's Kilt
パールウィング,Pearl Wings
ラニカルカ方面,Ranikalka Region
アヴィーロ遺跡,Aviro Ruins
ハート模様の柱,Heart Pattern Pillar
冒険マイスター,Adventure Meister
記憶のつめあと,Traces of Memory
ゆうたの衣装券,Gamer Gal Outfit Voucher
郵便局員ショス,Postman Shose
はりつきあくま,Hangelabra
ゴードンヘッド,Mega Moai
預かり所ベルタ,Storage Bertha
サークルピアス,Circle Earrings
ネオンビーム桃,Neon Beam (Pink)
あらくれボディ,Muscle Belt
パワーチップス,Power Chips
かなしきるしお,Sad Lucio
オーガの便せん,Ogre Paper
あやしい長イス,Suspicious Bench
がくとみみずき,Student Mimizuki
海王ポセアノス,Poseadon
取引商リューロ,Trader Ryuro
せんしぱちぇす,Warrior Paches
麗姫の武闘着下,Princess War Skirt
闇の狂戦士１０,Dark Berserker 10
ガミルゴの盾島,Gamilgo's Shield
タイガーギース,Tiger Gies
サタンの魔眼石,Satan's Eye Stone
けだるいコリー,Lazy Collie
攻撃時 3%で眠り,Sleep Attack 3%
ウルベア大魔神,Urbea Colossus
オトリ召喚の札,Bill of Baiting
道具屋アルティ,Item Shop Aruti
プクリポずきん,Pukulipo Hood
プンスコのつぼ,Punsuko's Vase
ミラクルハット,Miracle Hat
トライドズボン,Battle-born Trousers
草原地区への道,Road to Meadow Area
オジャロスの杖,Ojalos' Staff
テゾーロの小屋,Tezoro's Hut
大きなお城の家,Big Castle
黄金の飾りくつ,Ornamental Boots
十二の星獣イー,12th Star Beast Ee
Mサイズお城5 壁,M. Size Castle 5 Wall
こうげき魔力 +2,Magical Might +2
ワープ庭具０１,Warp Garden Tool 01
嵐の解錠の円盤,Storm Unlocking Disc
しぐさ書・座礼,Sit and Bow
道具屋クラッサ,Item Shop Kurasa
ソップの弁当箱,Sop's Lunchbox
郵便局員キュラ,Postman Kyura
道具屋ムルーノ,Item Shop Murno
きのこ村のくつ,Shroom Village Shoes
メレアーデの家,Mereade's House
ラプターヘッド,Bird of Prey Head
ドラゴンキッズ,Small Fry
ルティアナの種,Lutiana's Seed
キュートカカオ,Cute Cacao
育まれし歌の心,Poem's True Meaning
便せん屋ツバナ,Stationery Shop Tsubana
案内係ノーミア,Guide Normia
ヨナちゃんの像,Yona Statue
ゴズ渓谷への道,Road to Goz Valley
便せん屋ツクシ,Stationery Shop Tsukushi
うわさのりーざ,Lisa's Rumor
ポルテカプセル,Porte Toy
ふわふわアゲハ,Floaty Butterflies
学園女子のくつ,Schoolgirl Shoes
宿屋ラティーフ,Innkeeper Lateef
ホワイトツリー,White Tree
パパルタ運転士,Driver Papalta
特どくけしそう,Special Antidote
古代王族のくつ,Ancient Royal Shoes
ガーデン衣装券,Garden Outfit Voucher
リゼロッタの像,Lieselotte Statue
ＣＭ用オーガ３,Ogre For CM 3
お祭りのハッピ,Festival Happi
ドワーフベンチ,Dwarf Bench
メタルウィング,Metalicker
道具屋ニジャル,Item Shop Nushal
紅海神のうろこ,Red Scale
ミルドラワンド,Nimzo Wand
メタルドラゴン,Metal Dragon
ダーマ神殿周辺,Alltrades Abbey Front
くれないジャム,Deep Red Jam
アーモンキッド,Almond Oak
ブラッドピック,Bloodletter Knife
タロットメダル,Tarot Medal
魚交換員ポポリ,Fish Exchange Popori
シュガーポット,Sugar Pot
聖者のてぶくろ,Saint's Gloves
ルシェンダの杖,Lushenda's Staff
フロスティック,Frostick
冒険者ジグロウ,Adventurer Jiguro
バズズエリート,Elite Pazuzu
踊魔の霊符・紅,Red Dancer Talisman
ある当主の仮面,Master Mask
いやしのスープ,Soothing Soup
ようがんトーチ,Lava Candle
王と王妃の部屋,King & Queen's Room
封剣の門・天獄,Heavenly Hell
悪神の心域印章,Heartlands Stamps
大勇者のつるぎ,Heroic Sword
預かり所ミリヤ,Storage Miria
ゼクレス魔導国,Zechres
神兵のよろい下,Divine Soldier Faulds
ピンクモーモン,Pink Sanguini
幸運のおまもり,Good Luck Charm
描きし者の名は,The Artist's Name Is
ノービック先生,Mr. Nobik
しんまいあきた,Novice Akita
依頼書クエスト,Request Quest
マルシェの荷車,Market Cart
風の祠の守護者,Wind Shrine Guardian
古武道のずきん,Kobudo Hood
看板・ハテナ？,Sign - Question?
くみひもこぞう,String Fella
案内係ガルキス,Guide Garkis
カルデア溶岩帯,Chaldea Lava Belt
宝物庫への通路,Passage to Treasury
預かり所セネル,Storage Senel
仕立て屋サテテ,Tailor Satete
郵便局員グナー,Postman Guna
だいくからまつ,Carpenter Larch
メタスラピアス,Metal Slime Earrings
サポートパイル,Support Pile
討伐隊員チェド,Strike Force Ched
オクトパインク,Octopai Ink
ひかりのローブ,Shimmering Dress
昔日のよろい下,Ancient Leggings
こあくまどれす,Lil' Devil Dress
ジャディンの園,Jyadain Garden
戦士アイザック,Warrior Isaac
星詠みのランプ,Stargazing Lamp
バウンズ学園長,Principal Baunze
カラフルブーケ,Colorful Bouquet
きりさきダガー,Prickly Dagger
氷の領界のツボ,Ice Realm Pot
ポンポンピアス,Pom Pom Earrings
スカウトパンツ,Scout Pants
討伐隊員ジーン,Strike Force Jean
天恵のひしゃく,Blessed Ladle
郵便局員パステ,Postman Pasute
小悪魔グローブ,Lil' Devil Gloves
無効アトラス900,Invalid Atlas 900
ドルゴール・空,Dol Radio - Sky
ガレイズ用飛竜,Greiz's Flying Dragon
いたずらもぐら,Mischievous Mole
精霊のかがやき,Spirit Sparkle
踊魔の霊符・陽,Yang Dancer Talisman
セーラスロッド,Selas Rod
ディーコン神父,Father Deacon
ヒーローパンチ,Heroic Punch
ミカヅチのやり,Stormbolt Spear
高みを目指す者,Those Who Aim High
壊れた時見の箱,Broken Timeseer Box
おしゃべりルナ,Chatty Luna
オーグリグラマ,Ogreed Gramma
たびのささだけ,Traveler Sasadake
料理屋パムック,Server Pamuku
スライムピアス,Slime Earrings
案内係ペルジュ,Guide Perju
渡し守バルーク,Ferryman Balouque
たれ黒猫オッド,Odd Lazy Black Cat
紹介人ジョエル,Introducer Joel
ロードコープス,Wight Emperor
せいどうのオノ,Bronze Axe
カンダタマント,Robbin' 'Ood Cloak
防具屋ギャンパ,Armor Shop Gyanpa
バトルポーズ改,Better Battle Pose
師団長のかぶと,Commander Helmet
防衛軍のポーチ,Defense Force Pouch
エンタシスマン,Prancing Pillar
ガラクタ映写機,Junk Projector
お祭りの半だこ,Festival Half-Dako
交換屋ヌンタタ,Exchange Shop Nuntata
ミステリドール,Pocus Poppet
素材屋ポレッテ,Material Shop Polette
ライバルの帰還,Return of the Rival
ロンリー・ドニ,Lonely Donny
紹介人バロケル,Introducer Barokel
ライトフォース,Life Fource
てつのすねあて,Iron Shin Guards
取引商サットム,Trader Satmu
ブレイブメイル,Brave Mail
取引商レポリニ,Trader Repolini
きぬのローブ上,Silk Robe Top
グランドピアノ,Grand Piano
氷の魔女の絵本,Ice Witch Picture Book
創生番号１０２,Creation Number 102
動きだした時間,Time Moves Again
洋ナシのベッド,Pear Bed
思い出の貝がら,Shell of Memories
エルトナの混沌,Primordial Eltona
飛行士のズボン,Aviator's Pants
光の神殿への扉,Door to Temple of Light
イナミノ街道前,Inamino Highway
ユースキャップ,Youth Cap
グリーンの白壁,White Greenery Wall
イエローオーブ,Yellow Orb
マリンシューズ,Marine Shoes
禁忌の落とし子,Forbidden Child
飛行士のシャツ,Aviator's Shirt
族長のケープ下,Chieftain Pants
超木工刀小の本,Super Slick S Book
ホーリーキング,Holy King Slime
便せん屋ツムギ,Stationery Shop Tsumugi
うぐいすダリア,Green-Brown Dahlia
取引商イジウス,Trader Ijius
衣装係ショーナ,Clothier Shauna
道具屋カトラズ,Item Shop Katraz
ドレスアップ屋,Dress-up Shop
ドラクロン山地,Draklon Mountains
ドラゴンガイア,Gaia Dragon
武闘魔ガウラド,Gaurad, Demonic Fighter
第一の領域方面,Path to First Area
ワープ庭具１３,Warp Garden Tool 13
パープルダリア,Purple Dahlia
魔法陣の燐光盾,Magic Phosphorus Shield
ゲイボルグの書,Gae Bolg Book
誓約の園の花壇,Covenant Flowerbed
サマーな砂風呂,Summer Sand Bath
道具屋メイプル,Item Shop Maple
とうこんエキス,Aggressence
消えたオオカミ,Missing Wolf
中層・通話端末,Middle Area - Call Terminal
清廉天使セット,Honest Angel Outfit
ビッグピッケル,Big Pick
道具屋ミャダバ,Item Shop Myadaba
白魔術館の門柱,White Mansion Gatepost
魔神兵ゼェード,Aztech Zeid
討伐隊員プーレ,Strike Force Pure
とうぞくこぞう,Pilferer
案内係ケーティ,Guide Katy
春風応援シャツ,Spring Cheer Shirt
屋台系庭具１６,Food Stall 16 (G)
取引商アムチャ,Trader Amcha
ダンディオ団長,Captain Dandio
風に乗るマント,Wind Riders Cloak
おしゃべりピピ,Chatty Pipi
カーボーン将軍,General Carbone
はやぶさのツメ,Crow's Claws
星降る夜の再会,Starry Night Reunion
花札のついたて,Hanafuda Partition
防具屋ポナック,Armor Shop Ponak
ギュッとドベル,Dober Arm Doll
かなしきべにー,Sad Benny
こいするえるの,Erno in Love
武器屋パーラプ,Weapon Shop Parlap
ガタラ駅の模型,Gatara Station Model
ゆめみるにここ,Dreaming Nikoko
ようせいの霊薬,Faerie Elixir
赤バラのソファ,Red Rose Sofa
黒鳥のスリーブ,Blackbird Sleeves
キラージャック,Jugular Joker
マイユＴシャツ,Maille T-Shirt
花咲浪漫衣装券,Romantic Outfit Voucher
祈りのゴスペル,Graceful Gospel
けだるいエリー,Lazy Ellie
えきいんろにー,Attendant Ronny
食事用フォーク,Eating Fork
たてまじん・強,Vicious Peekabogre
ベビーニュート,Sizzard
ウッドウォール,Wood Partition (G)
赤眼の魔物たち,The Red-Eyed Monsters
サーバルスカイ,Sky Cat
紹介人ニロップ,Introducer Nirop
ギルザッド地方,Gilzad Region
幻想蝶プリズム,Fantasy Butterfly Prism
はくちゃしんぷ,Father Hakucha
じごくのつかい,Whackolyte
闇蜘蛛マルギト,Dark Spider Marget
ぽーちゃんの像,Poh-chan Statue
猫貴族のズボン,Aristocat Pants
室内夢色陳列台,Indoor Dream Display
うろこ模様の柱,Scale Pattern Pillar
桃地に蛇の目傘,Pink Ring Umbrella
学園男子の合服,Schoolboy Autumn Wear
ヒイラギどうじ,Holly Oliver
銀甲の凶蟲兵団,Silver Shells
ジア・デーモン,Dia Demon
ふしぎな豆の本,Mysterious Beans Book
フラウスファン,Flaus Fan
ユリア妃の願い,Queen Julia's Wish
慟哭のロベール,Wailing Robert
シーブスナイフ,Deadly Nightblade
エナジーポット,Energy Pot
ピクシーリスト,Pixie Wristbands
グリーンシザー,Green Scissors
スターシューズ,Superstar Shoes
暖簾つき和風門,Japanese Curtain Gate
じょうぶな材木,Sturdy Stick
しぐさ書・グー,Rock
道具屋フィオレ,Item Shop Fiore
うごくせきぞう,Living Statue
クイックブーツ,Quick Boots
さとりのブーツ,Boots of Clarity
聖王の棍の壁画,Dryspell Rod Book
たれサバ太猫　,Fat Lazy Gray Cat
ドラゴンメダル,Green Dragon Medal
いにしえの赤油,Ancient Red Oil
しんまいひとめ,Novice Hitome
盗賊のグローブ,Thief Gloves
道具屋マクトゥ,Item Shop Maktu
ジャッジメント,Judgement
キラーホイール,Killer Wheels
春風応援パンツ,Spring Cheer Pants
シェルブリッジ,Shell Bridge
メダルがまぐち,Medal Case
黄金の試練場前,Golden Trial
水槽アイテム２,Aquarium Item 2
名探偵のポーチ,Sleuth's Pouch
魚交換員プフプ,Fish Exchange Pufupu
ユーチャーリン,Ucharin
道具屋マロック,Item Shop Maroc
スノーボールン,Snowballon
びっくりサタン,Dancing Devil
小悪魔ドレス下,Lil' Devil Skirt
完璧メイド教本,The Meticulous Maid
ゼフの店の赤扉,Zef's Shop Red Door
道具屋チャジロ,Item Shop Chajiro
バズズ強カード,Apex Pazuzu Card
亡霊は眠らない,Ghosts Never Sleep
イルシームの像,Ilseem Statue
嵐帝のはごろも,Kaiser's Robe
たそがれバルト,Twilight Bart
プリズンロック,Prison Lock
新エテーネの服,New Ethene Clothes
ヴェーレダガー,Veil Dagger
ステージブーツ,Stage Boots
古フォーリオン,Ancient Fourion
ガタラアームズ,Gatara Arms
手編みのズボン,Hand-Knit Pants
しぐさ書・爆発,Explosion Trick
道具屋ラカーナ,Item Shop Lacana
ネコ姫の爪とぎ,Cat Princess Post
おもちゃの岩山,Toy Mountain
バトラースーツ,Butler Suit
鋼の秘奥・棍編,Metalworks: Rods
アポロンのオノ,Apollo's Axe
スライムつむり,Shell Slime
ふわふわクラゲ,Floaty Jellyfish
侍従長マヤギン,Chamberlain Mayagin
パラダイスな家,Paradise House
エルトナヤッコ,Eltona Angelfish
夢幻の森への道,Road to Dream Forest
プラチナのやり,Platinum Lance
マスカッ父さん,Father Lime
アイスフォース,Frost Fource
アルケミストン,Sham Hamwitch
リベリオ衣装券,Purrgatroyd Voucher
リースアクバー,Wreath Blackmar
ジュエルロッド,Jewel Rod
ふ化ふ化な衣装,Hatching Outfit
運転士チッチェ,Driver Chiche
スライム柄の傘,Slime Umbrella
渡し守マルーノ,Ferryman Marouno
郵便局員チュノ,Postman Chuno
みならいあくま,Winkster
塩水晶の洞くつ,Salt Crystal Cave
素材屋アッカフ,Material Shop Akkafu
終焉の皇国２階,Empire's End 2F
天狐アマツカゼ,Amatsukaze
ジュレド国民４,Juled Citizen 4
すらいむつむり,Shell Slime
暗殺鳥のしっぽ,Assassin Bird Tail
ノガート兵士長,Captain Nogato
キャンデビル団,Candyville Group
カボチャの置物,Pumpkin Ornament
天恵石のつるぎ,Blessed Stone Sword
実行委員セレテ,Executive Committee Seret
炎の神獣の写真,Divine Fire Beast Photo
スマートチェア,Smart Chair
ファラザード兵,Farazard Soldier
ソルベルム王国,Solbern Kingdom
商人マルコメス,Merchant Malcomess
サンタのランプ,Santa Lamp
盾島ヘの渡し舟,Ferry to Shield Isle
サイおとこ・異,Anomalous Rhinothrope
ゴシックミトラ,Gothic Mitre
うつしよの極箱,Very Worldly Box
魔法陣ラグ・青,Blue Magic Circle Rug
ウィッチブレス,Witch's Bracelets
しずくモビール,Raindrop Mobile
道具鍛冶素材屋,Toolsmith Material Shop
立ちはだかる壁,A Wall In The Way
秘伝のトリモチ,Secret Birdlime
僧兵のころも上,Monk Warrior Shirt
紫水晶のベンチ,Amethyst Bench
ネオンスピカ黄,Neon Spica (Yellow)
ユナティ副団長,Vice Leader Unaty
素材屋イザヨイ,Material Shop Izayoi
初期オーガ男性,Initial Ogre Male
桜花のはかま上,Cherry Blossom Top
けだるいりりー,Lazy Lily
ひかりのタクト,Glow Stick
封剣の門・三獄,Sealed Sword III
素材屋オルソン,Material Shop Olson
スタミナライス,Stamina Rice
便せん屋ユリネ,Stationery Shop Yurine
銅のさいほう針,Copper Needle
スパイクロッド,Barbed Bludgeon
さいだいＨＰ +6,Max HP +6
アルテミスの弓,Artemis' Bow
郵便局員シーナ,Postman Shina
ギミックテスト,Gimmick Test
すくーるみずぎ,School Swimsuit
ローリエの小枝,Laurel Sprig
たそがれマリク,Twilight Malik
天魔クァバルナ,Kukulkannibal
大魔王の金庫番,A Demon Lord's Treasurer
怒りのプスゴン,Angry Pusgon
烈魔の霊符・黒,Black Caster Talisman
恋するキャシー,Kathy in Love
花嫁のティアラ,Bride's Tiara
静寂の窓辺の絵,"Window of Silence"
手下の海賊・Ａ,Pirate Crewman A
スケープガード,Scapeguard
古エテーネ王国,Old Ethene Kingdom
シスター・ビド,Sister Bido
郵便局員ピリケ,Postman Pirike
取引商ウロゾス,Trader Urozos
シャークスキン,Sharkskin
オニキスダリア,Onyx Dahlia
千輪菊花火・虹,Rainbow Firework
素材屋サビーラ,Material Shop Sabira
ギルガラン王子,Prince Gilgaran
ヒグラシの哀歌,Evening Cicada Elegy
取引商バルトロ,Trader Bartolo
リンベリィの像,Linberry Statue
キュルル機巧体,Kyururu Automaton
チキンハンマー,Chicken Hammer
森人の防具図鑑,Woodland Armor Book
オーガ間仕切り,Ogre Partition
はくあいスキル,Virtue skill
世界樹の花開き,Blooming Yggdrasil Flower
神光放つ弓の書,Holy Light Bow Book
砂の三段灯ろう,Three-Tiered Lantern
ふしぎなブーツ,Mysterious Boots
バードシュート,Flutter Disaster
宿屋マジュトツ,Innkeeper Madjuttsu
審判の天使服上,Angel of Judgment Shirt
交換屋ププルン,Exchange Shop Pupurun
フェリナの決意,Felina's Decision
奇跡の錬金ツボ,Miracle Jar
インテリハット,Scholar's Cap
討伐隊員ゴラル,Strike Force Goral
渡し守カリート,Ferryman Calito
無法者のズボン,Freebooter's Trousers
マリンキャップ,Marine Cap
夢幻の森の木Ａ,Dream Forest Tree A
ゼブラキャット,Zebra Catfish
トランプボレロ,Tycoon Bolero
もふ猫カプセル,Soft Cat Toy
うさぐるみくろ,Black Rabbit
ダインスレイフ,Dainsleif
グランドクロス,Pearly Gates
ルミナスロード,Luminous Road
うわさのルチア,Lucia's Rumor
とくめいきぼう,Anonymous
帽子係エルメメ,Hat Clerk Elmeme
ネオンスター緑,Neon Star (Green)
水の領界への扉,Door to Water Realm
ヒストリカ博士,Dr. Historica
わがままルシル,Selfish Lucille
サンタギュメイ,Santa Purrvis
天女のはごろも,Celestial Maiden Dress
しろバラのきし,White Rose Knight
クールドロップ,Cool Drop
郵便局員カベラ,Postman Kabera
案内係アージュ,Guide Aju
ガーベラの花冠,Gerbera Flower Crown
竪琴をつまびく,Strum Harp
研究室ペコリア,Laboratory Pekoria
神光放つ槍の書,Holy Light Spear Book
えきいんこうろ,Attendant Kouro
シスター・フプ,Sister Fupu
導きの水晶・蒼,Blue Guidance Crystal
コブタナックル,Piglet Knuckle
道具屋バテルス,Item Shop Batterus
イーリスの手記,Paradise Memorandum
わたげプリズム,Fluff Prism
ゼフの店の緑扉,Zef's Shop Green Door
無法者のベスト,Freebooter's Bolero
屏風絵フィルム,Folding Screen Film
トランブル将軍,General Trumbull
クラゲのランプ,Jellyfish Lamp
王宮のイス・青,Blue Royal Chair
武器屋・防具屋,Weapon & Armor Shop
創生番号２１８,Creation Number 218
大魔王の肖像画,Demon Lord's Portrait
ブラッドソード,Bloody Blade
通学路への出口,Exit to Pathways
大地の方舟先頭,Ark of the Earth Engine
銀の木工刀の本,Silver Slick Book
身かわし率 +3.0%,Dodge Rate +3.0%
紹介人ジェザム,Introducer Jezam
黒魔術館の壁改,Black Mansion Wall Decor
鬼教官の特訓！,Demon Pro's Training!
イベント宝箱１,Event Treasure Chest 1
道具屋マーシト,Item Shop Mashito
海賊の戦闘服上,Pirate Shirt
インスペクター,inspector
カワイ子ちゃん,Cutie
おたからの地図,Treasure Map
イーグルデビル,Eagle Devil
ハートの兵隊傘,Heart Soldier Umbrella
便せん屋サユル,Stationery Shop Sayul
錬金屋ミニタン,Alchemy Shop Minitan
アイゼルの叔父,Eisel's Uncle
ブリザードマン,Blizzybody
創生番号５６０,Creation Number 560
イベント宝箱３,Event Treasure Chest 3
うわさのキャス,Cass' Rumor
ネオンスター桃,Neon Star (Pink)
セレドット山道,Celedot Mountain Pass
ヘリオスの手記,Helios' Notes
魔界・地下２階,Demon World - B2F
天星の軌跡・銅,Path of a Star Bronze
スピラソーンＤ,Thornspire D
ウールコート下,Wool Coat Bottom
ふくびき補助券,Tombola Coupon
紅竜たちの記憶,Red Dragon's Memories
さいだいＭＰ +5,Max MP +5
デュレーク船長,Captain Durak
こあくまネイル,Infernails
東洋風円卓・華,Floral Orient Table
輝晶獣ゾルゾム,Crystalbeast Zolzom
うさぐるみあお,Blue Rabbit
大闇黒の魔魂鐘,Atrocious Bell
ぶきやじゃがい,Weapon Shop Jagai
リャナ荒涼地帯,Lyana Desolate
デザートゴルバ,Dirtbonnet
オトリストーン,Baitstone
闇の領界への扉,Door to Dark Realm
道具屋グラート,Item Shop Glato
荒城の隠し御殿,Hidden Palace Ruins
メタスラ便せん,Metal Slime Paper
デビルアーマー,Harmour
ゴウレの監視台,Gourey's Watchtower
ジュレド国民１,Juled Citizen 1
ハッスルしっぷ,Hustle Cloth
形見のロザリオ,Rosary Momento
常闇のハンマー,Everdark Hammer
シルバークロー,Silver Claws
ボンボンパンツ,Pompom Pants
ネオンビーム緑,Neon Beam (Green)
便せん屋リーニ,Stationery Shop Rinne
パピヨンブレス,Papillon Bracelets
レトロなテレビ,Retro TV
キマイラロード,Alphyn
陽光の戦士たち,Solaris Warriors
キメラＴシャツ,Chimaera T-Shirt
Mサイズお城4 柱,M Size Castle4 Pillar
春風応援団衣装,Spring Cheer Team Outfit
ガテリアの亡者,Ghost of Gateria
闇のクァバルナ,Dark Kukulkannibal
いただきボール,Be the Ball
聖賢者の予言書,Holy Sage's Prophecy
獅子舞チェスト,Lion Dance Chest
紅白レンガの壁,Red/White Brick Wall
亡き父に贈る服,Clothes for Late Dad
タネ屋オダマキ,Seed Shop Odamaki
ログハウスの柱,Log House Pillar
輝天のハンマー,Sky Hammer
占い師のずきん,Fortune Teller Hood
魔界・地下３階,Demon World - B3F
バナナのソファ,Banana Sofa
事務員コンティ,Clerk Conti
紅爆の暴賊兵団,Blasting Brigand
しぐさ書・怒る,Angry
アクロニア鉱山,Acronia Mine
種族神像オーガ,Ogre Tribal Statue
花婿のてぶくろ,Groom's Gloves
コンパクトギア,Compact Gear
森は生きている,The Forest is Alive
ワイルドチョコ,Wild Chocolate
ディアンジの家,Dianji's House
ワープ庭具０６,Warp Garden Tool 06
みわくのリボン,Hypnowhip
ジュレット商会,Julet Firm
あくま神官・強,Vicious Wrecktor
療魔の霊符・紅,Red Healer Talisman
アイドルポーズ,Idol Pose
銀のおたから花,Silver Treasurebloom
炎の民のお守り,Amulet of Fire People
大魔王の舞踏会,The Demon Lord's Ball
プックレイ村長,Chief Pukklei
帝国技術庁の床,Endeavors Floor
神官ボングワリ,Priest Bongwari
ひざをついた像,Kneeling Statue
エイドスのメモ,Eidos' Memo
紅き落日の誓い,Oath of the Red Sun
エンゼルファン,Angel Fan
体験！大剣作り,Great Greatsword Making
シャンデリア冥,Chandelier Dark
預かり所ザニフ,Storage Zanifu
宿屋始めました,The Innkeeper is Inn
いちごの便せん,Strawberry Paper
駅員プラットル,Attendant Platol
シールドあにき,Shield Superior
メイジドラキー,Drackolyte
れんごくの番兵,Lingering Ogre
コーンつぶ・紅,Red Corn Kernel
療魔の霊符・陽,Yang Healer Talisman
ユキハのピアス,Yukiha's Earrings
案内係ビョルン,Guide Byorn
散る花　咲く花,Falling and Blooming
レイントップス,Rain Top
ドラゴンタング,Dragonstongue
取引商マルテー,Trader Marte
ふくびきインク,Lottery Ink
聖天区画への扉,Door to Holy Grounds
終焉の皇国１階,Empire's End 1F
紳士のたしなみ,Gentleman's Taste
案内係アルゴー,Guide Argou
キングのカード,King Card
アマラーク王国,Amarak Kingdom
狂った方位磁針,Crazy Compass
薄明の守人たち,Twilight Guards
華商人の前かけ,Merchant's Apron
悩める楽器職人,The Instrument Maker
海冥主メイプク,Sea Lord Meipuku
らぷたーすーつ,Bird of Prey Suit
預かり所ハラル,Storage Halar
最果ての修道院,Furthest Monastery
メルサン小麦粉,Melsan Wheat Flour
わがままステラ,Selfish Stella
ルティアナの鍵,Lutiana's Key
ビニールプール,Plastic Pool
スライムブロウ,Ooze Bruiser
クレイガーベラ,Clay Gerbera
建物屋アレグム,Building Shop Aregum
記憶の消しゴム,Memory Eraser
花の植木鉢・紫,Purple Potted Flowers
金ぶちのベンチ,Gold-Trimmed Bench
ラーディス王島,Ladis Island
女王ディオーレ,Queen Diore
リリパット・強,Vicious Bodkin Archer
ユキハの腕当て,Yukiha's Armguards
ジア・クトＸＹ,Dia Kut XY
ギルザの入り江,Gilza Cove
まどろみの回廊,Corridor of Slumber
スキルマスター,Skill Master
暗黒大樹の番人,Dark Tree Guardian
レギオンゼーレ,Legion Seele
こうげき魔力 +4,Magical Might +4
大竜神ナドラガ,Great Nadraga
ブラウニーの書,Brownie Book
アスフェルド湖,Asfeld Lake
討伐隊員ホルプ,Strike Force Holp
えんまのつかい,Ashassin
えきいんはやて,Attendant Hayat
バルディスタ兵,Valdista Soldier
肖像画「調印」,"Signature" Portrait
トライドブーツ,Battle-born Boots
封じられた石像,Sealed Stone Statue
うわさのきゃす,Cass' Rumor
アスバルのツノ,Asbal's Horns
ホイモンポーチ,Healie Sanguini Pouch
魔人スピンドル,Demon Spindle
かき氷テーブル,Shaved Ice Table
リトルフェザー,Little Feather
氷鳥のステッキ,Ice Bird's Stick
ファラオ・ラー,Pharaoh Ra
しんぴのさとり,Caster Sugar
魔軍師イッド強,Apex Tactician Idd
神剣レクタリス,Divine Sword Lectalis
弟子入りの条件,Apprentice's Terms
預かり所ショル,Storage Shoru
魚交換員ニパナ,Fish Exchange Nipana
水切りのうろこ,Water-resistant Scale
ミルドラエッジ,Nimzo Edge
隠者のころも下,Hermit's Robe
カンフー衣装券,Kung Fu Outfit Voucher
クアドラピアー,Quadraspear
リゼルコポーチ,Lieseluco Pouch
三闘キノコ・青,Blue Funguy
マリン調の本棚,Marine Bookshelf
謎の半球体地帯,Strange Sphere Area
いらすとや印章,Irasutoya Stamps
アントワネット,Antoinette
女神像の瞳・右,Goddess Statue's Right Eye
カミルパラソル,Kamil Umbrella
キュララナ海岸,Culalana Coast
道具屋ポリーナ,Item Shop Paulina
セーラスサイズ,Selas Scythe
獣将キングレオ,General Marquis de Leon
グレープダリア,Grape Dahlia
スチームブーツ,Steam Boots
オールマイティ,almighty
紹介人ディーエ,Introducer Diei
そざいやちぺら,Material Shop Chipera
スイートヒール,Sweet Heels
宿屋ヒュードロ,Innkeeper Hudro
心ふるえる場所,Heartshaking Haven
ベルトロの部下,Bertro Subordinate
開運りんごアメ,Fortune Candy Apple
ショート足ヒレ,Short Flippers
エテーネのくつ,Ethene Shoes
魔剣士のブーツ,Demon Swordsman Boots
星夜のスーツ上,Starry Night Coat
取引商セペフル,Trader Sepefuru
飛竜の卵のイス,Flying Dragon Egg Chair
オバケのピッピ,Ghost Pippy
水槽アイテム９,Aquarium Item 9
おしゃべりちの,Chatty Chino
神託のサンダル,Oracle Sandals
預かり所エーヴ,Storage Ave
討伐隊員マフー,Strike Force Mafu
旅の覇者モンジ,Wayfarer Plattycus
ドラゴスライム,Drake Slime
勇者姫のテラス,Hero's Terrace
夢見るピアニー,Dreaming Peony
レインドロップ,Raindrop Candy
アルヴァンの書,Book of Alvan
ウィッチコート,Witch's Coat
プロフィテ神父,Father Profite
いやしの精霊Ｃ,Healing Spirit C
ミシュアの服上,Mishua Dress Top
リーネスカート,Renee Skirt
美容師シルヴィ,Hairdresser Silvy
ぎんのこうせき,Silver Ore
月光蝶の夜会服,Moon Butterfly Suit
ぶらり旅の荷物,Travel Bindle
弓神の守護星座,Ailment Derailment
マジンガ操縦席,Machine Cockpit
陰果の罪業・核,The Sin of the Yin's Core
桜モダンリボン,Cherry Modern Ribbon
竜王のローブ下,Dragonlord Lower Robe
ワイルドカカオ,Wild Cacao
ステージパンツ,Stage Shorts
黒猫カギしっぽ,Black Key Tail Cat
スノーマジック,Snow Magic
受付係クライブ,Receptionist Clive
レストリア平野,Restoria Plains
ゴシックブーツ,Gothic Boots
合力の剣器・風,Combined Blade of Wind
オレンジの花束,Orange Bouquet
ハイドラベルト,Loin-Girder
雲上地区への道,Road to the Cloudtops
ぎんのはちがね,Silver Headband
５００年の復讐,500 Years of Revenge
プレイゾーン西,West Play Zone
紹介人ギジェル,Introducer Gijel
賢者のころも下,Sage Robe Bottom
DQ3僧侶　ゾーマ,DQ3 Priest, Zoma
フラウスサイズ,Flaus Scythe
レディ・ジニア,Lady Zinnia
ワルド水源の水,Wald Headwaters Water
花のアーチ・桃,Pink Flower Arch
ミュルエルの森,Muruel Forest
わがままプーラ,Selfish Puula
プクリポ食器棚,Pukulipo Cupboard
輝晶獣ボイボゥ,Crystalbeast Boibou
超錬金ツボの本,Super Jar Book
チャッカバ主任,Chief Chakkaba
天星の軌跡・銀,Path of a Star Silver
ヴィスタリア姫,Princess Vistaria
南地区ペコリア,South Area Pekoria
デンタザウルス,Tortoceratops
キュートチョコ,Cute Chocolate
ギサールの野菜,Gysahl Greens
白木のバスタブ,Plain Bathtub
トライロック１,Trirock 1
宝珠のプチ香水,Jewel Perfume S
トゥーンタウン,Toontown
ベリルコート下,Beryl Coat Bottom
武器屋ホーポー,Weapon Shop Hopo
手下の海賊・Ｃ,Pirate Crewman C
マガツ鳥のツメ,Calamity Bird Claws
リュシアン部長,President Lyucian
震王ジュノーガ,Quake King Junoga
キラースコップ,Mad Mole
たつじんのオノ,Pro's Axe
常勝のよろい上,Triumphant Armor
古悪鬼の棲みか,Old Demon's Dwelling
ソーラリア峡谷,Solaria Canyon
パピリオケープ,Papilio Cape
金神の遺宝兵団,Golden Treasures
ジュレド国民３,Juled Citizen 3
知将ジャミラス,Tyrant Jamirus
水晶のチェスト,Crystal Chest
神官カーネリン,Priest Carnerin
アマラーク兵１,Amarak Soldier 1
ジングルベレー,Jingle Beret
魔学士のぼうし,Magic Study Hat
青鮮の菜果兵団,Fresh Produce
預かり所ラティ,Storage Rati
魔想念デルメゼ,Remnant of Delmeze
移動係デプラセ,Travel Clerk Deprase
フォレドラ・塔,Tower Forest Dragon
ゴンドラ乗り場,Gondola Platform
ギュッとリュウ,Dragon Arm Doll
審判の天使服下,Angel of Judgment Pants
光の錬金ランプ,Light Lamp
魔物商人トレダ,Monster Merchant Tred
取引商メルオン,Trader Meruon
しのどれい・異,Anomalous Dead Resident
せいれいの霊薬,Spirit Elixir
金細工の花飾り,Gold Floral Hairpins
芳墨の華烈兵団,Fragrant Beauties
紹介人プリュノ,Introducer Pruno
たびのぽぽるぱ,Traveler Popolpa
お月サマーの像,Mister Moon Statue
使徒キルパッポ,Apostle Kilpappo
オグチャビ像茶,Tea Ogreed Chubby St.
ピラミッド霊廟,Pyramid Tomb
暗鉄鉱のかけら,Dark Iron Ore Piece
マキュリの衝立,Makyuri Screen
だいくぼるんが,Carpenter Borunga
春風応援ポーチ,Spring Cheer Pouch
防具屋ルーシャ,Armor Shop Rouscha
がくとさんざし,Student Sanzashi
購買員カヤカリ,Supplier Kayakari
タコメットの像,Octopot Statue
夏２０２３・金,Summer 2023 Gold
ライダーパンツ,Rider Pants
時を超えた再会,Reunion Across Time
クロウズの帽子,Claws' Hat
シールドーナツ,Shield Donut
道具屋エドメク,Item Shop Edomek
オーロラダイト,Auroradite
預かり所アココ,Storage Akoko
メイドドレス上,Maid Dress Top
パルミオのカギ,Palmio's Key
ライトアックス,Light Axe
セラフィムの歌,Seraph's Song
白太猫カプセル,Fat White Cat Toy
シュガーサブレ,Sugar Cookie
黒衣の剣士の剣,Dark Swordsman Sword
カラミントの花,Caramint Flower
人形たちの奏演,Performing Dolls
どうぐ使い誕生,Birth of an Item Master
紹介屋サパラン,Refer Shop Saparan
しらあいダリア,Pale Cyan Dahlia
メタルのカケラ,Molten Globules
闇の釣りざお改,Uber Dark Fishing Rod
回復のための鎌,Scythes for Recovery
グレン城下町駅,Glen Castle Town Station
オーガバスタブ,Ogre Bathtub
めいかいせっと,Underworld Outfit
水晶の間仕切り,Crystal Partition
光が秘めた陰影,Shadow Hides in Light
ほんきであそぶ,Seriously Lucky Dip
知的なドワーフ,Intellectual Dwarf
賢者の杖色替え,Sage's Staff Coloring
魚交換員ポフェ,Fish Exchange Poffy
崩撃将のクモ脚,Dabam Spider Legs
悪神アシュレイ,Fiend Ashley
神技のグローブ,Divine Skill Gloves
金地に蛇の目傘,Gold Ring Umbrella
ポップンロッド,Pop'n Rod
ユマテルのカギ,Umatel's Key
こうげき魔力 +8,Magical Might +8
パープルエッグ,Purple Egg
黒ネコの便せん,Black Cat Paper
ゼクレス精霊兵,Zechres Ghost Soldier
ホーリーブーツ,Holy Boots
バトルパッツァ,Battle Pazza
道具屋ヴェルヌ,Item Shop Verne
浄化のたまねぎ,Pristine Peeler
アラビエナの石,Al-Abienna Stone
バズズカプセル,Pazuzu Toy
常勝のグリーブ,Triumphant Greaves
レトロな自販機,Retro Vending Machine
ギフト用ブーケ,Gift Bouquet
水晶のオーブン,Crystal Oven
オグリドホーン,Ogreed Horn
取引商ルダーン,Trader Rudan
預かり所ペルル,Storage Peruru
小さな英雄の絵,Little Hero Picture
スライムブレス,Dragon Slime
屋台系庭具２１,Food Stall 21 (G)
烈風のころも上,Gale Garments
討伐隊員ガンボ,Strike Force Gumbo
デモニウム鉱石,Demonium
ムチムチ金剛伝,Varja Whip Legend
ダーマのご神体,Avatar of Alltrades
キングヒドラ闘,Epic King Hydra
ゼクレス魔導兵,Zechres Mage
行商人オグバン,Peddler Ogban
フェザリアス山,Featherias Mountain
妖精の苗木・緑,Green Fairy Sapling
聖使者ベニヒナ,Messenger Beniha
光創神の御衣上,Clothes of Creation
ナブレット団長,Nablette
蒼怨の屍獄兵団,Blue Bones
ドラキーのお面,Dracky Mask
ポヴァディウス,Povadius
グラコスカード,Gracos Card
海賊スクアーロ,Pirate Squalo
ロンリー・レオ,Lonely Leo
取引商シッキム,Trader Sikkim
切り株テーブル,Stump Table
トラマナミスト,Safe Passage Spray
トレンドハット,Trend Hat
封剣の門・二獄,Sealed Sword II
時の書と罪の書,Book of Time and Sin
新兵支給かぶと,Recruit Helmet
へんげのかばん,Bag of Change
秋２０２６印章,2026 Autumn Stamps
スイーツゾーン,Sweets Zone
チャーチル神父,Father Churchill
配達員メドゥナ,Deliverer Meduna
れぎおんぜーれ,Legion Seele
ワープ庭具０５,Warp Garden Tool 05
ＣＭ用エルフ１,Elf For CM 1
ギュッとオサル,Monkey Arm Doll
ベホマスライム,Cureslime
転送係プンペン,Transfer Agent Punpen
メトロゴースト,Fightgeist
らいじんの太鼓,Storm Drum
けだるいめりー,Lazy Mary
ライスフラワー,Rice Blossom
配達員カスガイ,Deliverer Kasugai
陰日向の姫たち,Two-Faced Princesses
宰相のサーベル,Chancellor's Sabre
水の神獣の写真,Divine Water Beast Photo
バトマスヘッド,Gladiator Headband
ママはペコリア,Mom is Pekoria
紹介人ペコリア,Introducer Pekoria
調律バインダー,Tuning Binder
メモリ負荷２７,Memory Load 27
預かり所ポピピ,Storage Popipi
きれいめリップ,Pretty Lip Balm
欲望のひとだま,Soul of Desire
コーラルマリー,Coral Marie
メタルホイミン,Metal Healie
魔天暴ハーゲン,Sky Force Hagen
スカウトハット,Scout Hat
ホーリーランス,Holy Lance
港町レンドア北,North Port Lendor
モーモンバザー,Sanguini Bazaar
グラコスコイン,Gracos Coin
預かり所セララ,Storage Serara
チキ坊カプセル,Chickibo Toy
ひかりの杖の本,Bright Staff Book
０８号カプセル,No. 08 Toy
東地区の移動台,East District Platform
冥王のウィッグ,Nergel's Wig
入り江の洞くつ,Cove Cave
神獣プリフィー,Prifie
戦魔の霊符・白,White Fighter Talisman
カミハルムイ北,Kamiharmui North
ごうかなランプ,Fancy Lamp
ネオンライト黄,Neon Light (Yellow)
アトラス練習札,Atlas Tag
バリクナジャ強,Apex Togrus Maximus
ホワイトヌーバ,White Fudgeraker
防具屋フアーナ,Armor Shop Fuana
レインボーログ,Rainbow Log
メモリ負荷２８,Memory Load 28
武器屋マウタス,Weapon Shop Mautas
なげきのもりす,Grieving Morris
ブレイクソーダ,Break Soda
いにしえの遺産,Ancient Legacy
盾島・地下１階,Shield Isle - B1F
コロシアム１銀,Coliseum 1 Silver
ビスト先生たち,Master Bist and co.
ゴシックニーソ,Gothic Knee-Boots
カンティスの家,Kantis' House
美容師オービエ,Hairdresser Orbie
神光放つ棍の書,Holy Light Rod Book
豪魔将ベリンダ,General Belinda
郵便局員ネフラ,Postman Nefura
ブルバックラー,Bull Buckler
時の王者の服上,Time Sovereign's Shirt
カブのこころ９,Kabu's Heart Lv9
屋台系庭具１９,Food Stall 19 (G)
魔法のオーブン,The Magic Oven
火燐刀プリズム,Blazeblade Prism
水の秘蹟の写真,Water Sacrament Photo
パラディンの影,Paladin's Shadow
スチーム飛行船,Steam Blimp
ユースバングル,Youth Bangles
よみがえる王国,The Kingdom Revived
かいふく魔力 +8,Magical Mending +8
すずらんの提灯,Lily Paper Lantern
絶辛骨竜マーガ,Spicy Dragon Maga
逢魔が時の魔物,Twilight Apparition
魔剣神レパルド,Excalipurr
ポーズ書・敬意,Respects Pose
リセセの陳情書,Risese's Petition
うわさのかみら,Camila's Rumor
メレアーデの像,Mereade Statue
とこしえの神殿,Temple of Eternity
まえならえ・前,Hands on Hips
秘められた想い,Hidden Thoughts
シンプルズボン,Simple Trousers
リュクスレザー,Luxe Leather
海岸遺跡のカギ,Coast Ruins Key
ぶきやふらのわ,Weapon Shop Flannoy
車掌チャチャク,Conductor Chachaku
肖像画「野心」,"Ambition" Portrait
クラウンベスト,Clown Vest
ファラリスブル,Brazen Bull
ブデチョの依頼,Budecho's Request
料理屋ジャメフ,Server Jamefu
ドワーフ食器棚,Dwarf Cupboard
獄獣のうであて,Hell Beast Armguards
ファイヤー！桃,Fire! Pink
しんぷほーりす,Father Horiss
渡し守セージィ,Ferryman Seji
シスター・ノナ,Sister Nona
オトナな海パン,Mature Swim Trunks
アウルブレード,Aur Blade
あばれこまいぬ,Foo Dog
フラウスエッジ,Flaus Edge
まいまいテイル,Snaily Tail
大賢者のミトラ,Supreme Sage's Mitre
きこりぽぽんす,Woodcutter Poponce
バッジじいさん,Grandpa Badge
メイドドレス下,Maid Dress Bottom
お花見だんご傘,Dumpling Umbrella
砂漠の民の物語,Desert People's Story
トランプズボン,Tycoon Pants
ミイラ男のくつ,Mummy Boy Shoes
ベンガルクーン,Purrestidigitator
大砲・中央広場,Central Plaza Cannon
魚交換員ノポナ,Fish Exchange Nopona
音楽隊の制服上,Band Uniform Top
スターマジック,Star Magic
シャトーホテル,Chateau Hotel
ホワイトパール,Pale Pearl
ＣＭ用エルフ３,Elf For CM 3
フウセンウナギ,Gulper Eel
トラシュカ印章,Trashka Stamps
しにがみのきし,Knight Abhorrent
となかいすーつ,Reindeer Suit
黒レザーのラグ,Black Leather Rug
さんぞくのオノ,Bandit Axe
交換屋プランセ,Exchange Shop Planse
まりょくのたね,Seed of Sorcery
異国の寺院の塀,Exotic Temple Fence
忘れ去られた墓,Forgotten Tomb
鉄の道具作成術,All About Iron Tools
モコモコじゅう,Rotten Cotton
ウールグローブ,Wool Gloves
ファラオの右手,Pharaoh's Right Hand
香水師パパーペ,Perfumer Papape
星夜のてぶくろ,Starry Night Gloves
モリナラ大森林,Molinara Forest
夕焼け雲のイス,Sunset Cloud Chair
レシピ屋ラウラ,Recipe Shop Laura
新エテーネの村,New Ethene Village
Ｖロンの盾・改,Uber Vron Shield
辛党は眠らない,Nice Spice Never Sleeps
凱歌のよろい上,Valkyrie Armor Top
オルフェア商会,Orphea Firm
ゴルフグローブ,Golf Gloves
いにしえの樹液,Ancient Sap
やわらかソード,Soft Sword
がらんどうの間,Empty Dwelling
カボチャベッド,Pumpkin Bed
バランスパスタ,Balance Pasta
案内係ピーシャ,Guide Pisha
風虎のはちがね,Wind Tiger Headband
レインティアラ,Rain Tiara
アストルティア,Astoltia
ルイーダの酒場,Patty's Party Planning Place
コスモスライム,Cosmoslime
守護竜のねぐら,Guardian Dragon's Lair
レフトフリング,Flick Left
狂鬼ドランド公,Drand the Mad
知恵の眠る遺跡,Sleeping Wisdom Ruins
リセットベール,Mulligan
預かり所ボラス,Storage Bolas
火燐刀レプリカ,Blazeblade Replica
ジア・ウォール,Dia Wall
ねこまどう・祖,Ancestral Meowgician
モーモンの門松,T. Sanguini Pine Decor
あやしいベッド,Suspicious Bed
道具屋ビナッテ,Item Shop Vinatte
バッジパック銅,Bronze Badge Pack
メタッピーの像,Mecha-Mynah Statue
ジーガンフの剣,Jiganf's Sword
Ｎ高男子の制服,N High Boy's Uniform
勇者姫の便せん,Hero Princess Paper
ツボ屋ポトレア,Pot Shop Torea
ゼルドラドの剣,Zeldrad's Sword
やまたのおろち,Orochi
フレアスカート,Flared Skirt
キングアックス,King Axe
村人おばさん１,Villager Aunt 1
はくばのおうじ,Prince Harming
エテーネの織物,Ethene Fabric
狂戦士のマスク,Dark Berserker Mask
整備士のぼうし,Technician's Hat
メタキン便せん,Metal King Paper
美女たちの聖戦,Beauties Battle
テスト予備２０,Test Spare 20
神官のほうい上,Minister Robe Top
ドラゴンテイル,Dragontail Whip
ゴルゴンゾーラ,Gorgonzola
お祭りのぞうり,Festival Sandals
タネ屋ポッポル,Seed Shop Poppol
メダライト合金,Medalite Alloy
預かり所テテマ,Storage Tetema
天星の英雄たち,Heroes of the Heavens
郵便局員ヨナギ,Postman Yonagi
おしゃべりメル,Chatty Mel
取引商リネット,Trader Rinetto
賢哲のころも上,Wise Man Robe Top
道具屋ホハフホ,Item Shop Hohahuho
ファラザード城,Farazard Castle
闇商人グルジャ,Dark Merchant Ghulja
預かり所アンニ,Storage Anni
採石場・最深部,Quarry Depths
グルービー先生,Master Groovy
ドラゴンギフト,Dragon's Gift
眠りのフクロウ,Sleeping Owl
ウィッチハット,Witch's Hat
取引商パムック,Trader Pamuku
フリルのビキニ,Frill Bikini
うめねずダリア,Pale Plum Dahlia
最果ての地より,From the Furthest Reaches
マジックムース,Magic Mousse
創生番号６１７,Creation Number 617
笹巻きのお団子,Bamboo Rice Dumpling
けだるいリリー,Lazy Lily
小型艇発着場前,Vessel Landing
道具屋ポッケイ,Item Shop Pokkei
魔界・地下１階,Demon World - B1F
ジャゴヌバ神殿,Temple of Jagonuba
邪教司祭の勲章,Magus Medal
アリアハンの盾,Aliahan Shield
りゅうおうの像,Dragonlord Statue
博士の実験空間,The Doctor's Testing Area
白柴犬カプセル,White Shiba Toy
取引商アルキパ,Trader Archipa
売り子シロベニ,Vendor Shirobeni
ネタ「きのこ」,Mushroom Trick
竜将のよろい下,Dragon General Bottoms
ディンガの関所,Dinga Barrier
あらくれパンダ,Ursa Panda
砂海探検ガイド,Sand Sea Exploration
ゴールドリリィ,Gold Lily
しりょうのきし,Skeleton Soldier
メランコロック,Melanco Rock
バトルフォーク,Battle Fork
光の木工刀の本,Light Slick Book
バトエンスーツ,Batoen Suit
防具屋コーレス,Armor Shop Corres
手編みのぼうし,Hand-Knit Hat
幻魔将ファズマ,General Phasma
サンタグローブ,Santa Gloves
ねこまどうの書,Meowgician Book
神官リュシオル,Priest Luciol
鉄壁のよろい下,Ironclad Armor Bottom
甘辛スッパ印章,Sweet Spicy Sour Stamps
夜の神殿に眠れ,Sleep in the Temple
戦魔の霊符・紅,Red Fighter Talisman
メギストリス城,Megistris Castle
邪竜王チケット,Evil Dragonlord Ticket
手品師のタイツ,Conjurer's Tights
ウェディタンス,Weddie Wardrobe
魔伯爵シディア,Demon Count Cydia
レースサンダル,Race Sandals
黄金のロザリオ,Gilded Rosary
さいほう職人帽,Sewer's Hat
転送係コオモス,Transfer Agent Coomos
バッジパック銀,Silver Badge Pack
霧の中の呼び声,A Call in the Mist
夏２０２３・銅,Summer 2023 Bronze
三毛猫カプセル,Calico Cat Toy
城下町への出口,Exit to Castle Town
魚交換員ピフィ,Fish Exchange Piffy
紹介人カローズ,Introducer Kaloze
モコモコパーク,Mokomoko Park
防具屋ナワシロ,Armor Shop Nawashiro
青色れんげの傘,Blue Lotus Umbrella
黒のジョーカー,Black Joker
ナグアの洞くつ,Nagua Caves
カルサドラ火山,Calsadora Volcano
シングルメタル,Single Metal
プチジャミラス,Frail Jamirus
リボンのパーツ,Ribbon Part
闇の狂戦士０４,Dark Berserker 04
キャットフライ,Vampire Cat
お知らせ優待券,Notification Coupon
ぷくぷくシール,Bubbly Stickers
しぐさ書・滝行,Waterfall Meditation
チョコゴーレム,Chocolate Golem
カンダタソファ,Robbin' 'Ood Sofa
クオードのくつ,Quard's Shoes
さらなる高みへ,To a Higher Level
案内係エーリア,Guide Alia
第二倉庫のカギ,Second Warehouse Key
嵐の領界への扉,Door to Storm Realm
パルペーラ神父,Father Palpera
星夜のドレス下,Starry Night Skirt
道具屋・郵便局,Item Shop/Post Office
銀のさいほう針,Silver Needle
女神の衣（箱）,Goddess' Clothes(Box)
たそがれペニー,Twilight Penny
常勝のよろい下,Triumphant Leggings
古グルグ地下道,Old Gulug Underpass
無法者のうでわ,Freebooter's Bracers
未完の飛竜の峰,unfinished Dragon Peaks
預かり所マーユ,Storage Maayu
ネオンハート青,Neon Heart (Blue)
さすらいの詩人,Wandering Poet
飛行ドルボード,Flying Dolboard
テンションの柱,Tension Pillar
試練のバングル,Training Bangles
紫ツタ模様の壁,Purple Ivy Wall
アトラスカード,Atlas Card
ブルジャックル,Blue Horn
神官のほうい下,Minister Robe Bottom
ベルベットの壁,Velvet Wall
Ⅰ‐グラブゾン,Ⅰ‐Cluboon
空賊のバンダナ,Sky Pirate Bandana
赤柱の間・一獄,Red Pillar Prison 1
メモリーチップ,Memory Chip
ストロング団長,Commander Strong
アグラニ町内会,Agrani Council
壁かけ屋トマル,Wall Decor Shop Tomal
夏の渚のシャツ,Summer Beach Shirt
ヤマネコトップ,Wildcat Top
闇の解錠の円盤,Dark Unlocking Disc
笹の葉のゆかた,Bamboo Leaf Yukata
野いちごズボン,Wild Strawberry Pants
ドール書・ボケ,Silly (Doll)
暁の霊堂　入口,Mausoleum of Dawn Entrance
ワープ庭具１２,Warp Garden Tool 12
レース屋ベンタ,Race Registrar Venta
サングラスの男,Men's Sunglasses
メネト村　出口,Menet Village Exit
便せん屋イチハ,Stationery Shop Ichiha
女神ルティアナ,Goddess Lutiana
魔獣ビュブロス,Byblos
あおレンガの柱,Blue Brick Pillar
星空のじんべい,Starry Sky Jinbei
えきいんばるふ,Attendant Balf
ハートの浮き輪,Heart Floatie
ドラキーマの像,Drackyma Statue
道具屋エイベル,Item Shop Abel
ゲパルド大隊長,Squad Leader Gepard
プラチナルアー,Platinum Lure
ダストン用神輿,Shrine For Duston
火炎弾ショット,Flaming Shot
あぶない水着下,Dangerous Midriff Wrap
道具屋ガーディ,Item Shop Gadi
ピクニックヨイ,Yoi Picnic
転送係フレデリ,Transfer Agent Fredri
トランプピアス,Tycoon Earrings
討伐隊員ロウダ,Strike Force Rouda
遙かなる復活へ,To a Faraway Revival
マリンラッシュ,Marine Rash Guard
ＤＱⅠ名言印章,DQ1 Quotes Stamps
辺境警備隊兵士,Frontier Guard Soldier
ばくだん岩・強,Vicious Rockbomb
タップペンギー,Pogoin' Penguin
ブラッドの花束,Blood Bouquet
……春遠からじ,...Spring Follows
サメスーツ・銀,Silver Shark Suit
ニット萌えそで,Knitted Cuffs
商品ナンバー７,Item Number 7
預かり所ケシャ,Storage Kesha
水槽アイテム３,Aquarium Item 3
取引商ノーワス,Trader Novas
オニオーン・異,Anomalous Ornery Onion
禁じられた秘術,Forbidden Mysteries
ゼクレス鋼鉄兵,Zechres Steel Soldier
初期エルフ女性,Initial Elf Female
あなうめ３兄弟,The Hole-y Three
銅の錬金ランプ,Copper Lamp
モナンのリボン,Mindini's Ribbon
ウサギを追って,Chasing Rabbits
素材屋レヴェリ,Material Shop Reverie
取引商ペペルポ,Trader Peperpo
トコトコロボ机,Trotting Robot Table
隠者のころも上,Hermit's Shirt
ネオンライト紫,Neon Light (Purple)
やわらかい材木,Soft Wood
便せん屋ダリダ,Stationery Shop Dalida
プチギャリソン,Petit Garrison
学園のじんべい,School Jinbei
メタルーキング,Rookie Metal King Slime
エンゼルハーツ,Angel Heart
カルデア山道前,Chaldea Mountain Road
ヒマエルの手紙,Himael's Letter
手品師のブーツ,Conjurer's Boots
レムリカシャル,Lemurikashal
ミステリピラー,Cavorting Column
道具屋ノースト,Item Shop Nouste
便せん屋タラハ,Stationery Shop Taraha
ウェディの祭壇,Weddie Altar
まじゅうのホネ,Magic Beast Bone
ネイビーの花束,Navy Bouquet
あの日の思い出,Memories of That Day
おばけ暖炉の壁,Ghost Fireplace Wall
スボバグローブ,Snowbattle Gloves
神狐のてぶくろ,Divine Fox Gloves
けだるいメリー,Lazy Mary
天命の水晶ビン,Crystal Phial of Fate
メイヴの黄金像,Gold Meiv Statue
闇の根源の幻影,The Source's Phantom
機工博士のくつ,Engineer's Shoes
学園女子の冬服,Schoolgirl Winter Wear
竜神王のつるぎ,Dragovian King Sword
蘇りしマアモン,Risen Sludge
シドーウィップ,Malroth Whip
忍びのはちがね,Ninja Headband
郵便局員チカカ,Postman Chikaka
ハートマジック,Heart Magic
モバー＆イール,Moe & Byle
キングレオ軍団,Marquis de Leon Army
滅びの手の象徴,Symbol of the Hand of Perdition
ビーストパック,Beast Tarot Pack
シュガースーツ,Sugar Suit
赤キノコのイス,Red Mushroom Chair
エル・マーマン,El Merman
ゴシックアーム,Gothic Cuffs
トナカイずきん,Reindeer Hood
武器屋ペリトン,Weapon Shop Periton
ポケットかばん,Pocket Bag
聖天のグローブ,Holy Heaven Gloves
魔物管理人リブ,Monster Manager Ribu
コテ線シール１,Steel Wire Sticker 1
第１３回ラキ像,13th Lycae Statue
エルフの飲み薬,Elfin Elixir
ニコラオス先生,Master Nicolas
源氏車のはかま,Cartwheel Hakama
無明導師イゾラ,Ignorant Guru Izola
ハロイーネの本,Hello-ween Book
あもんどふじん,Mrs. Ammond
デーモンロッド,Demon Rod
大戦鬼のかぶと,War Demon's Helmet
魔侯爵のかぶと,Marquis Helmet
古武道のススメ,Crimson Advice
宿屋フローリス,Innkeeper Fraulisse
まちかど掲示板,Town Bulletin Board
夜のエッセンス,Night Essence
ふたりの逃亡者,The Two Fugitives
みかわしの服上,Evasion Cloak Top
レイダメテス柱,Reidametes Pillar
預かり所ケープ,Storage Keppu
取引商ガイノー,Trader Gaino
スズネばあさん,Grandma Suzun
植物学者のイス,Botanist Chair
ステージリスト,Stage Wristbands
ユシュカの爆弾,Yushka's Bomb
プクリポベンチ,Pukulipo Bench
まどうしのくつ,Wizard's Shoes
ツヤめきリンス,Glossy Rinse
プクリポタンス,Pukulipo Wardrobe
炎魔アグニース,Agnis the Flame
道具屋ヤップイ,Item Shop Yapui
炎界に潜む脅威,Fire World's Threat
聖守護者のこん,Sentinel's Rod
ライトアーマー,Lightmour
ウパソルジャー,Wooper Trooper
春風応援衣装券,Spring Cheer Ticket
レックスのオノ,Hacksaurus Axe
災厄の王の幻影,Shade of Calamity
ブロンドボーイ,Blondie
ブーストコイル,Boost Coil
フラウススピア,Flaus Spear
ガンバライオン,Ganbalion
改造屋ミニタン,Remodeling Shop Minitan
ウォーハンマー,War Hammer
幸せのヴェール,Veil of Happiness
フワフワケーキ,Fluffy Cake
まほうの火の粉,Magic Fire Powder
ネオンライト緑,Neon Light (Green)
いさましいツノ,Brave Horns
７ｍｖエルフ男,7mv Elf Man
ノエルデュラン,Decorated Dhuran
子カピバラの像,Baby Capybara Statue
ミラクルゾーン,0 Zone
アイビーダリア,Ivy Dahlia
渡し守ゼイビー,Ferryman Zeibi
ダストボックス,Dust Box
討伐隊員ナトリ,Strike Force Natalie
ゴールドオーク,Orc Chieftain
拳聖のターバン,Turban of the Fist
ルネドール先生,Mrs. Renedor
闇のチカラと鎌,Power of Darkness
けだるいこりー,Lazy Collie
キラーシーカー,Killing Seeker
初心者用の短剣,Beginner's Knife
プク印のぬり薬,Puku-Marked Ointment
女神像の瞳・左,Goddess Statue's Left Eye
ウォールビスケ,Wall Biscuit
ホークマン・強,Vicious Hawk Man
おうかのはかま,Cherry Blossom Hakama
ウルタトランプ,Ulta Cards
ブオーンの体内,Inside Bjorn
花のアーチ・黄,Yellow Flower Arch
がうがうブーツ,Bow-Wow Boots
乗り物係ゴボン,Vehicle Clerk Gobon
ケイトの勝負服,Kate's Best Clothes
けだるいべりー,Lazy Berry
仮面の下の素顔,Face Behind the Mask
ゲルニック将軍,Hootingham-Gore
ラウルパラソル,Rahul Umbrella
ギュッと魔勇者,Evil Hero Arm Doll
変換屋サタタン,Converter Satatan
魔物呼びの香水,Monster Call Perfume
預かり所エリカ,Storage Erica
金のおたから花,Gold Treasurebloom
神光放つ杖の書,Holy Light Staff Book
１０００年の牙,1000 Year Fang
ロンリー・ホセ,Lonely Hosse
イシスのアンク,Isis' Ankh
ミラクルソード,Miracle Slash
ナンナトランプ,Nanna Cards
嵐の神獣の写真,Divine Storm Beast Photo
第５刻地下１階,Fifth Epoch B1F
オパールの置物,Opal Ornament
スノーシールド,Snow Shield
ギュッとリィン,Lynn Arm Doll
魔物ゴーグル券,Goggles Ticket
まもの使いの証,Monster Medal
星辰の摂理の書,Celestial Document
げんぶのかぶと,Black Tortoise Helm
武器屋カビール,Weapon Shop Kabir
ゴールドニャン,Gold Cat
ぼろぼろの手記,Tattered Memoir
クリオネの置物,Sea Slug Ornament
アオザイ衣装券,Ao Dai Outfit Voucher
村人おばさん２,Villager Aunt 2
創絶を招くもの,That Which Ends
てっこうまじん,Bad Karmour
黒曜のバスタブ,Obsidian Bathtub
シルバートレイ,Silver Platter
しんぷばるとる,Father Bartle
雪虫の洞くつ前,Cave of the Flies
Ⅲ‐ガルハート,Ⅲ‐Hawkhart
こうげき魔力 +6,Magical Might +6
クイックアーツ,Footloose
グレン駅の模型,Glen Station Model
エイブラム船長,Captain Abram
プチ悪霊の神々,Frail Evil Trinity
ユキハトランプ,Yukiha Deck
防衛軍の制服下,Defense Force Pants
ステージバンド,Stage Headband
三闘キノコ・緑,Green Funguy
フォンデュ・強,Vicious Fromage Fray
アキーラヘルム,Akira Helm
トロピカルな滝,Tropical Waterfall
聖守護者の導き,Guidance of the Sentinels
忘れがたき故郷,An Unforgettable Hometown
ウサぐるみ・黄,Yellow Rabbit
メタルトリュフ,Metal Truffle Slime
闇の狂戦士１１,Dark Berserker 11
取引商ララモラ,Trader Laramora
紹介人キージラ,Introducer Kijira
魔女のグローブ,Witch's Gloves
オトナなブレス,Mature Bracelets
モルゲンの手紙,Morgen's Letter
郵便局員ヤブミ,Postman Yabumi
ぐるぐるメガネ,Safety Goggles
魔物たちの挽歌,The Monsters' Monody
ばくだんケーキ,Bomb Cake
かいふく魔力 +5,Magical Mending +5
複数の手（右）,Multiple Hands (R)
ビッグブレード,Broad Sword
ゼネシアの神獣,Beast of Zenethia
それぞれの覚悟,Each One's Resolve
だいくあかまつ,Carpenter Akamatsu
ノーブルハット,Noble Hat
よるのパピヨン,Dread Dagger
リンカのローブ,Linka's Robe
ギガンテス・創,Created Gigantes
優雅なふりそで,Elegant Kimono
郵便局員ツツハ,Postman Tsutsuha
ハイクラス衣装,High Class Outfit
だいくばっどん,Carpenter Baddon
アーマービスケ,Armor Biscuit
レインボーアイ,Rainbow Eye
プペラトンネル,Pupella Tunnel
かざぐるまの壁,Windmill Wall
神光放つ斧の書,Holy Light Axe Book
旬の黄金マダイ,Seas. Gold Red Snapper
クラウンヘッド,Moai Minstrel
ハンマーの祭壇,Hammer Altar
プクレット広場,Pukulet Square
預かり所イチル,Storage Ichiru
ケイオスネイル,Chaos Nails
桜モダンハット,Cherry Modern Hat
絶対滅神の背景,Absolute Annihilation
冥王の鎌設置技,Hades Sickle Skill
プラチナのクギ,Platinum Nails
はぐれジュエル,Liquid Jewel Slime
ロイヤルブーツ,Royal Boots
よろず屋ゼクバ,General Shop Zekuba
オバケの衣装２,Ghost Costume 2
黒レザーのイス,Black Leather Chair
スイカさまの像,Whatamelon Statue
エリミネーター,Hoodlum
飛行士のパンツ,Aviator's Shorts
失われし者たち,The Lost Ones
道具屋ゾルーサ,Item Shop Zolusa
蒼穹兵団のこて,Azure Corps Gauntlets
光創神の御衣下,Dress of Creation
白バラのベッド,White Rose Bed
サウザンルビー,Southern Ruby
黒槍クバーラト,Black Spear of Kubarat
鉄球イヤリング,Iron Earrings
エンゼルナイフ,Angel Knife
ゼルメアメット,Zelmea Helm
がうがうパンツ,Bow-Wow Pants
Ｓグレネーどり,Bombird S
ギュッとラピス,Lapis Arm Doll
おしゃべりロデ,Chatty Rode
キラキラポーン,Snap Crackle Poof
リィンのぼうし,Lynn's Hat
パープルバリア,Purple Barrier
闇騎士のヘルム,Dark Knight Helm
すごろく旅芸人,Sugoroku Minstrel
てっぺきスキル,Selflessness skill
水の入ったツボ,Water-filled Pot
ゴルスラメダル,Gem Slime Medal
不思議の国の畑,Wonderland Field
預かり所スサナ,Storage Susana
素材屋ミラベル,Material Shop Mirabel
王城へと続く道,Path to Castle
ととねばあさん,Grandma Totone
まんぷく丸の像,Riceball Baby Statue
宿屋ポスーリパ,Innkeeper Posulipa
初級魔法戦士服,Novice ARM Coat
大白猫カプセル,Big White Cat Toy
雪国のシューズ,Snow Country Shoes
蘇りしアラグネ,Risen Araniad
出張大使ペラリ,Ambassador Perari
ブルーエッグ２,Blue Egg 2
カチコチくるみ,Tough Nut
音符の本棚・黒,Black Music Bookshelf
ネタ「雪隠れ」,Hidden in Snow Trick
ふわふわドラゴ,Floaty Drake Slime
セクシーベッド,Sexy Bed
異国の寺院の柱,Exotic Temple Pillar
渡し守ケーラン,Ferryman Keyran
びっくりトマト,Killer Tomato
郵便局員ハネギ,Postman Hanegi
ミシュアの水桶,Mishua's Water Bucket
スプラッシュ！,Splash!
こげちゃダリア,Dark Brown Dahlia
シグナルハート,Heart Signal
氷の魔王のこて,Ice Demon Gauntlets
案内係プレーテ,Guide Prete
銀のフライパン,Silver Frypan
武勲の城の香炉,Valor Castle Censer
防具鍛冶ギルド,Armorsmith Guild
マスターアーム,Master Armguards
防具屋パラリン,Armor Shop Pararin
実行委員ラヴィ,Executive Committee Ravi
武器鍛冶ギルド,Weaponsmith Guild
ギーグハンマー,Giga Clubber
妖しき風の写真,Ominous Wind Photo
ショートマント,Short Mantle
ウェディベッド,Weddie Bed
道具屋デニエス,Item Shop Denies
ドラゴントイズ,Clockwyrm
シスター・ラン,Sister Lan
たそがればると,Twilight Bart
考古展示ゾーン,Antique Exibit Zone
バジリスケイル,Basiliscale
レトロな映像機,Retro TV
輝石の竜箱・改,Augite Dragon Box+
案内係ラライラ,Guide Raraila
元気なコウリン,Lively Kourin
取引商アルハン,Trader Alhan
しにがみきぞく,Bone Baron
ゾブリスの幻影,Phantom Zobris
学園男子の夏服,Schoolboy Summer Wear
バトルステーキ,Battle Steak
古武道のうでわ,Kobudo Bangles
射手の服セット,Archer Outfit
ニーハイブーツ,Knee-High Boots
バトエンラック,Batoen Rack
たまねぎキング,Onion King Slime
メルヘンチョコ,Fairy-tale Chocolate
ダンサーリスト,Dance Wristbands
プクリポの銅像,Pukulipo Bronze Statue
レアボスメダル,Rare Boss Medal
武器屋バートン,Weapon Shop Barton
預かり所キサラ,Storage Kisara
ラピストランプ,Lapis Deck
ドン・モグーラ,Don Mole
攻撃時 3%で魅了,Charm Attack 3%
星夜のスーツ下,Starry Night Pants
メットＥ００１,Helmet E001
道具屋ソシェラ,Item Shop Sochera
ＣＭ用オーガ４,Ogre For CM 4
ケイオスソード,Chaos Sword
郵便局員レッダ,Postman Ledda
亡者のひとだま,Dead Man's Soul
素材屋ポピール,Material Shop Popil
水底の声なき貝,Voiceless Seashells
ニビス王のこん,King Nibis' Rod
取引商ブルベラ,Trader Brubera
リベリオダンス,Purrgatroyd Dance
闇の狂戦士１２,Dark Berserker 12
白い花のブーケ,White Flower Bouquet
山男のもみあげ,Woodsman Sideburns
ドルワーム王国,Dolworm Kingdom
まっちゃの花束,Matcha Bouquet
サードンの手下,Sardon's Minion
なげきのぱりす,Grieving Paris
壁かけソナー窓,Sonar Window
おどるほうせき,Goodybag
鉄のフライパン,Iron Frypan
黒曜のキッチン,Obsidian Kitchen
積怨のお礼参り,Revenge of Resentment
青き閃光の軌跡,The Traces of Blue
初心者用のオノ,Beginner's Axe
氷の領界への扉,Door to Ice Realm
預かり所カリン,Storage Karin
レモンスライム,Lemon Slime
ピンキーエッグ,Pinky Egg
踊り神ボニータ,Dance God Bonita
魔獣ヒュブロス,Hubros
ファイヤー！赤,Fire! Red
マイタウン１２,My Town 12
天奏士ピパップ,Songweaver Pipap
エビルチクリン,Bamboozler
取引商イグラン,Trader Igran
オリーブの花束,Olive Bouquet
イエローの花束,Yellow Bouquet
マグナスの部屋,Magnus' Room
道具鍛冶練習着,Toolsmith Training Wear
行商人シンリツ,Peddler Shinritsu
案内係レサニー,Guide Lesani
ベビークラウド,Sky Fry
研究員ペツィナ,Researcher Pezina
マリーブの手紙,Mareve's Letter
預かり所ドヨロ,Storage Doyoro
浄化の間　出口,Purification Chamber Exit
スマートな水着,Smart Swimsuit
白木のキッチン,Plain Kitchen
トランプブーツ,Tycoon Boots
ファイヤー！青,Fire! Blue
郵便局員シーラ,Postman Shira
ハキーマのメモ,Hakeema's Note
セレド宿屋の扉,Celed Inn Door
ネタ「ツリー」,Tree Trick
じょうぶなヒゲ,Strong Mustache
ＶロンＴシャツ,Vron T-Shirt
在りし日の姿へ,Back to Days Gone By
討伐隊員ピラル,Strike Force Piral
封魔フォーゲル,Vogel, the Demonic Seal
取引商ボルゲン,Trader Borgen
ラルゥの研究室,Larue's Laboratory
聖護の結界・紅,Crimson Sentinel Ward
遊び人のぼうし,Gadabout Hat
シャドーメイル,Darkmour
アクターのカギ,Actor's Key
武器屋ブロルト,Weapon Shop Brolt
コロシアム１金,Coliseum 1 Gold
ガテリア号印章,Gateria Stamps
のうこんダリア,Deep Blue Dahlia
小さな緑の植木,Green Potted Plant S
マゼンタダリア,Magenta Dahlia
剣魔の伝霊の剣,Spellsword Spirit's Blade
おもちのせ七輪,Rice Cakes on Grill
サビ猫カプセル,Tortoiseshell Cat Toy
村人ジョルジュ,Villager Georges
魔女の森への道,Road to Witchwood
封鎖されし部屋,Sealed Chamber
ニードルうさこ,Needle Rabbit
深碧の造魔兵団,Jade Constructs
こんじきオイル,Golden Oil
白ぶちメガネ丸,White Round Glasses
創生番号５１３,Creation Number 513
夕景のグレン城,Glen Castle Evening
素材屋エーゼク,Material Shop Eizek
ようかいオイル,Soluble Oil
トライロック７,Trirock 7
メモリ負荷２４,Memory Load 24
ロンリー・デビ,Lonely Debbie
エステラソファ,Estella Sofa
ラグアスのラグ,Raguas Rug
プオーンのツボ,Rebjorn Pot
プクライダー２,Puku Rider 2
スキップの神殿,Skipper's Shrine
口調の書・友達,Tone Book - Friendly
レギオンヘルム,Legion Helm
ホイミパウダー,Heal Powder
ウェディ父モブ,Weddie Father Mob
孔雀姫のおうぎ,Peacock Princess Fan
ＰＣのカンオケ,PC's Coffin
古びた銀のカギ,Old Silver Key
音符のラグ・彩,Color Music Rug
きようさのたね,Seed of Deftness
エビのサンプル,Shrimp Sample
牙狼のグローブ,Fanged Wolf Gloves
郵便局員ユメル,Postman Yumel
レザール兵士長,Captain Lazare
素材屋フレーツ,Material Shop Fleets
むらさきダリア,Royal Purple Dahlia
怨讐のゲーダム,Gedam's Grudge
大陸間鉄道パス,Intercontinental Rail Pass
ヨーヨー風船黄,Yellow Balloon Yo-yo
うつしよの金箱,Worldly Gold Box
コウモリグラス,Batty Glasses
お菓子のベンチ,Sweet Bench
迷える盟友の間,The Lost Ally
ブルースチール,Blue Steel
オーガオーブン,Ogre Oven
ベルマの指針書,Belma's Guidebook
ポケット映写機,Pocket Projector
まじゅうのツノ,Magic Beast Horn
ルベランナイフ,Ruberan Knife
施設職員パピレ,Facility Staff Hapire
スイートココア,Sweet Cocoa
黄金のかんむり,Golden Crown
ティーガ師団長,Division Leader Tiga
緑地に蛇の目傘,Green Ring Umbrella
アダマスレザー,Adamas Leather
ルビープリズム,Ruby Prism
創生番号６６６,Creation Number 666
翼のペンダント,Wing Pendant
ヘルサーディン,Hellsardine
満月の夜の物語,A Full Moon's Night
ステテコパンツ,Boxer Shorts
傷だらけの手帳,Scratched Notebook
センターホール,Center Hall
サメバーンの姫,Princess Great Bite
ムニエカの深層,Munieka Depths
旨辛ソースの素,Spicy Sauce Mix
ステラレポート,Stella Report
アブタル兵士長,Captain Abutar
魔学士のローブ,Magic Study Robe
太陽の塔・屋上,Top of the Sun Tower
夕焼け雲のラグ,Sunset Cloud Rug
きじゅつしの服,Illusionist's Shirt
マジックフライ,Splutterfly
メモリ負荷１５,Memory Load 15
上どくけしそう,Strong Antidote
大賢者のほうい,Supreme Sage's Attire
暁の神殿　出口,Temple of Dawn Exit
ベビタンブーツ,Imp Boots
みちくさ冒険中,Detour to Adventure
星詠みの鉢植え,Stargazing Plant
古代兵器のコア,Ancient Weapon Core
パピリオベール,Papilio Veil
ドラゴンロッド,Dragon Rod
シャンテの部屋,Shante's Room
らいだーすーつ,Rider Suit
道具屋ナクダス,Item Shop Nakudas
スーパースター,superstar
カカシつきの畑,Scarecrow Field
ルベランスピア,Ruberan Spear
シュガーハット,Sugar Hat
行商人プッチン,Peddler Pucchin
災いの神話の像,Myth of Calamity Statue
交換屋チャリリ,Exchange Shop Chariri
フラワー交換券,Flower Ticket
メモリ負荷３０,Memory Load 30
便せん屋ミュウ,Stationery Shop Miu
メモリ負荷１６,Memory Load 16
ひまわりピアス,Sunflower Earrings
防具屋セリータ,Armor Shop Serita
だんごプリズム,Dumpling Prism
竜族の人形・男,Nadravian Doll (M)
猫貴族のマント,Aristocat Cloak
ぬめぬめエキス,Slimy Extract
料理屋リアータ,Server Riatta
演芸グランプリ,Goofball Grand Prix
交換員ヤゴット,Exchanger Yagott
キレイな貝がら,Beautiful Shell
丸太のテーブル,Log Table
ナジーンの眼帯,Najinn's Eyepatch
防具屋パプラム,Armor Shop Papulam
スライムナイト,Slime Knight
猫貴族のぼうし,Aristocat Hat
取引商レリーン,Trader Leleen
炎の領界への扉,Door to Fire Realm
タイムマスター,The Time Being
預かり所トィン,Storage Tin
至高のボツ試練,Supreme Botched Trial
大獄獣の調教術,Hellbeast Training
とこしえの巨兵,Dark Cyclops
アイスボンバー,Frost Bomber
疾風のバンダナ,Gale Bandana
ジュエルサイズ,Jewel Scythe
ぼろぼろの日記,Tattered Diary
闇の狂戦士０９,Dark Berserker 09
オグショー像茶,Brown Ogreed Sh. Statue
ガズバランの牙,Gazbalan's Fang
ウィングブロウ,Propeller Blade
のうふこらしょ,Farmer Korasho
回復のララバイ,Healing Hymn
アバノク祭司長,Head Priest Abanoc
施設職員モピリ,Facility Staff Mopuri
バトルドレス上,Battle Top
大勇者のズボン,Intrepid Trousers
ジャンボキノコ,Jumbo Mushroom
闇の領界の石像,Dark Realm Stone Statue
初心者用のやり,Beginner's Spear
聖守護者の黒盾,Sentinel's Black Shield
パピヨン仕切り,Papillon Partition
うきわのタワー,Floatie Tower
大富豪ブルーノ,Tycoon Bruno
購買員ペリレネ,Supplier Pelileo
料理屋カポロン,Server Kaporon
幽霊城のアーチ,Haunted Castle Arch
テスト用古文書,Testing Documents
マジカルメガネ,Magical Glasses
リエーレブーツ,Lierre Boots
銀河のカーテン,Galaxy Curtain
バトラーギフト,Butler Gift
よろず屋ロココ,General Shop Rococo
勇気のケモノ甲,Beast of Courage A
黒魔術用かまど,Black Magic Stove
テラノライナー,Dragstar
神の月の感謝祭,Festival of the Moon
ＧＭのよろい上,GM's Armor Top
オルフェアの町,Orphea
夜狐の召し物下,Nightfox Pants
白バラのソファ,White Rose Sofa
氷の解錠の円盤,Ice Unlocking Disc
道具屋ミケーレ,Item Shop Michele
ビッグモーモン,Biggy Sanguini
ベビンゴサタン,Lil' Tyke
波打ち際のラグ,Water's Edge Rug
やんのかウルフ,Rowdy Wolf
魔女とニワトリ,Witches and Chickens
超錬金ランプ小,Super Lamp S
テーブルセット,Tableset
たそがれシモン,Twilight Simon
チャレンジャー,challenger
ラブリィダンス,Lovely Dance
魔天兵ドゥース,Deus, Soldier of Evil
リーネトップス,Renee Top
あぶない水着上,Dangerous Bikini Top
リンカのブーツ,Linka's Boots
カブのこころ７,Kabu's Heart Lv7
聖都エジャルナ,Ejarna City
道具屋ディリロ,Item Shop Dirilo
魚交換員パルナ,Fish Exchange Paruna
ジェイドフレア,Jade Flare
メガザルロック,Bomboulder
セイレーンの歌,Siren's Song
武器屋ラニエロ,Weapon Shop Raniero
さいほう練習着,Sewer Training Wear
ムーンレーダー,Moon Radar
借りてきた子分,Hired Minion
言の葉の舞う地,Garden of Words
妹姫のバングル,Young Princess' Bangles
ロンリー・トム,Lonely Tom
取引商ヒョコタ,Trader Hyokota
ガケっぷち村跡,Precipice Village Ruins
恋するメリッサ,Melissa in Love
ミラントランプ,Milan Deck
第二の領域方面,Path to Second Area
あやかしの魔弓,Magic Apparition Bow
ＦＦＸＩＶ印章,FFXIV Stamps
顔アクセ検証君,Verify Facial Accs.
ネオンスピカ赤,Neon Spica (Red)
Ⅲ‐グラブゾン,Ⅲ‐Cluboon
超さいほう針小,Super Needle S
魔導鬼ベゼブー,Sorcerer Bezebu
ワイルドカード,Wildcard
魔法の羽根ペン,Magic Quill Pen
キアリクッキー,Tingle Cookies
リホイミソフト,Reheal Soft Serve
アメジスシード,Amethyst Seed
キンナー調査員,Detective Kinner
うつしよの竜箱,Worldly Dragon Box
預かり所バタン,Storage Batan
スマートソファ,Smart Sofa
過去からの手紙,Letter From the Past
学園長の魔法陣,Principal's Magic Circle
謎の雪女の写真,Mystery Spirit Photo
ラナダッタ部長,President Ranadatta
ガラテアの神槍,Spear of Galatea
運転士コペチャ,Driver Kopecha
みがわりドール,Scapedoll
便せん屋ヒサメ,Stationery Shop Hisame
料理屋イニーナ,Server Inina
Ｓキラーマシン,Trauminator
古代文明研究所,Ancient Research
ゆうきさんの絵,Yuki Painting
移動係スケイプ,Travel Clerk Scape
勇者アシュレイ,Hero Ashley
じんめんちょう,Batterfly
達人ベルトラム,Master Bertram
星空の本棚・紫,Purple Starry Bookshelf
時の王者セット,Time Sovereign Outfit
ランドンクイナ,Apeckalypse
よわいとうめい,Transparent Weak
記録係オットー,Archivist Otto
朔風　空に消ゆ,Where the North Winds Blow
カラマドウッド,Lively Lumber
紹介人トーリナ,Introducer Torinna
プクランド大陸,Pukuland
ダイヤのシール,Diamond Sticker
お菓子の自販機,Candy Vending Machine
いやしのブーツ,Healing Boots
聖護の結界・蒼,Azure Sentinel Ward
やどやひなぎく,Hinagiku
ハツラツ豆の袋,Pep Beans Sack
お菓子の食器棚,Sweet Cupboard
スチームタンス,Steam Wardrobe
バリバリ漂白剤,Strong Bleach
テスト予備２４,Test Spare 24
エフブーメラン,F Boomerang
ラギ雪原への道,Road to Ragi Snowfield
ワンダーチョコ,Wonder Chocolate
バトエンの街灯,Batoen Lamppost
風雷のいんろう,Thunderstorm Inro
ドロヌーバ・塔,Tower Mudraker
黄金のバブリン,Gold Zepling
テスト予備２３,Test Spare 23
ポーポラリーフ,Popola Leaf
ハッピーハート,Happy Heart
鉄壁のすねあて,Ironclad Greaves
みずいろダリア,Pale Blue Dahlia
ホルスプリズム,Horus Prism
ジャンボトマト,Jumbo Tomato
ネコ姫のソファ,Cat Princess Sofa
ブラッドマミー,Blood Mummy
夏２０１８・銅,Summer 2018 Bronze
リンゴのピアス,Apple Earrings
花柄の大きい壁,Floral Wall L
シアンなインク,Cyan Ink
くノ一の装束上,Kunoichi Costume Top
郵便局員トボラ,Postman Tobora
ルーラストーン,Zoomstone
おばけ大キノコ,Haunted Funghoul
ロックンロール,Rock 'n' Roll
黄金の飾りオノ,Ornamental Axe
九の星獣ウラス,9th Star Beast Urasu
道具屋ハンチャ,Item Shop Hancha
レッドエッグ２,Red Egg 2
カナリヤダリア,Canary Dahlia
手下の海賊・Ｂ,Pirate Crewman B
ネコ姫のラック,Cat Princess Rack
錬金屋ベビタン,Alchemy Shop Dimples
じゃんけんパー,Paper
暁の回廊への扉,Door to Corridor of Dawn
歌詠みのブレス,Poet's Bracelets
神槍のレプリカ,Sacred Spear Replica
言声のやまびこ,Echo of Words
ユキハのブーツ,Yukiha's Boots
竜王のよろい上,Dragonlord Armor
クルスアックス,Crucifaxe
バナナの木の壁,Banana Tree Wall
挑戦の荒神伝説,Deity's Dare Legend
鎮魂のロウソク,Requiem Candle
水のはごろも上,Flowing Dress Top
シーサイド本棚,Seaside Bookshelf
フレアパウダー,Flare Powder
施設職員ピパプ,Facility Staff Pipapu
さまよえる怪物,Wandering Monster
夏２０２３・銀,Summer 2023 Silver
しびれだんびら,Paralyslicer
道具屋ラダディ,Item Shop Ladadi
マジカルサンド,Magical Sandwich
魔天球デカラビ,Dekaraby, Sphere of Evil
旅立ちのこころ,Heart of Departure
取引商アガジル,Trader Agajiru
アサシンダガー,Assassin's Dagger
ガエリブの竪琴,Gaelib's Lyre
きょだいまじん,Giga Stone Guardian
水のはごろも下,Flowing Dress Bottom
サフランハット,Saffron Hat
パドレへの手紙,Letter to Padre
リィンの像庭２,Lynn Statue (G) 2
ペリポンチェア,Peripon Chair
メタスラのイス,Metal Slime Chair
村人おじさん２,Villager Uncle 2
大魔王のブーツ,Demon Lord's Boots
たそがれしもん,Twilight Simon
おたからさがし,Nose for Treasure
道具屋ワシコフ,Item Shop Wasikov
スカラベキング,Scarab King
かぼちゃ姫衣装,Pumpkin Princess Outfit
ホイミスライム,Healslime
魔王ヴァレリア,Demon Queen Valeria
クオードの部屋,Quard's Room
道具屋トルディ,Item Shop Tordi
一日千秋の想い,For a Thousand Days
デザートモデル,Dune Stalker
天地雷鳴士の証,Theurgy Trophy
フウキのなかま,SCC Member
ウマしっぽ・白,White Horse Tail
ウインガリバー,Guiding Wing
浄化の間　入口,Purification Chamber Entrance
ラウンドピアス,Round Earrings
リソルトランプ,Resol Deck
屋台系庭具１７,Food Stall 17 (G)
自然展示ゾーン,Nature Exhibit Zone
僧侶のカロット,Priest Calotte
マイタウン１０,My Town 10
フラウスワンド,Flaus Staff
道具屋ゼドリグ,Item Shop Zedrig
ガートラント城,Gartlant Castle
だいまじん・祖,Ancestral Stone Guardian
護りの盾の正装,Dress of Protection
なげきのラモン,Grieving Ramon
百怨邪ジャモー,Many Grudges Jammo
クライシスアイ,Crisis Eyes
研究員マチュー,Researcher Mathieu
武器屋シュリィ,Weapon Shop Shuri
三毛ねこポスト,Calico Cat Mailbox
レイクランの像,Leichlan Statue
スチーム貯金箱,Steam Piggy Bank
預かり所フィア,Storage Fia
ラダトームの盾,Tantegel Shield
紫水晶のタンス,Amethyst Wardrobe
リュウイーソー,Li'l Whizzer
いやしの雪中花,Soothing Snow Flower
ギガントヒルズ,Drakularge
死霊姫ヤサギリ,Dead Princess Yasagil
狂戦士レギオン,Berserker Legion
迷えるヴェルテ,Lost Verte
キンスラ便せん,King Slime Paper
創世の樹の番人,Worldroot Warden
大怪傑のブーツ,Wondrous Boots
アスバルの手紙,Asbal's Letter
小悪魔系ドレス,Little Demon Dress
カボチャの気球,Pumpkin Balloon
検証用家具８９,Verification Decor 89
名軍師の兵法書,A Brilliant Treatise
のうふさだきち,Farmer Sadakichi
猛獣のバンダナ,Beastly Bandana
聖守護者の短剣,Sentinel's Slicer
おどる宝石の像,Goodybag Statue
ぶきやいってつ,Weapon Shop Ittetsu
けんじゃのいし,Sage's Stone
メタスラコイン,Metal Slime Coin
経験値の古文書,Experience Scroll
猛き闘士の結晶,Fierce Fighter Jewel
セレドのベッド,Celed Bed
いにしえの歌集,Ancient Poetry
建物屋ルバート,Building Shop Rubart
ハートシールド,Heart Shield
世界への架け橋,Bridge to the World
料理人エルンゲ,Chef Elonge
Ｖ系ローズ眼帯,V Rose Eyepatch
防具屋・武器屋,Armor & Weapon Shop
エレメンピンク,Pink Glow
フォンデュの書,Fromage Fray Book
純喫茶のタンス,Cafe Wardrobe
いしにんぎょう,Dirty Dogu
きらきらした本,Glittering Book
大砲・東障壁前,East Barrier Cannon
デスパワー解放,Death Power Release
代理人レレッポ,Agent Releppo
とこしえの氷原,Permafrost Plains
ガタラ紋章旗幟,Gatara Emblem Banner
冥界のグローブ,Underworld Gloves
シェキナーの光,Light of Shekhinah
魔槍ケラウノス,Magic Spear Keraunos
ディープブルー,Deep Blue
幻界の四諸侯強,Apex Dread Fiends
ブーストオーラ,Might of Light
サーカスボール,Circus Ball
要塞の迎撃大隊,Fortress Defense Battalion
スレイプニール,Sleipnir
月守りの双屍竜,Moon Guardian Skelegon
スラッＴシャツ,Slime T-Shirt 2
ぽんぽこのお面,Tanuki Mask
音符のラグ・黒,Black Music Rug
闇ダメージ 5%減,Dark Resistance +5%
ラッキーカカオ,Lucky Cacao
ナイトキャット,Night Cat
ギュッとメイヴ,Meiv Arm Doll
乗り物係テーレ,Vehicle Clerk Terre
魔天導クローマ,Sky Guide Chroma
ブルーイーター,Goobonce
ホタルのゆかた,Firefly Yukata
暗黒の魔人の像,Ruin Statue
ネレウスソード,Nereus Sword
トリカトラプス,Trikaceratops
つきかげの広場,Moonlight Plaza
精神エネルギー,psychic energy
悪魔の手下たち,Devil's Minions
オパールの本棚,Opal Bookshelf
ウールシューズ,Wool Shoes
けだるいベリー,Lazy Berry
クリュトスの家,Krutos' House
ダークパンサー,Winged Sabrecat
よろいのきしⅢ,Knight Errant Ⅲ
ヨコジャン神父,Father Yokojan
闇の秘蹟の写真,Dark Sacrament Photo
預かり所チョフ,Storage Chofu
プリティフライ,Pretty Cat
くらげドレス上,Jellyfish Dress Top
魔技師グローブ,Technomancer Gloves
勇者アルヴァン,Hero Alvan
デスストーカー,Heavy Hood
あくま神官の像,Wrecktor Statue
レイブンブーツ,Raven Boots
くものきょじん,Cloud Surfer
便せん屋ミズナ,Stationery Shop Mizuna
取引商イーハー,Trader Eha
エフスティック,F Wand
ショコラパーマ,Chocolate Perm
いっぱつのくつ,One Shot Shoes
音符のイス・彩,Color Music Chair
ダイナーズボン,Diner Trousers
闇の狂戦士０８,Dark Berserker 08
便せん屋クオン,Stationery Shop Kuon
グレートグラブ,Great Bracers
炎の解錠の円盤,Fire Unlocking Disc
紫水晶のダンロ,Amethyst Fireplace
Ｖロン強コイン,Apex Vron Coin
学園女子の水着,Schoolgirl Swimsuit
ワープ庭具０２,Warp Garden Tool 02
テラス付きの家,Terrace House
パーツ無テスト,No Parts Test
古びた火打ち石,Old Flintstone
Ｎ高女子のくつ,N High Girl's Shoes
秘宝の聖騎士団,Treasure Psych Master
初代指導者の像,First Leader Statue
けだるいえりー,Lazy Ellie
ジャリムミルク,Jyarim Milk
うわさのリーザ,Lisa's Rumor
ストームタルト,Storm Tart
ネオン・ハート,Neon Heart
秘宝の空挺兵長,Treasure Dark Prince
どうぐやしぇり,Sheri
うわさのるちあ,Lucia's Rumor
ダークドレアム,Nokturnus
心層楼閣への道,Road to Tower of the Heart
ジュエルダガー,Jewel Dagger
てまねきリング,Beckonring
だるまストーブ,Potbelly Stove
いただきます２,Let's eat! 2
キュララニウム,Kyuraraniums
ドワーフチェア,Dwarf Chair
まりょくの練魂,Sorcery Soul
ゴーストベリー,Hellbound Harvester
ゴリウス兵士長,Captain Gorius
ベアトリス夫人,Mrs. Beatrice
ミラーグリーブ,Mirror Greaves
土地神のやしろ,Shrine of the Land
攻撃時 6%でどく,Poison Attack 6%
時の刻みし海溝,Trench of Time
茶地に蛇の目傘,Tea Ring Umbrella
ドリームカカオ,Dream Cacao
セイレーンの杖,Siren's Staff
僧侶のほうい２,Priest Vestment 2
うろこのブーツ,Scale Boots
立ちこめる暗雲,Gathering Dark Clouds
つっぱりウルフ,Ruff Wolf
住宅商サントン,Realtor Santon
道具屋・素材屋,Item Shop/Material Shop
ボーンヘルム券,Bone Helm Ticket
妖魔将ゲジュラ,General Gejura
プラコン用風呂,Private Concierge Bath
メモリ負荷１７,Memory Load 17
ボムアーモンド,Almond Bomb
ジャッカル局員,Clerk Jackal
フラワーハット,Flower Hat
防具屋ピースペ,Armor Shop Pisupe
スライムのお面,Slime Mask
預かり所ムース,Storage Musu
夕焼け雲の本棚,Sunset Cloud Bookshelf
かなしきろだん,Sad Rodin
十一の塔・上層,Tower 11 - Upper Area
セラフィの手紙,Seraphi's Letter
牛飼いのえぼし,Cattleman Hat
超はやぶさ斬り,Gyrfalcon Slash
凱歌のよろい下,Valkyrie Armor Bottom
アマラーク兵２,Amarak Soldier 2
大審門への出口,Exit to Demongate
カンダタ見習い,Robbin' 'Ood Amateur
マスタークラス,Master Class
宿屋シルバーナ,Innkeep Silvana
アサシンギフト,Assassin's Gift
エイドスのつえ,Eidos' Cane
マキュリの荷車,Makyuri Cart
Ⅱ‐ガルハート,Ⅱ‐Hawkhart
ガーデンハット,Garden Hat
名もなき願い星,A Nameless Wishing Star
烈風のころも下,Gale Slacks
天界のころも下,Observatory Bottoms
ちょうろうじゅ,Antiquitree
アイスコンドル,Chillanodon
星辰武王の審判,Star Warrior's Trial
コロシアム１銅,Coliseum 1 Bronze
百鬼の隠れ屋敷,Mystified Mansion
マガツクロカゼ,Winds of Ruin
バトエンマニア,Batoenmania
武器屋チョムウ,Weapon Shop Chomu
がうがうスーツ,Bow-Wow Coat
パピリオブーツ,Papilio Boots
よろず屋ガムリ,General Shop Gamuri
匿名鉄道ファン,Anon Train Fanatic
有翼人の羽飾り,Winged One's Plumes
サウルスロード,Terrorceratops
しゅいろダリア,Vermilion Dahlia
聖守護者のムチ,Sentinel's Whip
ネタ「Ｖロン」,Vron Trick
ヒヨコナックル,Chick Knuckle
カミハルムイ城,Kamiharmui Castle
クレバーココア,Clever Cocoa
神兵のグリーブ,Divine Soldier Boots
創生番号０８７,Creation Number 087
ライノスローネ,Rhinocerone
道具屋ノーニル,Item Shop Nonil
ガミルゴの石像,Gamilgo Stone Statue
ネオンハート緑,Neon Heart (Green)
迅雷のスーツ下,Thunderclap Pants
ゼクレス精鋭兵,Zechres Elite Soldier
メタルチケット,Metal Ticket
ラニカルカ地帯,Ranikalka Area
桜の床置き提灯,Cherry Blossom Lantern
表情の書・気絶,Faint
こぼれ桜の番傘,Cherry Paper Umbrella
シールドこぞう,Leery Lout
魔剣士のよろい,Demon Swordsman Armor
狂える王子の間,The Mad Prince
はぐメタコイン,Liquid Metal Coin
ウェディかまど,Weddie Wood Stove
サハラコート上,Sahara Coat Top
肖像画「講義」,"Lecture" Portrait
ラッキーチョコ,Lucky Chocolate
高速呪文詠唱術,Speedy Spellcasting
植木鉢・芽あり,Plant Pot with Buds
産声は無くとも,A Voice of Silence
まだらイチョウ,Bud Brother
ロイヤルマント,Royal Cloak
錬金ツボは輝く,An Alchemy Jar Glows
案内係ホーシャ,Guide Hosha
ギュッとルナナ,Lunana Arm Doll
旅芸人のブーツ,Minstrel Boots
チューンナップ,Tune-Up
聖護の結界・翠,Green Sentinel Ward
ホットなこたつ,Hot Kotatsu
ピクニックチリ,Chiri Picnic
ハルバルド船長,Captain Halbard
大使リッシュウ,Ambassador Rishu
チェストクラム,Chest Clam
あけおめ便せん,Happy New Year Paper
闘士ギルビィス,Fighter Gilvis
ネオンライト赤,Neon Light (Red)
グリーンオーブ,Green Orb
セーリアチェア,Celia Chair
ネコ姫のタンス,Cat Princess Wardrobe
四角い家の外観,Square House Exterior
しぐさ書・木箱,Crate Trick
紹介人ノクター,Introducer Noctor
ミイラ男の衣装,Mummy Boy Costume
スイカのソファ,Watermelon Sofa
デスフラッター,Raven Lunatic
木工職人の看板,Woodworking Sign
ちいさなメダル,Mini Medal
竜の都の便せん,Dragon City Paper
ラブアローの弓,Love Arrow Bow
ウマしっぽ・茶,Brown Horse Tail
死霊兵クロマゲ,Souldier Black Mage
垣間見えた景色,Glimpse of Scenery
パックへの手紙,Letter to Pack
アチチストーン,Hot Stone
はじけろ呪印！,Curse's Broken Seal!
赤竜の首かざり,Spitzfire Strand
竜将のグリーブ,Dragon General Greaves
神官長ナダイア,Archpriest Nadaia
洞くつのオバケ,Cave Ghost
ボーンハンマー,Bone Hammer
ひまわりのタネ,Sunflower Seeds
なりきり操舵輪,Ship Steering Wheel
スマイルロック,Grinade
Ｖなランドセル,V School Backpack
マージマタンゴ,Mushroom Mage
かんざおやかた,Boss Kanza
渡し守キューラ,Ferryman Keura
響きのホオズキ,Echoing Winter Cherry
ブラックバリア,Black Barrier
かいふく魔力 +6,Magical Mending +6
きみどりダリア,Yellow Green Dahlia
ランディの手紙,Randy's Letter
ネレウスロッド,Nereus Rod
ベリアルコイン,Belial Coin
ウェルジー神父,Father Welge
きりかぶこぞう,Bark Boy
星空の本棚・青,Blue Starry Bookshelf
さいだいＭＰ +8,Max MP +8
混沌のたつまき,Cone of Chaos
世界樹のつるぎ,Yggdrasil Sabre
木こりノッコイ,Woodcutter Nokoi
パルミオのメモ,Palmio's Note
さいだいＭＰ +2,Max MP +2
よろず屋バレイ,General Shop Barei
プクライダー１,Puku Rider 1
ネコ姫のミラー,Cat Princess Mirror
よろいのきしⅠ,Knight Errant Ⅰ
紫水晶のベッド,Amethyst Bed
兵士ウィリアム,Soldier William
オルストフの杖,Orstov's Staff
ナジーンの部屋,Najinn's Room
大長老バルシラ,Great Elder Bamooz
カプセル設置床,Capsule Floor
預かり所ゼッド,Storage Zed
ゼナベスティア,Zenabestia
聖王の杖の壁画,Dryspell Staff Book
星拳士スニフル,Starfighter Sniffle
聖騎士のヘルム,Holy Knight Helm
ミニマドハンド,Mini Muddy Hand
黒ヒョウのツメ,Panther Claws
エースのカード,Ace Card
せんすいふくき,Yellow Diving Suit
わだつみの竜足,Ocean Lord's Nails
取引商ビルラー,Trader Biller
なげきの妖剣士,Swordmaster's Sorrow
ほうげきスキル,Ballistics skill
案内係ムタデマ,Guide Mutadema
旅芸人の衣装上,Minstrel Shirt
テスト予備１７,Test Spare 17
道具屋ポロペン,Item Shop Poropen
ガミルゴの護符,Gamilgo's Amulet
魔天鳥シャクス,Sky Bird Shax
スイーツトロル,Sweet Troll
うつしよの銅箱,Worldly Bronze Box
レビンの洞くつ,Levin Cave
渡し守サーンハ,Ferryman Saanha
白雲の冥翼兵団,White Wings
スライムシール,Slime Sticker
サンタスカート,Santa Skirt
ちょうネクタイ,Bow Tie
初心者用のこん,Beginner's Rod
防具屋ヴァイン,Armor Shop Vine
ドルゴール・時,Dol Radio - Time
強靭なホネの束,Strong Bones Bundle
聖天のかんむり,Holy Heaven Crown
ブランチのツノ,Branch Horn
ルベランクロー,Ruberan Claws
ふわふわフラフ,Floaty Fluff
ライオンアーム,Lion Armguards
花妖精のピアス,Flower Fairy Earring
ルーミリアの家,Rumilia's House
回転木馬の写真,Carousel Photo
輝く会心のツメ,Shining Heart Claws
大魔王の魔界史,History of the Demon World
ビッグフェイス,Gum Shield
創生番号４４３,Creation Number 443
道具屋シェラタ,Item Shop Chelata
ムルードの岩山,Murudo Mountain
素材屋クアライ,Material Shop Quarai
黒地に蛇の目傘,Black Ring Umbrella
聖賢者のミトラ,Holy Sage Mitre
深翠の試練場前,Deep Green Trial
メルド・ゲノス,Meldo Genos
嘆きのロベール,Lamenting Robert
エレメンレッド,Red Glow
扇風機のレシピ,Electric Fan Recipe
プクレットの村,Pukulet Village
でびるいしょう,Devil Costume
郵便局員レリー,Postman Lerry
くれないザクロ,Deep Red Pomegranate
ネレウススピア,Nereus Spear
烈風のキャップ,Gale Cap
大光章チケット,Shiny Ticket L
マンマーの部下,Momma's Subordinate
スピラソーンＢ,Thornspire B
カプサイヘッド,Capsai Hat
魔導鬼ベドラー,Sorcerer Bedora
デマトード高地,Dematode Highlands
おしゃべりめる,Chatty Mel
第十二の月の像,Twelfth Moon Statue
わがまますてら,Selfish Stella
深淵のデザート,Abyss Dessert
闇の領界の燭台,Dark Realm Candle
サーカステント,Circus Tent
ハンターフライ,Rumble Bee
ボンボンブーツ,Pompom Boots
ひゃくれつなめ,Tongue Bashing
お城の大きい壁,Castle Wall L
ジェイドマスク,Jade Moai
さいだいＨＰ +8,Max HP +8
ゾーマのローブ,Zoma's Robe
ヤクルのテント,Yakuru's Tent
ネオンハート黄,Neon Heart (Yellow)
道具屋アーグス,Item Shop Argus
ホタテワラビー,Scallop Wallaby
ジングルパンツ,Jingle Pants
バラモス練習札,Baramos Tag
研究員トトチャ,Researcher Totocha
鋼の秘奥・扇編,Metalworks: Fans
天使のてぶくろ,Angel Gloves
フォステイル伝,Fostail Biography
ダースリカント,Ursa Mega
三闘の間への道,Road to Triad Hall
マリンスカート,Marine Skirt
ブロンズナイフ,Bronze Knife
暗黒星雲の秘密,Dark Nebula Secrets
ハート模様の壁,Heart Pattern Wall
ココラタの浜辺,Cocolata Beach
もこもこニット,Fluffy Hat
ドン・ママチョ,Don Mamacho
ほっそりキノコ,Slim Mushroom
忘れられた広間,Forgotten Hall
黒魔術館の門柱,Black Mansion Gatepost
防具鍛冶職人帽,Armorsmith's Cap
キンギョ・白赤,Jikin Goldfish
烈魔の霊符・陽,Yang Caster Talisman
花のアーチ・紫,Purple Flower Arch
リリパットの弓,Bodkin Archer Bow
よろず屋マカロ,General Shop Macaro
ジア・サフィル,Dia Saphir
防具屋ヴィーサ,Armor Shop Visa
ゼニアス３印章,Zeniath 3 Stamps
エステラの写真,Photo of Estella
銀河エフェクト,Galaxy Effect
アゲハ乱舞・改,Butterfly Bop+
メタブラパンツ,Metal Medley Bottom
パピルサグの弓,Pabilsag's Bow
バラモスゾンビ,Bones of Baramos
たれサバ猫　　,Lazy Gray Cat
メギストリス領,Megistris Territory
秘宝の空挺部隊,Treasure Gargoyle
甲冑スタチュー,Armored Statue
カブのこころ５,Kabu's Heart Lv5
銀河のあさぐつ,Galaxy Clogs
永遠の地下迷宮,Labyrinth of Eternity
わかめ王子・強,Vicious King Kelp
ほほの傷シール,Cheek Scar Sticker
護りの手の象徴,Symbol of the Hand of Protection
便せん屋シロギ,Stationery Shop Shirogi
シグナルスター,Star Signal
青き閃光の誕生,Birth of a Blue Flash
マリンスパッツ,Marine Tights
取引商ディット,Trader Ditto
シルバーダリア,Silver Dahlia
王軍師のよろい,Royal Soldier Armor
ふわふわバニー,Floaty Bunny Girl
キング・ツリー,King Tree
珈琲サイフォン,Coffee Siphon
ワイルドボトム,Wild Pants
ゼルメアの聖紋,Zelmea Crest
砂上船プリズム,Sandship Prism
紹介人ズオナロ,Introducer Zuonaro
絆のエンブレム,Bonding Emblem
竜王のグリーブ,Dragonlord Greaves
魔剣士テグラム,Evil Swordsman Tegram
トーテムブレス,Totem Bracelets
聖王のハンマー,Dryspell Hammer
金魚のモビール,Goldfish Mobile
割れた天使の涙,Cracked Angel Tears
道具屋セルニタ,Item Shop Selnita
たんすミミック,Wardrobe Mimic
森外れのほら穴,Outer Forest Cave
バトエンブーツ,Batoen Boots
カンダタ大元帥,Robbin' 'Ood Commander
フォレース鉱石,Forace Ore
約束のはじまり,Start of a Promise
おむかえデスよ,Sedeathtives
めいどうふうま,King Fissure
亡国の記憶の間,Ruined Remembrance
ブエルの大紋章,Buer Sigil
かいふく魔力 +2,Magical Mending +2
預かり所サラサ,Storage Sarasa
影魔レイミリア,Shade of Remilia
邪王の操り人形,Evil King's Puppet
デモンシーサー,Demon Shisa
フラウスソード,Flaus Sword
モンセロ温泉峡,Moncello Springs
メタルスライム,Metal Slime
ギュッとウサギ,Rabbit Arm Doll
療魔の霊符・黄,Yellow Healer Talisman
ブレイクウェア,Break Wear
試験官グラガド,Examiner Gragado
シュジャク召喚,Pea Shocker
エフェクト盾３,Effect Shield 3
星空のラグ・青,Blue Starry Rug
防具屋コアヤフ,Armor Shop Koayafu
蝶のかみかざり,Butterfly Hairpin
花のアーチ・白,White Flower Arch
ロストアタック,Morale Masher
うすあいダリア,Pale Dahlia
ドラゴン浮き輪,Green Dragon Floatie
ドワーフタンス,Dwarf Wardrobe
トポルのアーチ,Topol Arch
ウェディ娘モブ,Weddie Daughter Mob
大魔王のよろい,Demon Lord's Armor
三闘キノコ・赤,Red Funguy
カンフーリスト,Kung Fu Wristbands
ミルドラソード,Nimzo Sword
よろず屋コテツ,General Shop Kotetsu
キングブレード,Lord's Sword
お師匠様の教え,Teachings of the Master
わがままミャコ,Selfish Myako
７ｍｖオーガ女,7mv Ogre Woman
ファイアボール,Fire Ball
ステージアーム,Stage Armguards
竜王のローブ上,Dragonlord Upper Robe
まじゅうのツメ,Beast Claws
チェックメイツ,Checkmate
ワープ庭具２０,Warp Garden Tool 20
メタッピー・強,Vicious Mecha-Mynah
ふくびきうぇあ,Lottery Wear
まちがえました,I made a mistake.
授業オーガ男性,Ogre Male Student
古強者のかぶと,Veteran's Helm
あさぎガーベラ,Light Blue Gerbera
討伐隊員ガネス,Strike Force Ganess
ミイラ男の服下,Mummy Boy Garb Bottom
森人のながぐつ,Woodland Boots
暗黒の魔造兵強,Apex Dark Golem
エドアルドの家,Eduardo's House
ホワイトシルク,White Silk
源世植物研究所,World Botany Research
ブラッドメイジ,Blood Mage
オニキスの花束,Onyx Bouquet
フォステイル像,Fostail Statue
紹介人ロブソン,Introducer Robson
神官カーリーナ,Priest Karina
ブラッドハンド,Bloody Hand
しぐさ書・風船,Balloon
へいしれなーど,Soldier Leonard
さわやかソーダ,Refreshing Soda
レグアン小隊長,Platoon Leader Leguan
古びた巻物開き,Old Scroll Opened
おおきづちの像,Hammerhood Statue
泡雪のてぶくろ,Light Snow Mittens
新作家具屋ミヤ,New Indoor Furniture Shop Mia
モグラの洞くつ,Mole Hole
うさぐるみしろ,White Rabbit
防衛軍の制服上,Defense Force Shirt
チョッピカカオ,Choppi Cacao
マイラー三銃士,The Mailler Musketeers
預かり所リゲル,Storage Rigel
ヘヴィーヘルム,Heavy Helmet
ドロヌーバ・強,Vicious Mudraker
うろこのかぶと,Scale Helm
エルフの平服上,Elf Plain Top
赤いマドハン泥,Red Muddy Hand Mud
落日の隠者たち,Sunset Hermits
屋台系庭具１４,Food Stall 14 (G)
討伐隊員アーリ,Strike Force Arri
強化異形獣・狂,Apex Mad Hexabeast
くろがねの巨人,Living Steel
取引商キュズマ,Trader Kyuzma
キンクロス神父,Father Kincross
おもてなしの畳,Hospitality Straw Mat
星空家具の絵本,Starry Furniture Book
きら星のブーツ,Twinkling Boots
エッチなしたぎ,Robust Lingerie
ナラジアの幻影,Illusion of Narasia
帝国技術庁の扉,Endeavors Door
メタスラの本棚,Metal Slime Bookshelf
リカバーパフェ,Recover Parfait
天願の座への扉,Door to Divine Seat
ネレウスサイズ,Nereus Scythe
まえならえ・後,Front Arms
大きな井戸の家,Well House L
じごくのヤスリ,Hell's File
カシャルの水門,Kashal Sluice Gate
学園の教室の机,School Classroom Desk
女神ゼネシア？,Goddess Zenethia?
リズクトランプ,Rizk Deck
海賊王の首飾り,Pirate King's Pendant
ジラフシスター,Giraffe Sister
プレイゾーン北,North Play Zone
武器屋ルアンべ,Weapon Shop Luambe
取引商モーベン,Trader Moben
まほうの小ビン,Single Phial
ダドリー副船長,Vice Captain Dudley
蛇姫のきぐるみ,Serpentine Costume
プラチナクロー,Platinum Claws
アストルニウム,Astolnium
バトエンマスク,Batoen Mask
メタブラボディ,Metal Medley Body
ダークオルニス,Dark Buzzard
白木板張りの壁,Plain Wood Wall
ライダーブーツ,Rider Boots
ファイアタルト,Fire Tart
ダストンソファ,Duston Sofa
ヒメアトランプ,Himea Cards
預かり所ススラ,Storage Slurp
神官モチャチャ,Priest Mochacha
その他のばしょ,Other Locations
超音波ハンマー,Ultrasonic Hammer
スパナブレード,Spanner Blade
まもりのルビー,Ruby of Protection
キラーパンサー,Great Sabrecat
コンプレシオン,Compressurizer
アゲアゲラーバ,Pricklepillar
ファイヤー！黄,Fire! Yellow
グレートヘルム,Great Helm
東洋風ドラ・雅,Chic Orient Gong
アクセサリー屋,Accessory Shop
プーポッパン王,King Pupoppan
一角鬼の額当て,Demonhorn Headband
ゆめみるはのん,Dreaming Hanon
シスター・ルマ,Sister Luma
しましまな写真,Jailcat Photo
みかわしの服下,Evasion Cloak Bottom
疾風怒涛の一撃,Gale Rage Hit
デザートガルバ,Sandbonce
妖精図書館の本,Fairy Library Book
威光の女神の間,Hall of Majesty
竜族の人形・女,Nadravian Doll (F)
ハディン採石場,Hadine Quarry
超天道士ヤーン,Yarn, Chosen One
邪神ガルザンド,Dark Deity Galzand
ネコ姫のランプ,Cat Princess Lamp
ブラックベレー,Black Beret
武器屋バッゲス,Weapon Shop Bagges
トコトコチキ坊,Trotting Chickibo
シルバーマント,Silver Cape
降魔のグリーブ,Demonfel Greaves
武器屋フラノワ,Weapon Shop Flannoy
星空のついたて,Starry Partition
何かのごった煮,A Mishmash of Something
腐緑の樹葬兵団,Rotting Woods
シャワーラムネ,Rain of Lemon
工匠神の前かけ,Craftmaster's Apron
真っ赤な洞くつ,Bright Red Cave
道具屋ハーティ,Item Shop Hati
妖精図書館の蝶,Fairy Library Butterfly
イッショウの家,Issho's House
ビーシュリンプ,Bee Shrimp
港町レンドア南,South Port Lendor
ヨーヨー屋ドン,Yo-yo Shop Don
グレン紋章旗幟,Glen Emblem Banner
クシャラミ・陽,Kamashki - Yang
白い砂浜のラグ,White Sand Beach Rug
たそがれぺにー,Twilight Penny
メモリ負荷１４,Memory Load 14
ダンサーシャツ,Dance Shirt
王たる者の資質,Qualities of a King
学園男子のくつ,Schoolboy Shoes
パロミミデス卿,Sir Palomimides
転送係ガルニー,Transfer Agent Garnie
てつのむねあて,Iron Cuirass
ふわふわリーナ,Floaty Sanguilina
取引商ピンドフ,Trader Pindoff
お面屋ジョハリ,Mask Shop Johari
ジブアジブ設置,Jib-ajib Set
セクシーココア,Sexy Cocoa
鍛冶屋ブレンド,Blacksmith Brendo
レインシューズ,Rain Shoes
オクトバスター,Octobuster
とんがりメガネ,Pointy Specs
クマノミの置物,Clownfish Ornament
売り子リアーネ,Vendor Liane
けんぽうの脚帯,Tussler's Boots
せんりつザクロ,Pomegranate Horror
ウールコート上,Wool Coat Top
レシピ屋マリナ,Recipe Shop Marina
バラ色の生き方,Rosy Way of Life
バトルレックス,Hacksaurus
しんぷむすちー,Father Muschi
預かり所ルピア,Storage Lipia
カボチャの本棚,Pumpkin Bookshelf
ちょびヒゲの箱,Small Mustache Box
継承者のオーブ,Orb of Succession
なげきのとにお,Grieving Tonio
魔王アトラス600,Demon King Atlas 600
武勲の城の障子,Valor Castle Shoji
壁かけフラワー,Flower Wall Decor
紫水晶の食器棚,Amethyst Cupboard
極辛炎獣ラーベ,Hot Flame Beast Rabe
マーズフェイス,Face of Mars
ヨンゲ所長の家,Director Yong's House
デスマスセット,Death Master Outfit
試練のとうめい,Trial of Transparency
射手のてぶくろ,Archer Gloves
交換屋セオラン,Exchange Shop Theoran
道具屋ソノラン,Item Shop Sonoran
あまいろダリア,Flax Dahlia
屋台系庭具１３,Food Stall 13 (G)
ミローレの衣装,Milore Costume
サルファバル鉱,Sulphubal Ore
えきいんてぃも,Attendant Timo
朽ちかけの書物,Rotting Book
つららスライム,Slimecicle
武器屋カマアタ,Weapon Shop Kamata
イーグルダガー,Eagle Dagger
リュナンの手紙,Lunan's Letter
ぬすっとタイツ,Robber's Tights
黒ぶちメガネ丸,Black Round Glasses
きせかえドール,Dress-Up Doll
みがけば光る！,Shines When Polished!
とうこんスキル,Guts skill
ヤンチャヘアー,Naughty Hair
表層・通話端末,Surface - Call Terminal
たびのばばりー,Traveler Bubbly
木の葉のぼうし,Foliage Hat
バグド王の伝書,King Bagudo's Message
素材屋ペピール,Material Shop Pepeelu
メタッピーの書,Mecha-Mynah Book
お祝いシャワー,Celebration
ラウルキッチン,Rahul Kitchen
いやしのメガネ,X-Ray Specs
天奏士コトノハ,Songweaver Kotono
ウサぐるみ・白,White Rabbit
メネト村　入口,Menet Village Entrance
素材屋ナービュ,Material Shop Nabyu
ダイン岩降らし,Dyne's Rock Rain
さびれたほこら,Deserted Shrine
セティーの手紙,Setty's Letter
モンスター酒場,Monster Tavern
危ないテーブル,Dangerous Table
牡丹柄のふすま,Peony Sliding Door
メタスラのやり,Metal Slime Spear
ブラックホール,Black Hole
踊り子のズボン,Dancer Trousers
ファラオ・ゴル,Pharaoh Gol
取引商ルヤーナ,Trader Luyana
ネオンビーム青,Neon Beam (Blue)
トロッコ洞くつ,Minecart Cave
ベルヴァイン湖,Belvain Lake
ヘカトンケイル,Hecatoncheir
村人ウィリアム,Villager William
ガートラント領,Gartlant Territory
全反転の天雷盤,Reverse All Board
ダークポックル,Grim Grinner
完成した竜の絵,Done Dragon Painting
こもれびの広場,Sunbeam Square
ラズバーンの鎖,Razburn's Chain
おにびドングリ,Leafy Lampling
光創神のうでわ,Bangles of Creation
ツォンデム主任,Chief Tsondem
ニニエルザ設置,Set Ninierza
取引商シャーヌ,Trader Sharn
グレイブホール,Grave Hole
三毛猫のずきん,Calico Cat Hood
ネオンスピカ青,Neon Spica (Blue)
プクリポのくつ,Pukulipo Shoes
しぐさ書・ねる,Sleep
マデ神殿祭具棟,Made Temple - Implementarium
メリーファイア,Merry Fire
エテーネ王国領,Ethene Kingdom Area
取引商ティニー,Trader Tiny
紹介屋メレーヌ,Refer Shop Melene
アウルアックス,Aur Axe
うつしよの天箱,Worldly Sky Box
ふしぎなおどり,Weird Dance
プチアノタクト,Khalamari Kid Baton
ぬすっとウサギ,Robber Rabbit
チアガールの服,Cheerleader Clothes
黄竜のはちまき,Yellow Dragon Band
振り子の柱時計,Grandfather Clock
神器カザヒノミ,Treasure Kazahinomi
ヒューザソファ,Hyuza Sofa
ゴーレムネオン,Golem Neon Sign
カミハルムイ南,Kamiharmui South
赤バラのベッド,Red Rose Bed
テンション維持,Maintain Tension
ドワーフ三闘士,Dwarven Triad
防具鍛冶練習着,Armorsmith Training Wear
夜桜浪漫衣装券,Night Cherry Outfit Tkt
道具屋マヌエラ,Item Shop Manuela
釣りコン２印章,Fish Contest 2 Stamps
授業オーガ女性,Ogre Female Student
シスター・アン,Sister Ann
ワープ庭具１７,Warp Garden Tool 17
猫貴族のブーツ,Aristocat Boots
潮騒を聴かせて,Hear the Sea Roar
メモリ負荷２１,Memory Load 21
ゾーマのぼうし,Zoma's Hat
ビーナスエッジ,Venus Edge
ドラグノワール,Dragonoir
サメバーンの像,Great Bite Statue
魔衛隊士のこて,Demon Guard Gauntlets
天地雷鳴士の式,Druid's Ceremony
パニパニハニー,Wizzy Wand
グリンバングル,Snotbonce
アカイライ・異,Anomalous Belisha Beakon
じごくのハサミ,Crabber Dabber Doo
バルバルー召喚,Summon Blamara
地下牢への階段,Dungeon Stairs
案内係ポリーヌ,Guide Poline
ドラキーマラグ,Drackyma Rug
花華メイドレス,Flower Maid Dress
大工アンヴァー,Carpenter Amber
プスゴンのイス,Pusgon Chair
ガラスの小ビン,Small Glass Bottle
森人のチョッキ,Woodland Waistcoat
レシピ屋テテロ,Recipe Shop Tetero
取引商ラツィフ,Trader Ratif
ツヤツヤくるみ,Shiny Walnut
モーモンのお面,Teeny Sanguini Mask
ウェディ食器棚,Weddie Cupboard
アガレスの紋章,Agares Crest
テスト予備２２,Test Spare 22
守護者ミトロン,Guardian Mithron
強クモ優しクモ,Tough & Gentle Spider
踊り子のベスト,Dancer Vest
道具屋ブーボス,Item Shop Bubos
モガマルブーツ,Cyril Boots
美容師ティジー,Hairdresser Tiji
道具屋ヌサカン,Item Shop Nusakan
みやびな飾り皿,Elegant Decor Plate
横ロールつけ毛,Horizontal Roll Hairpiece
シビュラの神託,Sibyl's Oracle
過ぎし日の忌み,Mourning Bygone Days
バラモスコイン,Baramos Coin
ヘラチョウザメ,Paddlefish
セクシーソファ,Sexy Sofa
シルエット・鳥,Silhouette Bird
メイサのノート,Meisa's Note
シャハのほら穴,Shaha Grotto
家具屋アーダン,Indoor Furniture Shop Ardan
砂海のころも下,Sand Sea Garb Bottom
秘宝の千人隊長,Treasure Evil Sorcerer
ネコ姫の食器棚,Cat Princess Cupboard
デッキテーブル,Deck Table
サハラターバン,Sahara Turban
道具屋ペコリア,Item Shop Pekoria
暁の神殿　入口,Temple of Dawn Entrance
大怪傑の装束上,Wondrous Shirt
おしゃべりりさ,Chatty Lisa
預かり所グスガ,Storage Gusga
ウォルドの聖簾,Angelfall
取引商ヨシキリ,Trader Yoshikiri
ドン・ムスチョ,Don Mascho
討伐隊員ヤキル,Strike Force Yakiru
グレン領の木Ｂ,Glen Territory Tree B
自然遺産保護区,Heritage Reserve
どうぐ使いの証,Metal of Honor
へんげの杖・犬,Mod Rod (Dog)
モガマルマスク,Cyril Mask
アンゴラモーア,Angola Faun
劇場職員ウェム,Staff Wem
おっかけドラゴ,Chasing Drago
カーラモーラ村,Carlamora Village
レンジャーの証,Medal of Freedom
メモリ負荷２３,Memory Load 23
時見の傀儡たち,Timeseeing Puppets
水槽アイテム６,Aquarium Item 6
まくらなげ会場,Pillowfight Pavilion
超整理術の奥義,Secrets of Organizing
やわらかねんど,Soft Clay
事務員チャップ,Clerk Chap
黄金の飾りツメ,Ornamental Claws
ドラゴンキラー,Dragonsbane
お菓子のベッド,Sweet Bed
ビッグシールド,Immense Defense
東地区ペコリア,East Area Pekoria
雨傘フォンデュ,Fromage Fray Umbrella
リッチシトリン,Rich Citrine
マドンナの亡霊,Beauty's Spirit
ロンダの氷穴前,Rhonda Ice Cave
座って本を読む,Sit and Read
清き水の洞窟扉,Clear Water Cave Door
パウダー便せん,Powder Paper
ジュレットの町,Julet
オルの船着き場,Orr Dock
販売係ペコリア,Sales Clerk Pekoria
おにびの像・庭,Will-O' Statue (G)
DQ3勇者　ゾーマ,DQ3 Hero, Zoma
おめでたこ焼き,Octopus Dumpling
ネイルビースト,Claw Breaker
ツボ錬金練習着,Jar Alchemy Training Wear
スモールグール,Drooling Ghoul
道具屋ガッタス,Item Shop Gattas
茶柴犬カプセル,Brown Shiba Toy
かっちゅうアリ,Armoured Ant
エレメンブルー,Blue Glow
おまとめぶくろ,currencies bag
預かり所ユチチ,Storage Yuchichi
おたからのタネ,Treasure Seed
キラーアーマー,Lethal Armour
サルファバリン,Sulphubalin
魔創兵グリモス,Evil Troop Grimos
封印の箱のカギ,Sealed Chest Key
クシャラミ召喚,Summon Kamashki
セイントロッド,Holy Pole
あらくれブーツ,Thug Boots
アテナのまもり,Sacred Charm
ルビスのブーツ,Rubiss' Boots
怨霊の憑いた男,Man With a Grudge
しゅうれんぎ上,Training Tank Top
ガルムカプセル,Garm Toy
荒ぶる鉄パイプ,Wild Iron Pipe
あくまの衣装２,Imp Costume 2
たそがれラミー,Twilight Rami
光のフライパン,Light Frypan
太古の地底回廊,Ancient Passage
住宅商ストロン,Realtor Stron
研究員マトゥラ,Researcher Mathura
取引商ハフフハ,Trader Hahuhuha
合唱隊のベレー,Choir Beret
パピヨンリボン,Papillon Ribbon
筆頭研究員の服,Top Researcher Suit
タイガークロー,Hardclaw
オリーブマリー,Olive Marie
ネオンスター赤,Neon Star (Red)
なげきのらもん,Grieving Ramon
紺碧の試練場前,Azure Trial
おもちゃの草花,Toy Plants
ホラービースト,Grrrgoyle
ルビーのうでわ,Ruby Wristband
かんだたきへい,Robbin' 'Ood Cavalry
預かり所シディ,Storage Sidi
セピアンブーツ,Sepian Boots
メタルライダー,Metal Slime Knight
ルーンスタッフ,Rune Staff
妖精の苗木・紫,Purple Fairy Sapling
バトエングラブ,Batoen Gloves
戦士フロッティ,Hrotti
封剣の門・四獄,Sealed Sword IV
リルクリムゾン,Lil' Crimson
グランゼドーラ,Gran Zedora
思い出のリボン,Bianca's Ribbons
スターリュック,Star Backpack
だいくえぞまつ,Carpenter Spruce
赤柱の間・四獄,Red Pillar Prison 4
デビルプリンス,Prince of Darkness
ティリアの手紙,Tilia's Letter
工匠神のブーツ,Craftmaster's Boots
郵便局員ボスタ,Postman Bosta
木こりポポンス,Woodcutter Poponce
スタートアップ,Startup
ミストデバイス,Mist Device
マイルドカカオ,Mild Cacao
交換屋シュルリ,Exchange Shop Shururi
泡雪のコート下,Light Snow Coat Bottom
せいどうのツメ,Bronze Claws
道具屋ハクール,Item Shop Hakure
原始獣のブーツ,Primal Beast Boots
ジャージ女性用,Female Judge
しょーとまんと,Short Mantle
精霊王の叙事詩,Faerie King's Poetry
移動係クアンナ,Travel Clerk Quanna
ジア・クトの核,Dia Kut Core
アバランチャー,Hyperboarean
カブのこころ８,Kabu's Heart Lv8
預かり所ノルル,Depository Norul
魔勇者カプセル,Evil Hero Toy
カマンベイベー,Camembaby
便せん屋カノコ,Stationery Shop Kanoko
天奏士シーギア,Songweaver Shigia
そざいやせりな,Material Shop Serina
古びた羊皮紙２,Old Parchment 2
すばやさのたね,Seed of Agility
取引商リギョス,Trader Rigyos
赤地に蛇の目傘,Red Ring Umbrella
闇の狂戦士０５,Dark Berserker 05
シャベル機巧体,Shovel Automaton
コルセアの眼帯,Corsair Eyepatch
紅雲のウィング,Crimson Cloud Wings
求道者の道着下,Seeker's Dogi Bottom
春風応援ルーズ,Spring Cheer Shoes
どろてあふじん,Mrs. Dorothea
セクシーほくろ,Sexy Mole
クラブメンバー,Crab Member
嵐の秘蹟の写真,Storm Sacrament Photo
ホークマン・塔,Tower Hawk Man
大魔王ユシュカ,Yushka, the Demon Lord
ジングルヒドラ,Jingle Hydra
アトラスコイン,Atlas Coin
秘宝を我が手に,Treasure in Hand
ワープ庭具１６,Warp Garden Tool 16
プラチナキング,Platinum King Jewel
隊長ウェルナー,Commander Werner
あぶない浴衣上,Daring Upper Yukata
きなこづちの像,Honeyhood Statue
料理人ライパン,Chef Raipan
時の王者の悔恨,Sovereign's Sorrow
天上のはちみつ,Heavenly Honey
スポットライト,Spotlight
どんぐりベビー,Mitey Oak
桜のスティック,Cherry Blossom Stick
種族神像エルフ,Elf Tribal Statue
タロット魔人強,Apex Tarot Genie
クリスマスの柱,Christmas Pillar
黒曜のチェスト,Obsidian Chest
げんぶの巻き物,Scroll of the Tortoise
あかつきの神兵,Daybreak Soldier
木の葉のうでわ,Foliage Bangles
道具屋バーキン,Item Shop Birkin
道具屋マリシア,Item Shop Marisha
たそがれクレド,Twilight Credo
翠煙の海妖兵団,Misty Marines
配達員プルップ,Deliverer Puruppu
超トマトのタネ,Super Tomato Seed
手がかりの写真,Clue Photo
紹介人ツィメイ,Introducer Zimei
マンタプリズム,Manta Ray Prism
ドリアンデッド,Deadorian
ぶとうかばぐた,Martial Artist Baguta
クエストリスト,Quest List
プラチナ木工刀,Platinum Slick
Ｖロンのピアス,Vron Earrings
星降りのブーツ,Starry Boots
ドワーフベッド,Dwarf Bed
詩人ナスガルド,Poet Woebergard
ビッグスロース,Sasquash
踊魔の霊符・紫,Purple Dancer Talisman
ポイズントリル,Poison Trill
ワンダースポア,Wonder Spore
ネオンハート赤,Neon Heart (Red)
光ダメージ 5%減,Light Resistance +5%
紹介人グルマン,Introducer Gulman
新作家具屋ミミ,New Indoor Furniture Shop Mimi
キラーマシン２,Overkilling Machine
氷風のウィッグ,Icewind Wig
不思議のカード,Ace of Wonders
魔界・地下５階,Demon World - B5F
ハッピーチョコ,Happy Chocolate
カラミティサン,Calamity Sun
預かり所ムルル,Storage Mururu
へんげの杖・猫,Mod Rod (Cat)
ヤマネコパンツ,Wildcat Pants
バーバニコーン,Barbunnicorn
渡し守ビーゼス,Ferryman Bizethe
預かり所ガツェ,Storage Gashe
スペースデビル,Rockbonnet
スカルウィング,Skelegon Wings
キラーマジンガ,Uberkilling Machine
破天のサーベル,Skyrend Sabre
急襲　星夜祭！,Star Festival Raid!
砂の都のボング,Sand City Bong
極意書の最終巻,Creed Final Volume
ルティアナの像,Lutiana Statue
ギュッとＶロン,Vron Arm Doll
暴魔アヴィーロ,Fierce Demon Aviro
テスト予備１９,Test Spare 19
ゼフの店の看板,Zef's Shop Sign
桜花のはかま下,Cherry Blossom Bottom
アイドルブレス,Idol Bracelets
荷馬車の作業員,Wagon Worker
神官たちの部屋,Priests' Room
サンタのふくろ,Santa's Sack
マッドルーパー,Axolotl
七夕・愛情の書,Festival Affection
ある女医の秘密,Woman Doctor's Secret
防具屋ザングル,Armor Shop Zangle
ダープクキング,Darpuku King Slime
妖精の苗木・黄,Yellow Fairy Sapling
マダム・サリー,Madame Sally
あやしい流し台,Suspicious Sink
ジュレー島下層,Lower Jule Island
スヤスヤハーブ,Sleepyhead Herb
オルセコギフト,Orseco Gift
闇の狂戦士１３,Dark Berserker 13
立派な鉄製の柱,Fine Iron Pillar
おしゃれな水着,Snazzy Swimsuit
壁かけお皿飾り,Plate Wall Decor
フラットテレビ,Flat TV
バトルマスター,gladiator
クリームつむり,Cream Slime
便せん屋ウルメ,Stationery Shop Urume
元ネクロデア兵,Necrodea Ex-Soldier
族長のケープ上,Chieftain Shirt
オルセコリーフ,Orseco Leaf
うつしよのカギ,Worldly Key
ギルドの野営地,Guild Encampment
バトルマラカス,Maracaraider Maraca
王軍師のかぶと,Royal Soldier Helmet
ドワーフコンロ,Dwarf Stove
キースドラゴン,Blue Dragon
スパイクブーツ,Spike Boots
ネヴァングラブ,Nemain Gloves
宿屋ジャムラン,Innkeeper Jamran
紳士のもみあげ,Gentleman's Sideburns
Ｔカバーな水着,T-Shirt Swimsuit
雅な野点セット,Ceremony Tea Set
呪術師マリーン,Monstrous Malynn
りんねのほのお,Reborn Flame
管理棟・動力室,Admin Building Power Room
ランドセル・黒,Black School Bag
ランプを置く台,Lamp Stand
可憐なかんざし,Pretty Hairpin
いにしえの呪文,Ancient Incantation
創生番号８９９,Creation Number 899
道具屋タルバス,Item Shop Talbus
ミローレ衣装券,Milore Costume Ticket
便せん屋ヒシノ,Stationery Shop Hishino
ウィッチネイル,Witch's Nail
ウェディ流し台,Weddie Sink
郵便局員ツヅリ,Postman Tsuduri
闇のプレゼント,Dark Present
どくどくヘドロ,Manky Mud
オルセコ秘術書,Orseco Secret Book
こいするかれん,Karen in Love
導きの水晶・黄,Yellow Guidance Crystal
きこりのっこい,Woodcutter Nokoi
やまんばあさん,Grandma Yaman
セリクのかばん,Selik's Bag
お菓子のタンス,Sweet Wardrobe
かいふく魔力 +4,Magical Mending +4
創生番号８７６,Creation Number 876
シルバーオーブ,Silver Orb
ギガンテスの像,Gigantes Statue
リュナンの正体,Lunan's Identity
オルセコ闘技城,Orseco Combastle
ピカピカボルト,Shiny Bolt
国王リズクの像,King Rizk Statue
あやしいタンス,Suspicious Wardrobe
求道者のブーツ,Seeker's Boots
ふくびき券の束,Lottery Ticket Bundle
バーンラヴァン,Molten Lava
モシャストーン,Morph Stone
幻将ハヌマーン,General Nemean
忘れられた書庫,Forgotten Library
武器屋クアトオ,Weapon Shop Kuato
預かり所サガラ,Storage Sagara
オーガチェスト,Ogre Chest
花の植木鉢・黄,Yellow Potted Flowers
やみわらしたち,Snakespittles
導きの水晶・紅,Red Guidance Crystal
料理人ジャーロ,Chef Jarro
キューロハニー,Kyurohoney
研究員エンチュ,Researcher Enchu
ブラッドレディ,Vampire Succubat
結晶の観察記録,Checking Out Crystals
メタブラヘッド,Metal Medley Head
魔界馬プリズム,Demon World Steed Prism
レッドアロワナ,Red Arowana
がくとやまざと,Student Yamazato
フォーススキル,Fource skill
いてつくはどう,Disruptive Wave
僧侶ヌィもどき,Priest Nui Imitator
ベリルニーハイ,Beryl Knee-Highs
うるし塗りの柱,Lacquered Pillar
さざなみの貴石,Rippling Stone
道具屋ミッケル,Item Shop Mickel
シスター・ウル,Sister Uru
妖精図書館の家,Fairy Library House
青地に蛇の目傘,Blue Ring Umbrella
荒ぶる魂の氷湖,Lake of Raging Souls
はがねのつるぎ,Steel Broadsword
ヒヨコのマスク,Chick Mask
学者のころも上,Academic Robe Top
なげきのみらん,Grieving Milan
ウルタのピアス,Ulta Earrings
元気のミナモト,A Source of Energy
水晶のキッチン,Crystal Kitchen
緑キノコのイス,Green Mushroom Chair
ピュージュたち,Swarm of Pyujus
にくきゅうの杖,Pawmaturge Staff
初期エルフ男性,Initial Elf Male
リエーレハット,Lierre Hat
防具屋タアテェ,Armor Shop Tate
屋台系庭具２４,Food Stall 24 (G)
鬼神のころも散,Godly Robe
配達員ヘチャブ,Deliverer Hechab
プチャコの風船,Puchako's Balloon
取引商デガッタ,Trade Degatta
ネオンスター黄,Neon Star (Yellow)
Ｖロン便せん緑,Green Vron Paper
ルミナスランプ,Luminous Lamp
商人ココッチャ,Merchant Cococha
はやてのブーツ,Agility Boots
防具屋キイチョ,Armor Shop Kicho
便せん屋カプナ,Stationery Shop Kapuna
創生番号７４１,Creation Number 741
妖精郷のブーツ,Faerie Realm Boots
ベージュの花束,Beige Bouquet
結晶の塔・屋上,Crystalline Spire - Apex
試練のたつまき,Tornado of Trials
ゆめみるそふぃ,Dreaming Sophie
わがままアンナ,Selfish Anna
スピラソーンＣ,Thornspire C
レシピ屋カズラ,Recipe Shop Kazula
ゼドラ王の黄昏,Zedra's Twilight
ドルゴール・雲,Dol Radio - Clouds
闘士のサイン帳,Fighter's Sign Book
ふたごのドクロ,Twin Skulls
うつろいの試薬,Reagent of Change
お名前忘れん帽,Unknown Names Cap
サポートなかま,support companion
サンプル・トゲ,Sample - Thorn
こうていタップ,Emperor Tapper
破戒王ベルムド,Bermud the Sinful
アンバーダリア,Amber Dahlia
レイニーロッド,Mistick
預かり所ヒッケ,Depository Hikke
ソルトクォーツ,Salt Quartz
マザーへの手紙,Letter to Mother
星空のラグ・紫,Purple Starry Rug
魔力のバラード,Magical Minuet
タロットの裏面,Tarot Card Back
ミノカサハギン,Lionfish Sahagin
サジェのメガネ,Sajay's Specs
預かり所メドリ,Storage Medori
水槽アイテム５,Aquarium Item 5
ネレウスクロー,Nereus Claw
家庭料理の定番,Meat & Potatoes Recipe
ケイビーの部屋,Cavy's Room
うわさのピピィ,Pippi's Rumor
便せん屋タルヒ,Stationery Shop Taruhi
金雲のウィング,Golden Cloud Wings
叡聖の博士論文,Doctoral Dissertation
サバコンテスト,Mackerel Contest
大事なワッペン,Important Badge
アームライオン,Hellion
オーガキッチン,Ogre Kitchen
ブチ猫カプセル,Spotted Cat Toy
十の星獣イロト,10th Star Beast Irot
便利なロープ柵,Rope Fence
星降る夜の祭典,Starry Night Festival
ハートボイルド,Heart-Boiled
パレードダンス,Parade Dance
妖精郷の舞踏会,Dance of the Faeries
プディンヘッド,Pudin Ears
ミナミイシガメ,Yellow Pond Turtle
渡し守マーギル,Ferryman Margille
シンイのメット,Shini's Helmet
しんぴのカード,Ace of Spoils
バドリアル石室,Budlial Tomb
ダッフルブーツ,Duffel Boots
ネタ「スイカ」,Watermelon Trick
えてーねのふく,Ethene Top
古びた結婚指輪,Old Wedding Ring
深淵の咎人たち,Abyssal Criminals
ごきげんな帽子,Cheerful Hat
迷えるエウリコ,Lost Eurico
王立アルケミア,Royal Alchemia
ゼーラズマ鉱石,Zelazma Ore
ギュッとリソル,Resol Arm Doll
ピュアジュエル,Pure Jewel
ノクトルブーツ,Nocturne Boots
ビッグドリーム,Big Dream
潮風のディーバ,Sea Breeze Diva
ライダースーツ,Rider Suit
だいだいの花束,Sour Orange Bouquet
遊び人の肝試し,Gadabout Courage Test
５分キャンドル,5 Minute Candle
郵便局員マトト,Postman Matoto
青年貴族のくつ,Nobleman's Shoes
タナトスハント,Victimiser
壁かけの格子窓,Lattice Window
紹介人ティック,Introducer Tick
動力室ペコリア,Power Room Pekoria
キャットバット,Catula
光と闇の黙示録,Light & Dark Secrets
グルヤンラシュ,Guryan Rush
防具屋レリアン,Armor Shop Lerian
預かり所メラネ,Storage Merane
超鍛冶ハンマー,Super Hammer
智謀の首かざり,Wisdom Necklace
すずねばあさん,Grandma Suzun
雪原のモミの木,Snowfield Fir Tree
いやしの精霊Ａ,Healing Spirit A
願い星のブレス,Wishing Star Bracelet
ルベランファン,Ruberan Fan
宿屋キュマリン,Innkeeper Kyumarin
王宮の本棚・青,Blue Royal Bookshelf
デスマエストロ,Frightening Conductor
タイタス号の舵,Titus' Rudder
オオシャコガイ,Giant Clam
ＣＭ用オーガ２,Ogre For CM 2
オカルトメガネ,Occult Glasses
オニキスの魔剣,Onyx Blade
研究員チャップ,Researcher Chap
銅のフライパン,Copper Frypan
占い師のマスク,Fortune Teller Mask
うわさのぴぴぃ,Pippi's Rumor
タロットダミー,Tarot Dummy
ジャンクパーツ,Junk Parts
堕ちた剣聖の間,The Slain Swordsman
マジックバリア,Magic Barrier
ネオンビーム赤,Neon Beam (Red)
夏２０１８・金,Summer 2018 Gold
虹呼びセラフィ,Rainbow Call Seraphi
バトエンパック,Batoen Pack
パープルオーブ,Purple Orb
屋台系庭具１８,Food Stall 18 (G)
ゼドラゴンたち,Zedragon and co.
聖護の結界・紫,Purple Sentinel Ward
えきいんこちょ,Attendant Kocho
王立調査団詰所,Royal Survey Team
ＧＭのよろい下,GM's Armor Bottom
ツボの封印空間,Sealing Pot Space
悲しきリカルド,Sad Ricardo
エビルトレント,Evil Tree-ent
ワープ庭具０３,Warp Garden Tool 03
ウニウニロッド,Sea Urchin Rod
踊り子のドレス,Dancer Dress
リシーの洞くつ,Licie Cave
マルシェの野菜,Market Vegetables
道具屋ネゾンネ,Item Shop Nezone
閉塞の窓辺の絵,"Window of Hindrance"
願い星　舞う空,Wishing Star Up Above
預かり所チグサ,Storage Chigusa
レース屋ヒナタ,Race Registrar Hinata
日除けのほら穴,Sunshade Cave
ロイヤルハット,Royal Hat
グリーンボーン,Greenbone
ランドンフット,Landonfoot
ドラゴラム強化,Puff! Boost
新春宝船フトン,Treasure Ship Futon
預かり所イグサ,Storage Igusa
太陽の塔最上層,Sun Tower Upper
キラーデーモン,Demon Steward
封剣の門・一獄,Sealed Sword I
案内係ルクーバ,Guide Lucuba
伝えるべきもの,What to Tell
一角鬼の闘着上,Demonhorn Vestments
白木の壁掛け棚,Plain Wall Shelf
ジア・クトＸＸ,Dia Kut XX
ワープ庭具１５,Warp Garden Tool 15
梅柄のざぶとん,Plum Blossom Floormat
大戦鬼のよろい,War Demon's Armor
魔道士キルギル,Wizard Kirgyl
戦士の剣の物語,Warrior's Sword Tale
神官ルベファン,Priest Rubefan
ラッシュバーン,Blind Rage
ヴァース大山林,Verse Mountain Forest
しんぷえごーる,Father Egor
のうふやっほほ,Farmer Yahoho
ぶとうぎセット,Martial Artist Outfit
オーレン上半身,Oren's Upper Body
勇気のケモノ乙,Beast of Courage B
土の祠の守護者,Earth Shrine Guardian
シックなピアス,Chic Earrings
金ぶち模様の柱,Gold Trimmed Pillar
Ⅰ‐ガルハート,Ⅰ‐Hawkhart
購買員ムチョロ,Supplier Mucholo
ジェイドの部屋,Jade's Room
道具購買員テム,Item Supplier Tem
ろうごくのぬし,Prison Leader
ラグアスのイス,Raguas Chair
ふくびきウェア,Lottery Wear
大会係員ツムム,Event Staff Tsumumu
キュレクス通り,Kyurex Street
ナンナの水撃砲,Nanna's Water Gun
Ⅱ‐グラブゾン,Ⅱ‐Cluboon
琥珀のロザリオ,Amber Rosary
古ロヴォス高地,Old Rovos Highlands
スカラベーダー,Scaravader
案内係ロオチャ,Guide Loocha
マダム・ダニエ,Madame Dania
フラウスナイフ,Flaus Knife
赤柱の間・天獄,Red Pillar Chamber
シックなエキス,Chic Extract
ルベランソード,Ruberan Sword
シルバーの花束,Silver Bouquet
ヘルプラネット,Solaris
アクロバーガー,Acro-Burger
西地区の移動台,West District Platform
えきいんこだま,Attendant Kodam
ストーンランプ,Stone Lamp
いにしえの皇子,The Ancient Prince
セーラスダガー,Selas Dagger
大盾界の風雲児,Windy Greatshield Book
プラー・ブック,Mekong Giant Catfish
黄金の飾りこて,Ornamental Gloves
空賊のグローブ,Sky Pirate Gloves
究明者のフード,Research Hood
マガツタケカゼ,The Winds of Fury
ルーラポイント,Zoom Point
狂鬼ジーガンフ,Jiganf the Mad
さそりグローブ,Scorpion Gloves
ハッスルダンス,Hustle Dance
おおきづち・強,Vicious Hammerhood
マリンショート,Marine Shorts
獣魔将ガルレイ,General Gullray
ハイテクスパナ,High-Tech Wrench
ネコ姫のベッド,Cat Princess Bed
やみよの荒獅子,Dark Pride
ネレウスエッジ,Nereus Edge
ホワイトタワー,White Cococoa Blobelisk
めざましリング,Rousing Ring
こわれたポンプ,Broken Pump
星降りのフード,Starry Hood
魔天兵ゴルドー,Evil Soldier Goldo
闇の狂戦士１４,Dark Berserker 14
サリエルの大鎌,Sariel's Scythe
金色のカボチャ,Golden Pumpkin
ポイズンの花束,Poison Bouquet
せいどうの大剣,Bronze Greatsword
料理人マッシャ,Chef Massha
スクラッチャー,Scratcher
ブラウンマリー,Brown Marie
郵便局員チュダ,Postman Chuda
ラウンドメガネ,Round Glasses
くらげグローブ,Jellyfish Gloves
リンクスの工場,Lynx's Factory
道具屋リスーラ,Item Shop Lisura
レシピ屋アママ,Recipe Shop Amama
スタースイーツ,Star Sweets
トコトコロボ１,Trotting Robot 1
チャームバット,Charm Bat
やすらぎの音叉,Tuning Fork of Peace
格闘場の便せん,Arena Paper
花の植木鉢・桃,Pink Potted Flowers
海淵の間への道,Path to Sea's Chasm
よざくらすーつ,Night Cherry Suit
星空のイス・紫,Purple Starry Chair
フライングデス,Terrornodon
年賀はがき・巳,New Year's Card (Snake)
道具屋トントト,Item Shop Tonototo
第１２回ラキ像,12th Lycae Statue
オリエンタシス,Orientall
光導くがごとく,Like a Guiding Light
ぴちぴちカジキ,Striped Marlin
行商人ギャリー,Peddler Gary
魔のプレゼント,Magic Present
メネトのテント,Menet Tent
せつげんりゅう,Tundragster
疾き盗賊の服下,Erik's Pants
ほいみすらいむ,Healslime
グラコス練習札,Gracos Tag
捨てられた城前,Abandoned Castle
どうぐコマンド,Items command
もこ耳ニット帽,Fluffy Ears Knit Hat
ボーンホワイト,Bone White
ラランブラ洞穴,Larambla Cave
邪教祖サダク強,Apex Evil Guru Sadak
カボチャダンロ,Pumpkin Fireplace
工匠神グラッフ,Craftmaster Graff
作ろう！片手剣,Let's Make Swords!
しゅうれんぎ下,Training Pants
星獣イジュツィ,Star Beast Ijutsi
わがままのんの,Selfish Nonno
メイルストロム,Maelstrom
シュプリンガー,Mandrake Marshal
悪魔狩りの大剣,Demon Hunting Sword
ブラッドエッジ,Bloodletter Sword
光のさいほう針,Light Needle
ゼクレスのラグ,Zechres Rug
デカイ顔の写真,Big Face Photo
うらないスキル,Divination skill
アサガオの屋台,Morning Glory Stall
チャンプスター,Champ Star
はがねのかぶと,Steel Helmet
コーンホワイト,Whitecorn
魔王たちの饗宴,Feast of the Demon Kings
ソルベルム宮殿,Solbern Palace
潜水服・エール,Cheer Diving Suit
天を超えてゆけ,Beyond the Heavens
砂の都の丸イス,Sand City Chair
メイドシューズ,Maid Shoes
レトリウス通り,Retrius Street
ＤＱⅣ主人公券,DQⅣ Hero Ticket
銀の錬金ツボ小,Silver Jar S
隠者の魔法陣傘,Hermit's Umbrella
第１２回ピコ像,12th Pico Statue
ディンガ交易所,Dinga Trade Post
あかつきの海岸,Daybreak Coast
サターンロッド,Saturn Rod
ねこまどうの像,Meowgician Statue
鉄壁のよろい上,Ironclad Armor Top
帽子係キュット,Hat Clerk Kyutto
スノーエルダー,Snow Elder
陰陽博士のくつ,Yin-Yang Shoes
スパイスカレー,Spicy Curry
怒りのプンスコ,Angry Punsuko
カミルのブーツ,Kamil's Boots
ヒッポカンバー,Hippocamper
調理職人ブーツ,Cook's Boots
案内係ジェルノ,Guide Gerno
メタスラの大剣,Metal Gooreatsword
夢の王国ぼうし,Dream Kingdom Hat
アークキマイラ,Ark Chimaera
弓神様のご威光,Bow God's Authority
旅芸人の衣装下,Minstrel Pants
案内係トゥーナ,Guide Touna
ネオンスター白,White Neon Star
ムーディーバス,Moody Bathtub
ラランブラ山道,Larambla Trail
せかいじゅの葉,Yggdrasil Leaf
防サビプレート,Rust-Proof Plate
おしゃべりぴぴ,Chatty Pipi
地底湖のほとり,Underground Lake Shore
トロッコの車輪,Minecart Wheel
ピスケスエッジ,Path of Pisces
オーディス王子,Prince Odis
ステージ管理人,Stage Manager
預かり所ルチチ,Storage Ruchichi
ファイヤー！緑,Fire! Green
大ナスビナーラ,Big Woebergine
クイックグラブ,Quick Gloves
王家の迷宮の滝,Royal Maze Waterfall
臨時大使ペトラ,Temp Ambassador Petra
苺お菓子のイス,Berry Sweet Chair
パラディンの証,Order of Chivalry
ねむりのダンス,Dance of Sleep
賢者ルシェンダ,Sage Lushenda
烈風のグローブ,Gale Gloves
ワンダーカカオ,Wonder Cacao
戦士のよろい２,Warrior Armor 2
パールスズラン,Pearl Lily
星のフライパン,Starry Frypan
スボバゴーグル,Snowbattle Goggles
サンダーボルト,Thunderbolt
パッチ柄机・桃,Pink Patch Table
メモリ負荷１８,Memory Load 18
出張大使スズネ,Ambassador Suzune
深淵魚キュラス,Abyssal Fish Curus
花の祠の守護者,Flower Shrine Guardian
道具鍛冶ギルド,Toolsmith Guild
マスターハット,Master Hat
ドラゴン・ウー,Drakulord
心眼で見る真実,See Truth in the Mind
行商人リドバン,Peddler Lidban
ツヤツヤの原木,Glossy Log
壁かけロトの盾,Erdrick's Shield Mount
預かり所クロク,Storage Kuroku
ギャルいブレス,Stellar Bracelets
創世の樹の根元,Foot of the Worldroot
イエローバリア,Yellow Barrier
凶神官ゴウフウ,Evil Priest Gohu
悪神リナーシェ,Fiend Linashe
ロイヤルレンズ,Royal Lens
精霊の泉　出口,Spring of Spirits Exit
キジ猫カプセル,Brown Cat Toy
ニコちゃん印章,Smyles Stamps
花の植木鉢・白,White Potted Flowers
風神のはごろも,Windlord's Robe
しのどれい・強,Vicious Dead Resident
まもの使いの服,Monster Wrangler Suit
初心者用のムチ,Beginner's Whip
くしざし拷問室,Impaling Chamber
第十一の月の像,Eleventh Moon Statue
道具屋ヤーヒム,Item Shop Yahim
かばん職人の道,Way of the Bagmaker
アートな交換券,Art Exchange Ticket
リターンリング,Return Ring
色分けアタック,Color-Coded Attack
かげのきし・祖,Ancestral Dark Skeleton
アイドルブーツ,Idol Boots
レンダーシード,Lendersia Seed
ゾーマ　センシ,Zoma, Warrior
紹介人グルード,Introducer Grude
マシンサーベル,Machine Sabre
モーモンネオン,T. Sanguini Neon Sign
紹介人サティナ,Introducer Satina
タイトスカート,Tight Skirt
くさび模様の柱,Wedge Pattern Pillar
ドルワーム商会,Dolworm Firm
芽生えのこころ,Sprouting Heart
文様を描いた紙,Patterned Paper
ネレウスファン,Nereus Fan
どくどくゾンビ,Toxic Zombie
交換屋ミディア,Exchange Shop Midea
夏の渚のズボン,Summer Beach Pants
ダーマ神殿の柱,Alltrades Abbey Pillar
ジュレー島上層,Upper Jule Island
ネネットの部屋,Nenette's Room
クラシカルな柱,Classical Pillar
サハラグローブ,Sahara Gloves
武器屋クロトビ,Weapon Shop Kurotobi
超フライパン小,Super Frypan S
宵の神殿　出口,Temple of Twilight Exit
ＤＱＭＳＬ印章,DQSML Stamps
鉄壁のグローブ,Ironclad Gloves
夢幻の森の木Ｃ,Dream Forest Tree C
クイックハット,Quick Hat
救助された侍女,Relief Maid
取引商ヴェルー,Trader Veru
文化展示ゾーン,Culture Exhibit Zone
郵便局員マカラ,Postman Makara
迷えるルパート,Lost Rupert
ワープ庭具０９,Warp Garden Tool 09
ゴールドマント,Gold Mantle
シスター・ナナ,Sister Nana
コーンつぶ・白,White Corn Kernel
鬼たちきりバチ,Evil Buzzbee
ちぐりだいじん,Minister Chigri
案内係スプイト,Guide Supito
ざーますふじん,Mrs. Zamas
美容師オービル,Hairdresser Orvil
たこ焼き屋ツネ,Takoyaki Shop Tsune
白木板張りの柱,Plain Wood Pillar
ネオンスピカ緑,Neon Spica (Green)
水門のハンドル,Sluice Gate Handle
奇跡の木工刀小,Miracle Slick S
やまぶきダリア,Golden Yellow Dahlia
若武者のかぶと,Young Warrior Helmet
かいとうの仮面,Mugger's Mask
模型展示ゾーン,Model Exhibit Zone
取引商ビノアス,Trader Vinoas
ドルゴール・走,Dol Radio - Run
アウルハンマー,Aur Hammer
取引商ヤークト,Trader Yakuto
有翼人のうでわ,Winged One's Bracelet
運転士デッカー,Driver Decker
エルジュの部屋,Erju's Room
プクリポベッド,Pukulipo Bed
モガレの洞くつ,Mogare Cave
箱舟のオモチャ,Toy Train
ダークフォース,Funereal Fource
スライムメガネ,Slime Specs
かぷさいすーつ,Capsai Suit
命のネックレス,Block-It Locket
クイックパンツ,Quick Pants
芯層・通話端末,Core Area - Call Terminal
かぜのグローブ,Windbraker Gloves
スライダーマン,Slider Man
メモリ負荷１２,Memory Load 12
竜の翼に乗って,On the Wing of a Dragon
邪神ヤファギル,Yaphagil
ふくめんバニー,Rottontail
アウルショット,Aur Shot
剣魔ゼルゲイド,Zelgeid
フカき海の底で,Bottom of Shark Sea
取引商クマタカ,Trader Kumataka
スチーム食器棚,Steam Cupboard
しんこうのたね,Seed of Therapeusis
メモリ負荷２９,Memory Load 29
素材屋セリーヌ,Material Shop Celine
魔窟アラモンド,Alamond Cavern
ドラゴンブーツ,Dragonscale Boots
モガマルヘッド,Cyril Head
ガナンの亜空間,Gittish Subspace
立って本を読む,Stand and Read
ミイラ男の服上,Mummy Boy Garb Top
天体望遠鏡・茶,Brown Telescope
メーダプリンス,Lunatick Prince
スチームランプ,Steam Lamp
ハートのシール,Heart Sticker
ラピスラシード,Lapis Lazuli Seed
ドラゴンスキル,Dragomancy skill
思い出を描きに,To Draw Memories
アウルウィップ,Aur Whip
砂漠に眠る秘石,Secret Desert Stone
ミレニアム漬け,Millennium Pickling
紹介人ドランク,Introducer Drunk
サバンナウッド,Witherwood
未確認飛行物体,UFO
取引商クチナシ,Trader Kuchinashi
テレパスバンド,Telepath Headband
道具屋ゴッツオ,Item Shop Gotsuo
マジカルブーツ,Magical Boots
お正月のコタツ,New Year Kotatsu
リビングデッド,Corpse Corporal
慈愛の女神の間,Hall of Compassion
取引商サージュ,Trader Saju
段位戦ポイント,Rank Points
白魔術館の壁改,White Mansion Wall Decor
キングサーモン,King Salmon
スイートな衣装,Sweet Outfit
アルゴンハート,Argon Heart
聖守護者のツメ,Sentinel's Claws
屋台系庭具１２,Food Stall 12 (G)
まおうのつかい,Demon-at-arms
暗殺武器の歴史,Assassin Weapons
盗賊のターバン,Thief Turban
真ベロリンマン,True Abominable Showman
辺境警備隊詰所,Frontier Guard Post
ヴァレリアの馬,Valeria's Horse
ネレウスワンド,Nereus Staff
デモンズゲイト,Demon's Gate
すごろくマット,Sugoroku Mat
銀の錬金ランプ,Silver Lamp
まんげつリング,Full Moon Ring
預かり所ルンタ,Storage Runta
労魔デスワーク,Deathwork, the Laborious
トランプブレス,Tycoon Bracelets
大鳳の羽ばたき,Wings of Fenghuang
ボンドルの手紙,Bondor's Letter
しらゆきバター,White Snow Butter
疾風のサンダル,Gale Sandals
ホイミン便せん,Healie Paper
南地区の移動台,South District Platform
防砂ダムの大砲,Sand Dam Cannon
トンブレロ・強,Vicious Ham Shamwitch
取引商シュシュ,Trader Shushu
取引商パピリポ,Trader Papiripo
ジェミニダガー,Gemini Dagger
やいばの燐光盾,Phosphorus Shield
ヒューザチェア,Hyuza Chair
破壊神チケット,Destruction Ticket
紫炎の鉄機兵団,Violet Machina
夢の王国ブーツ,Dream Kingdom Boots
やぐら南エリア,South Fort
サタンフォーク,Imp Fork
仮装メイク道具,Makeup Kit
ロンリー・ルイ,Lonely Louis
カブのこころ４,Kabu's Heart Lv4
メダルの便せん,Medal Paper
キラーバイザー,Killing Visor
ビジューな水着,Bijou Swimsuit
シックな浮き輪,Chic Floatie
白灰の試練場前,White Ash Trial
うつしよの銀箱,Worldly Silver Box
遊び人のつけ鼻,Gadabout's Fake Nose
創生番号０１６,Creation Number 016
メタモルハニー,Metamor Honey
スターレミング,Star Lemming
死のプレゼント,Death Present
ダーマ神殿の壁,Alltrades Abbey Wall
便せん屋アカリ,Stationery Shop Akari
特別金庫のカギ,Special Storage Key
マジカルハット,Hat Hamwitch
ハッピーカカオ,Happy Cacao
時増しの大入道,Aged Djinn
秘密の地下通廊,Secret Underground Passage
ファラオ・ガル,Pharaoh Gul
魔侯爵のよろい,Marquis Armor
待ち合わせの場,Meeting Place
マグマプレート,Magma Plate
さくらの花びら,Cherry Blossom Petal
デスロマニズム,Death Romanism
ラウルのブーツ,Rahul's Boots
そざいやほわら,Material Shop Howara
武器屋ウラジロ,Weapon Shop Urajiro
さいほう素材屋,Sewing Material Shop
ナイトチケット,Knight Ticket
ネーモン調査員,Detective Neymon
ガラスのツリー,Glass Tree
アサシンクロー,Nail Blighter
チョコマアモン,Fudge Sludge
料理人トングラ,Chef Tongla
アロマの便せん,Aroma Paper
ひかりのブーツ,Shimmering Boots
ユースパーカー,Youth Hoodie
新年めでたクモ,Happy New Year Spider
ドワーフの銅像,Dwarf Bronze Statue
神光放つ扇の書,Holy Light Fan Book
賢者たちの戦い,Battle of the Sages
妖鳥のくちばし,Bad Bird's Beak
鋼の秘奥・盾編,Metalworks: Shields
ドラゴンのツノ,Dragon Horn
受付係ベアータ,Receptionist Beata
マポレーナ帽子,Genie Sanguini Hat
大きな四角い家,Square House L
ウェディの銅像,Weddie Bronze Statue
屋台系庭具１１,Food Stall 11 (G)
反乱軍の隠れ家,Rebel Army Hideout
虹色羽の仕切り,Rainbow Wing Dividers
しぐさ書・パー,Paper
スイート衣装券,Sweet Outfit Voucher
ギャスモンたち,Buntzenberners
鬼神のうであて,Godly Armguards
紹介人ミヨウル,Introducer Miyoru
神官アクイラエ,Priest Aquilae
道具屋カルアス,Item Shop Caluas
マルシェの屋根,Market Roof
パッキュレ神父,Father Pakkule
イビルアックス,Axe of Evil
ルベランエッジ,Ruberan Edge
大きな古城の家,Old Castle
かいけつマスク,Marveling Mask
森人のてぶくろ,Woodland Gloves
花嫁のてぶくろ,Bride's Gloves
カグヤ＝ムーン,Mistress Moon
コーディネイト,outfit
きりさきピエロ,Prickly Prankster
暴魔アリゲーラ,Demonic Alligator
しぐさ書・宝箱,Treasure Box Trick
武器屋スパット,Weapon Shop Spat
魔法陣ラグ・赤,Red Magic Circle Rug
スラマオイルＳ,Slime Oil S
サバ猫カプセル,Gray Cat Toy
妖剣士オーレン,Swordmaster Oren
戦士のレガース,Warrior Shin Guards
兄妹の家・２階,Romas' House - 2F
ペンシルボーイ,Prancing Pencil
マジかぼメガネ,Thick-Rimmed Glasses
リゾートグラス,Resort Glasses
たてまじん戦記,Peekabogre War Book
ボイス付き手紙,Letter with Voice
嵐の領界の噴水,Storm Realm Fountain
コウモリブーツ,Batty Boots
ステージトラス,Stage Truss
たれ茶トラ太猫,Fat Lazy Brown Tabby
スイートな服下,Sweet Skirt
道具屋ディノム,Item Shop Dinom
白バラのタンス,White Rose Wardrobe
水槽アイテム１,Aquarium Item 1
疾き盗賊の服上,Erik's Shirt
プルルンジェム,Gootiful Gem
紅蓮鳥トワイラ,Red Lotus Bird Twyla
スチームベンチ,Steam Bench
さそりばち・強,Vicious Waspion
ラグアスソファ,Raguas Sofa
ドクチョル先生,Dr. Dokchul
ハチワレ太猫　,Fat Tuxedo Cat
素材屋ティヨン,Material Shop Tyon
闇の狂戦士０７,Dark Berserker 07
ジュエルワンド,Jewel Staff
ばくだん岩の像,Rockbomb Statue
さまようよろい,Restless Armour
ゆめみるののり,Dreaming Nonori
色見本・トマト,Tomato Swatch
会心のイチゲ記,Critical Hit
紅獣バズレッド,Buzzred
プラコン用手鏡,Private Concierge Mirror
バブルスライム,Bubble Slime
ヘルバトラー強,Apex Barbatos
僧侶のブーツ２,Priest Boots 2
しぐさ書・掘る,Dig
古代つちわらし,Ancient Lickspittle
バズズ強メダル,Apex Pazuzu Medal
パドレパラソル,Padre Umbrella
ゴリウスの怨霊,Gorius' Revenge Ghost
砂海のターバン,Sand Sea Turban
オルストフの手,Orstov's Hand
鉄の錬金ランプ,Iron Lamp
ナシームの魔眼,Naseem's Evil Eye
渡し守ザイリー,Ferryman Zeiri
建物屋クアメル,Building Shop Kuamel
キャットクロー,Cat's Claws
東の荒野への道,Road to Eastern Wasteland
侍女のウェディ,Weddie Maid
ジュレド国民２,Juled Citizen 2
ジャガーメイジ,Clawcerer
道具屋アサキバ,Item Shop Asakiba
水晶のバスタブ,Crystal Bathtub
くろカビこぞう,Fromage Gray
メモリ負荷１１,Memory Load 11
転職侍女テトリ,Vocation Maid Tetori
ランプ錬金設備,Lamp Alchemy Facility
複数の手（左）,Multiple Hands (L)
手持ち花火・紫,Purple Sparkler
ヘブンバルーン,Heaven Balloon
案内係ノーテス,Guide Notess
砂の都の花荷車,Sand City Flower Cart
武勲の城の木柵,Valor Castle Wood Fence
取引商シャポラ,Trader Shapora
ハンターブーツ,Hunter Boots
いざないの石碑,Zoomethyst
紹介人ペタチョ,Introducer Petacho
取引商マッケイ,Trader Mackay
紹介人ナーシュ,Introducer Nash
マイタウン１１,My Town 11
古武道着セット,Kobudo Uniform
防具屋ハリカラ,Armor Shop Harikara
研究員アチュリ,Researcher Atulli
バルディスタ軍,Valdista Army
王宮のイス・赤,Red Royal Chair
ふわもこ草の束,Bundle of Fluffgrass
麗姫の武闘着上,Princess War Shirt
バケーロの子分,Bakero's Henchman
国王夫妻の部屋,King and Queen's Room
闇の狂戦士０６,Dark Berserker 06
十二の塔・中層,Tower 12 - Middle Area
魔天鬼シャーラ,Sky Demon Sharla
エマージュ海岸,Emerging Coast
購買員ツーウィ,Supplier Tsui
討伐隊員トゥグ,Strike Force Tug
デッドペッカー,Weaken Beakon
竜神官と曲芸師,The Priestess and the Performer
ドルゴール・氷,Dol Radio - Ice
愛と転職の魔人,Vocation Change Genie
うるわしキノコ,Belle Cap
しぐさ書・綿毛,Fluff
ネオンライト青,Neon Light (Blue)
お姫様本棚・桃,Pink Princess Bookshelf
マルティナの像,Jade Statue
フラワーの白壁,White Flower Wall
ランタンこぞう,Lampling
魔神族の影人形,Demon Shadow Puppet
ダズの船着き場,Daz Dock
マジックハンド,Magic Hand
おにこぞう・強,Vicious Pickayune
迷えるカルロス,Lost Carlos
さまよう機巧体,Wandering Automaton
乗り物係ヨギリ,Vehicle Clerk Yogiri
水槽アイテム７,Aquarium Item 7
案内係シーシャ,Guide Sheesha
道具屋ロアチュ,Item Shop Roacha
アルウェノート,Alwe Note
しんせんなイカ,Squid Trophy
グランゼニス神,Gran Zenith
ゆめみるとえる,Dreaming Toel
トライロック６,Trirock 6
モダンなふすま,Modern Sliding Door
神父アレクセイ,Father Alexei
スケアフレイル,Dark Dullahan
勇者姫のころも,Hero Princess Clothes
ボーンイエロー,Bone Yellow
トリックゾーン,Haze Over
スノーニット帽,Knit Winter Hat
なげきのろらん,Grieving Loran
プラチナヘルム,Platinum Helm
フェザーマスク,Feather Mask
むげんのさとり,Infinite Wisdom
イーブルフライ,Cutterfly
斬夜の太刀の書,Nightcleaver Book
討伐隊員ダラス,Strike Force Dalas
錬金悪魔の呪文,Alchemy Demon Spell
心層拝堂への道,Road to Chapel of the Heart
ニニのとうめい,Transparent Nini
ひまわりの水着,Sunflower Swimsuit
シスター・サラ,Sister Sara
アロエおに・異,Anomalous Aloehaha
聖獣ダイキリン,Holy Beast Dai Kirin
天狐のウィング,Sky Fox Wings
セトのブローチ,Set's Brooch
神威のおおづち,Holy Hammer
便せん屋ミカゲ,Stationery Shop Mikage
魔王アトラス900,Demon King Atlas 900
カブのこころ３,Kabu's Heart Lv3
愛情のオムレツ,Love Omelet
三の星獣アロト,3rd Star Beast Arot
スカルブレイク,Skull Breaker
グレン領の木Ａ,Glen Territory Tree A
釣り師の登竜門,Fisherman's Success
しんぷだにえる,Father Daniel
ピンクボンボン,Pink Bonbon
防具屋ジルジャ,Armor Shop Jiruja
ぶとうかけちゃ,Martial Artist Kecha
エルフ間仕切り,Elf Partition
プラテカルプス,Platecarpus
エフェクト盾２,Effect Shield 2
金平糖モビール,Candy Mobile
バトルグリーブ,Battle Greaves
金色のなわとび,Golden Jump Rope
シャムディーン,Shamudeen
冒険者のズボン,Adventurer's Pants
激辛キャンディ,Super Hot Lollipop
案内係アルギン,Guide Algin
案内係ズワルド,Guide Zwald
キラーファング,Killer Fang
黒竜丸プリズム,Equinox Prism
警備係ペコリア,Guard Pekoria
自由の窓辺の絵,"Window of Freedom"
ドラゴンのホネ,Dragon Bone
ポポッピの写真,Photo of Popoppi
カーニバル広場,Carnival Square
チェーン年代記,Chain Chronicles
おふだのシール,Talisman Sticker
クラウンローチ,Tiger Botia
ランドセル・桃,Pink School Bag
初心者用のツメ,Beginner's Claws
ワープ庭具０４,Warp Garden Tool 04
道具屋コーフォ,Item Shop Korfo
帝国技術庁の柱,Endeavors Pillar
あくまの衣装３,Imp Costume 3
春風応援アーム,Spring Cheer Armguards
フレイムドック,Hot Dog
魔封士モルガン,Demon Sealer Morgan
エリーゴ調査員,Detective Eriego
サファイアボム,Sapphire Bomb
王妃レティーナ,Queen Retena
二の星獣イシュ,2nd Star Beast Ishu
誓約の園のイス,Covenant Chair
案内係ペコリア,Guide Pekoria
ルーナステッキ,Lunar Wand
ハート型メガネ,Heart Glasses
トライロック５,Trirock 5
コウモリトップ,Bat Top
ギュッとサジェ,Sajay Arm Doll
光の錬金ツボ小,Light Jar S
便せん屋グノバ,Stationery Shop Gunova
黒曜の間仕切り,Obsidian Partition
盾島・地下２階,Shield Isle - B2F
時の王者の名残,Time Sovereign's Remains
へびがわのムチ,Snakeskin Whip
ポンポンクロー,Pom Pom Claws
みちびきの香水,Guidance Perfume
ジャンボ玉ネギ,Overgrown Onion
ソードマカブル,Deadly Blade
ワープ庭具１４,Warp Garden Tool 14
くだものナイフ,Fruit Knife
ゴシックフリル,Gothic Skirt
シャドーサタン,Hypothermion
アイゼルの叔母,Eisel's Aunt
転送係ラアドワ,Transfer Agent Radowa
鍛冶職人の看板,Smithing Sign
裏通りのアジト,Backstreet Hideout
天翼のモノクル,Heavenly Wing Monocle
郵便局員シジュ,Postman Shiju
預かり所ヤポル,Storage Yapor
あやしい食器棚,Suspicious Cupboard
いにしえの石版,Ancient Tablet
魔賢者アクバー,Sorcerer Blackmar
サイレスのツボ,Gryphon Pot
鉄の金庫のカギ,Iron Safe Key
木造御殿の岩壁,Wood Palace Rock Wall
苺お菓子の本棚,Berry Sweet Bookshelf
ビーストモード,Wild Side
ツボ錬金ギルド,Jar Alchemy Guild
悪鬼ゾンガロン,Zongalon
てつのよろい下,Iron Armor Bottom
はやぶさの剣改,Uber Falcon Blade
超合金ダンベル,Superalloy Dumbbell
歴史家ガルダモ,Historian Gardamo
烈風吹きすさぶ,The Fierce Winds
ファータホーン,Fata Horns
桜の吊るし提灯,Cherry Paper Lantern
セーラスファン,Selas Fan
ジャックの衣装,Jack's Costume
ピラミッドの家,Pyramid House
交換屋スノッリ,Exchange Shop Sunori
ナウマンコック,Naumanncook
大賢者のヒミツ,Supreme Sage's Secret
モコモコハウス,Mokomoko House
エラい人のヒゲ,Big-Wig Mustache
ギュッとザンク,Zankrone Arm Doll
コルセアブーツ,Corsair Boots
ゴーレムパンチ,Golem Punch
仮面の男の仮面,Masked Man's Mask
博愛騎士のこて,Love Knight Gauntlets
炎の領界の鉱石,Fire Realm Ore
アマラーク地方,Amarak Region
トライドニット,Battle-born Cap
ツルクサジェル,Creeper Gel
大会係員ベスン,Event Staff Besun
しっこくダリア,Jet Black Dahlia
カンフーハット,Kung Fu Hat
ドルゴール・闇,Dol Radio - Dark
退魔の太刀の書,Banishing Blade Book
影の谷への出口,Exit to Vale of Shadow
じめじめバブル,Dank Bubble Slime
DQ3戦士　ゾーマ,DQ3 Warrior, Zoma
板チョコのイス,Chocolate Bar Chair
隠者パンメッポ,Panmeppo
バジリウスの鎌,Basilius' Scythe
わがままぷーら,Selfish Puula
Ｖネックベスト,V-Neck Vest
聖守護者のやり,Sentinel's Spear
ピンスティック,Pocus Pin
バイオケーブル,Bio Cable
よろず屋サフィ,General Shop Safi
テスト予備１８,Test Spare 18
コニウェア平原,Coniware Plain
モーモン便せん,Teeny Sanguini Paper
道具屋チューラ,Item Shop Chara
ワープ庭具１０,Warp Garden Tool 10
素材屋モンディ,Material Shop Mondy
モモヨのかばん,Flameman's Bag
エルフの便せん,Elf Paper
クレーター地帯,Crater Zone
創生番号７９４,Creation Number 794
スピラソーンＡ,Thornspire A
検証用像２追加,Verification Image 2
たまに２回攻撃,Rarely Attack Twice
晩さん会の写真,Banquet Photo
コーラルレイン,Coral Grief
モダンな口ヒゲ,Modern Mustache
ふしぎな三面鏡,Three-Sided Mirror
花風　剣を導く,Guiding the Sword
雪国のポンチョ,Snow Country Poncho
預かり所リュバ,Storage Lyuba
チェス・ボード,Chess Board
族長のバンダナ,Chieftain Bandana
高級ワインの瓶,Bottle of Fine Wine
タツノオトシゴ,Seahorse
ウルベア魔神兵,Urbea Aztech
舞い手のリスト,Performer's Bangles
メモリ負荷１０,Memory Load 10
メネトのアーチ,Menet Arch
ミラクルサンド,Miracle Sandwich
ゾルベの研究書,Zorb's Research Book
メモリ負荷２５,Memory Load 25
レシピ屋クツツ,Recipe Shop Kutsutsu
預かり所クルリ,Storage Kulry
神託のローブ下,Oracle Robe Bottom
列車内ホーロー,Passenger Hollow
へいしちぇりん,Soldier Cherin
アズラン町内会,Azlan Council
妖精の苗木・赤,Red Fairy Sapling
エンゼルロッド,Angel Rod
武器屋ホルサス,Weapon Shop Horsus
娘の家ペコリア,Daughter Home Pekoria
ハヌマーン軍団,Nemean Army
とうぞくのカギ,Thief's Key
オバケの衣装３,Ghost Costume 3
赤茶猫カプセル,Mahogany Cat Toy
水邪ジェルヴァ,Evil Water Jelba
スプリンクラー,Sprinkler
おもいで映写機,Memory Projector
邪神ピュージュ,Dark Deity Pyuju
素材屋ノーニャ,Material Shop Nonya
巨商のサンダル,Rich Merchant Sandals
ちょっと待って,Wait a moment!
じごくのよろい,Infernal Armour
輝晶術士レビィ,Coruscator Rebi
矢絣のじんべい,Feather Jinbei
手持ち花火・緑,Green Sparkler
神速シャンソン,Swift Serenade
明かされる過去,The Past Revealed
夢色のスプレー,Dream Color Spray
べっこうメガネ,Tortoiseshell Specs
ルベランロッド,Ruberan Rod
ライトフリング,Flick Right
闇の狂戦士０１,Dark Berserker 01
授業エルフ女性,Elf Female Student
れんごくちょう,Hybird
ふわふわキッズ,Floaty Small Fry
音楽隊のぼうし,Band Hat
紅白レンガの柱,Red/White Brick Pillar
ドルゴール・炎,Dol Radio - Fire
預かり所リブナ,Storage Libuna
ブラッドビーク,Bloodbeak
スライムハウス,Slime House
神光放つ鎌の書,Holy Light Scythe Book
たそがれらみー,Twilight Rami
討伐隊員トトン,Strike Force Toton
おしゃべりリサ,Chatty Lisa
トライロック２,Trirock 2
黄なる砂塵の塔,Yellow Sand Tower
郵便局員ギティ,Postman Giti
ネバネバエキス,Sticky Extract
ノグリッド村長,Chief Nogrid
エフェクト弓２,Bow Effect 2
めぐみのしずく,Sprout Drops
あずきガーベラ,Red Bean Gerbera
逆さまの水がめ,Upside-down Water Jug
メタスラ柄の傘,Metal Slime Umbrella
家具屋ツアロム,Indoor Furniture Shop Tuarom
コサックシープ,Pan Piper
じんめんツリー,Tis' The Treeson
討伐隊員カート,Strike Force Cart
第３回レイの像,3rd Rei Statue
渡し守ヤービィ,Ferryman Yabby
伐採者を追え！,Go After the Loggers!
とっしんこぞう,Chariot Chappie
王者の居住まい,Champion's Seat
星夜のパンプス,Starry Night Pumps
サンドフルーツ,Duneberry
トカゲの丸焼き,Roasted Lizard
うわさのカミラ,Camila's Rumor
取引商ダツィン,Trader Datsin
トコトコ格納車,Storage Vehicle
せんしぱらーと,Warrior Parat
ジェニャの秘密,Jenya's Secret
お姫様イス・桃,Pink Princess Chair
落日のフラッグ,Sunset Flag
竜術士ランジェ,Dragomancer Ranje
セクシーライト,Sexy Light
ダンサーパンツ,Dance Pants
ワープ庭具１８,Warp Garden Tool 18
ゴールドエッグ,Golden Egg
ポセイドン本棚,Poseidon Bookshelf
住宅商ラネッタ,Realtor Lanetta
パニックココア,Panic Cocoa
取引商タサール,Trader Tasar
人魚姫つきの畑,Mermaid Field
秘宝の魔戦旅団,Treasure Priest Knight
メテオシールド,Meteor Shield
魔衛隊士の心得,Demon Guard's Knowledge
アラモンド鉱石,Alamond Ore
サンプル・ツメ,Sample - Claw
すごろくルーム,Sugoroku Room
ＣＭ用エルフ２,Elf For CM 2
攻撃時10%で幻惑,Dazzle Attack 10%
クラゲハンマー,Jellyfish Hammer
ゼルゲイドの剣,Sword of Zelgeid
ルベランサイズ,Ruberan Scythe
キングヒドラ強,Apex King Hydra
未知なる襲撃者,Unknown Assailant
アシュレイの書,Book of Ashley
エンゼルランス,Angel Lance
月光蝶のブーツ,Moon Butterfly Boots
ハチ駆除防護服,Bee Exterminator Suit
トライロック４,Trirock 4
水魔ヴァーテル,Vater the Water
バルバルー・陽,Blamara - Yang
黄金の王しゃく,King's Golden Scepter
アラクサンデル,Alaxander
郵便局員ユピン,Postman Yupin
門より出でし者,Dweller from the Gate
複製機巧体の像,Duplicant Statue
妖精図書館の机,Fairy Library Desk
ネヴァンヘルム,Nemain Helm
Ｎ高男子のくつ,N High Boy's Shoes
預かり所クリス,Storage Chris
スワンボート鳥,Swan Boat Bird
かがやきの樹液,Sparkly Sap
スライムハーツ,Slime Heart
行商人リオーレ,Peddler Liore
砂海のころも上,Sand Sea Garb Top
姿見ブーメラン,Mirror Boomerang
リーネパンプス,Renee Heels
シドーシールド,Malroth Shield
ウイングヘルム,Winged Helm
ボーンナイト強,Apex Grim Rider
レイブンスーツ,Raven Suit
一角鬼の闘着下,Demonhorn Pants
天体望遠鏡・金,Gold Telescope
天地雷鳴士の冠,Druid Cap
ばくだん岩召喚,Rockbomb Summon
コブタのマスク,Piglet Mask
ラウラリエの丘,Lauralie Hill
バーバードール,Barber Doll
特別工具セット,Special Tool Set
ホワイトベレー,White Beret
ドラゴン練習札,Green Dragon Tag
部の設備利用券,Club Facility Ticket
ラブリーカカオ,Lovely Cacao
大氷河の探検記,Glacier Exploration
かたりべの服上,Storyteller's Shirt
クロウズの像＋,Claws Statue +
庭具屋ミルーラ,Outdoor Furniture Shop Mirula
スノーフォール,Snowfall
いやしのズボン,Healing Pants
こんぶ香る粘液,Kelp-scented Mucus
飛行士のブーツ,Aviator's Boots
闘士ザリガッパ,Fighter Zarigappa
木の葉のブーツ,Foliage Boots
こいするべてぃ,Betty in Love
管理人メルテナ,Caretaker Meltena
なげきのパリス,Grieving Paris
術者のための鎌,Scythes For Sorcerers
グリーンエッグ,Green Egg
ボロヌス溶岩流,Boronus Lava Flow
鋼の秘奥・鎌編,Metalworks: Scythes
アスバルの部屋,Asbal's Room
魔炎のおおづち,Darkflame Hammer
若き院長の悩み,Director's Troubles
風泣き岬への道,Road to Windy Cape
ワープ庭具１９,Warp Garden Tool 19
道具屋ヤルミラ,Item Shop Yarumira
サフィルの心核,Saphir's Core
ベリアル練習札,Belial Tag
デスプリースト,Wight Priest
オーレン下半身,Oren's Lower Body
えねっとふじん,Mrs. Ennett
司祭のてぶくろ,Pastor's Gloves
トロルバッコス,Gladiator Troll
勇士たちの祈り,Prayers of the Valorous
ウサぐるみ・青,Blue Rabbit
おもちゃの草原,Toy Grass Field
七色のりんぷん,Seven-Color Moth Scales
ウルタのブーツ,Ulta Boots
竜術士のブーツ,Dragomancer Boots
十二の塔・下層,Tower 12 - Lower Area
グラコスのやり,Gracos's Trident
レタスカメリア,Lettuce Camellia
聖天のてぶくろ,Holy Heaven Mitts
ジェニャの未来,Jenya's Future
悲しきダミアン,Sad Damien
防具鍛冶ブーツ,Armorsmith's Boots
エルンステ夫人,Mrs. Ernesto
ぎんのこしだれ,Silver Faulds
邪教のかなぼう,Wrecktor Mace
カメレオンマン,Pesky Jester
記念品のかけら,Souvenir Shard
オーロラの花束,Aurora Bouquet
舞い降りた奇跡,A Miracle That Landed
精霊大臣の屋敷,Spirit Minister's Mansion
炎帝のすねあて,Fire God Shin Guards
七夕・誠意の書,Festival Sincerity
レビュール族長,Revule Chief
コスモスヘルム,Cosmos Helm
うつしよの闇箱,Worldly Dark Box
マイユのうちわ,Maille Fan
古武道のブーツ,Kobudo Boots
ウルベアの宝剣,Urbea Treasure Sword
玩具屋プルッタ,Toy Shop Pluta
盾島・地下３階,Shield Isle - B3F
無法者のブーツ,Freebooter's Boots
道具屋ボルタラ,Item Shop Voltara
灰塵の竜鱗兵団,Ashen Dragons
パイプオルガン,Pipe Organ
マーメイド本棚,Mermaid Bookshelf
ドワーフ市民服,Dwarf Citizen Clothes
道具屋ネグシド,Item Shop Negushido
だいおうキッズ,Squid Kid
レオパード水着,Leopard Swimsuit
はじまりの紋章,Origin Crest
輝くテンスの花,Shining Tens Flower
ハートのピアス,Heart Earrings
黒柴犬カプセル,Black Shiba Toy
ソポスのうでわ,Sophos Bangles
鋼塊の重滅兵団,Steel Ingots
まぼろしのトゲ,Phantom Thorn
サンタキャップ,Santa Hat
郵便局員ナズマ,Postman Nazuma
アトラステスト,Atlas Test
せんしるーかす,Warrior Lucas
大きな遺跡の家,Ruin House L
カギのチェーン,Keychain
魔天后ベレトワ,Beretowa, Queen of Evil
レース屋ダクル,Race Registrar Duckle
ねこまどう・強,Vicious Meowgician
すごろくダイス,Sugoroku Dice
紅玉館のベッド,Ruby Mansion Bed
授業人間小男性,Human Male Student
マダム・ベロア,Madame Velor
げんぶの道着下,Black Tortoise Pants
ポポエル運転士,Driver Popoel
古びた王家の本,Old Royal Book
ブレードガード,Greatsword Guard
シスター・チモ,Sister Chimo
牙狼のこしまき,Fanged Wolf Loincloth
しもふりミート,Supreme Steak
静かな怒りの鎌,Scythe of Silent Anger
タイヤの浮き輪,Tire Floatie
道具屋デオルケ,Item Shop Deorque
コープスフライ,Flying Corpse
ウェットスーツ,Wetsuit
ブーツスタッフ,Stocking Staff
釜デコ屋ヤシム,Pot Decor Shop Yashim
ヨーヨーの屋台,Yo-yo Stall
ビーストギフト,Beastly Gift
ぶきみなひかり,Spooky Aura
キラーピッケル,Maniacal Mole
ウイングエッジ,Razor-Wing Boomerang
ライブラロッド,Rod of Libra
導きの水晶・黒,Black Guidance Crystal
桃色れんげの傘,Pink Lotus Umbrella
わがままみゃこ,Selfish Myako
エルボブ像黒白,B/W Eltona Bobtail St.
黄金のアンク？,Golden Ankh ?
ランプ錬金部員,Lamp Alchemy Club member
風だまりの絶壁,Windswept Cliffs
いっかくウサギ,Bunicorn
降魔のよろい上,Demonfel Armor
預かり所モギィ,Storage Moggy
リゾートビキニ,Resort Bikini
ローズマジック,Rose Magic
預かり所トモズ,Storage Tomozu
リィンのブーツ,Lynn's Boots
ツボ錬金ブーツ,Jar Alchemist's Boots
釣り師範ナツリ,Fishing Master Castina
便せん屋スバル,Stationery Shop Subaru
聖王の盾の壁画,Dryspell Shield Book
古びた羊皮紙１,Old Parchment 1
時の王者の服下,Time Sovereign's Pants
Ｖロン便せん青,Blue Vron Paper
まもの導師の服,Monster Guru's Vest
カーメンソード,Khamun's Sword
ナウマンボーグ,Naumannborg
ホーリーライト,Divine Restitution
トライロック３,Trirock 3
星のさいほう針,Starry Needle
道具屋キシュレ,Item Shop Kishre
蝶の紋付はかま,Butterfly Hakama
ぶきやばーとん,Weapon Shop Barton
アッシュダリア,Ash Dahlia
守護竜のつるぎ,Wyrmguard Blade
ふさふさの毛皮,Fine Fur
混迷のリゾット,Chaos Risotto
討伐隊員バンギ,Strike Force Bangi
エメラルシード,Emerald Seed
カタログ検証用,For Verifying Catalog
ファリネのメモ,Farine's Note
伝説の勇者の盾,Legendary Hero's Shield
不死の魔王の間,The Immortal Chamber
ボルターの手紙,Bolter's Letter
まき割りセット,Wood Chopping Set
取引商シーヌラ,Trader Shinura
大黒猫カプセル,Big Black Cat Toy
ホワイトベンチ,White Bench
悪魔長ジウギス,Devil Chief Juegis
ホットな海パン,Hot Trunks
闘戦聖母の手紙,War Mother's Letter
防衛軍のブーツ,Defense Force Boots
飛竜のグローブ,Flying Dragon Gloves
アクアウォール,Aqua Wall
ムニエカの街灯,Munieka Streetlamp
アグシュナ王妃,Queen Agushuna
凱歌のグリーブ,Valkyrie Greaves
竜王のよろい下,Dragonlord Chausses
鬼神のころも上,Godly Robe Top
トマトのソファ,Tomato Sofa
神域のハンマー,Mythic Hammer
ベリアルカード,Belial Card
なげきのぎぎろ,Grieving Gigiro
プクレット商会,Pukulet Firm
預かり所コルツ,Storage Colz
ガテリアの碑文,Gateria's Inscription
武器鍛冶素材屋,Weaponsmith Material Shop
水流チャーム青,Blue Torrent Charm
オレンジの本棚,Orange Bookshelf
天使のスズラン,Angel Lily
星詠みのソファ,Stargazing Sofa
シスター・ドラ,Sister Dora
アモンの大紋章,Amon Sigil
恋するチュチュ,Tutu in Love
迷えるマルコス,Lost Marcos
アイスゴーレム,Glacial Golem
ムニエカの花壇,Munieka Flowerbed
魔物の障子の壁,Monster Shoji Wall
どうぐ範囲化術,Widespread Use
高機能錬金食品,Efficient Alchemy Food
おでんプリズム,Oden Prism
郵便局員ハルザ,Postman Haruza
清き水の洞くつ,Clearwater Cave
屋台系庭具２２,Food Stall 22 (G)
バーバニアン族,Barbunnians
こいするえみり,Emily in Love
武器屋シャーム,Weapon Shop Shamu
ベストスマイル,Best Smile
まんまるポテト,Budding Spud
ゴシックハット,Gothic Hat
家具屋ファニー,Indoor Furniture Shop Fanny
ベホイミソフト,Midheal Soft Serve
バーバニマスク,Barbunny Mask
邪竜神ナドラガ,Godly Nadraga
わがままるしる,Selfish Lucille
降魔のよろい下,Demonfel Chausses
びようしやここ,Hairdresser Yakoko
東洋風ドラ・華,Floral Orient Gong
白波柄のゆかた,White Wave Yukata
よろいのきしⅡ,Knight Errant Ⅱ
ダイナー衣装券,Diner Outfit Voucher
シオンの花言葉,Shion Flower Language
桜花のテーブル,Cherry Blossom Table
手持ち花火・黄,Yellow Sparkler
鋼の秘奥・槍編,Metalworks: Spears
原罪のやどりぎ,Sinistletoe
うるし塗りの壁,Lacquered Wall
スライムゼリー,Slimedrop
プラチナリング,Platinum Ring
預かり所マルゴ,Storage Margo
真・オノむそう,Axes of True Evil
廃棄端末プペコ,Old Terminal Pupeko
武器屋ロルフク,Weapon Shop Roarfolk
武器鍛冶練習着,Weaponsmith Training Wear
ゴールドの花束,Gold Bouquet
エルフチェスト,Elf Chest
預かり所ゴダン,Storage Godan
料理屋パロンタ,Server Paronta
サラツヤオイル,Glossy Oil
ボディーガード,Bodyguard
道具屋フロイデ,Item Shop Freude
年賀はがき・午,New Year's Card (Cow)
ケイロンの教え,Cheiron's Teachings
テスト予備２５,Test Spare 25
もこもこブーツ,Fluffy Boots
マジックファン,Magic Fan
武器鍛冶職人帽,Weaponsmith's Cap
ゼニアス２印章,Zeniath 2 Stamps
時増しの合成獣,Aged Synthetic
スカウト衣装券,Scout Outfit Voucher
悲しきヘラルド,Sad Herald
DQ3せんしぞーま,DQ3 Warrior, Zoma
オークショニア,Auctioneer
悪魔ザイガス強,Apex Duke Sigras
スライムのイス,Slime Chair
花散らす低気圧,Wind Scattered Petals
魚臭いドロドロ,Fishy Slop
獄闇鬼ティトス,Darkkeeper Titos
鉄のさいほう針,Iron Needle
ドラゴミミック,Dragomimic
闇の狂戦士０２,Dark Berserker 02
邪菌ピロリアン,Malevobacter Pylori
波間に漂う歌声,A Voice on the Waves
創生番号８３２,Creation Number 832
妹姫のサンダル,Young Princess' Sandals
ルミナス花火台,Luminous Fireworks Stand
移動係アーネイ,Travel Clerk Arney
魔女のスーツ上,Witch's Suit Top
わがままノンノ,Selfish Nonno
東洋風円卓・雅,Chic Orient Table
魚交換員ペルノ,Fish Exchange Peruno
殺意の怨霊たち,Murderous Souls
魔勇者トランプ,Evil Hero Cards
取引商エッカー,Trader Ecker
ずるいとうめい,Transparent Crafty
それが気がかり,That's Worrying
マグマカプセル,Magma Capsule
壁かけグリーン,Greenery Wall Decor
レース用の旗２,Racing Flag 2
雪原地区への道,Road to Snowfields
紅き落日の想い,Thought of Red Sunset
オパールのイス,Opal Chair
冒険者のよろい,Adventurer's Armor
皇竜将グレイア,Emperor Dragon Greia
光創神のピアス,Earring of Creation
ベビタンタイツ,Imp Suit
宵の神殿　入口,Temple of Twilight Entrance
昔日のよろい上,Ancient Armor
料理人ホッコイ,Chef Hokkoi
道具屋エイナル,Item Shop Einar
闇はらう光の剣,Darkness' Destroyer
ドクター・ムー,Doctor Mu
大地の方舟客車,Ark of the Earth Coach
新春ふくびき券,New Year Lottery Ticket
ローラ姫のくつ,Gwaelin's Shoes
紹介人レーライ,Introducer Lerai
討伐隊員マチェ,Strike Force Mache
どろにんぎょう,Mud Mannequin
オーガの村人服,Ogre Villager Clothes
シンイの便せん,Shini Paper
ゴルフシューズ,Golf Shoes
えきいんびーん,Attendant Bean
スチームベッド,Steam Bed
探検家エルマン,Explorer Elman
名犬メイちゃん,Famous Dog Mei
シェキナーの弓,Shekhinah Bow
ブレイクバンド,Break Band
ネオン・アロー,Neon Arrow
プクレット地方,Pukulet Region
黒曜のオーブン,Obsidian Oven
どデカニードル,Giga Needleman
デリウム軍団長,Corps Commander Delum
Ｖロン便せん赤,Red Vron Paper
星の錬金ランプ,Starry Lamp
便せん屋ササミ,Stationery Shop Sasari
海賊のアジト跡,Pirate's Hideout
ステージリボン,Stage Ribbon
ウェディチェア,Weddie Chair
防具屋プルンガ,Armor Shop Plunga
神官ウーウェル,Priest Oowell
ホワイトウッド,Whitewood
詩集・追想の愛,Recollection of Love
女神のガーベラ,Goddess Gerbera
梅柄のぼんぼり,Plum Blossom Lantern
おしりペンペン,Spank
バトエンジャー,Batoenger
ならず者の酒場,Rogue's Tavern
道具屋ナリーン,Item Shop Narine
守護騎士団本部,Safekeepers Headquarters
声なきことづけ,Words Without a Voice
そざいやぎるだ,Material Shop Gilda
はやてのリング,Agility Ring
プチ魔人の左手,Frail Ruin's Left Hand
預かり所パピィ,Storage Pappy
交換屋シュクル,Exchange Shop Shukuru
スターコート２,Superstar Coat 2
リズクのうちわ,Rizk Fan
豪華な菓子折り,Gorgeous Box of Cakes
道具屋ポップパ,Item Shop Poppupa
王宮の本棚・赤,Red Royal Bookshelf
オパールの玉座,Opal Throne
エッカート神父,Father Eckhart
ユシュカの部屋,Yushka's Room
へいしたこうち,Soldier Takouchi
黒太猫カプセル,Fat Black Cat Toy
迅雷のスーツ上,Thunderclap Suit
ウェディデスク,Weddie Desk
案内係トレント,Guide Trent
コマのテーブル,Top Table
絵葉書用便せん,Postcard Paper
スリープダガー,Sleeper Hit
セーラスソード,Selas Sword
風鈴の鳴る小径,Path with Wind Chimes
レトロな扇風機,Retro Electric Fan
マデ氏族の祭司,Made Clan Priest
バトルドレス下,Battle Pants
ネレウスマスク,Nereus Mask
しゅくふくの杖,Staff of Salvation
まよえるえるも,Lost Elmo
天星の試薬ビン,Starry Reagent Bottle
転送係キャプン,Transfer Agent Kyapun
太古のゼニアス,Zeniath of Old
フラワーゾンビ,Wailin' Weed
まもりのローブ,Safety Robe
魔法戦士団制服,Armamentalist Uniform
フウキのつばさ,SCC Wing
メタルトラップ,Metal Trap
花園の室内噴水,Flower Garden Fountain
おおぞらの貴石,Blue Sky Stone
魅惑のオトナ色,Charming Adult Colors
大砲のおもちゃ,Toy Cannon
カラフル花火台,Fireworks Stand
バラモスブロス,Soul of Baramos
タタリ御前の像,Cursed Crooner Statue
ビッグなハット,Sham Hatwitch Hat
ウルベア帝国城,Urbea Empire Castle
行商人ウェバン,Peddler Ueban
聖翼のドレス下,Sacred Dress Bottom
ダミーのひだね,Dummy Trigger
エルトナの聖地,Eltona Sanctuary
聖使者セーケン,Messenger Seiken
ストームグラス,Storm Glass
武器屋ザイクス,Weapon Shop Zykes
閉ざされた水路,Closed Waterway
神官フォンレイ,Priest Fonley
夢幻魔王の勲章,Dread Fiend's Seal
星空のイス・青,Blue Starry Chair
いろいろ検証用,Various Verifications
案内係ケディヤ,Guide Kediya
郵便局員タヴィ,Postman Tavi
黒鳥のミュール,Blackbird Shoes
リリパット・祖,Ancestral Bodkin Archer
肖像画「勇猛」,"Brave" Portrait
ともしびこぞう,Wickerman
輝きの魔人たち,Radiant Genies
武器屋フィギン,Weapon Shop Figgin
ようせいの光粉,Fairy Powder
恵みのはぐれ者,Graceful Goo
ゆうらくレンゲ,Amusement Lotus
西地区ペコリア,West Area Pekoria
ベルムド王の剣,King Bermud's Sword
けんぽうの腕帯,Tussler's Armbands
武器屋ケルキフ,Weapon Shop Kelkief
烈魔の霊符・白,White Caster Talisman
イエロバングル,Bilebonnet
行商人クラバン,Peddler Kraban
案内係ルビオン,Guide Rubion
鬼神のころも下,Godly Robe Bottom
花柄のじんべい,Floral Jinbei
ゆうかんスキル,Courage skill
バトルアックス,Battle Axe
ネイビーダリア,Navy Dahlia
源世鳥アルマナ,Almana
漂うお化け提灯,Ghost Paper Lantern
魔塔の観葉植物,Tower Houseplant
匠のチャーハン,Fried Rice
おしゃべりるな,Chatty Luna
メルヘンカカオ,Fairy-tale Cacao
純喫茶のチェア,Cafe Chair
賢哲のターバン,Wise Man Turban
天星の軌跡・金,Path of a Star Gold
移動係ププラン,Travel Clerk Pupulan
ズッシリゾット,Sushi Risotto
ラクリマタクト,Cane of Compassion
ダメージゾーン,Damage Zone
創失を招くもの,That Which Unmakes
パピヨンヒール,Papillon Heels
大怪傑の装束下,Wondrous Pants
ヴェリナード城,Verinard Castle
セーラスワンド,Selas Staff
みちくさコイン,Detour Coin
道具屋シェルス,Item Shop Shels
イエローエッグ,Yellow Egg
デスマスずきん,Death Master Hood
魔天翔キルファ,Soaring Kirfa
バブスラジャム,Bubble Slime Jam
ブロッゲンの杖,Broggen's Staff
なげきのロラン,Grieving Loran
真紅の殺人機械,Crimson Killing Machine
ブラックパール,Pitch Pearl
ジャイラリーフ,Jyra Leaf
研究員トゥシェ,Researcher Touche
だいくどどりす,Carpenter Dodris
ソルジャーブル,Warhog
ブラウニー・祖,Ancestral Brownie
きぬのローブ下,Silk Robe Bottom
邪蒼鎧デルメゼ,Delmeze, the Azure Armor
ジブのとうめい,Jib's Transparency
ふじいろダリア,Wisteris Dahlia
まよえるれおん,Lost Leon
神授の判定者Ｂ,Judge of Divine Gifts B
ハンターハット,Hunter Hat
あやかしの調べ,Ghost Investigation
魔法陣ラグ・緑,Green Magic Circle Rug
メギラザ地下洞,Megilaza Underground
うさぐるみちゃ,Brown Rabbit
夢幻の森の木Ｂ,Dream Forest Tree B
スライムの本棚,Slime Bookshelf
ＣＭ用オーガ１,Ogre For CM 1
リィンカネ印章,Re[in]carnation Stamps
スタンドマイク,Microphone Stand
雪だるま衣装券,Snowman Outfit Voucher
交換屋スラリン,Exchange Shop Gootrude
ネオン・ファン,Neon Fan
バトルティアラ,Battle Tiara
どうぐやじゃん,Item Shop Jean
ミラクルブーツ,Miracle Boots
リンカのピアス,Linka's Earrings
エメラーダ宙橋,Emerada Bridge
ギュッとメーダ,Lunatick Arm Doll
メモリ負荷１３,Memory Load 13
れいかんスキル,Spirituality skill
移動係カトレヤ,Travel Clerk Cateleya
おおきづち・祖,Ancestral Hammerhood
配達員ギョリガ,Deliverer Gyoriga
ふくまねきの杖,Fortune Weaver Cane
在りし日の集落,Olden Village
ヘンテコな武器,Weird Weapon
竜と契約せし者,One Who Made a Dragon Pact
天使長ミトラー,Archangel Mitra
マジカルアーム,Magical Gloves
王子の見た悪夢,Prince's Nightmare
神授の判定者Ａ,Judge of Divine Gifts A
マドハンドの像,Muddy Hand Statue
ピケスラバンド,Pique Slime Band
カプサイスーツ,Capsai Suit
赤柱の間・二獄,Red Pillar Prison 2
げんぶの道着上,Black Tortoise Dogi
ブリガンティア,Brigantia
道具屋ビャクヤ,Item Shop Byakuya
獣魔ローガスト,Logast, the Demonic Beast
レンダーコリス,Lender Coris
預かり所ヴァン,Storage Vanne
ネジガラミの根,Nejigarami root
魔女のスーツ下,Witch's Suit Bottom
ロンリー・ハセ,Lonely Hasse
聖護の結界・黄,Yellow Sentinel Ward
ギュッとオバケ,Ghost Arm Doll
フロストギズモ,Freezing Fog
お菓子の国の木,Candy Country Tree
しんぷどらーく,Father Drak
プラチナの延板,Platinum Plate
気球のモビール,Balloon Mobile
達人プクッツォ,Master Pukutso
夢色カウンター,Dreamy Counter
サボテンダー強,Apex Cactuar
ドラゴンバンド,Dragonscale Headband
氷のけっしょう,Ice Crystal
郵便局員ルミラ,Postman Lumira
ベリルのほら穴,Beryl Den
道具屋プルリィ,Item Shop Purly
干しどくけし草,Dried Antidotal Herb
牙王ゴースネル,Fang King Gosnell
レメディピアス,Remedial Earring
学者ドクチョル,Scholar Dokchul
結晶の塔・前庭,Crystalline Spire - Vestibule
ドラゴンクロー,Dragon Claws
夕焼けかきわり,Sunset Backdrop
モガマルウェア,Cyril Suit
ノーブルブーツ,Noble Boots
ネクロデア廃城,Necrodea Castle
レース用の旗１,Racing Flag 1
エスニック水着,Ethnic Swimsuit
ドーリア式の柱,Doric Order Pillar
古ドワチャッカ,Old Dwachakka
バッジパック金,Gold Badge Pack
指揮官天使兵士,Angel Commander
セピアンハット,Sepian Hat
駅員ジャルジャ,Attendant Jalja
おたからスキル,Acquisitiveness skill
タイトなズボン,Tight Trousers
パドレカプセル,Padre Toy
イムイ地下空洞,Imui Underground Cave
隠密のはちまき,Covert Headband
芸人殺しのヒゲ,Comedian's Mustache
ギガスラッシュ,Gigaslash
砲撃ロックオン,Lock n' Load
テスト予備２１,Test Spare 21
わだつみの竜手,Ocean Lord's Claws
聖天舎のチェア,Monastery Chair
スコピオシェル,Scorpion Shell
錬金魔王の呪文,Alch Demon King Spell
虹色ニコちゃん,Rainbow Smyles
ファラオ・デス,Pharaoh Death
ウィングデビル,Aggrosculpture
亡霊の証拠写真,Ghost Evidence Photo
セラフィチェア,Seraphi Chair
スライムパック,Slime Tarot Pack
アルヴァンの像,Alvan Statue
エテーネの短剣,Ethene Dagger
てつのうであて,Iron Armguards
ギフトボックス,Gift Box
デザートダガー,Dessert Dagger
てつのこしだれ,Iron Faulds
魔兵ヒプノス強,Apex Hypnos
天の冒険者列伝,Divine Traveler's Bio
タイムカプセル,Time Capsule
コスミンの写真,Photo of Cosmin
彩雲のウィング,Rainbow Cloud Wings
ギガデーモン強,Apex Pruslas
武器屋ゲンバウ,Weapon Shop Genbau
釣り師の衣装券,Angler's Outfit Voucher
料理人シンタマ,Chef Syntama
賢者への登竜門,Success of a Sage
学園男子の冬服,Schoolboy Winter Wear
ゲルト族の氷器,Gert Ice Chalice
神光放つ剣の書,Holy Light Sword Book
やいばのルアー,Pointy Lure
しぐさ書・花束,Bouquet
ルコリアの手紙,Lucolia's Letter
しっぷうスキル,Turbulence skill
デーモンスピア,Demon Spear
原罪のタトゥー,Original Sin Tattoo
ダークペルシャ,Whiskamancer
セーラスエッジ,Selas Edge
マスターベスト,Master Vest
赤バラのタンス,Red Rose Wardrobe
ネコマンマの実,Cat Manma Fruit
なみだのシール,Tear Sticker
ヘリオスロッド,Helios Rod
イケてる海パン,Cool Trunks
デルタキマイラ,Delta Chimaera
渡し守ソマーク,Ferryman Somark
氷の釣りざお改,Uber Ice Fishing Rod
ローヌにんじん,Rhone Carrot
あくまのタクト,Devil's Baton
案内係セヴァス,Guide Sevas
冥兵バスタルグ,Balstag
開祖のてぶくろ,Founder's Gloves
ビーチサンダル,Slime Sandals
盗まれた星夜祭,Stolen Star Festival
取引商チェボン,Trader Chebon
メモリ負荷２６,Memory Load 26
麗姫のエクステ,Princess Extension
シルエット・犬,Silhouette Dog
広報係セレスタ,Public Relation Celes
毒蝶の羽やすめ,Poison Butterfly Wing
賢者のころも上,Sage Robe Top
パシエルのメモ,Pashiel's Memo
アトラスのお面,Atlas Mask
武器屋ジャガイ,Weapon Shop Jagai
武器屋ルアンベ,Weapon Shop Ruanbe
美容師イチジク,Hairdresser Ichijiku
プチ暗黒の魔人,Frail Ruin
神官のてぶくろ,Minister Gloves
プチ帝国三将軍,Frail Triumgorate
キングリザード,Liege Lizard
庭具屋ジャコウ,Outdoor Furniture Shop Jako
ウルベアの秘法,Urbea's Secret
泡雪のコート上,Light Snow Coat Top
一網打尽の心得,Round-Up Knowledge
炎の秘蹟の写真,Fire Sacrament Photo
転送係ムタタプ,Transfer Agent Muttap
ヘルヴェルの家,Helvel's House
転生モンスター,rarified monster
あげたてチキン,Freshly Fried Chicken
マジックスープ,Magic Soup
姿見スティック,Mirror Wand
巨竜樹タツノギ,Tatsunogi
売り子ユーニス,Vendor Eunice
盆踊りのやぐら,Festival Dance Stage
おしゃべりチノ,Chatty Chino
ディラック先生,Master Dilak
辺境の考古学者,Frontier Archeologist
ファーショール,Fur Shawl
冥王の大鎌・鎌,Netherscythe
ネギー画伯の絵,Negi Painting
クラウンズボン,Clown Trousers
家族への贈り物,Gifts for Family
エステラの部屋,Estella's Room
セレネウィング,Selene Wings
限界の先の限界,Limits Beyond Limits
リターナーモア,Repeckerel
棺桶風のベッド,Coffin Bed
ターボアクセル,Turbo Accel
レッドイーター,Bloodbonnet
ドワーフの祭壇,Dwarf Altar
ヘヴィチャージ,Heavy Charge
オーガシールド,Ogre Shield
トトネばあさん,Grandma Totone
音符の本棚・彩,Color Music Bookshelf
ジャージ男性用,Male Judge
便せん屋レンカ,Stationery Shop Renka
さんぞくウルフ,Ruff Ruffian
ワイルドベレー,Wild Beret
お招きのつばさ,Invitation Wing
謎の武装兵たち,Mystery Soldiers
おしゃべりれな,Chatty Lena
イベント宝箱２,Event Treasure Chest 2
紹介人トゥルノ,Introducer Tulno
たそがれくれど,Twilight Credo
ダサいＴシャツ,Tacky T-Shirt
和風のお城の家,Japanese Castle
交換員トルソー,Exchanger Toruso
安らぎを求めて,In Search of Peace
怒りのタトゥー,Tough Guy Tattoo
メイデンドール,Iron Maiden
小ぶりのナイフ,Small Knife
おおきなリボン,Ribbon L
シスター・ロゼ,Sister Rose
道具屋ラドニア,Item Shop Ladonia
ワープ庭具０７,Warp Garden Tool 07
スパイクヘッド,Spike Head
コテ線シール２,Steel Wire Sticker 2
武器鍛冶ブーツ,Weaponsmith's Boots
道具屋イツィオ,Item Shop Izio
スマートベッド,Smart Bed
ブロックアワビ,Block Ear Shell
滝の裏の洞くつ,Waterfall Cave
白木の間仕切り,Plain Partition
インコの鳥カゴ,Parakeet Birdcage
冥界のウィッグ,Underworld Wig
第三の領域方面,Path to Third Area
収集家メテオラ,Collector Meteora
王都キィンベル,Kimbel City
ネオンスター青,Neon Star (Blue)
ルミナスアーチ,Luminous Arch
ナラジアの背景,Narasia
よろこびの音叉,Tuning Fork of Joy
学園女子の合服,Schoolgirl Autumn Wear
メモリ負荷２２,Memory Load 22
占い師のチェア,Diviner Chair
神のさいほう針,Divine Sewing Needle
カブのこころ６,Kabu's Heart Lv6
えきいんぽーと,Attendant Boto
ダークネスボム,Darkness Bomb
ＤＱⅧ主人公券,DQⅧ Hero Ticket
文字数オーバー,# of letters exceeded
シールドオーガ,Escudogre
荒野の枯れ井戸,Withered Well
リンゴのタンス,Apple Wardrobe
ふくのかみたち,Gods of Fortune
てつのはちがね,Iron Headband
ギュッとネズミ,Mouse Arm Doll
武勲の城の門柱,Valor Castle Gatepost
紅葉のモビール,Autumn Leaf Mobile
だいくごってす,Carpenter Gottess
ベルベットの柱,Velvet Pillar
トナカイスーツ,Reindeer Suit
不死者の夜明け,Dawn of the Undead
こくうまソース,Barbecue Sauce
戦姫のレイピア,Royale Rapier
栄光の王斧の本,Great Axe Book
海２０２６印章,2026 Sea Stamps
こあくまのツノ,Lil' Devil Horns
のうふしごろう,Farmer Shigoro
十五夜のふすま,Full Moon Sliding Door
マッスルチョコ,Muscle Chocolate
管理棟ペコリア,Admin Building Pekoria
南国の釣りざお,Tropic Fishing Rod
黒仙翼のおうぎ,Black Fairy Wing Fan
純喫茶のベッド,Cafe Bed
美容師パパーナ,Hairdresser Papana
木工刀屋キダチ,Wood Slick Shop Kida
メタルハンター,Hunter Mech
スイートな服上,Sweet Top
ほうだんアント,Dull Deetle
テスト予備１６,Test Spare 16
取引商アリック,Trader Arick
サフランブーツ,Saffron Boots
タキシードくま,Tuxedo Bear
大富豪テーブル,Tycoon Table
創失の主神の間,Hall of the Unmighty
メラメラオイル,Frizz Oil
あらくれパンツ,Toughie Trousers
取引商ゼルマド,Trader Zelmad
桜花のモビール,Cherry Blossom Mobile
ペリポンソファ,Peripon Sofa
魔剣アストロン,Magic Blade Astoron
ねこ耳ニット帽,Cat Ears Knit Hat
魔狼のウィッグ,Wolf's Wig
便せん屋アオノ,Stationery Shop Aono
マイタウン１３,My Town 13
夏の渚のブレス,Summer Beach Braces
フィオーレの家,Fiore House
郵便局員オボロ,Postman Obor
王国無双の主従,A King & His Servant
手持ち花火・青,Blue Sparkler
精霊の泉　入口,Spring of Spirits Entrance
道具屋セネット,Item Shop Senette
縁結びぜんざい,Miso Soup
スラマオイルＬ,Slime Oil L
闇の根源の呪縛,The Source's Curse
原始のスライム,Primeval Slime
戦士のグローブ,Warrior Gloves
黄金の飾り短剣,Ornamental Knife
星降りのローブ,Starry Robe
マキュリの街灯,Makyuri Street Lamp
グレートマント,Great Cloak
立派な鉄製の壁,Fine Iron Wall
港町レンドア駅,Port Lendor Station
ライノスキング,Rhinocerex
ブレイクカップ,Break Cup
ラウルゴーグル,Rahul Goggles
銃士キュリトス,Musketeer Curitos
モガレキャンプ,Mogare Camp
エルフ風アーチ,Elf-Style Arch
かっこいい玉座,Stylish Throne
庭用ミニ枯山水,Mini Rock Garden (G)
野いちごシャツ,Wild Strawberry Shirt
妖貴妃のおうぎ,Beauty Empress Fan
カブのこころ１,Kabu's Heart Lv1
夢見るチョコラ,Dreaming Chokora
武器屋チアマト,Weapon Shop Chiamato
聖守護者の大盾,Sentinel's Greatshield
おしゃべりレナ,Chatty Lena
メモリ負荷１９,Memory Load 19
のうふぼなっぺ,Farmer Bonappe
料理屋フダード,Server Fudado
きらめきインク,Glittering Ink
闇朱の獣牙兵団,Crimson Fangs
うんメェ～もち,Fortune Mochi
ギュッとポルテ,Porte Arm Doll
時渡りのレター,A Time Traveling Letter
オータムウェア,Autumn Wear
レイヴンサイズ,Ebonwing Scythe
つむじ風の旅団,Whirlwind Brigade
アークデーモン,Archdemon
敵から離れて！,Stay away from enemies!
竜将のよろい上,Dragon General Armor
闘戦聖母の試練,War Mother's Trial
魔天壁ゼッパー,Sky Wall Zeppa
怒れる魔神の間,The Angry Aztech
エルボブ像白黒,W/B Eltona Bobtail St.
舞い手のズボン,Performer's Pants
氷風の旅装束下,Icewind Bottoms
ポニテエクステ,Ponytail Extension
さいだいＨＰ +2,Max HP +2
オレさまの宿命,One's Destiny
アビスジュエル,Abyss Jewel
シスター・ハパ,Sister Hapa
預かり所アルラ,Storage Arla
宝石魔術・月光,Moonlight Jewel Magic
取引商サナーン,Trader Sanaan
ラウルのコート,Rahul's Coat
宿屋ラデビュー,Innkeeper Ladebyu
武器屋ウーボイ,Weapon Shop Uboi
ルベランワンド,Ruberan Staff
武器屋ムントフ,Weapon Shop Muntov
カンフーズボン,Kung Fu Trousers
桜の吊るし行灯,Cherry Paper Lanterns
くノ一の装束下,Kunoichi Costume Bottom
エルフの礼くつ,Elf Shoes
協団の救援物資,Group Relief Supplies
魔獣のナワ張り,Beast's Den
エンゼルソード,Angel Sword
聖なる光の加護,Holy Light's Blessing
武器屋ベルガウ,Weapon Shop Belgau
えきいんべんと,Attendant Bento
オウマの研究室,Ouma's Laboratory
ウサぐるみ・茶,Brown Rabbit
すばらしい堆肥,Magnificent Manure
旧ネクロデア領,Old Necrodea Area
取引商ムツィコ,Trader Mutsico
シールシーカー,Sticker Seeker
せいれいの金具,Spirit Fittings
素材屋・道具屋,Material Shop/Item Shop
ウィンターギア,Winter Gear
セキバーンたち,Stone Crablet
アロハな海パン,Aloha Trunks
ビビッドヘッド,Marbled Moai
トランプケース,Tycoon Card Case
白木の大きい壁,Plain Wall L
やぐら北エリア,North Fort
カッチリクレイ,Stiff Clay
宿屋パピアット,Innkeeper Papiatto
ウマしっぽ・黒,Black Horse Tail
プラチナトレイ,Platinum Platter
便せん屋ヤマメ,Stationery Shop Yamame
トルネコの手紙,Torneko's Letter
素材屋フウザム,Material Shop Fuuzam
マルシェの果物,Market Fruit
僧兵のグローブ,Monk Warrior Gloves
花のアーチ・赤,Red Flower Arch
充填済み活原棒,Charged Energy Rod
天宮騎士のこて,Sky Knight Gauntlets
道化師のぼうし,Buffoon's Hat
スチールダリア,Steel Dahlia
パワーチャーム,Titan Belt
ユシュカの宝石,Yushka's Jewel
船舶管理局の家,Ship Bureau House
竜将のバイザー,Dragon General Visor
幸運の山鳩・庭,Good Luck Dove (G)
ガテリアの宝剣,Sword of Gateria
プリエールの杖,Staff of Priere
素材屋のぼうし,Material Shop Cap
守護者カムエル,Guardian Kamuel
黄金の魔物たち,Golden Fiends
黄金の飾りムチ,Ornamental Whip
ひとつめピエロ,Jinkster
巨大オニオーン,Giga Ornery Onion
シーサイドバス,Seaside Bathtub
風の町アズラン,Azlan
ベヒードス・塔,Tower Drakulurch
郵便局員ティゴ,Postman Tigo
サムライギフト,Samurai Gift
出張大使ギリー,Ambassador Gilly
モリナラ地下洞,Molinara Underground
ウールスカート,Wool Skirt
れんごくの羽毛,Purgatory Plumage
ドン・パパチョ,Don Papacho
聖王の弓の壁画,Dryspell Bow Book
夜狐の召し物上,Nightfox Shirt
セーラスクロー,Selas Claw
ランプのまじん,Low Djinks
マリン調のイス,Marine Chair
虚ろなる歌い手,Hollow Singer
行動時25%ピオラ,Accelerate On Action 25%
レザーの便せん,Leather Paper
案内係アメノナ,Guide Amenona
やわらかウール,Lambswool
きら星のハット,Twinkling Hat
武器をかかげる,Raise Weapon
きれいな肖像画,Beautiful Portrait
シャドウエッジ,Black Blade
セレドのお屋敷,Celed Manor
さいだいＭＰ +4,Max MP +4
大地くだき列伝,Groundbreaker Biography
エマージュの森,Emerging Forest
プレゼントの箱,Present Box
黒ぶちメガネ角,Black Square Glasses
ウェディ母モブ,Weddie Mother Mob
アラハの鉢植え,Al-Ahagiro Potted Plant
きぬのサンダル,Silk Sandals
取引商テーニャ,Trader Tenya
はけスティック,Brush Wand
黄金の飾りヤリ,Ornamental Spear
マイルドチョコ,Mild Chocolate
ブルーミンクス,Blue Mink
聖護の結界・黒,Black Sentinel Ward
ふちなしメガネ,Borderless Specs
プラーナソード,Blessed Blade
取引商パサール,Trader Pasar
ドルゴール・飛,Dol Radio - Fly
求道者の道着上,Seeker's Dogi Top
妖精の苗木・青,Blue Fairy Sapling
黒夜叉のかぶと,Black Bane Helmet
リンカキッチン,Linka Kitchen
ジラフマスター,Giruffian
武器屋セルーソ,Weapon Shop Celso
マーブルバニラ,Marble Vanilla
クリームの花束,Cream Bouquet
キングスライム,King Slime
防具屋ドロンガ,Armor Shop Doronga
風車の丘への道,Road to Windmill Way
村人おじさん１,Villager Uncle 1
月明かりの谷前,Moonlit Valley
フレンドリスト,friend list
レース屋アダル,Race Registrar Adal
魚交換員パパル,Fish Exchange Paparu
宵の霊堂　入口,Tomb of Twilight Entrance
マリンスライム,Seaslime
ファラオの左手,Pharaoh's Left Hand
伝説の三悪魔闘,Epic Legendary Evils
ブランマトック,Picky Mole
くさび模様の壁,Wedge Pattern Wall
畳まれた魔法布,Folded Magicloth
戦士の大盾の本,Warrior's Grtshd Book
セーラスランス,Selas Lance
庭具屋リッツェ,Outdoor Furniture Shop Ritze
アトラカシャル,Atlakashal
採掘ギルド周辺,Mining Guild Area
ププロイの小屋,Pupuloi's Hut
スタンプリスト,stamp list
朽ちた玉座の間,The Decaying Throne
チョコホイップ,Chocolate Whisp
なげきのギギロ,Grieving Gigiro
マリンセーラー,Marine Shirt
郵便局員アケビ,Postman Akebi
太古の秘密基地,Ancient Hideout
盾島・地下４階,Shield Isle - B4F
グリゴリぼうず,Watcher Boy
白色れんげの傘,White Lotus Umbrella
迷えるカミノレ,Lost Caminole
闇の神獣の写真,Divine Dark Beast Photo
クイックケーキ,Quick Cake
合力の剣器・地,Combined Blade of Earth
冷眠室ペコリア,Cryogenics Pekoria
スライムの化石,Slime Fossil
聖使者ホウガイ,Messenger Hougai
むしくいだらけ,Wormy
魔天竜ブーネイ,Sky Dragon Bunei
リルチェラの家,Lilcherat's House
プクリポの祭壇,Pukulipo Altar
ドラゴンソウル,Dragon Soul
アラビアン衣装,Arabian Outfit
アズラン水辺草,Azlan Waterside Plant
樹天の里への道,Road to Treetop Town
ぎんのむねあて,Silver Cuirass
エッグプリズム,Egg Prism
ワープ庭具０８,Warp Garden Tool 08
モッツァレーラ,Fromage Flay
魔界・地下４階,Demon World - B4F
暁の霊堂　出口,Mausoleum of Dawn Entry
ガラクタ置き場,Junk Storage
ネオンハート白,White Neon Heart
道具屋ウィート,Item Shop Wit
ジア・ゲイナス,Dia Bilhaw
いやしの精霊Ｂ,Healing Spirit B
砂の都の便せん,Sand City Paper
モアクラッシュ,Crashmore
僧兵のころも下,Monk Warrior Pants
新たなる目覚め,A New Awakening
デストロイヤー,Obliteratoriser
あやしい飾り棚,Suspicious Shelf
嵐魔ウェンリル,Wenrir the Storm
調理職人の看板,Cooking Sign
プクフル用の翼,Wings for Pukuful
道具屋メーロル,Item Shop Merol
最高級の純銀針,Pure Silver Needle
オートクレール,Hauteclaire
小悪魔ドレス上,Lil' Devil Top
北の星の探し方,Pinpointing Polaris
ゼニートのイス,Zenit Chair
ギガンテス・強,Vicious Gigantes
木工職人腕あて,Woodworker's Armwraps
交換屋バララサ,Exchange Shop Bararasa
武器屋ボリュー,Weapon Shop Boryu
取引商カッシュ,Trader Kasshu
銘菓　砂漠の月,Moon Desert Dessert
スイの塔地下階,Sui Tower Basement
サハラコート下,Sahara Coat Bottom
メダル王コイン,Medal King Coin
音符のイス・黒,Black Music Chair
バジリスクの弓,Basilisk Bow
ニットセーター,Knitted Sweater
十一の星獣ウニ,11th Star Beast Uni
カラフルラムネ,Colorful Soda
大会係員ラッピ,Event Staff Rappi
あおレンガの壁,Blue Brick Wall
桜モダンブーツ,Cherry Modern Boots
メモリ負荷２０,Memory Load 20
ドラゴンコイン,Green Dragon Coin
ガメゴンのぬし,Wyrtle Master
ジングルスター,Jingle Star
炎の領界への道,Road to Fire Realm
ネオンスピカ桃,Neon Spica (Pink)
武器屋イッテツ,Weapon Shop Ittetsu
闇の狂戦士０３,Dark Berserker 03
さいだいＭＰ +6,Max MP +6
屋台系庭具１５,Food Stall 15 (G)
どうぐやいんご,Item Shop Ingo
水槽アイテム８,Aquarium Item 8
ジア・レオーネ,Dia Leone
導きの水晶・翠,Green Guidance Crystal
叡聖のグローブ,Profound Gloves
ネオンハート桃,Neon Heart (Pink)
マグロバスター,Tuna Buster
死魔獣のしずく,Deadly Beast Drops
ハートを射抜く,Shoot Hearts
特別番組視聴券,Special Program Ticket
いにしえの金貨,Ancient Gold Coin
素材屋ピノッピ,Material Shop Pinoppi
エンジェル衣装,Angelic Costume
メルド結晶の壁,Meldo Crystal Wall
占い師のうでわ,Fortune Teller Bangles
リボンプリズム,Ribbon Prism
メリクリ便せん,Merry Christmas Paper
ほのおのせんし,Flamethrower
メーダプリズム,Lunatick Prism
オーラプリズム,Aura Prism
キメラの像・庭,Chimaera Statue (G)
バラークの岩棚,Barak Ledge
たそがれまりく,Twilight Malik
シスター・ヘラ,Sister Hera
天宮騎士の十戒,Knight's Commandments
キメラのつばさ,Chimaera Wing
怪蟲アラグネ強,Apex Araniad
パワフルスロー,Power Throw
さいだいＨＰ +4,Max HP +4
わがままあんな,Selfish Anna
きたないメダル,Dirty Medal
夢色馬車ワゴン,Dreamy Carriage Wagon
氷風のグローブ,Icewind Gloves
シスター・レゼ,Sister Reze
さいだいＨＰ +5,Max HP +5
マザー・ヘレナ,Mother Helena
ヒストリカの像,Historica Statue
防具鍛冶素材屋,Armorsmith Material Shop
スタンショット,Stun Smash
ビリビリリーフ,Shocking Leaf
ログハウスの壁,Log House Wall
レイブンヘッド,Raven Hood
バッジパック虹,Rainbow Badge Pack
ガメゴンロード,Wyrtoise
ブレイブアーム,Brave Bracers
取引商チャック,Trader Chuck
サクうまとと丸,Saku Uma Totomaru
道具屋スライル,Item Shop Slyle
ブレイク衣装券,Break Outfit Voucher
エメットの手紙,Emmett's Letter
授業エルフ男性,Elf Male Student
起源鎧デルメゼ,Delmeze, Armor of Origin
雷食い鳥の玉座,Thundereater's Throne
ウォークブーツ,Walk Boots
マヒャドかき氷,Kacrack Shaved Ice
案内係フェニア,Guide Phenia
天界のてぶくろ,Observatory Gloves
闇商人バラギル,Dark Merchant Balagir
七夕の錬金ツボ,Star Festival Jar
ぎんのレイピア,Silver Rapier
屋台系庭具１０,Food Stall 10 (G)
大魔王チケット,Grandmaster Ticket
壁かけたいまつ,Wall Torch
オトナなビキニ,Mature Bikini
賢者ブロッゲン,Sage Broggen
ウルベアの大盾,Urbea Greatshield
大魔王の贈り物,A Demon Lord's Gift
フワフワメガネ,Fluffy Glasses
カボチャベンチ,Pumpkin Bench
アウルシールド,Aur Shield
じゃんけんグー,Rock
ドラゴンゾンビ,Dragon Zombie
大学者のノート,Scholar's Notebook
ネレウスダガー,Nereus Dagger
樹天の里の木棚,Treetop Town Shelf
ホタルビーの像,Firefly Statue
転送係ビエーロ,Transfer Agent Viero
砂の都のテント,Sand City Tent
フラウスロッド,Flaus Rod
羽と星の便せん,Feather & Star Paper
サイレスヘッド,Gryphon Head
取引商チャリオ,Trader Chario
なげきのモリス,Grieving Morris
オグショー像黒,Black Ogreed Short St.
じゃあくなかげ,Evil Shadow
プチゴースネル,Frail Gosnell
マンドラゴラ黒,Black Mandragora
夜の神殿ポーチ,Temple of Night Pouch
大僧正トゥバン,High Priest Thuban
メルサンディ村,Melsandy Village
取引商カルカヤ,Trader Karukaya
どくがのナイフ,Poison Moth Knife
紹介屋チョスウ,Refer Shop Chosu
教会風のベンチ,Church-Style Bench
しゅがーすーつ,Sugar Suit
庭具屋パチュリ,Outdoor Furniture Shop Pachuli
マドロック船長,Captain Madlock
プディンのメモ,Pudin's Note
ポーリアは導く,Paulia Will Lead
オーガの町人服,Ogre Merchant Clothes
ムーンアックス,Moon Axe
水の解錠の円盤,Water Unlocking Disc
討伐隊員ギリン,Strike Force Girin
マイユキッチン,Maille Kitchen
ランガーオ山地,Langao Mountains
雪原のスカート,Snowfield Skirt
シルエット・猫,Silhouette Cat
学園直通ホーム,school direct platform
魔犬レオパルド,Evil Sir Leopold
ラブリーチョコ,Lovely Chocolate
ネタ「かかし」,Scarecrow Trick
夏宵メモワール,Summer Memoirs
巨商のターバン,Rich Merchant Turban
エルフのじゅず,Elf Bracelets
純真天使セット,Pure Angel Outfit
希望となった男,He Who Became Hope
少年レオーネ像,Young Leone Statue
ウェディベンチ,Weddie Bench
アオザイのくつ,Ao Dai Shoes
オバケのローブ,Ghost Robe
ロイヤルリング,Royal Ring
ラプタースーツ,Bird of Prey Suit
悲しきイレーン,Sad Elaine
ビッグファング,Crocodog
料理屋ローピン,Server Ropin
セラフィソファ,Seraphi Sofa
オーガ風アーチ,Ogre-Style Arch
取引商タルタタ,Trader Tarutata
冥黒の悪夢兵団,Black Nightmares
かいけつうるふ,Monster Wolf
夕凪の骨巻き貝,Evening Calm Conch
ダースドラゴン,Dread Dragon
ブルームワンド,Bloom Wand
てつのかなぼう,Iron Club
釣り師の衣装Ⅰ,Angler's Costume Ⅰ
魔法使いの服２,Mage Shirt 2
グラコスの日記,Gracos' Diary
ぶきみなたまご,Eerie Egg
炎の釣りざお改,Uber Fire Fishing Rod
うつくしい材木,Beautiful Wood
てつのよろい上,Iron Armor Top
セラピアカード,Serapia Cards
魔天翔ラルファ,Soaring Ralfa
しにがみのふく,Reaper's Robes
エルフの平服下,Elf Plain Bottoms
きこりぺっちゃ,Woodcutter Peccha
魔幻の最高幹部,Supreme Phantom
こけむしルドン,Derelect Dragoon
ももいろ三姉妹,Slime Sisters
ドラゴンカード,Green Dragon Card
カブのこころ２,Kabu's Heart Lv2
アリアハンの剣,Aliahan Sword
ワープ庭具１１,Warp Garden Tool 11
橙地に蛇の目傘,Orange Ring Umbrella
ゆめにゅうどう,Napir
タコヤキメット,Takopot
神獣シナリディ,Sinaridi
セクシータンス,Sexy Wardrobe
おやぶんの大盾,Big Boss Shield
はやてのベスト,Agility Gilet
レトロなふすま,Retro Sliding Door
氷の神獣の写真,Divine Ice Beast Photo
聖守護者のオノ,Sentinel's Axe
ミシュアの服下,Mishua Dress Bottom
渡し守アールフ,Ferryman Aleph
サメスーツ・青,Blue Shark Suit
アズラン住宅村,Azlan Residences
ガラクタ城の家,Junk Castle
ウェディのくつ,Weddie Shoes
５周年記念花火,5th Anni. Firework
魔獣イーギュア,Rapscallion
銀河のかんむり,Galaxy Hat
あやしい夢占い,Are Dreams Just Dreams?
オノむそう・改,Axes of Evil+
とあるじょしゅ,An Assistant
おいしいミルク,Fresh Milk
トゲトゲルアー,Spiky Lure
お茶屋のベンチ,Teahouse Bench
イエローパーチ,Yellow Perch
強・魔軍メダル,Apex Demon Army Medal
ヤマンばあさん,Grandma Yaman
しぐさ書・カニ,Crab Trick
ブレスガーダー,Breath Blocker
蝶々チャーム緑,Green Butterflies Charm
プラチナソード,Platinum Sword
正義のそろばん,Astrea's Abacus
学者のころも下,Academic Robe Bottom
そざいやめどり,Medori
よろず屋バメア,General Shop Vamea
フサフサのヒゲ,Fluffy Mustache
バントリユ地方,Bantryu Region
プリンスギフト,Princely Gift
島主ゴーレック,Island Chief Golek
しなやかな材木,Bendy Stick
金魚柄のふすま,Goldfish Sliding Door
バトリンピック,Gladiator Games
アドルフ運転士,Driver Adolf
オーレン両手杖,Oren's Staff
カボチャタンス,Pumpkin Wardrobe
ウサぐるみ・黒,Black Rabbit
移動係ケイティ,Travel Clerk Katie
サイおとこ・強,Vicious Rhinothrope
防具屋ミーリュ,Armor Shop Mieryu
ドミネウスの剣,Domineus' Sword
ジャムハンマー,Jam Hammer
シェルウィング,Shell Wings
みずがめの大盾,Aquarii Aegis
サクリファイス,Sacrifice
バルディスタ城,Valdista Castle
バラモスカード,Baramos Card
ブラウンの花束,Brown Bouquet
ルーベ・ゲノス,Rubay Genos
まごころの薬箱,Sincerity Medicine Box
ミネアの水晶玉,Meena's Crystal Ball
ギュッとミラン,Milan Arm Doll
プクリポ飾り棚,Pukulipo Shelf
戦魔の霊符・陽,Yang Fighter Talisman
半球体のかけら,Sphere Fragment
取引商レダナト,Trader Redanato
豪魔将ブレンダ,General Brenda
ケミカルゼリー,Fromage Fey
サンマの串焼き,Saury Skewer
ビッグサボテン,Colossal Cactus
カンダタこぶん,Merry Man
やどやほおずき,Innkeep Hozuki
有翼人のころも,Winged One's Robe
よごれたバッジ,Dirty Badge
ヒストリカの畑,Historica Field
ＰＣの冒険の書,PC's Adventure Log
小さな翼の祈り,Little Wing's Prayer
幸福のモコモコ,Fluff of Happiness
ポカふわキッズ,Fluffy Warm Small Fry
牢獄島の灯台守,Lighthouse Keeper
エンゼルウナギ,Angel Eel
聖騎士団執務室,Holy Knights Office
案内係シオラン,Guide Cioran
道具屋ボンゴス,Item Shop Bongos
ベリルコート上,Beryl Coat Top
サマーメモリー,Summer Memory
シーホライズン,Seamour
屋台系庭具２３,Food Stall 23 (G)
屋台系庭具２０,Food Stall 20 (G)
アノマロカリス,Anomalocaris
ようがんイチゴ,Lava Berries
ゆりかごの末裔,Descendants of the Cradle
やみしばりの書,Hellbound Horror Book
スイカプリズム,Watermelon Prism
交換員ノミギリ,Exchanger Nomigiri
ウルベアギフト,Urbean Gift
ウサぐるみの服,Rabbit Suit
物語は動きだす,The Story Gets Going
ラウルトランプ,Rahul Cards
賢哲のころも下,Wise Man Robe Bottom
氷の秘蹟の写真,Ice Sacrament Photo
ブラックリリィ,Black Lily
ヘビースタンプ,Heavy Stomp
うちわであおぐ,Wave Fan
エレクトピラー,Electropillar
ゴラトムの手紙,Goratom's Letter
ミネルバの聖杖,Minerva's Holy Staff
こっちこっち！,Over here!
ゲノス前室の扉,Genos Chamber Door
レシピ屋モルザ,Recipe Shop Morza
花の植木鉢・赤,Red Potted Flowers
ゆめみるえるー,Dreaming Eru
冥獣王ネルゲル,Netherfiend Nergel
悪夢の眷属たち,Nightmare Family
道具屋ボロディ,Item Shop Borody
チビッグハット,Frail Sham Hatwitch
彩虹の粘塊兵団,Rainbow Blobs
あぶない浴衣下,Daring Lower Yukata
食材屋リオンネ,Grocery Rionne
純喫茶のソファ,Cafe Sofa
ダイバートップ,Diver Top
宿屋・預かり所,Inn/Depository
パッチ柄机・青,Blue Patch Table
シャーククロー,Shark Claw
サイコマスター,Psycho Master
黒曜のマンダラ,Obsidian Mandala
ゆうわくエキス,Luring Extract
むずかしい注文,Difficult Orders
ＤＱⅦ劇場印章,DQVII Theatre Stamps
冒険者の羅針盤,Adventurer's Compass
銀のイヤリング,Silver Earrings
道具屋ベラチャ,Item Shop Beracha
防具屋プレッツ,Armor Shop Pretz
メイジダスター,Mage Duster
明日へのコーダ,Coda's Tomorrow
天声を聞きし者,The Voices of Heaven
夏２０１８・銀,Summer 2018 Silver
ランプ錬金職人,Lamp Alchemist
ベホマン便せん,Cureslime Paper
デイジーちゃん,Daisy-waisy
ユマテルの指輪,Umatel's Ring
なげきのトニオ,Grieving Tonio
聖翼のグローブ,Sacred Gloves
空賊の飛行日誌,Sky Pirate's Logbook
剛拳王ナーグル,Sturdy King Nurgle
聖使者チャミミ,Messenger Chamim
グラスキャット,Glass Catfish
精霊に捧げる舞,Dance For The Spirits
トルマリシード,Tourmaline Seed
魔天翔メルファ,Soaring Melfa
古びた羊皮紙３,Old Parchment 3
砂海のグローブ,Sand Sea Gloves
創生番号１５４,Creation Number 154
ダラマッド遺跡,Dalmurd Ruins
夏の縁台セット,Summer Bench Set
おしゃべりろで,Chatty Rode
雪の結晶ふすま,Snowflake Sliding Door
うろこ模様の壁,Scale Pattern Wall
レース屋ルミネ,Race Registrar Lumine
レイングローブ,Rain Gloves
とっしんアマモ,Anguillalalala
レギオン軍事学,Legion Army Studies
さそりばち・異,Anomalous Waspion
ゾーマトランプ,Zoma Deck
勇者姫のブーツ,Hero Princess Boots
エゼバスソルト,Eze Bath Salt
アサシンブーツ,Assassin Boots
色を好まぬ色男,Color Man Hates Color
デーモンサイズ,Demon Scythe
冥王ネルゲル強,Apex Nergel
メガンテロック,Kamikazee Rock
ＣＭ用エルフ４,Elf For CM 4
カンパイセット,Drinking Set
迅雷の丘への道,Road to Thundering Hills
アイアンクック,Robo-Robin
道具屋モリモリ,Item Shop Morimori
紹介人クートー,Introducer Kurtor
ガーデンベッド,Garden Bed
神託のローブ上,Oracle Robe Top
赤柱の間・三獄,Red Pillar Prison 3
エメラルドーン,Emeraldon
ムフフ本を読む,Read Ogler's Digest
直角三角形定規,Right Triangle
ゾークハンマー,Zork Hammer
クローバーの家,Clover House
マジックアロー,Conjury Conductor
水の祠の守護者,Water Shrine Guardian
メイドキャップ,Maid Cap
華商人のたすき,Merchant's Sash
スライムボーグ,Cyber Slime
アスバルのメモ,Asbal's Note
カリスマココア,Charisma Cocoa
人狼勇者ポーチ,Werewolf Hero Pouch
プラチナのこて,Platinum Gauntlets
赤のジョーカー,Red Joker
春風のフルート,Herald of Spring
ささやく枯れ葉,Witherleaves
ゼドラ族長の妻,Zedra Leader's Wife
プクリポチェア,Pukulipo Chair
海賊の戦闘服下,Pirate Pants
青の騎士団詰所,Blue Brigade Guardroom
エルフの烏帽子,Elf Hat
ガナン式ツリー,Gittish Tree
世界樹の花閉じ,Closed Yggdrasil Flower
まとめ屋タバネ,Summary Shop Tabane
シルフプリズム,Sylph Prism
コガタカプセル,Little Penguin Toy
大怨霊マアモン,Grudge Sludge
ファータドレス,Fata Outfit
トコトコロボ２,Trotting Robot 2
ザンクローネ像,Zankrone Statue
究極の表現領域,Realm of Expression
ネオンビーム黄,Neon Beam (Yellow)
宵の霊堂　出口,Tomb of Twilight Exit
イエローリップ,Yellow Tulip
地底湖の洞くつ,Underground Lake Cave
木こりペッチャ,Woodcutter Peccha
デスマスブーツ,Death Master Boots
創生番号０３９,Creation Number 039
反逆者ゴッツェ,Traitor Gotze
ラストテンツク,Sluggerslaught
テスト予備２６,Test Spare 26
デーモンキング,Demon Overlord
郵便局員アマト,Postman Amato
ゴーレムの頭像,Golem Head Statue
精霊超人ブロズ,Brohz, Spiritual Superbeing
みやびな笹飾り,Elegant Bamboo Decor
シスター・リノ,Sister Reno
昏き悪夢の衝撃,Nightmare's Impact
１０周年レンズ,10th Anniversary Lens
ドワーフ風の柱,Dwarf-Style Pillar
取引商プップル,Trader Pupple
騎神のグリーブ,Knight God Greaves
心層伽藍への道,Road to Temple of the Heart
アズランカズラ,Azlan Flowers
天狐のタトゥー,Sky Fox Tattoo
なげきのミラン,Grieving Milan
ウェディカヌー,Weddie Canoe
緑風鬼フーたち,Fuu, the Green Wind and co.
転送の門・内部,Relay Gate - Inside
極楽めぐりの旅,Trip To Paradise
コスモスのこて,Cosmos Gloves
聖翼のドレス上,Sacred Dress Top
倉庫追加利用券,Warehouse Addon Ticket
Mサイズお城4 壁,M. Size Castle 4 Wall
もみじのアーチ,Maple Arch
もこもこズボン,Fluffy Pants
木工職人の足袋,Woodworker's Socks
ゴルゴンゾンビ,Gorgon Zombie
オルセコ王国領,Orseco Kingdom Region
博愛騎士のやり,Love Knight Lance
思い出の整理術,Organizing Memories
コメットソード,Comet Sword
CSダミードワ女,CS Dummy Dwarf F
アトラス耐性50,Atlas Res 50
リサイクル11711,Recycle 11711
リサイクル12403,Recycle 12403
アトラス耐性25,Atlas Res 25
リサイクル11712,Recycle 11712
ＭＰ吸収率 +10%,MP Absorption +10%
CSダミードワ男,CS Dummy Dwarf M
封印ガード +30%,Seal Guard +30%
リサイクル11707,Recycle 11707
CSダミー人小男,CS Dummy Boy
リサイクル11709,Recycle 11709
混乱ガード +30%,Confusion Guard +30%
CSダミーオガ男,CS Dummy Ogre M
CSダミープク女,CS Dummy Puku Female
CSダミー人小女,CS Dummy Girl
リサイクル11706,Recycle 11706
即死ガード +10%,Insta-Death Guard +10%
アトラス耐性75,Atlas Resistance 75
リサイクル11704,Recycle 11704
暗黒空間Z 出口,Dark Space Z Exit
カブのこころ10,Kabu's Heart Lv10
CSダミーオガ女,CS Dummy Ogre F
CSダミープク男,CS Dummy Puku Male
リサイクル11715,Recycle 11715
リサイクル11705,Recycle 11705
リサイクル11714,Recycle 11714
リサイクル11716,Recycle 11716
リサイクル11708,Recycle 11708
リサイクル11710,Recycle 11710
CSダミー人間女,CS Dummy Woman
リサイクル11703,Recycle 11703
宝箱ゾーマCS用,Zoma Box CS
バズズ(コイン),Pazuzu (Coin)
ハンマー(片手),Hammers
リサイクル11713,Recycle 11713
魅了ガード +20%,Beguile Guard +20%
身かわし率 +3%,Dodge Rate +3%
大扉の間 入口,Large Doors Entrance
天罰の間 入口,Hall of Punishment Entrance
ＭＰ吸収率 +4%,MP Absorption +4%
太古の泉 入口,Old Spring Entrance
井戸の底 出口,Bottom of Well Exit
TE用ギミック10,Gimmick for TE 10
ナスビナーラ7,Woebergine 7
炎樹の丘 入口,Firetree Hill Entrance
巨猫の巣 入口,Cat's Cradle Entrance
３階-騎士団棟,3F - Knights' Quarters
呪文暴走率 +3%,Haywire Rate +3%
飛竜の峰 入口,Dragon Peak Entrance
巨猫の巣 出口,Cat's Cradle Exit
海獣の巣 出口,Nest of the Sea Beast Exit
創失の塔 出口,Tower of Unmaking Exit
こうげき力 +70,Attack +70
第２層-書物庫,Level 2 - Library
３階-兵士詰所,3F - Guardroom
リサイクル4266,Recycle 4266
地下水脈 出口,Water Vein Exit
竜神の柩 入口,Dragon God's Coffin Entrance
弔いの間 出口,Burial Room Exit
リサイクル2073,Recycle 2073
創失の塔 入口,Tower of Unmaking Entrance
精霊の間 出口,Hall of Spirits Exit
御前広場 出口,Imperial Plaza Exit
絶望の間 出口,Chamber of Despair Exit
解放の間 入口,Restoratory Entrance
新星の間 入口,New Star Chamber Entrance
怪鳥の巣 入口,Bird's Nest Entrance
水環の間 出口,Circle of Water Exit
誓いの場 出口,Place of Oath Exit
ゼドラ洞 入口,Zedra Cave Entrance
巨竜の巣 出口,Dragon Nest Exit
破邪舟 発着点,Ship Dock
竜の脈動 +20秒,Dragon Pulse +20 sec.
玉座の間 入口,Throne Room Entrance
かいしん率 +6%,Critical Rate +6%
祭壇の間 出口,Altar Room Exit
剣闘の間 出口,Gladiator's Grotto Exit
こうげき力 +13,Attack +13
こうげき力 +50,Attack +50
こうげき力 +30,Attack +30
漆黒の間 入口,The Black Room Entrance
結晶の森 入口,Crystalline Forest Entrance
財宝の間 出口,Treasure Room Exit
謁見の間 入口,Audience Chamber Entrance
リサイクル8203,Recycle 8203
創生の渦 出口,Creatorium Exit
地下倉庫 入口,Underground Storage Entrance
かいしん率 +2%,Critical Rate +2%
王者の座 出口,Seat of the Sovereign Exit
天願の座 入口,Divine Seat Entrance
静寂の泉 出口,Spring of Silence Exit
かいしん率 +4%,Critical Rate +4%
久遠の森 入口,Forest of Eternity Entrance
ナギリ洞 出口,Nagiri Cave Exit
絶望の間 入口,Chamber of Despair Entrance
音叉の間 入口,The Rippling Resonators Entrance
真実の間 出口,Hall of Truth Exit
おしゃれさ +25,Style +25
ナスビナーラ2,Woebergine 2
煉獄の谷 入口,Hell's Valley Entrance
西の塔-テラス,West Tower Terrace
リサイクル8206,Recycle 8206
呪いの泉 入口,Cursed Spring Entrance
財宝の間 入口,Treasure Room Entrance
みのまもり +10,Resilience +10
ＭＰ吸収率 +6%,MP Absorption +6%
転送の門 入口,Relay Gate Entrance
ロンダ岬 出口,Rhonda Cape Exit
緋石の間 出口,Divine Crimsonite Chamber Exit
瑞星の間 入口,Lucky Star Chamber Entrance
世界球根 入口,Worldbulb Entrance
無の空洞 出口,Nook of Naught Exit
石碑の間 出口,Rock Epitaph Exit
飼育小屋 入口,Animal Pen Entrance
神獣の森 入口,Stormbough Entrance
ロンダ岬 入口,Rhonda Cape Entrance
メタルブラ柱1,Metal Medley Pillar 1
精霊の間 入口,Hall of Spirits Entrance
大辛の間 入口,Very Spicy Entrance
石碑の間 入口,Rock Epitaph Entrance
冬の宮殿 入口,Winter Palace Entrance
天の雷砲 出口,Skycannon Exit
おしゃれさ +40,Style +40
メタルブラ柱2,Metal Medley Pillar 2
魔幻宮殿 入口,Demon Palace Entrance
暁の水底 入口,Depths of Dawn Entrance
１階-騎士団棟,1F - Knights' Quarters
儀式の間 入口,Ritual Hall Entrance
おしゃれさ +60,Style +60
天声の間 出口,Voicehalla Exit
第二庁舎 入口,Building 2 Entrance
戒めの地 出口,Cave of Counsel Exit
第二庁舎 出口,Building 2 Exit
記憶の門 入口,Gate of Memories Entrance
大蛇の巣 出口,Snake Pit Exit
呪いの泉 出口,Cursed Spring Exit
こうげき力 +75,Attack +75
野獣の巣 入口,Beast's Nest Entrance
グレン城 入口,Glen Castle Entrance
時見の泉 入口,Timeseer Spring Entrance
太古の泉 出口,Old Spring Exit
緑の聖域 出口,Green Sanctuary Exit
身かわし率 +4%,Dodge Rate +4%
浄月の間 出口,Moonlit Hall Exit
焦熱の間 入口,Molten Core Entrance
儀式の間 出口,Ritual Hall Exit
緑の聖域 入口,Green Sanctuary Entrance
封印の守り手A,Seal Protector A
盾ガード率 +1%,Parry Rate +1%
静寂の泉 入口,Spring of Silence Entrance
瑞星の間 出口,Lucky Star Chamber Exit
転生の園 出口,Reincarden Exit
盾ガード率 +2%,Block Rate +2%
ナギリ洞 入口,Nagiri Cave Entrance
巨竜の巣 入口,Dragon Nest Entrance
大扉の間 出口,Large Doors Exit
こうげき力 +40,Attack +40
？？？？ 出口,???? Exit
天の聖壇 出口,Heavenly Altar Exit
メタルブラ壁2,Metal Medley Wall 2
魔幻宮殿 出口,Demon Palace Exit
迎春の間 入口,New Year's Room Entrance
こうげき力 +25,Attack +25
恵みの園 出口,Gratia Exit
冬の宮殿 出口,Winter Palace Exit
メタルブラ柱3,Metal Medley Pillar 3
太陽の塔 出口,Sun Tower Exit
解放の間 出口,Restoratory Exit
こうげき力 +80,Attack +80
大蛇の巣 入口,Snake Pit Entrance
おしゃれさ +35,Style +35
控えの間 出口,The Antechamber Exit
おしゃれさ +20,Style +20
結実の間 入口,Root of Fruition Entrance
村長の家 出口,Villagehead's House Exit
戒めの地 入口,Cave of Counsel Entrance
神代の間 出口,Hall of Old Exit
カメの巣 入口,Turtle's Nest Entrance
水環の間 入口,Circle of Water Entrance
全職ちから +10,Natural Strength +10
かいしん率 +5%,Critical Rate +5%
誓約の園 出口,Grounds of the Covenant Exit
御前広場 入口,Imperial Plaza Entrance
神代の間 入口,Hall of Old Entrance
暁の水底 出口,Depths of Dawn Exit
メタルブラ壁3,Metal Medley Wall 3
祭壇の間 入口,Altar Room Entrance
導星の間 出口,Guiding Star Chamber Exit
世界球根 出口,Worldbulb Exit
中辛の間 入口,Medium Spicy Entrance
飛竜の峰 出口,Dragon Peak Exit
浄罪の泉 入口,Spring of Purity Entrance
鍛竜の洞 入口,Dragonforge Cave Entrance
ナスビナーラ5,Woebergine 5
王家の庭 聖泉,Royal Garden Spring
こうげき力 +60,Attack +60
詩歌の間 入口,Poetry Room Entrance
天声の間 入口,Voicehalla Entrance
海獣の巣 入口,Nest of the Sea Beast Entrance
秘伝の間 入口,Chamber of Secrets Entrance
おしゃれさ +45,Style +45
封剣の門 出口,Sealed Sword Exit
こうげき力 +20,Attack +20
森の井戸 出口,Forest Well Exit
弔いの間 入口,Burial Room Entrance
謁見の間 出口,Audience Chamber Exit
２階-騎士団棟,2F - Knights' Quarters
リサイクル2074,Recycle 2074
３階-家庭科室,3F - Home Economics Room
五行の塔 出口,The Five Towers Exit
学園ギミック2,Academy Gimmick 2
秘伝の間 出口,Chamber of Secrets Exit
天の雷砲 入口,Skycannon Entrance
こうげき力 +11,Attack +11
天罰の間 出口,Hall of Punishment Exit
誓いの場 入口,Place of Oath Entrance
リサイクル4267,Recycle 4267
漆黒の間 出口,The Black Room Exit
創生の渦 入口,Creatorium Entrance
暁星の間 出口,Dawnstar Chamber Exit
誓約の園 入口,Grounds of the Covenant Entrance
無の空洞 入口,Nook of Naught Entrance
記憶の門 出口,Gate of Memories Exit
継承の間 出口,Hall of Inheritance Exit
西の塔-研究室,West Tower Laboratory
毒牙の間 入口,Toxic Grotto Entrance
おしゃれさ +15,Style +15
竜神の座 入口,Seat of the Dragon God Entrance
地下倉庫 出口,Underground Storage Exit
勇者の橋 入口,Bridge of Heroes Entrance
かいしん率 +3%,Critical Rate +3%
皇帝の間 出口,King's Abode Exit
おしゃれさ +50,Style +50
ナスビナーラ4,Woebergine 4
剣闘の間 入口,Gladiator's Grotto Entrance
おしゃれさ +10,Style +10
こうげき力 +15,Attack +15
鍛竜の洞 出口,Dragonforge Cave Exit
呪文暴走率 +1%,Haywire Rate +1%
１階-学園長室,1F - Principal's Office
結晶の間 入口,Crystal Chamber Entrance
リサイクル8200,Recycle 8200
こうげき力 +10,Attack +10
太陽の塔 入口,Sun Tower Entrance
玉座の間 出口,Throne Room Exit
激辛の間 入口,Xtreme Spicy Entrance
浄月の間 入口,Moonlit Hall Entrance
おしゃれさ +55,Style +55
慰霊の浜 入口,Solace Beach Entrance
迎春の間 出口,New Year Room Exit
竜神の柩 出口,Dragon God's Coffin Exit
王家の墓 入口,Royal Tomb Entrance
時見の泉 出口,Timeseer Spring Exit
身かわし率 +2%,Dodge Rate +2%
ＭＰ吸収率 +2%,MP Absorption +2%
結界の間 出口,Barrier Chamber Exit
ナスビナーラ6,Woebergine 6
村長の家 入口,Villagehead's House Entrance
おしゃれさ +65,Style +65
王家の墓 出口,Royal Tomb Exit
王国側 港内部,Kingdom Side Port
ナスビナーラ3,Woebergine 3
緋石の間 入口,Divine Crimsonite Chamber Entrance
結界の間 入口,Barrier Chamber Entrance
天願の座 出口,Divine Seat Exit
スイの塔 入口,Sui Tower Entrance
継承の間 入口,Hall of Inheritance Entrance
結晶の間 出口,Crystal Chamber Exit
奈落の門 入口,Abyss Gate Entrance
？？？？ 入口,???? Entrance
封印の守り手B,Seal Protector B
沖の孤島 出口,Isolated Isle Exit
天の聖壇 入口,Heavenly Altar Entrance
こうげき力 +12,Attack +12
リサイクル4269,Recycle 4269
導星の間 入口,Guiding Star Chamber Entrance
暁星の間 入口,Dawnstar Chamber Entrance
１階-預かり所,1F - Depository
剣核の間 入口,The Sword's Core Entrance
神授の間 入口,Gallery of the Gift Entrance
封印の間 入口,Sealed Room Entrance
新星の間 出口,New Star Chamber Exit
転生の園 入口,Reincarden Entrance
詩歌の間 出口,Poetry Room Exit
氷床_サフィル,Ice Sheet Saphir
湖の遺跡 出口,Lake Ruins Exit
真実の間 入口,Hall of Truth Entrance
恵みの木 入口,Tree of Grace Entrance
学園ギミック1,Academy Gimmick 1
転送の門 出口,Relay Gate Exit
おしゃれさ +30,Style +30
創失の塔-望楼,Tower of Unmaking - Watchtower
祈りの宿-宿屋,Prayer Inn - Lodging
神授の間 出口,Gallery of the Gift Exit
滅びの間 入口,Chamber of Destruction Entrance
慰霊の浜 出口,Solace Beach Exit
野獣の巣 出口,Beast's Nest Exit
リサイクル8197,Recycle 8197
メタルブラ壁1,Metal Medley Wall 1
こうげき力 +55,Attack +55
悪意の源 入口,The Source of Malice Entrance
断罪の剣 入口,Sword of Atonement Entrance
結実の間 出口,Root of Fruition Exit
呪文暴走率 +2%,Haywire Rate +2%
マデ神殿 入口,Made Temple Entrance
祈りの宿-教会,Prayer Inn - Church
陣の時間 +10秒,Circle Duration +10 sec.
怪鳥の巣 出口,Bird's Nest Exit
毒牙の間 出口,Toxic Grotto Exit
浄罪の泉 出口,Spring of Purity Exit
魔女の森-墓場,Witchwood - Graveyard
リサイクル4268,Recycle 4268
おしゃれさ +70,Style +70
２階-兵士詰所,2F - Guardroom
ヘルカッチャ,Masqueraider
料理屋デネラ,Server Denera
三の塔・中層,Tower 3 - Middle Area
マヒャデドス,Kacrackle
空賊のブーツ,Sky Pirate Boots
防具屋ハカム,Armor Shop Hakam
黄金の試練場,Golden Trial
レモンハルト,Lemonheart
純喫茶のラグ,Cafe Rug
シャンデリア,chandelier
創世の樹の頂,Top of the Worldroot
王弟カルーモ,Prince Carumo
いろいろ設定,Settings
壁かけの布袋,Hanging Cloth Sack
運命の振り子,Pendulum of Fate
恋するベティ,Betty in Love
お祭りの足袋,Festival Socks
道具屋ミヤセ,Item Shop Miyase
大獄獣のムチ,Hellbeast Whip
黒き濁流の塔,Black Stream Tower
クリフゲーン,Cliffgain
研究者ゾルベ,Researcher Zorb
鉄壁のかぶと,Ironclad Helmet
建物屋モエギ,Building Shop Moegi
黄昏だいふく,Dusk Daifuku
小悪魔衣装券,Lil' Devil Outfit Voucher
八の塔・下層,Tower 8 - Lower Area
農夫シゴロウ,Farmer Shigoro
リュート通常,Normal Lute
エステラの像,Estella Statue
道具屋チュナ,Item Shop Chuna
ふゆばあさん,Grandma Fuu
女神ゼネシア,Goddess Zenethia
つるぎの酒場,Doom 'n' Gloom
ワイヤーマン,Wire Man
ブエルの紋章,Buer Crest
笑いの祭典！,Laugh Festival!
しすたーあん,Sister Ann
天声に至る者,Speaker of the Divine
男性用天使服,Angel Clothes (M)
めでたチキ坊,Happy Chickibo
バットエンド,Bato-End
ビッグハット,Sham Hatwitch
流砂の海原前,The Shifting Sands
飛行レース場,Flying Race Track
魔封士ムクゲ,Demon Sealer Mukuge
深海のほこら,Deep Sea Shrine
サポート仲間,support companion
リンジャハル,Linjahar
預かり所シキ,Storage Shiki
ジャドアーン,Jadoaan
十二将の広間,Hall of the Twelve
エルフ食器棚,Elf Cupboard
ホーローの杖,Hollow's Cane
ドラゴン・塔,Tower Green Dragon
白バラの本棚,White Rose Bookshelf
魔技師ブーツ,Technomancer Boots
にちりんの書,Book of The Sun
神父ドラーク,Father Drak
欠けた花びん,Chipped Vase
やどやきせら,Innkeep Kisera
パペットマン,Magic Marionette
黒曜のひとみ,Obsidian Eye
美容師ヤココ,Hairdresser Yakoko
時増しの女王,Aged Queen
とうこん討ち,Clap Trap
灯籠のアーチ,Lantern Arch
なぞの黒騎士,Spearman in Black
スフィンクス,Sphinx
たてごとの弓,Harp Bow
上質なウール,High-Quality Wool
神獣カシャル,Divine Beast Kashal
ヤシの木・大,Palm Tree L
クレイの花束,Clay Bouquet
あらなわ明神,Angerope
シャペル神父,Father Sharpel
ヘドロの沼地,Sludge Swamp
カミハルムイ,Kamiharmui
ＮＰＣ０００,NPC 000
針屋ドーニラ,Needle Shop Donila
シドースピア,Malroth Spear
Ｖロンの本棚,Vron Bookshelf
豊穣のリーフ,Abundance Leaves
お札つきの壁,Talisman Wall
ルイーダ印章,Patty Stamps
闇のプスゴン,Dark Pusgon
カメレオン傘,Chameleon Umbrella
異国の神学書,Exotic Theology Book
ビッグな香水,Big Perfume
おそうじぼう,Cleaning Rod
センマイの間,Omasum Area
宿屋フハホフ,Innkeeper Huhahofu
武器屋ヨイジ,Weapon Shop Yoiji
カジノレイド,Casino Raid
ゾーマのツメ,Zoma's Claw
けがされた扇,Injured Fan
陽衆の隠れ家,Yang Clan Hideout
死神のピアス,Reaper's Earrings
ダークな視線,Dark Gaze
古レンガの壁,Old Brick Wall
ホラーマシン,Killed Machine
神官のぼうし,Minister Mitre
導師の目隠し,Guru's Blindfold
ピュアスノー,pure snow
邪骨のナイフ,Evil Bone Knife
ハートナイト,Snooty Slime Knight
ピーヒャラ笛,Paper Whistle
コルトリウム,Colt Rheum
天光のしずく,Refreshing Dew
ようせいの粉,Pixie Dust
団子屋モツィ,Dumpling Shop Mozi
戦鬼の乱れ舞,Demon's Duet
矢絣のゆかた,Feather Yukata
魔創兵ゲゾラ,Evil Troop Gezra
白ユリの守り,White Lily Protection
虚竜の端くれ,Fragment of the Void Dragon
徒弟ティサン,Apprentice Tisan
九の塔・上層,Tower 9 - Upper Area
黄の上錬金石,Topaz Gem
ジア・ドラゴ,Dia Drago
ウッツァ神父,Father Uzza
花火屋アロト,Fireworks Shop Arot
魔兵タナト強,Apex Thanatos
くじ屋ハピピ,Lottery Hapipi
女王ゼルメア,Queen Zelmea
冥王ネルゲル,Netherlord Nergel
女神の首飾り,Goddess' Necklace
夜桜のブーツ,Night Cherry Boots
大会係員ハグ,Event Staff Hagu
神官シューヌ,Priest Shunu
家具予備１０,Spare Furniture 10
脈動する鉱石,Pulsating Ore
ヒットデビル,Dip Devil
虹色のオーブ,Iridescent Orb
第三の月の像,Third Moon Statue
栄光の鎧・銀,Silver Glory Armor
道化師の服上,Buffoon's Shirt
届けたい想い,Deliver Thoughts
星詠みの秘扇,Starsong Fan
レッドオーブ,Red Orb
キレイな地図,Clean Map
マリンブレス,Marine Bracelets
脱力のススメ,A Word to the Weak
ローズロッド,Rose Rod
応用２・過去,Applied 2 - Past
道具屋ルオプ,Item Shop Luop
優美なぞうり,Exquisite Sandals
デズリンの針,Deathlin's Needle
まものつかい,monster wrangler
魔幻園の噴水,Demon Park Fountain
全身ゴールド,Golden Body
あろるふじん,Mrs. Arol
ラプパの手紙,Lapa's Letter
大工エゾマツ,Carpenter Spruce
天狐のピアス,Sky Fox Earring
うるわしの館,Beautiful Mansion
第３層・下層,L3 - Lower Area
カミルの手紙,Kamil's Letter
宿屋シャミー,Innkeeper Shammy
ハネツキ博士,Dr. Hanetsuki
女神の黄玉石,Yellow Goddess Gem
神官オルヴァ,Priest Orva
大魔王の覇印,Seal of Domination
神父バルトル,Father Baltor
げんこつダケ,Fisticup
破れたページ,Torn Page
ディレクター,director
ヤナギ兵士長,Captain Yangi
水引のピアス,Paper Decor Earrings
車掌マリウス,Conductor Marius
人形師の小箱,The Dollmaker's Box
案内係クック,Guide Cooke
アウルエッジ,Aur Edge
道具屋グッタ,Item Shop Getta
さいほう設備,Sewing Facility
誓約の園の扉,Grounds Door
眠るコウリン,Sleeping Kourin
ダースギズモ,Golden Gloom
十の塔・下層,Tower 10 - Lower Area
宇宙かきわり,Space Backdrop
ランジュール,Ranjour
料理屋ナハギ,Server Nahagi
カピバラの像,Capybara Statue
リッジグロー,Ridge Glow
案内係サナム,Guide Sanam
調理作業着上,Cook's Shirt
クロワランス,Croixlance
時増しの鬼王,Aged Defiant
交換屋ポペナ,Exchange Shop Popena
フーラズーラ,Fluzula
ホッツィ親方,Boss Hotzi
神官ガタチャ,Priest Gatacha
メギドロイド,Mechidroid
ユーシャさま,Luminary
サンタの服上,Santa Suit Top
どうぐかばん,item bag
ジア・ルーベ,Dia Rubay
砂だまりの間,The Sand Lot
ズケティ部長,President Zuketi
管理棟　下層,Admin Building Lower Area
学徒ヤマザト,Student Yamazato
ゆうれいの鎌,Spirit's Scythe
マデ氏族の男,Made Clansman
はめつの使者,Archbashop
りゅうぐう王,Nessicure
野蛮なる災厄,License to Calamity
ジェリーマン,Admirer
マスター免状,Master Diploma
小鳥の鳥カゴ,Small Birdcage
石彫細工の柱,Stonework Pillar
ダラズ大鉱脈,Daraz Prospect
フレーム・銀,Frame Silver
なまくらバチ,Dull Bee
純白のナスビ,Pure White Eggplant
回想の兵士Ｂ,Reflect Soldier B
神様のお告げ,Word of God
蒼穹の覇王伝,Azure King's Legend
ザグバン丘陵,Zagban Hills
貴賓室・上層,VIP Room - Upper Area
無限の磁力石,Infinite Magnetite
鍵付きロープ,Rope With Key
超錬金ツボ小,Super Jar S
四天の星巡り,Four Heavenly Trials
怪鳥クワット,Eerie Bird Quat
神官クーパー,Priest Cooper
遠征軍駐屯所,Expedition Station
コキュードス,Icicle Dragon
レッドベリー,Buzzberries
魔女のブーツ,Witch's Boots
モチばあさん,Grandma Mochi
城主ダストン,Duston
マジステッキ,Charming Charm
第二の月の像,Second Moon Statue
はがねの大盾,Steel Greatshield
駅員マツノシ,Attendant Matsunoshi
渾身斬り・改,Cutting Edge+
第２層・上層,L2 - Upper Area
テトラルの像,Tetral Statue
チャンプ教官,Instructor Hammer
聖者のブーツ,Saint's Boots
マダム・ベル,Madame Belle
洞くつ最深部,Cave Depths
ドワーフタル,Dwarf Barrel
月夜見の清泉,Lunar Spring
伝説の三悪魔,The Legendary Evils
古代のレンチ,Ancient Wrench
兵士の訓練場,Soldier Training Grounds
第三の召雷塔,Lightning Tower 3
大神官と座長,Priest & Chairman
揺籃への立坑,Shaft to the Beginning
バリクナジャ,Togrus Maximus
悪夢の追っ手,Nightmare Persuer
ジュエルボウ,Jewel Bow
案内係セラム,Guide Salem
やみよの鬼神,Dark Fierce God
金ピカの屏風,Shiny Gold Screen
白バラのイス,White Rose Chair
小さな異形獣,Small Hexabeast
古老マキュリ,Elder Makyuri
サウスルーム,South Room
たけやりへい,Bambooligan
ガニャポン屋,Catshapon
虚空の邪竜神,Wicked God of the Void
運転士ダフィ,Driver Duffy
懐郷の僧院前,Nostalgic Sanctum
オルクステラ,Orchesterra
魔天賊ボティ,Sky Bandit Boti
基礎２・未来,Basics 2 - Future
プクリポ小国,Pukulipo Land
黄のまなざし,Yellow Gaze
スボバメダル,Snowbattle Medal
バッドメーア,Bedmare
新米竜術士Ａ,Novice Dragomancer A
アーペル神父,Father Arpel
竜王の像・庭,Dragonlord Statue (G)
ダークタルト,Dark Tart
叡聖の博士服,Profound Robe
覇者の鎧・金,Golden Victor's Armor
武器屋アルプ,Weapon Shop Alp
基礎２・過去,Basics 2 - Past
常闇のつるぎ,Everdark Sword
決戦用砲台Ｂ,Battle Cannon B
サザミレ草原,Sazamire Prairie
しすたーどら,Sister Dora
秘宝の邪精霊,Treasure Flame
ドラムセット,Drum Set
ダークシルフ,Stumped Sylph
氷獄鬼のこん,Icekeeper Rod
高潔なぞうり,Lofty Sandals
ローズグレー,rose gray
のうふこちょ,Farmer Cocho
サルバリータ,Sarubarita
王子スライム,Prince Slime
道具屋タタイ,Item Shop Tatai
旅のババリー,Traveler Bubbly
銀河の金平糖,Galaxy Sugar Candy
断罪のゆびわ,Judgment Ring
フレーム・銅,Frame Bronze
水底の待ち人,Underwater Waiter
素材屋ギルダ,Material Shop Gilda
岩サソリの針,Zaharpion Stinger
丁目雲上地区,Block The Cloudtops
聖夜の破壊者,Holy Night Wrecker
取引商ロビサ,Trader Lovisa
道具屋シェリ,Item Shop Sheri
預かり所くま,Depository Kuma
クッキーの盾,Cookie Shield
せいけん爆撃,Glove Bomb
ハルッカの家,Haruka's House
上級亡霊兵士,High Spirit Soldier
めらごーすと,Firespirit
柱供給用・２,Column Supply 2
夢見のしずく,Dreaming Drops
フォンデッテ,Fondette
プチドラゴン,Frail Green Dragon
研究員チョビ,Researcher Chobi
ルーキーの証,Proof of Rookie
聖者のぼうし,Saint's Hat
剣をかかげて,Sword Held Aloft
決めポーズ右,Decisive Pose R
戦士パチェス,Warrior Paches
鍛冶屋バトラ,Blacksmith Batra
しんぷいーは,Father Iha
謎の果たし状,Letter of Challenge
駅員シードル,Attendant Shidoru
エテーネ王宮,Ethene Royal Palace
お正月の絵馬,New Year Ema
星柄の浮き輪,Star Pattern Floatie
梅のいけばな,Plum Tree
ルルルリーチ,Rululich
第九の月の像,Ninth Moon Statue
ワグミカの家,Wagmika's House
エルフベッド,Elf Bed
ふた色の旋律,Melody of 2 Colors
羽子板チェア,Hagoita Chair
海賊のブーツ,Pirate Boots
集会所への道,Path to Assembly Hall
服飾迅雷の書,The Book of Lightning
ガマのあぶら,Toad Oil
ミシダン神父,Father Mishidan
お花の自販機,Flower Vending Machine
ラスターシャ,Rastasha
一の塔・上層,Tower 1 - Upper Area
ブチブタくん,Spotted Piglet
秘宝の小悪魔,Treasure White Imp
じげんりゅう,Wyrmhole Dragon
落陽のすすき,Sunset Grass
看板・ハート,Sign - Heart
不死なる異形,Immortal Monstrosity
交換屋キーネ,Exchange Shop Kine
取引商メリア,Trader Melia
星詠みの本棚,Stargazing Bookshelf
サーマリ高原,Samary Plateau
退魔の装束上,Exorcism Shirt
すみばあさん,Grandma Sumi
白猫カプセル,White Cat Toy
おきらく大根,Delicious Daikon
のうふよいさ,Farmer Yoisa
かげろうの実,Heatful Fruit
魔法戦士の証,Combat Action Medal
やどやまぎー,Maggie
神官ミナリー,Priest Minari
理性のリング,Ring of Clarity
呪鎧の討滅鬼,Accursed Armor
まだむさりー,Madame Sally
青いまなざし,Blue Gaze
審判の展望台,Trial Observatory
ムーンキメラ,Lunar Chimaera
素材屋ルヒオ,Material Shop Ruhio
赤のラクリマ,Red Lacrima
ブルーバリア,Blue Barrier
さくらローズ,Cherry Rose
ザマ峠への道,Road to Zama Pass
もっと光を！,More Light!
兵士詰め所階,Soldier's Quarters
色タイルの壁,Color Tile Wall
木こりギンジ,Woodcutter Kinji
案内係レミミ,Guide Remimi
ゆめみの天箱,Dreamy Sky Box
くノ一の足袋,Kunoichi Socks
魔兵ヒプノス,Hypnos
マリンズボン,Marine Pants
福の神カード,God of Fortune Card
アモンド夫人,Mrs. Ammond
呪魔バルシラ,Cursed Bamooz
三闘士のオノ,Axe of the Triad
リリーエ神官,Priest Lilie
処刑人ドブナ,Executioner Dobna
素材屋カシー,Material Shop Cassie
時増しの門番,Aged Gatekeeper
瑞雲の道服下,Cloudy Lower Robe
イエローアイ,Yellow Eye
チョッピ荒野,Choppi Wilderness
ゲノスの球体,Genos' Sphere
魔獣の菜園前,Rabbits' Recluse
晴れ呼びの笹,Bamboo Grass
アンルシア姫,Princess Anlucia
カンナの花道,Kanna's Flowers
天涙の大水源,Tears of Heaven
魔天僕キアス,Kias, Servant of Evil
たつまき旋風,Eye of the Storm
魔技師ズボン,Technomancer Pants
銃士トマトス,Musketeer Tomatos
デッドボーン,Dead Bone
次元渡りの玉,Dimensional Jewel
ムーカシャル,Mukashal
スボバブーツ,Snowbattle Boots
ＮＰＣ００５,NPC 005
黒アイパッチ,Black Eyepatch
ゲノマリオン,Killermari
滝見の吊り橋,Fallsview Bridge
コルテージュ,Coltege
ケイロンの弓,Cheiron's Bow
常勝不敗戦記,Tales of Triumph
悪魔ザイガス,Duke Sigras
トマホーガー,Halberdsaurus
竜王の軽装上,Dragonlord Mail
時増しの石像,Aged Statue
戦場案内係Ｂ,Combat Guide B
ソーミャの像,Somya Statue
するどいキバ,Cruel Claw
丁目雪原地区,Block Snowfields
紺碧の試練場,Azure Trial
ゆめみの金箱,Dreamy Gold Box
輝天のつるぎ,Sky Sword
宇宙モビール,Space Mobile
闇のキリンジ,Dark Giraffe
TE用ギミック8,Gimmick for TE 8
邪紋のつるぎ,Wicked Sword
天灯１０周年,10th Anniversary Lantern
白い月光の花,White Moonlight Flower
ろんぐまんと,Long Mantle
チュピちゃん,Chupie
ハープケース,Harp Case
宿屋モーデン,Innkeeper Morden
大いなる嘆き,Great Lamentation
夢見るノノリ,Dreaming Nonori
ベリルハット,Beryl Hat
あそびスキル,Goof-off skill
万物流転の書,Book of Uncertainty
花柄のゆかた,Floral Yukata
デビルヘッド,Devil Head
アビスハット,Abyss Hat
剛勇のベルト,Bravery Belt
ジャージ男子,Jersey Man
パープルアイ,Purple Eye
モモリオン王,Sanguini King
汗と涙の結晶,Sweat & Tears Gem
もちばあさん,Grandma Mochi
コルクダリア,Cork Dahlia
浄化の間・邪,Wicked Purification Chamber
ランプ錬金部,Lamp Alchemy Club
アウルスピア,Aur Spear
ナンヨウハギ,Blue Tang
リンジャの塔,Linja Tower
しんぷぱるか,Father Parka
ミロノワール,Mironoir
万華鏡投影機,Kaleidoscope Projector
チレチェチェ,Chile Cheche
石化ズーボー,Petrified Zubo
アルカナ占い,Arcana Divination
ヒートギズモ,Hell Nino
ファラフォル,Farafol
くさった指輪,Decaying Ring
大祭壇　入口,The Great Altar Entrance
コッケン祭り,Cuckoo Festival
南国のパンツ,Tropical Pants
秘宝の使い魔,Treasure Horror
うさぎの行灯,Rabbit Paper Lantern
姉からの手紙,Sister's Letter
アビサルドン,Abyssaldon
ジダン兵士長,Captain Jidan
オネばあさん,Grandma Onei
ハルダザール,Haldazar
さそうおどり,Sultry Dance
スピンネイル,Spin Nail
紅蓮の便せん,Crimson Lotus Paper
リィンソファ,Lynn Sofa
ローヌ樹林帯,Rhone Woodlands
約束の迷い子,Lost Promise Child
禁断の魔蔵庫,Forbidden Storage
ザアグの洞門,Cave of Zaag
竜王の軽装下,Dragonlord Leggings
応用１・過去,Applied 1 - Past
蝶のモノクル,Butterfly Monocle
シャントット,Shantotto
羽根の日記帳,Feather Diary
レッドオーガ,Red Horn
大きい壁予備,Large Wall Reserve
まつばあさん,Grandma Matsu
過去グレン扉,Past Glen Door
ミハーリエル,Mihariel
飛竜のかぶと,Flying Dragon Helm
エルフの礼服,Elf Formal Dress
達人トリスト,Master Trist
わかめおうじ,King Kelp
呼び寄せの筆,Summon Brush
野営のほら穴,Campsite Grotto
農夫コラショ,Farmer Korasho
レッドバロン,Red Baron
ナルビアの町,Nalbia
湖畔の休憩所,Lakeside Rest Area
メルヘンの家,Fairy-Tale House
と頼まれた。,""
夜狐の紐ぐつ,Nightfox Shoes
おおかみだぞ,Wolf!
火の見やぐら,Fire Watchtower
道具屋ラタン,Item Shop Ratan
ほしのシール,Star Sticker
星拳士ゼラン,Starfighter Zelan
ジャイラム像,Jyram Statue
おにごっこ帽,Tag Cap
ドミネウス王,King Domineus
途切れた旋律,A Broken Melody
調和の魚料理,Harmony Fish Dish
疑惑の同居人,Suspicious Roommate
紹介人クシュ,Introducer Kush
ガウシア樹海,Gaussia Woodlands
配達員メルカ,Deliverer Merca
近衛兵のやり,Praetorian Partisan
盗賊ルーサー,Thief Luther
バトルロード,Battle Road
ヘルシーサー,King Foo Dog
闘技演習場１,Training Ground 1
女性用天使服,Angel Clothes (F)
獄獣のケープ,Hell Beast Cape
三姉妹便せん,3 Sisters Paper
ジア・ボーン,Dia Bone
ぼくと守護竜,How to Guard Your Dragon
思い出のツボ,Memory Jar
ぎんのブーツ,Silver Boots
ドラキーの像,Dracky Statue
サルファバル,Sulphubal
大魔道士リド,Archmage Lido
ルビーの腕帯,Ruby's Armbands
町長の執務室,Mayor's Office
星華のライト,Starflower Light
くノ一の手甲,Kunoichi Wrist Guards
ツスクル平野,Tsuskuru Plains
おめでとう！,Congratulations!
アークワンド,Celestial Sceptre
未知なる工房,Unknown Workshop
使徒ベニヒナ,Apostle Beniha
素材屋シレレ,Material Shop Silere
応用２・未来,Applied 2 - Future
ハトばあさん,Grandma Hato
梅柄のフトン,Plum Blossom Futon
ツリーハット,Tree Hat
こはくの宝珠,Amber Jewel
葡萄のアーチ,Grapevine Arch
郵便局の看板,Post Office Sign
第３層・上層,L3 - Upper Area
トリのおうぎ,Fowl Fan
潮騒の便せん,Tidal Paper
ノエルコート,Noel Coat
エンラージャ,Enraja
一閃突き・改,Thunder Thrust+
番人の花びら,Keeper's Petal
秘宝の魔兵長,Treasure Blackmar
熱空の支配者,Scorching Sovereign
と言われた。,""
聖翼のブーツ,Sacred Boots
古着屋ルギー,Used Clothing Shop Rugi
奥義・棍閃殺,Single Strike
ゼニアス印章,Zeniath Stamps
時増しの甲竜,Aged Wyrtle
取引商ポロオ,Trader Poroo
邪悪な思念片,Malefic Fragment
２号観測小屋,Observation Hut 2
アオザイ衣装,Ao Dai Outfit
王者のマント,Sovereign's Cloak
黒曜のダンロ,Obsidian Fireplace
みちびきの盾,Shield of Guidance
管理人ヨヒラ,Caretaker Yohira
家族の肖像画,Family Portrait
オバケのくつ,Ghost Shoes
アバさまの杖,Abba's Staff
ニョラバルト,Nyorabalt
紹介人オレイ,Introducer Olay
チョコハット,Choco Hat
黒密教の秘伝,Esoteric Secrets
紅葉のベッド,Autumn Leaf Bed
ロトのブーツ,Erdrick's Boots
郵便局員ココ,Postman Koko
お庭用釣り堀,Fish Pond (G)
道具屋ゲバン,Item Shop Geban
夢見のつぼみ,Dream Bud
旬の黄金イカ,Seasonal Gold Squid
総主教の部屋,Patriarch's Room
二の塔・下層,Tower 2 - Lower Area
第八の月の像,Eighth Moon Statue
大工ゴッテス,Carpenter Gottess
売り子テラン,Vendor Terran
仙龍トトゴン,Totogon
げんじかぶと,Genji Beetle
スキャンダル,Scandal Eyes
紅ドーナッツ,Red Donut
神官パーポフ,Priest Papofu
マイユソファ,Maille Sofa
バニラリリィ,Vanilla Lily
調理設備・庭,Cooking Facility (G)
アラハギーロ,Al-Ahagiro
バトルポーズ,Battle Pose
テムノドント,Temnodontosaurus
モーモリーナ,Sanguilina
プロジェクト,project
宿屋ローテル,Innkeeper Routelle
ジャイラ密林,Jyra Jungle
宿屋モルテン,Innkeeper Molten
ピッキー・強,Vicious Bludgerigar
真紅の贄の器,Red Offering Vessel
船員ビリャロ,Sailor Villaro
ダーマ神殿扉,Alltrades Abbey Door
ザーマス夫人,Mrs. Zamas
月守りの翼竜,Moon Guardian Dragon
モーモン・祖,Ancestral Teeny Sanguini
おとぎ話の家,Nursery Tale House
獄獣のぼうし,Hell Beast Hat
ニャンコイン,Cat Coin
旅のササダケ,Traveler Sasadake
南国のルアー,Tropic Lure
邪神ダビヤガ,Dark Deity Daviyaga
紹介人バッヅ,Introducer Badz
ソポスの定理,Wise Proposition
くじ屋ルンル,Lottery Runru
レース用の旗,Racing Flag
ナイトのコマ,Knight Piece
大光の管制室,Pulse Control Room
デゼルの部屋,Dezel's Room
オークキング,Orc King
オーガタンス,Ogre Wardrobe
魔石球のムチ,Magic Stone Whip
女神の世界樹,Goddess' Yggdrasil
イネばあさん,Grandma Ine
オーレン右腕,Oren's Right Arm
輝かシイタケ,Shining Shiitake
ひとくいばこ,Cannibox
木こりプープ,Woodcutter Pupu
悪魔の肉料理,Devil Meat Dish
無垢なる原石,Pure Gemstone
ボーレン町長,Mayor Vollen
アスバルの絵,Asbal Painting
しすたーさら,Sister Sara
プクリポ本棚,Pukulipo Bookshelf
くらやみ飛天,Soaring Darkness
汎用的な便箋,General Use Paper
まもりのきり,Mist Me
３号観測小屋,Observation Hut 3
氷と水の災禍,Woes of Ice & Water
カジノフロア,Casino Floor 
ラッカラン島,Luckland Island
フェディーラ,Fedira
ガーディアン,guardian
メネトの悪夢,Nightmare of Menet
木こりペペタ,Woodcutter Pepeta
案内係アカネ,Guide Akane
黄金の花びら,Golden Petal
隠された通路,Hidden Passage
三闘士の導き,The Triad's Guidance
コチョウザメ,Sterlet
おすもっこり,Sumo Baby
ピィピのお宿,Pippi's Inn
レインコート,Raincoat
家具屋ブラン,Indoor Furniture Shop Bran
星降る飛行船,Starfall Blimp
星降りの霊杖,Starry Spirit Staff
メタルキング,Metal King Slime
ゼクレス印章,Zechres Stamps
マグマだまり,Magma Chamber
ＮＰＣ０１４,NPC 014
滝を臨む集落,Waterfall Village
宿屋ロンリア,Innkeeper Lonria
地下への階段,Basement Stairs
うさぐるみき,Yellow Rabbit
せんこう花火,Fireworks Display
ヒッポキング,Hippo King
青い月光の花,Blue Moonlight Flower
ロンダの氷穴,Rhonda Ice Cave
炎の決勝戦！,Flaming Finals!
紹介人バアス,Introducer Baas
大怪盗衣装Ⅰ,Thief Outfit Ⅰ
魔空の隠れ家,Hackson Hideaway
取引商ユディ,Trader Yudi
かがり火の石,Bonfire Stone
ソウラの鬼面,Soura's Demon Mask
やいばのこて,Spiked Gauntlets
旅のポポルパ,Traveler Popolpa
だいまじんＢ,Stone Guardian B
スライム・異,Anomalous Slime
おるかしんぷ,Father Orca
アウルソード,Aur Sword
宿屋ロッペン,Innkeeper Roppen
お菓子の本棚,Sweet Bookshelf
はどうスキル,Darkness skill
おばけキノコ,Funghoul
リバイバ先生,Mr. Revaivah
銀雪結晶の盾,Silver Snowflake Shield
かえんムカデ,Grillerpillar
禁断の子守唄,Forbidden Lullaby
五の塔・中層,Tower 5 - Middle Area
パルミオ２世,Palmio II
夢見るハノン,Dreaming Hanon
オンディアヌ,Ondian
アウルロッド,Aur Rod
転送装置の扉,Transporter Door
女王セリーナ,Queen Celina
輝石のベルト,Augite Belt
道具屋の看板,Item Shop Sign
テンタクルス,Squidzilla
討伐隊広報局,Strike Force Bureau
人形のひな壇,Tiered Doll Stand
神将の装束下,Divine General's Pants
妖精のころも,Fairy Garment
花婿のブーツ,Groom's Boots
ナブおじさん,Mr. Nab
魔瘴石の包み,Wrapped Miasmite
ノエルドレス,Noel Dress
霊木のしずく,Sacred Tree Drops
交差する想い,Crossing Thoughts
ゲルヘナ周辺,Gerhena Outskirts
素材屋モノノ,Material Shop Monono
料理屋モハビ,Server Mohabi
万魔の塔印章,Tower of Terror Stamps
七夕の願い人,Festival Wisher
流砂の大巨人,Giant of the Sands
八の塔・上層,Tower 8 - Upper Area
レンダー☆５,Lender Five
竜将のかぶと,Dragon General Helmet
もんどふじん,Mrs. Mondo
駅員ジガンバ,Attendant Jiganba
立派な石の壁,Fine Stone Wall
おしゃれさ +5,Style +5
ミニデーモン,Minidemon
シルフィード,Sylpheed
聖王のおうぎ,Dryspell Fan
ネオンハート,Neon Heart
不死の侍従服,Eternal Uniform
崩れゆく虚室,Crumbling Chamber
創生の小ビン,Phial of Creation
案内係ビナヤ,Guide Vinaya
ゆめみの銀箱,Dreamy Silver Box
禁忌の幻影神,Forbidden Illusion
てつのおうぎ,Iron Fan
ふるおーばー,Pullover
レッドプリン,Red Pudding
弓聖の守り星,Ailment Curtailment
メロンかき氷,Melon Shaved Ice
使徒チャミミ,Apostle Chamim
歯車のパーツ,Gear Part
ファンファン,Fan Fan
ＮＰＣ６０５,NPC605
一の塔・下層,Tower 1 - Lower Area
エネット夫人,Mrs. Ennett
ロトのよろい,Erdrick's Armor
竜王のうろこ,Dragonlord Scale
ふゆぐんそう,Winter Sergeant
記憶の赤結晶,Red Memory Crystal
天国への手紙,Letter to Heaven
商人タサール,Merchant Tasar
ポムポムボム,Discombombulator
デズリンの家,Deathlin's House
スイカのラグ,Watermelon Rug
ジェルザーク,Gelzark
ヒクイナドン,Cassoflarey
だいまじんＡ,Stone Guardian A
ネタ「木箱」,Crate Trick
熱砂のあだ花,Hot Sand Flower
時空のしるベ,Spacetime Guide
狂信者ヤイル,Zealot Jair
ガイアのオノ,Gaia's Axe
イヨリ大僧正,High Priest Iyori
四の島への道,Path to Fourth Isle
あやしいかげ,Shade
スライムの壁,Slime Wall
南国のシャツ,Tropical Shirt
詩吟のほこら,Poetry Shrine
月の塔・屋上,Top of the Moon Tower
ペリポン２号,Peripon No. 2
Ｖロンコイン,Vron Coin
対決！レンズ,Showdown! Lens
黄金の秘宝？,Golden Treasure ?
リポンちゃん,Ripon-chan
ロトのつるぎ,Erdrick's Sword
魔天賊オロバ,Sky Bandit Oroba
戦慄の魔元帥,Marshal of Fear
騎神のかぶと,Knight God Helm
ツイストーチ,Twisted Torch
初心者用の弓,Beginner's Bow
ドラデア先生,Mrs. Doradea
最も清き一輪,The Purest Flower
くじ屋ユウユ,Lottery Yuuyu
のうふばんぐ,Farmer Bang
命脈の神殿前,Threads of Life
パラディノス,Paladinsaurus
王家の宝物庫,Royal Treasury
きせきの香水,Miracle Perfume
マティルの村,Matil Village
料理屋ククラ,Server Kukura
黄金司祭の杖,Gold Priest Staff
十の塔・中層,Tower 10 - Middle Area
飾り金具の柱,Gold Trim Pillar
便せん屋イム,Stationery Shop Imu
秘宝の竜騎兵,Treasure Mandrake
深淵の海王竜,Dragon of the Depths
宿屋ベゼード,Innkeeper Bezedo
ネタ「宝箱」,Treasure Box Trick
ゴーゴー戦姫,Go War Princess
とげジョボー,Disfigurine
サボテンダー,Cactuar
神官ボナール,Priest Bonnard
グラディウス,Gladius
取引商ポッケ,Trader Pokke
ＮＰＣ０１０,NPC 010
曇切のしずく,Cloudy Drops
ぱくれけいぶ,Inspector Pakul
疾風の騎士団,Gale Knights
ローズヒール,Rose Heels
紹介人デイブ,Introducer Dave
尖塔の守護鬼,Keeper of the Spire
占い師ハッケ,Fortune Teller Hakke
僧侶のほうい,Priest Vestment
エレクトラム,Electrum
しすたーうる,Sister Uru
行商人エバン,Peddler Eban
揺籃へ至る道,Path to the Beginning
神官フォニオ,Priest Fonio
ゴレオン将軍,Goreham-Hogg
ワインローズ,Wine Rose
ゼネシアの像,Zenethia Statue
ゴースト・凶,Wicked Ghost
ターボパーツ,Turbo Parts
『せんれき』,Records
スターキメラ,Cosmic Chimaera
ジャミラス強,Apex Jamirus
ピンクパール,Pink Pearl
月は満ち欠け,Moon Waxes & Wanes
おめかし体Ｃ,Dress-Up Body C
宿屋パープナ,Innkeeper Papuna
リザードマン,Mandrake Major
おそうじ童子,Sweepy Samurai
めざめの秘石,Secret Stone
タホバルキー,Jumbo Drackmage
機関部への扉,Door to Engine
ドメディ召喚,Summon Damninui
崩れゆく廃墟,Crumbling Ruins
紫水晶の本棚,Amethyst Bookshelf
カリーナ夫人,Mrs. Karina
血吸いの守り,Siphoning Scythe
千古の狩猟兵,Murder Machine
邪悪なる意志,Evil Will
聖天のコート,Holy Heaven Coat
女神のゆびわ,Goddess Ring
地ばしり打ち,Strifeline
シシカバブ団,Shish Kebabs
具現する海魔,Spawned Squid
ファラザード,Farazard
開祖のブーツ,Founder's Boots
悪夢の右手強,Apex Right Incubus
魔幻の芸術家,Master of Illusion
紹介人テオサ,Introducer Teosa
かぐや姫の畑,Princess Kaguya Field
ミミック・異,Anomalous Mimic
レンジャー５,Ranger 5
魔勇者の背景,Evil Hero Background
嵐帝斬り強化,High and Mighty Boost
女神の祠・土,Shrine of Earth
漆黒のノート,Jet-Black Notebook
サバンナの水,Oasis Water
カレーサタン,Curry Imp
宿屋タルカド,Innkeeper Talcado
竜王のよろい,Dragonlord Armor
磁界シールド,Magnetosphere
ギュッとラキ,Lycae Arm Doll
開祖の道着下,Founder's Dogi Bottom
はぐれメタル,Liquid Metal Slime
小さなほら穴,Small Cave
ディクトール,Dictor
きこりほいさ,Woodcutter Hoisa
ゴーレムの像,Golem Statue
覇者の鎧・銀,Silver Victor's Armor
ササばあさん,Grandma Sasa
宿屋ドンゴチ,Innkeeper Dongochi
孤島の修道院,Island Monastery
ヤマカミヌ王,King Yamakaminu
大神殿・地下,Sanctum Subterrane
沼小設置用３,Small Swamp 3
すらいむべす,She-Slime
聖守護者の杖,Sentinel's Staff
コウモリダコ,Vampire Squid
恋するカレン,Karen in Love
交換屋ツナナ,Exchange Shop Tsunana
ドーナツ中遠,Donuts Middle
黄金の女神像,Golden Goddess Statue
タホドラキー,Drackmage
ろんりーれお,Lonely Leo
売り子ジェマ,Vendor Gemma
宿屋テテネネ,Innkeeper Tetenene
魔法の羅針盤,Magic Compass
超さいほう針,Super Needle
夢幻の摩天楼,Dreamy Skyscraper
魔闘士の紋章,Magic Warrior Crest
料理人スプル,Chef Sprue
ネウズ兵士長,Captain Neuzu
スライムくん,Slime monster
ウェディ大国,Weddie Nation
英知のケモノ,Beast of Wisdom
基礎２・現在,Basics 2 - Present
神殺しの心気,Godslayer's Grit
オニグモの盾,Spider Shield
モガレの広間,Mogare Hall
邪教祖サダク,Evil Guru Sadak
素材屋プルム,Material Shop Plum
カルデア洞穴,Chaldea Cave
もみじのラグ,Maple Rug
外観への出口,Exit to Front
取引商ミカモ,Trader Mikamo
ハネばあさん,Grandma Hane
拳をかかげる,Raise Fist
アブない毒矢,Perilous Poisoned Arrow
お正月メイン,New Year's Mein
闘士ガスペロ,Fighter Gaspero
創世のピラー,Pillar of Creation
サーチランプ,Search Lamp
めざめの鬼石,Demon Stone
最期のグルメ,The Last Gourmet
神技のベスト,Divine Skill Vest
パーティ・金,Party Gold
封印の伝道者,Seal Preacher
モガレ修道院,Mogare Monastery
バズズ練習札,Pazuzu Tag
南国の木・小,Tropical Tree S
夢見るニココ,Dreaming Nikoko
謎の地底湖前,Underground Lake
ニャンデミト,Cat Demito
復元屋ミーネ,Restore Shop Meene
常闇のダガー,Everdark Dagger
大戦鬼のこて,War Demon's Gauntlets
カムイラの穴,Kamuira Hole
琥珀色の果実,Amber Fruit
聖銀のかけら,Piece of Silver
守護神の大盾,Guardian Greatshield
ぶどうエキス,Finessence
ぽいっくりん,Poiclin
帽子係アマハ,Hat Clerk Amaha
アマラーク城,Amarak Castle
調理作業着下,Cook's Apron
宿屋キーエル,Innkeeper Kielle
道具屋ミルタ,Item Shop Milta
灰水晶のツメ,Ash Crystal Claw
ましょううお,Salamangler
ＣＭ用人間２,Human For CM 2
願いの花びら,Wish Petal
たちきりバチ,Buzzbee
司祭のほうい,Pastor's Vestment
勇者の歴史書,Hero's History Book
神官ドンダム,Priest Dondam
アモールの水,Amor Seco Essence
神官エワルト,Priest Ewalt
わがままメイ,Selfish May
造成地への門,Worksite Gate
キューベルト,Kyubert
イルシーム邸,Ilseem's Residence
フォレスドン,Forest Peckerel
神官カラーマ,Priest Kalama
覇者の鎧・銅,Bronze Victor's Armor
あずかりツボ,Stored Pot
水くみバケツ,Water Bucket
壁かけ落書き,Doodles Wall Decor
魔軍師イッド,Tactician Idd
炎と闇の災禍,Woes of Fire & Darkness
灰ねこポスト,Ash Cat Mailbox
フルッカの家,Fluka's House
ボロボロの本,Tattered Book
偽ケキちゃん,False Cakey
武器屋エリス,Weapon Shop Ellis
神獣コウリン,Kourin
氷闇の月飾り,Icy Dark Moon
天使のわっか,Angel's Halo
エルガドーラ,Elgadora
夜空のお守り,Night Sky Amulet
取引商ケイブ,Trader Keibu
お菓子のビン,Candy Jar
魔封士メトラ,Demon Sealer Metra
取引商クニャ,Trader Kunya
チヒロの部屋,Chihiro's Room
タンスの奥義,Wardrobe Mysteries
戦士の儀礼場,Court of Warriors
女神の天桜石,Pink Goddess Gem
神代の春の歌,The Song of Divine Spring
応用３・現在,Applied 3 - Present
フエラゴの滝,Fuerago Waterfall
のうふだども,Farmer Dadom
防具屋ツタタ,Armor Shop Tsutata
王子の模造刀,Prince's Fake Sword
大甲虫の古巣,Old Beetle Nest
討伐隊員サジ,Strike Force Saji
ドラキー・異,Anomalous Dracky
オーガキング,Testudogre
地上への出口,Exit to Above
ウルベア銀貨,Urbea Silver Coin
雪国のミトン,Snow Country Mitts
静寂のほこら,Shrine of Silence
星海の闘技場,The Sea of Stars
ふしぎな姿見,Mystery Dresser
アモンの紋章,Amon Crest
つばさのツノ,Wing Horn
まりょくの土,Royal Soil
不死なる精魂,Immortal Spirit
神将の装束上,Divine General's Shirt
トッチァ神父,Father Toccia
太陽の便せん,Sun Paper
ダークサイズ,Dark Scythe
カナヘイ印章,Kanahei Stamps
カルデア山道,Chaldea Mountain Road
エステラの弟,Estella's Brother
黒夜叉のこて,Black Bane Gloves
バウガの風穴,Baoga Windhole
プペラホール,Pupella Hole
白レンガの壁,White Brick Wall
炎の民の聖印,Holy Fire Seal
やまびこの陣,Echo Location
闘士セインズ,Fighter Sainz
ユマテル通り,Umatel Street
戦士の修行場,Warrior's Mettle
バルバードル,Barbadol
世界樹の宝冠,Yggdrasil Crown
たいこを叩く,Beat a Drum
TE用ギミック6,Gimmick for TE 6
スチーム本棚,Steam Bookshelf
たそがれゴケ,Moonrise Moss
文鳥の鳥カゴ,Sparrow Birdcage
覚醒の神秘石,Uber Secret Stone
ゾーマ　戦士,Zoma, Warrior
道具屋アザミ,Item Shop Azami
調和のオーブ,Orb of Harmony
イヴロム神父,Father Ivrom
パンプダディ,Papa Pumpkin
隠密の装束下,Covert Bottoms
イセエビの像,Lobster Statue
ジルドラーナ,Jildrana
暁の眷属・白,Dawn Servant (White)
ツリースーツ,Tree Suit
家具屋プロン,Indoor Furniture Shop Puron
マデ氏族の女,Made Clanswoman
さみだれ突き,Multithrust
フーたんマン,Futanman
沼小設置用１,Small Swamp 1
練習スタジオ,Practice Studio
ライムウェル,Limewell
神官プーポン,Priest Pupon
魔獣メレンゲ,Merengue
オルパナ神官,Priest Orpana
家具屋プッチ,Indoor Furniture Shop Pucci
料理屋パホン,Server Pahon
ハデスナイト,Dread Dragooner
取引商ラポラ,Trader Lapora
バトエン印章,Batoen Stamps
未完へのカギ,Key in Progress
神父ダニエル,Father Daniel
術師パッフル,Cosmetician Paffle
エピステーサ,Epistesa
アビスブーツ,Abyss Boots
ピンチです！,I'm in a pinch!
エイルの慈悲,Eir's Mercy
組木細工の柱,Braided Wood Pillar
紹介人タマサ,Introducer Tamasa
グッピー・黄,Yellow Guppy
ラインダンス,Line Dance
キリカの小島,Kirika Islet
竜神のうろこ,Dragon God Scale
ケイオス写本,Chaos Manuscript
キラートーチ,Killer Torch
なぞの金属板,Mysterious Metal Plate
メルサン小麦,Melsan Wheat
レタスの花束,Lettuce Bouquet
クローバーの, of Clubs
炎帝の額当て,Fire God Headband
ファランクス,Phalanx
ゼニスの封宮,Palace of Zenith
宿屋アミアン,Innkeeper Amian
おもちゃの木,Toy Trees
イトヨリダイ,Golden Bream
巨商のころも,Rich Merchant Top
ナドラガンド,Nadragand
超暴走魔法陣,Super Ring of Ruin
ワラタロー改,Warataro v2
こいするまり,Mari in Love
ガゼルのツノ,Gazelle Horn
レビュール北,North Revule
小さな鉢植え,Plant Pot S
回復の泉庭具,Healing Fountain (G)
港町の便せん,Port Town Paper
調整前ダミー,Pre-Tuned Dummy
マガネリ部長,President Maganelli
秘密の隠れ家,Secret Hideaway
舞い手の教本,Performer's Manual
セトリー村長,Chief Setorii
魔仙卿のカギ,Oracle's Key
クライト先生,Mr. Krite
リンカの挑戦,Linka's Challenge
サンゴの牢獄,Coral Prison
ハディンの石,Hadine Stone
白灰の試練場,White Ash Trial
エルフかまど,Elf Wood Stove
クルミンクス,Trail Minx
ギガブレイク,Gigagash
赤い月光の花,Red Moonlight Flower
宿屋ヒナギク,Innkeep Hinagiku
購買員ペトラ,Supplier Petra
あやシイタケ,Suspishiitake
取引商ウーゾ,Trader Ouzo
海神の大霊洞,Cave of the Sea
残響の海蝕洞,Echoing Sea Cave
だいまじんＤ,Stone Guardian D
金雪結晶の盾,Gold Snowflake Shield
審査員募集中,Judges Wanted
道具屋ブロド,Item Shop Burodo
城への抜け道,Castle Loophole
ゴッドスロウ,God's Law
ひえたお弁当,Rice Balls
太陽の塔１階,Sun Tower 1F
なすびなーら,Woebergine
お正月の門松,New Year Pine Decor
くらやみ僧正,Dark Dominie
魔法生物の檻,Magic Creature Pen
こげ茶のビン,Dark Brown Vial
禍々しい柱Ａ,Ominous Pillar A
イトばあさん,Grandma Ito
フェルマーク,Fel Mark
ウルベア銅貨,Urbea Copper Coin
ダークプラム,dark plum
全身全霊斬り,Unbridled Blade
石彫細工の壁,Stonework Wall
夜桜スーツ上,Night Cherry Coat
マグマムース,Magma Mousse
ジア・ルミナ,Dia Lumina
大浴場・男湯,Men's Bathhouse
まふうじの杖,Staff of Antimagic
獅子王の勇猛,Lion King's Bravery
レイジバルス,Regibalus
メルン水車郷,Melun Watermill
ペンデュラム,Hellbound Haunt
取引商モクア,Trader Mokua
ユジュヤ先生,Mrs. Yujuya
月守りの牛鬼,Moon Guardian Bovine
ルビーダリア,Ruby Dahlia
カボチャイス,Pumpkin Chair
ハネだいふく,Honey Rice Cake
月影の装束下,Moonshade Pants
語り部レーミ,Storyteller Remi
庭具屋シトロ,Outdoor Furniture Shop Citro
ぞうきん掛け,Use Cleaning Cloth
古びたオール,Old Oar
スッテンテン,Suttenten
竜のおまもり,Lucky Dragon's Wing
夜狐の装束下,Nightfox Costume Bottom
星羅の天宮前,Starry Shrine
駅員アムサリ,Attendant Amusari
月守りの虚像,Moon Guardian Statue
不朽の侍従服,Enduring Uniform
バルザイ神父,Father Balzai
花摘みギルド,Flower Picking Guild
木こりボニー,Woodcutter Bonnie
プレシアンナ,Prescianna
闇に眠りし王,A King Sleeping in Darkness
かりうどの弓,Potshot Bow
ネコのおうぎ,Feline Fan
中庭のある家,Courtyard House
ＮＰＣ００６,NPC 006
プロセルピナ,Proserpina
キャタピラー,Killerpillar
海ガヤNPC１０,Sea Gaya NPC 10
聖なるハサミ,Sacred Scissors
ささばあさん,Grandma Sasa
闇のヴェール,Veil of Shadows
トロルキング,Great Troll
素材屋ホワラ,Material Shop Howara
夜の誓約の園,Night Grounds of the Covenant
天奏士アカカ,Songweaver Akaka
川辺の休憩所,Riverside Rest Area
ロングスピア,Long Spear
プチアトラス,Frail Atlas
月のローブ下,Moon Robe Bottom
奉炎のトーチ,Torch of Offering
破幻のリング,Ring of Truth
パンプキッズ,Pumpkid
行商人クラギ,Peddler Kragi
月世界・王宮,The Moon's Royal Palace
ぜんばあさん,Grandma Zen
門番フロイダ,Gatekeeper Froida
アルウェ王妃,Queen Alwe
うつしよの箱,Worldly Box
銀の木工刀小,Silver Slick S
だいじなもの,Key Items
しんぷはろん,Father Haron
ぎんのルアー,Silver Lure
国王の屋敷前,King's Abode
デブアメショ,Fat Shorthair Cat
記憶のマデ島,Memory of Made Isle
鍛冶設備・庭,Smithing Facility (G)
木こりホイサ,Woodcutter Hoisa
灯台のアジト,Lighthouse HQ
思案の洞くつ,Contemplating Cave
大きな丸い家,Round House L
プチバラモス,Frail Baramos
神官リーヴィ,Priest Leevy
チャコロット,Clocksworth
防具屋スット,Armor Shop Sutto
はがねのやり,Steel Lance
エテーネ番兵,Ethene Guard
翠水晶の羽根,Emerald Feather
しすたーへら,Sister Hera
レンガ柄の壁,Brick Pattern Wall
未完の魔導鬼,Sorcerer in Progress
だいくけやき,Carpenter Elm
キャラの場所,NPC Location
暗黒大樹の葉,Dark Tree Leaf
閃輝晶の砕片,Candescent Clast
大浴場・女湯,Women's Bathhouse
火炎ハバネロ,Flame Habanero
第４層・上層,L4 - Upper Area
インキュバス,Incubus
魔封士ミーヌ,Demon Sealer Minu
しんぴスキル,Mysticism skill
校庭への出口,Exit to Campus
アトラスネオ,Atlas Neo
リィンのさや,Lynn's Scabbard
メタスラの剣,Metal Slime Sword
のうふがちゃ,Farmer Gacha
天の機織り場,Heavenly Weaver
琥珀の首飾り,Amber Necklace
料理人ボーラ,Chef Bora
聖なるナイフ,Divine Dagger
ミミックの像,Mimic Statue
二の塔・上層,Tower 2 - Upper Area
ゆめみるくく,Dreaming Kuku
彫像家クラン,Statue Maker Kuran
銀の森への道,Road to Silver Forest
ジェムハザー,Jemhaza
ストレイール,Strayel
覚醒のアリア,Aria of Awakening
大魔王ゾーマ,Master Archfiend Zoma
お重をどうぞ,Offer Food Box
高台の教会跡,Church Ruins
道具屋チケタ,Item Shop Chiketa
ジゴスパーク,Lightning Storm
ヒゲのマルコ,Mustached Marco
ウミヤシの葉,Sea Palm Leaves
グレーブルー,gray-blue
ソポスの額冠,Sophos Diadem
イエローログ,Yellow Log
お正月レンズ,New Year's Lens
月守りの夜影,Moon Guardian Shadow
マグリル部長,President Magrill
ドワエンゼル,Dwachakka Angel
くちづけの花,Kiss Flower
紹介人クヴァ,Introducer Kuva
童話作家の家,Tale Spinner's Home
巨大な振り子,Giant Pendulum
あの味の秘密,That Secret Flavor
隊商の仲間Ｃ,Merchant Caravan C
竜術士の服下,Dragomancer Bottoms
ターボル峡谷,Tabor Gorge
黒雪結晶の盾,Black Snowflake Shield
創絶の崩界竜,Uhl'for Naught
コルシュール,Corsur
大トカゲの皮,Mandrake Major Skin
オーガ食器棚,Ogre Cupboard
師イズヤノイ,Master Izuyanoi
ラダ・ガート,Lada Gart
精霊獣の祝福,Bestial Blessing
第四の月の像,Fourth Moon Statue
魔皇軍の紋章,Emblem of Dominion
湖上の休息所,Lake Retreat
入り江の集落,Cove Village
聖翼の髪飾り,Sacred Hairpin
飛竜のブーツ,Flying Dragon Boots
よねばあさん,Grandma Yone
純喫茶の暖炉,Cafe Fireplace
ほねリーダー,Bone Idol
恋するエミリ,Emily in Love
天候変化開始,Weather Change Go
ローマスの兜,Romas' Helmet
０６ＭＳ開始,06MS Start
三毛猫マスク,Calico Cat Mask
ツボ錬金部員,Pot Alchemy Club member
丸い家の外観,Round House Exterior
れんごく天馬,Tantamount
ナイトマリー,Night Marie
こいするあん,Anne in Love
おもちゃの池,Toy Pond
木工のイロハ,Woodworking Intro
諸刃のハサミ,Double-Edged Shears
ネオンビーム,Neon Beam
始まりの理知,Wisdom of Beginnings
ロロップ神父,Father Lollop
開祖のぼうし,Founder's Hat
隠しオフィス,Hidden Office
希望のケモノ,Bird of Hope
トランポリン,Trampoline
ミス・ドール,Miss Doll
天使のルアー,Angel Lure
ゾーマのくつ,Zoma's Shoes
戦神のベルト,War Deity Belt
取引商グイド,Trader Guido
りんねの大盾,Big Brain Drainer
ドラゴンの像,Green Dragon Statue
階段のタンス,Staircase Wardrobe
魔を統べる杖,Ruling Over Demons
バカンウグレ,Bakanugure
ダークネス１,Darkness 1
踊り子の衣装,Dancer Costume
獅子王の大盾,Lion's Grrreatshield
キュロン丘陵,Kyuron Hills
秘密の取っ手,Secret Handles
星喰いの毒蛇,Snake Eater
マンタの置物,Manta Ornament
脅威の圧縮術,Will It Bend?
まよけのツメ,Sacred Claws
楽園への出口,Exit to Utopia
ソールワンド,Sol Stick
シグナリズム,Sliffel Tower
ルーテア王妃,Queen Lutea
ふたりの未来,Our Future
オルセコ高地,Orseco Highlands
まほうの金具,Magic Fittings
ニンフの妖弓,Sylphid Shooter
魔法使いの証,Mager Achievement
ローズダリア,Rose Dahlia
フレーム・金,Frame Gold
禁書の守護者,Banned Book Guard
二の塔・中層,Tower 2 - Middle Area
ジルガモット,Jirgamot
飾り金具の壁,Gold Trim Wall
花火屋タガヤ,Fireworks Shop Tagaya
ディアノーグ,Diamagon
グルグ地下道,Gulug Underpass
バーサーカー,Berserker
うめばあさん,Grandma Ume
お花見便せん,Blossom Viewing Paper
エテーネ王国,Ethene Kingdom
雄大な滝の壁,Majestic Waterfall Wall
まんねん菌床,Old Fungus
スミばあさん,Grandma Sumi
ＣＭ用人間３,Human For CM 3
おおくちばし,Beakon
星辰守護絵巻,The Star Guardian
ヘビーメタル,Densinium
どうぐつかい,item master
星月の夜想曲,Nocturnal Notes
アクアメーバ,Aqua Amoeba
古めかしい杖,Old-fashioned Cane
魔空の調練場,Demonic Training Grounds
妖精のドレス,Fairy Dress
釣り師の衣装,Angler's Costume
乱破の秘伝書,Spy's Secrets
隊長の報告書,Captain's Report
神官ペコリア,Priest Pekoria
呪われた大地,Cursed Land
ボーンバット,Bone Bat
グリーンの壁,Greenery Wall
神官アルマス,Priest Armas
忘却のアロマ,Oblivion Aroma
黄ばんだ毛布,Yellowed Blanket
死を呼ぶ少女,Girl Calls Death
プーポッパン,Puupoppan
遊び人のくつ,Gadabout Shoes
幻界の四諸侯,The Dread Fiends
神殿の守護獣,Temple Guard Beast
赤バラのイス,Red Rose Chair
夜狐のつけ耳,Nightfox Ears
三闘士の秘宝,Triad's Treasure
踊り子の額冠,Dancer Diadem
預かり所ジス,Storage Shisu
ふしぎな海草,Water Sedge
黒猫のフード,Black Cat Hood
ＶＩＰルーム,VIP Room
中央のやぐら,Central Fort
一角鬼の脚半,Demonhorn Gaiters
セレブモブ４,Celebrity Crowd 4
時渡り２印章,Time Travel 2 Stamps
ヤイルの毒瓶,Jair's Poison Vial
ゲルヘナ幻野,Gerhena Field
双角のかぶと,Horned helmet
ミッドナイト,midnight
祭典の招待状,Party Invitation
夢見るトエル,Dreaming Toel
レオーネの間,Leone's Room
ブーナー石洞,Booner Rock Cave
こうげき力 +7,Attack +7
ローズナイト,Rose Knight
ドランド平原,Drand Plains
しなやかな枝,Bendy Branch
アルウェーン,Alweyn
サンゴールド,sungold
白アイパッチ,White Eyepatch
神官サザナミ,Priest Sazanami
武器鍛冶職人,Weaponsmith
錬金酵素・黄,Yellow Enzyme
天候変化終了,Weather Change End
ゼネシアの鍵,Zenethia's Key
スライム・祖,Ancestral Slime
紅葉のランプ,Autumn Leaf Lamp
ライオネック,Hyperanemon
結束の貝がら,Binding Shell
ソウルメイト,soulmate
聖なる織り機,sacred loom
行商人ルバン,Peddler Ruban
食事用ナイフ,Eating Knife
ぼろぼろの扇,Tattered Fan
女神の紅蓮石,Red Goddess Gem
ラウルの大剣,Rahul's Greatsword
シラナミの像,Shiranami Statue
その他の場所,Other Locations
メモリ負荷６,Memory Load 6
取引商ジェダ,Trader Jedah
麦畑の便せん,Wheat Field Paper
モグラの子分,Soul Mole
フラワーの壁,Flower Wall
喝采への渇望,Thirsting For Applause
黒の上錬金石,Onyx Gem
機巧の心臓部,Mechanical Heart
タタリ目演舞,Unfortunate Frolic
銅の錬金ツボ,Copper Jar
嵐帝の額当て,Kaiser's Headband
ガーデスの枝,Guardess Branch
盗賊のブーツ,Thief Boots
フレイム・塔,Tower Dancing Flame
宿屋ミーリャ,Innkeeper Milla
バドの注文書,Barber Doll's Order Form
サザンクロス,Star Cross
ソリッドギア,Solid Gear
異界前線基地,Otherworld Outpost
しびれくらげ,Man o' War
エスメラルダ,Esmeralda
星霜のしずく,Timedrops
道具屋イドラ,Item Shop Idola
エルフの祭壇,Elf Altar
メモリ負荷８,Memory Load 8
ストロベリー,strawberry
永久封鎖機巧,Sealed Chamber
ミミック・強,Vicious Mimic
魔力ドリンク,Magical Drink
銀河のふすま,Galaxy Sliding Door
ティーカップ,Teacup
こんにちは！,Hello!
星を詠む一族,Star Singing Family
ワルキューレ,Valkyrie
ヨイ越しの絆,Bond Over Yoi
メーダロード,Raving Lunatick
ろんりーとむ,Lonely Tom
退魔のうでわ,Exorcism Bangles
優しい気持ち,Kindness
ひたむきな心,Earnest Heart
木工職人頭巾,Woodworker's Cap
ゴースト召喚,Summon Ghost
ウルベア金貨,Urbea Gold Coin
ヴェリナード,Verinard
TE用ギミック5,Gimmick for TE 5
闘技場・舞台,Arena Stage
魔封のじゅず,Sealing Beads
ダゴンのこん,Octophant Rod
リンジャーラ,Linjara
恵みの木の根,Tree of Grace Root
取引商トルマ,Trader Toruma
凱歌のスコア,Valkyrie's Score
斬魔の緋大剣,Scarlet Demonsbane
聖域の闘衣上,Etherean Armor
メモリ負荷１,Memory Load 1
ジンベエザメ,Whale Shark
三首海竜の盾,Sea Dragon Shield
戦神の箱＋５,War Deity Box +5
神馬プリズム,Celesteed Prism
発着場への扉,Door to Platform
ゲルト海峡前,Gert Strait
おうぎのまい,Fan Dango
ドラキー・祖,Ancestral Dracky
司書ターニス,Librarian Tannis
秘宝の大悪魔,Treasure Belial
黒曜のベンチ,Obsidian Bench
鎌作り事始め,Simple Scythe Making
宿屋キジール,Innkeeper Kizier
月見のしずく,Moon Viewing Drops
武器屋アセビ,Weapon Shop Asebi
農夫サダキチ,Farmer Sadakichi
番人の葉っぱ,Watchman's Leaf
木こりジンペ,Woodcutter Jinpa
きまぐれ爆弾,Fickle Bomb
ザグビナ遺構,Zagbina Remains
戦神の箱＋３,War Deity Box +3
旬のアマエビ,Seasonal Pink Shrimp
ドロテア夫人,Mrs. Dorothea
ゼキルの聖杭,Zekir's Holy Stake
まかいしつじ,Hell's Steward
ネオンライト,Neon Light
フィロソロス,Philosolos
土の民の聖印,Holy Earth Seal
嵐帝エンスウ,Kaiser Ensuu
ドゥラ院長？,Director Dura?
インストール,install
赤ぶちの金魚,Red Spotted Goldfish
スイーツの畑,Sweets Field
宿屋マハート,Innkeeper Mahart
聖守護者の鎌,Sentinel's Scythe
エステラの父,Estella's Father
魔封士マヌヌ,Demon Sealer Manun
月花石の腕輪,Moonstone Bracelet
聖夜の大広間,Holy Grand Hall
不死鳥のやり,Phoenix Spear
はがねの大剣,Carbon Steel Claymore
便せん屋ムナ,Stationery Shop Muna
偽りの星詠み,False Star Poetry
銀の丘への道,Road to Silver Hill
シルバーベア,Ursa Argentum
ラウルソファ,Rahul Sofa
レプティリア,Reptilia
ヒメアソファ,Himea Sofa
万年雪の番人,Guardian of Endless Snow
光導使ナズナ,Light Guide Nazuna
おばけヒトデ,Scarfish
てつのさそり,Iron Scorpion
蒼水晶の羽根,Sapphire Feather
宿屋レーニエ,Innkeeper Rainier
司祭のぼうし,Pastor's Hat
ワカばあさん,Grandma Waka
イナミノ街道,Inamino Highway
リリィアンヌ,Lillian
ガンガン電池,Booming Battery
へいしやまき,Soldier Yamaki
精霊王の脚帯,Faerie King Shoes
ビャン・ダオ,Byan Dao
ＮＰＣ６０３,NPC603
バッフル町長,Mayor Baffle
『まわりに』,"Nearby"
不死身の天使,Divine Immortality
修行の果てに,Training Completed
橙のラクリマ,Orange Lacrima
時増しの悪魔,Aged Fiend
競泳水着・紺,Blue Race Swimsuit
大きな貝がら,Sizeable Seashell
Ｖ系グローブ,V Gloves
ディオワンデ,Diowande
魔選の儀礼場,Ceremonial Hall
熱闘演舞の間,Performance Area
眷属ドラゴン,Dragon Vassal
四の星獣ウー,4th Star Beast Wu
獄獣のズボン,Hell Beast Pants
ポッペプッペ,Poppepuppe
錬金酵素・緑,Green Enzyme
合成屋リーネ,Synthesizer Renee
夢見るエルー,Dreaming Eru
ゆりかごの弓,Bow of the Cradle
お月見便せん,Moon Viewing Paper
ふわふわ小麦,Wondrous Wheat
青春のカケラ,A Piece of Youth
こうげき力 +6,Attack +6
神智のゆびわ,Ring of Omnipotence
ピンクのこん,Pink Club
道具屋ユユン,Item Shop Yuyun
七夕観客１０,Spectator 10
タッピツ仙人,Paintbrush Hermit
神授の秘密殿,Shrine of Sanction
赤バラのラグ,Red Rose Rug
リィンの短剣,Lynn's Dagger
さんごの花束,Coral Bouquet
丸小紋セット,Circle Pattern Set
武神の道着上,War God Dogi Top
五の塔・上層,Tower 5 - Upper Area
神託のブレス,Oracle Bracelets
宿屋イヨルカ,Innkeeper Iyorka
踊り子の条件,Dancer's Condition
レール操作盤,Track Controls
壊れたホウキ,Broken Broom
さみだれうち,Rain of Pain
パーティ・銅,Party Bronze
７ｍｖプク男,7mv Puku Man
おねばあさん,Grandma Onei
ローズソーン,Rosethorn
きこりぷーぷ,Woodcutter Pupu
聖天のブーツ,Holy Heaven Boots
魔仙卿の衣装,Oracle's Outfit
なめしエキス,Tanning Extract
アポカリプス,Pole of Opposites
ニードルマン,Needleman
きこりじんべ,Woodcutter Jinbei
古・誓約の園,Ancient Grounds of the Covenant
王者のかぶと,Sovereign's Helmet
さくらの花束,Cherry Bouquet
キュルルの畑,Kyururu Field
カンダタ元帥,Robbin' 'Ood Marshal
竜族式の祈り,Nadravian Prayer
縞鼻緒の下駄,Striped Sandals
バエナの教典,Baena's Scriptures
武器鍛冶部員,Weaponsmithing Club member
ダッシュラン,Drag Racer
水晶のランプ,Crystal Lamp
麻のてぶくろ,Linen Gloves
ベラストル家,House Belastre
灼熱の溶岩窟,Burning Lava Cave
深淵の魔導将,Demon General
宿屋アイスン,Innkeeper Aisun
ユースパンツ,Youth Shorts
宿屋パポスヤ,Innkeeper Paposya
リィンの服上,Lynn's Top
暴君ラビット,Tyrant Rabbit
きれいな包み,Pretty Parcel
ゆめのかけら,Dream Shard
ロレツオ神父,Father Loretto
すごろく僧侶,Sugoroku Priest
ふたつの運命,Two Fates
料理屋キーン,Server Keen
はつばあさん,Grandma Hatsu
助手ククコリ,Assistant Kukukori
ピーチちゃん,Peach-chan
ゼニアスマス,Zeniath Salmon
ナイト便せん,Knight Paper
フォーリオン,Fourion
基礎４・未来,Basics 4 - Future
イルーシャ像,Illusia Statue
初代盟友の剣,First Ally's Sword
星々のタクト,Starry Baton
ユーリンチー,Yulinchi
暁の眷属・黄,Dawn Servant (Yellow)
駅員チュケェ,Attendant Chuke
双子の人形黒,Black Twin Dolls
取引商カルセ,Trader Calse
ドラゴンの杖,Wyrmwand
振り子の約束,Pendulum's Promise
おにこんぼう,Night Clubber
万象流転の書,Book of All Things
ナカシマスク,Nakashi Mask
魅惑のぶどう,Enchanted Grapes
ヒナ入り帽子,Hat'chlings
特典屋レトト,Reward Shop Letto
うたウーノン,Khalamari Singer
ラグアスの像,Raguas Statue
ヒューザの畑,Hyuza Field
栄光の鎧・銅,Bronze Glory Armor
狂乱の破壊神,Furious Master of Destruction
スリムパンツ,Slim Pants
誓約の園の池,Covenant Pond
アクアマリン,aqua
暁の眷属・紫,Dawn Servant (Purple)
雪虫の洞くつ,Cave of the Flies
名刀　斬鉄丸,Thousand-Fold Katana
建物屋の看板,Building Shop Sign
闇の釣りざお,Dark Fishing Rod
チャノキの葉,Tea Plant Leaves
看板・スター,Sign - Star
デスカイザー,Master Moosifer
どくろあらい,Haardvark
青嵐のおうぎ,Tempest Fan
バルメシュケ,Balmeschke
ドメディ・陽,Damninui - Yang
神父エブラフ,Father Ebluff
マッタリーゼ,Mattarise
メルヒオール,Melchior
手作りの指輪,Handmade Ring
通りすがりＢ,Passerby B
魔人の左手強,Apex Ruin's Left Hand
基礎１・未来,Basics 1 - Future
徒弟ティナナ,Apprentice Tinana
ちいさな花束,Small Bouquet
魔天鬼グーラ,Sky Ogre Geira
秘宝の近衛兵,Treasure Karmour
魔王ネロドス,Demon King Nerodos
サメの浮き輪,Shark Floatie
レンジャー１,Ranger 1
震撼の冥宰相,Dark Chancellor
のうふかーる,Farmer Carl
サンタのくつ,Santa Boots
神官キャミラ,Priest Kamira
占い師の服上,Fortune Teller Shirt
星の塔最上層,Star Tower Upper
大王イカ・塔,Tower King Squid
大魔王の衣装,Demon Lord's Outfit
座って休もう,Sit and Rest
しすたーるま,Sister Luma
タロのすみか,Taro's Dwelling
水の民の聖印,Holy Water Seal
海王のメダル,Poseadon Medal
うららかな日,A Bright Day
片羽根ピアス,Feather Earring
ジャージ女子,Jersey Woman
暗黒魂の封洞,Soulseal Hollow
消えた旅芸人,Missing Minstrel
謎めいた微笑,Enigmatic Smile
料理人ピーラ,Chef Peera
亡国の礼拝堂,Lingering Chapel
ロトのかぶと,Erdrick's Helmet
駅員ポランク,Attendant Poranku
リンカの部屋,Linka's Room
ヒスイのカギ,Jade Key
座礼・その２,Sit and Bow 2
とみばあさん,Grandma Tomi
詩人の玉手箱,Poet's Jewelry Box
モーモンの像,Teeny Sanguini Statue
牙狼のフード,Fanged Wolf Hood
太古の氷穴前,Old Ice Cavern
レトロな水着,Retro Swimsuit
劇場用衣装券,Theatre Outfit Voucher
キャンペーン,campaign
水晶のベッド,Crystal Bed
通りすがりＣ,Passerby C
フゥーペイン,Foupaine
まどろみの手,Slumbering Hand
聖天のつばさ,Wonderwing
オベルジーヌ,Ubergine
チーム集会所,Team Home
商品棚のビン,Product Shelf Vial
神官ジュアロ,Priest Juaro
レッドの花束,Red Bouquet
だいまじんＥ,Stone Guardian E
宿屋ホオズキ,Innkeep Houzuki
シャフル先生,Mrs. Shuffle
リィンの服下,Lynn's Bottoms
聖騎士のこて,Holy Knight Gauntlets
震天する大地,Trembling Earth
アラハの井戸,Al-Ahagiro Well
ゼブラビキニ,Zebra Bikini
聖印のゆびわ,Endure Ring
フウキの仲間,SCC Member
星夜のリボン,Starry Night Ribbon
カンフー番傘,Kung Fu Paper Umbrella
素材屋ギュン,Material Shop Gyun
ヒツジのツノ,Sheep Horns
破壊神の使徒,Apostle of the Destroyer
魔剣士の酒場,Demon Swordsman Tavern
美容師アコヤ,Hairdresser Akoya
もみじこぞう,Leafy Larrikin
ラランブラ前,Larambla
防具屋の看板,Armor Shop Sign
王のブローチ,King's Brooch
カエルの置物,Frog Ornament
千夜ライジン,1000 Nights Raijin
おもちゃの岩,Toy Rocks
マルグリット,Margaret
隊商の仲間Ｅ,Merchant Caravan E
古強者のこて,Veteran's Gauntlets
烈風のブーツ,Gale Boots
防具屋タラリ,Armor Shop Tarari
神秘のサンゴ,Mystical Coral
グラフィアス,Graffias
リンクル地方,Wrinkle Region
さわばあさん,Grandma Sawa
ＮＰＣ６０２,NPC602
教官ランババ,Instructor Ranbaba
ウェディの服,Weddie Shirt
チュカカ主任,Chief Chukaka
やみよの暴霊,Dark Entourage
チカラの魔人,Djinn of Power
丁目草原地区,Block Meadow Area
武器屋カフザ,Weapon Shop Kafuza
六の塔・上層,Tower 6 - Upper Area
託された希望,Entrusted Hope
たけばあさん,Grandma Take
ボーンレッド,Bone Red
リィンの像２,Lynn Statue 2
ディアブラダ,Diablada
フランベリー,Flanberry
儀式のころも,ceremonial clothes
水着屋ユーラ,Swim Shop Yula
天地のかまえ,Counter Wait
香術師の依頼,Aromatherapist's Request
破魔のヒスイ,Devil's Jade
サハラブーツ,Sahara Boots
ガードーナツ,Guard Donut
カイロプッテ,Wild Succubat
プテラノドン,Pteranodon
月世界への道,Road to The Moon
住宅村への道,Road to Residences
裏マーケット,Underground Market
アーシクの家,Aashik's House
神父ホーリス,Father Horiss
ママ・レード,Mama Lade
森の秘密の絵,"Forest Secret"
ミミスタン卿,Sir Mimistan
バッファロン,Buffalogre
メテオエッジ,Meteorang
スライムの像,Slime Statue
はろるふじん,Mrs. Harol
宿屋ピルトポ,Innkeeper Piltopo
ガルバヘルム,Sootbonce Helm
れんきんがま,Alchemy Pot
大エテーネ島,Greater Ethene
ＮＰＣ０１５,NPC 015
ＣＭ用人間４,Human For CM 4
けしケシ印章,Keshi Keshi Stamps
雪山の守り人,Snow Mountain Guardian
開祖の道着上,Founder's Dogi Top
サボテン・大,Cactus L
パールの花束,Pearl Bouquet
ガナン帝国城,Gittingham Palace
イオグランデ,Kaboomle
極光の魔鉱石,Aurora Orealis
魔王ユシュカ,Demon King Yushka
散弾ショット,Buckshot
天命のつるぎ,Sword of Judgment
オルフェウス,Orpheus
べべるふじん,Mrs. Bevel
クールホーン,Coolhorn
氷殿の守護兵,Ice Palace Guard
メモリ負荷９,Memory Load 9
雷強化のやり,Thunderful Spear
アクバーの像,Blackmar Statue
カミル用飛竜,Kamil's Dragon
天風のたづな,Divine Wind Reins
くずれた灯台,Collapsed Lighthouse
転送係ツキヨ,Transfer Agent Tsukiyo
コッケちゃん,Clucky
飛竜のタマゴ,Dragon Egg
３階への入口,Entrance to 3F
やわらかい枝,Soft Branch
ノコギリエイ,Sawfish
ムドーカード,Murdaw Card
シロブタくん,White Piglet
西の洞くつ前,West Cave
天上のナスビ,Heaven Eggplant
終を告げる姫,Princess Tells End
若葉のピアス,Verdant Earrings
大僧侶の選択,Priest's Choice
やみよの邪鬼,Dark Headhunter
ウラード国王,King Woolard
港町レンドア,Port Lendor
がんばって！,Good Luck!
ゴーレム・強,Vicious Golem
創失ＮＰＣ１,Unmaking NPC 1
猛獣の道着下,Beastly Dogi Bottom
宿屋ラメルヌ,Innkeeper Ramerne
死者の影たち,Dead Shadows
創失の帝国兵,Unperial Soldier
取引商ボリス,Trader Boris
妖精郷の花髪,Faerie Realm Hair
ＮＰＣ０１１,NPC 011
若手芸人の服,Young Talent Vest
バイロゴーグ,Biologog
大砲・結界前,Barrier Cannon
オーブな香水,Orb Perfume
グリーンアイ,Green Eye
バズズノエル,Pazuzu Noel
星の大樹広場,Starry Tree Plaza
案内係ビレー,Guide Belay
資料室のカギ,Archives Key
お月見の障子,Moon Viewing Shoji
道具屋ゼクバ,Item Shop Zekuba
巨大な背びれ,Giant Dorsal Fin
天の聖壇内控,Inner Heavenly Altar
あまぐもの杖,Staff of Rain
鍛冶道具一式,Blacksmith Toolset
氷獄鬼の両腕,Icekeeper's Armaments
時空のしるべ,Leap Point
回復ドリンク,Recovery Drink
忍びの装束下,Ninja Suit Bottom
黒竜と白獅子,Black and White
大賢者のくつ,Supreme Sage's Shoes
夜のささやき,Night Whisper
オリハルコン,Orichalcum
聖戦への導き,A Sacred Guidance
超木工刀の本,Super Slick Book
案内係シェラ,Guide Shera
スライムの書,Slime Book
エテーネの村,Ethene Village
てつのブーツ,Iron Boots
香ばしい精油,Aromatic Oil
ピンクローズ,Pink Rose
道具屋カニラ,Item Shop Kanira
テレビレンズ,TV Lens
ちからのたね,Seed of Strength
フネばあさん,Grandma Fune
アテナの系譜,Sacred Genealogy
幻想の滝の壁,Fantasy Waterfall Wall
がいこつ・強,Vicious Skeleton
宿屋ペラトネ,Innkeeper Peratone
木製の庭用床,Wooden Floor (G)
アアテの手紙,Aate's Letter
千年翼の軽骨,Millennia Wingbone
世界樹の丘前,Yggdrahill
王都の桜もち,Royal Cherry Mochi
甘々シロップ,Sweet Syrup
女神の髪飾り,Goddess' Hairpin
紹介人ガーゴ,Introducer Gargo
天下泰平の書,Fan of Peace Book
子鬼ブリック,Trickereer
ドワーフ出身,Dwarf Homeland
雷神の連太鼓,Thunderlord's Drums
転送係ダウラ,Transfer Agent Daura
庭職人クナナ,Court Staff Kunana
しらふじいろ,white wisteris
まものレンズ,Monster Lens
代理人ハヤテ,Agent Hayate
雪国のフード,Snow Country Hood
スライムな傘,Slime Umbrella
隠者のブーツ,Hermit's Boots
とこしえの虹,Eternal Rainbow
神官オルパナ,Priest Orpana
星夜のくつ下,Starry Night Stocking
ディゼルの父,Diezel's Father
賢人バルドル,Baldr
マクフォール,McFaul
ワイトキング,Wight King
サザエクロー,Turban Shell Claws
聖天のリボン,Holy Heaven Ribbon
占いタロット,Fortunetelling Tarot
ウルベア帝国,Urbea Empire
月光の弓の書,Moonlight Bow Book
プオーンの像,Rebjorn Statue
白霜の流氷野,Frosty Floes
こうげき力 +8,Attack +8
兵士チェリン,Soldier Cherin
魚交換員パピ,Fish Exchange Papi
希望なき荒地,Hopeless Wasteland
覚醒プスゴン,Pusgon Awakened
炎護の翼・左,Blazing Wing (Left)
料理屋ケリー,Server Kelly
パチャティカ,Pachatika
セルゲイナス,Bilhaw
料理屋の看板,Restaurant Sign
宿屋ビョルツ,Innkeeper Bjortz
下層への通路,To Lower Passage
破毒のリング,Ring of Immunity
ウールギズモ,Woolmaulus
カカロン・陽,Klashmi - Yang
あやしげな珠,Suspicious Jewel
ププイアの穴,Pupuia Hole
踊り子のくつ,Dancer Shoes
炎の釣りざお,Fire Fishing Rod
宿屋セラータ,Innkeeper Serrata
ランガーオ村,Langao Village
天使のソーマ,Sainted Soma
でんげキノコ,Electric Mushroom
行動間隔短縮,Faster Turns
時間巻き戻し,Time Rewinding
深翠の試練場,Deep Green Trial
エルちゃん様,Miss El-chan
メレアーデ像,Mereade Statue
復活の三賢人,Revival of the Wise
モガリム街道,Mogarim Highway
女神の祠・風,Shrine of Wind
ばくれつけん,Multifists
アンテロの蛇,Antelo's Snake
ピュアブルー,pure blue
素材屋セリナ,Material Shop Serina
カルデア空洞,Chaldea Cavity
ベスカトーレ,Vescatore
キュロン湿原,Kyuron Marshlands
レイダメテス,Reidametes
光の錬金ツボ,Light Jar
復活ドリンク,Resurrection Drink
レオンソード,Sword of Leo
案内係オトワ,Guide Otowa
ギダのハープ,Gida's Harp
蘇りしイッド,Risen Idd
ヴァルザード,Valzard
ベスＴシャツ,She-Slime T-Shirt
黒猫のブーツ,Black Cat Boots
復讐鬼ガガイ,Revenge Ogre Gagai
あったか火鉢,Warm Brazier
死翼のおうぎ,Death Crow Fan
メギドローム,Megidrome
ヒサばあさん,Grandma Hisa
メルサンディ,Melsandy
大祭壇　出口,The Great Altar Exit
花星のおうぎ,Starflower Fan
基礎４・現在,Basics 4 - Present
もうどく胞子,Venomous Spore
月がほほえむ,The Smile of the Moon
ノエルハット,Noel Hat
歌姫の贈り物,Diva's Gift
デスマスター,death master
ろんりーるい,Lonely Louis
ずるいこころ,Cunning Heart
道化師の服下,Buffoon's Bottoms
黒猫カプセル,Black Cat Toy
木こりジンベ,Woodcutter Jinbei
グレイグの像,Hendrik Statue
キリカの草餅,Kirika Rice Cake
はざまの回廊,Passage Between
魔人兵士たち,Demonic Knights
月の輝くとき,When Moon Shines
空賊のズボン,Sky Pirate Pants
大使セティー,Ambassador Setty
族長のブーツ,Chieftain Boots
ウナギの滝口,Eel's Brink
パティスリー,Patisserie
桜花のブーケ,Cherry Blossom Bouquet
願いの巾着袋,Bag of Wishes
隊商の仲間Ｄ,Merchant Caravan D
ノエルブーツ,Noel Boots
白霊鬼ボータ,Bota, the White Spirit
モッズコート,Mod Coat
ヒースフィム,Heathfim
やいばくだき,Attack Attacker
研究員メメロ,Researcher Memero
ガレーの工房,Galley's Workshop
無限のりんね,Endless Rebirth
黒曜のタンス,Obsidian Wardrobe
旬の釣りざお,Seasonal Fishing Rod
へいしまーく,Soldier Mark
のうふはんす,Farmer Hans
TE用ギミック4,Gimmick for TE 4
ウエスタン扉,Western Door
神官タウリー,Priest Taury
交換屋プッカ,Exchange Shop Pucca
案内係タレレ,Guide Tarere
アロマルーム,Aromashroom
水晶のベンチ,Crystal Bench
キングレオ強,Apex Marquis de Leon
歌詠みの脚帯,Poet's Boots
轟雷の兵法書,Book of Thunder
麗しのぞうり,Beautiful Sandals
エステラの母,Estella's Mother
くびかりぞく,Head Hunter
ハヌマーン強,Apex Nemean
紹介人ハラリ,Introducer Halali
階・よろず屋,F General Shop
マジンガ先生,Master Machine
ネコヤシの実,Cat Coconut
プクリポの服,Pukulipo Clothes
ギミック１０,Gimmick 10
教授のメガネ,Professor's Specs
ギミック１２,Gimmick 12
グリングリン,Gringlin
激憤の魔瘴竜,Rage Miasma Dragon
白色ブロック,White Block
きまぐれ猫耳,Silly Cat Ears
レムルの聖杯,Lemur's Chalice
アマカムシカ,Amazlantelope
種族神像の間,Tutelary Statue
天奏士ガラン,Songweaver Galan
旬のイセエビ,Seasonal Lobster
道具屋ヒュナ,Item Shop Huna
雪花の髪飾り,Snow Flower Hairpin
交わらぬ水魚,Mix Water and Fish
天をあおぐ像,Skyward Statue
無心こうげき,Blind Man's Biff
アシュレイ母,Ashley's Mother
マスターキー,Master Key
貴賓室・下層,VIP Room - Lower Area
千夜フウジン,1000 Nights Fuujin
神兵のヘルム,Divine Soldier Helmet
戦士のかぶと,Warrior Helm
六種族の祭典,Festival of the Six
時増しの炎馬,Aged Equine
せいれいの杖,Spirit Staff
ベロニカの像,Veronica Statue
ムニエカの町,Munieka
ダラズ採掘場,Daraz Quarry
わかばあさん,Grandma Waka
這い寄る録音,A Creeping Recording
黒曜のベッド,Obsidian Bed
ＰＣの財布開,PC's Open Wallet
ランドン山脈,Landon Mountains
ファラスの剣,Faras' Sword
よろず屋ウニ,General Shop Uni
フラッペリン,White Imp
超心覚の錬獣,Super-Minded Beast
星空の机・紫,Purple Starry Desk
応用鍛練の間,Applied Training
水邪カトヴァ,Evil Water Katva
パープルログ,Purple Log
悪神　三闘士,The Fiend Triad
ソルベルム領,Solbern Region
小さな貝がら,Small Seashell
モーモンラグ,Teeny Sanguini Rug
クラウンの像,Crown Statue
ＮＰＣ００８,NPC 008
まじゅうの皮,Magic Beast Hide
ゴーレム・創,Created Golem
Ｖロンのイス,Vron Chair
ドラゴロック,Dragorock
復讐の兄弟竜,Vengeful Dragons
連続ダッシュ,Continuous Dash
タージオ神父,Father Targio
願いのかけら,Wish Shards
スキルブック,Skill Book
難民キャンプ,Refugee Camp
ペペロゴーラ,Peperogora
応用１・現在,Applied 1 - Present
がくとしらぎ,Student Shiragi
おもさのたね,Seed of Weight
グロリスの木,Gloris Tree
ねる・その３,Sleep 3
グロスナー王,King Grossner
失われた摂理,Lost Organization
住宅東エリア,East Residences
スイのやしろ,Sui Shrine
セレブモブ２,Celebrity Crowd 2
すごろく賢者,Sugoroku Sage
ドワーフ大国,Dwarf Nation
報酬交換員Ｙ,Reward Exchange Y
精霊のひかり,Spirit Light
術師のテント,Sorcerer's Tent
スコアアップ,Score Up
宿屋カプラン,Innkeeper Kaplan
桜花の便せん,Cherry Blossom Paper
ドラゴメタル,Metal Dragon Slime
あの日の約束,Promise of the Day
売り子モララ,Vendor Morara
処刑人ゲムザ,Executioner Gemza
闘士の便せん,Fighter Paper
増殖する異形,Multiplying Monstrosity
防具屋ジーナ,Armor Shop Gina
魔界の荷馬車,Demon World Wagon
金魚のゆかた,Goldfish Yukata
革張りの手帳,Leather-Bound Notebook
クロブタくん,Black Piglet
音楽隊衣装券,Band Uniform Voucher
ダークマター,Discontinuum
嵐の領界の柱,Storm Realm Pillar
モリナラ広場,Molinara Square
みきわめの石,Ascertaining Stone
白銀の結晶体,Silvery Crystal
氷じゅもん床,Ice Spell Floor
機巧研究所前,The Mechanica
銀河のぞうり,Galaxy Sandals
第１層・中層,L2 - Middle Area Area
世紀の新発見,New Discovery
運転士バチュ,Driver Vatu
怨讐の魔瘴魂,Grudge Miasma Soul
ジア・ガルネ,Dia Garne
アグーラ廃村,Agrah Village
タネ屋ゲラド,Seed Shop Gerado
けんぽうぎ上,Tussler's Top
ＭＰブレイク,Magic Eraser
きこりぺぺた,Woodcutter Pepeta
第５層・下層,L5 - Lower Area
ゆめみの銅箱,Dreamy Bronze Box
宿屋ヘルミネ,Innkeeper Hermine
じんめんじゅ,Treeface
皮のてぶくろ,Leather Gloves
武器屋セベー,Weapon Shop Sebe
暗黒の魔造兵,Dark Golem
神官エステラ,Priestess Estella
取引商ミヒラ,Trader Mihira
ボロヌジウム,Boronudium
月光蝶の帽子,Moon Butterfly Hat
防具鍛冶職人,Armorsmith
ガケっぷち村,Precipice Village
鍛練者の通路,Disciple's Passage
エテーネの剣,Ethene Sword
ぐんたいガニ,Crabid
オフライン１,Offline 1
レンダーシア,Lendersia
魅惑の水晶球,Magic Crystal Ball
アルイヴェナ,Alivena
ビターローズ,Bitter Rose
冥界のブーツ,Underworld Boots
アトラスの像,Atlas Statue
料理テーブル,Cooking Table
竜牙石の破片,Dragonite Shard
不死者の魔杖,Staff of the Undead
剣魔と芸術家,Swordsman & Artist
カブの烈火掌,Kabu's Fiery Palm
宿屋ワージタ,Innkeeper Wajita
悪魔のひとみ,Devil's Eye
竜術士の服上,Dragomancer Shirt
名もなき草原,Plain of No Name
サリュウコツ,Sand Bone
じごくのヌエ,Vermil Lion
管理人ペレナ,Caretaker Pelena
さくばあさん,Grandma Saku
駅員リフィト,Attendant Rifit
星夜のスター,Starry Night Star
聖湖ゼニート,Lake Zenit
カジノコイン,Casino Token
テンタコルス,Abyssal Octopot
ムニエカ地方,Munieka Region
色タイルの柱,Color Tile Pillar
トガスのぬし,Togas Dogus
交換屋カーク,Exchange Shop Kirk
ポップコーン,Popcorn
アクロバット,Acro Bat
神父エゴール,Father Egor
こあくまの弓,Imp Bow
マンフリッツ,Manfritz
うつろなカギ,Hollow Key
防具屋シラベ,Armor Shop Shirabe
氷と嵐の災禍,Woes of Ice & Storm
大審門への道,Road to Demongate
くじ屋ピタリ,Lottery Pitary
天上のチーズ,Heaven Cheese
お知らせ広場,Notification Square
錬金素材・黄,Yellow Material
学者コルチョ,Scholar Kolcho
幸せのおどり,Happy Dance
ヒナばあさん,Grandma Hina
売り子オリリ,Vendor Oriri
きこりもすけ,Woodcutter Moske
オフライン２,Offline 2
ギガボンバー,The Big Bomb
ホメロスの像,Jasper Statue
プクリポ大国,Pukulipo Nation
教会北エリア,North Church
ダストンの像,Duston Statue
教会南エリア,South Church
スペルガード,Spellblock
お城の木の柱,Castle Wood Pillar
忍者のタンス,Ninja Wardrobe
ギュメイ将軍,Goresby-Purrvis
売り子キノメ,Vendor Kinome
ダークネス２,Darkness 2
国王コウリン,King Kourin
ボストロール,Boss Troll
紹介人デジレ,Introducer Desiree
てすとちゃん,Test-chan
決めポーズ左,Decisive Pose L
三日月の夜に,A Crescent into Night
魔界・その他,Makai/Other
ガタラ住宅村,Gatara Residences
なげきムーン,Mourning Moon
謎の地下迷宮,Underground Maze
魔剣封印の間,Magic Sealed Room
シーラカンス,Coelacanth
財宝の地縛霊,Land Treasure Soul
封印されし者,The Sealed
古代樹の化石,Tree Fossil
ネオンスター,Neon Star
交呪の魔針Ｒ,Curseweaver Needle L
レッドエッグ,Red Egg
奇跡のチカラ,power of miracles
スチームイス,Steam Chair
まかいじゅう,Gnumesis
機械工学の本,Machinist's Books
侍従アーケン,Chamberlain Archen
駅員ビノービ,Attendant Binobi
武器屋ギルバ,Weapon Shop Gilba
ストーンマン,Stone Golem
美容師モココ,Hairdresser Mokoko
いっくよー！,Let's Go!
ダルワンピ下,Dalmatian Dress Bottom
ナシュロイ王,King Nashuroi
ズッキーニャ,Cruelcumber
状態異常と扇,Status Fan
ミランの手紙,Milan's Letter
銀の圧力なべ,Silver Pressure Cooker
エルフベンチ,Elf Bench
管理人リーゼ,Caretaker Lyse
どくイモムシ,Illerpillar
やわらかい肉,Succulent Steak
ドラポヨロン,Greater Dracky
空中ブランコ,Trapeze
バロンナイト,Visor Kaiser
ミモザの花束,Mimosa Bouquet
せいけん突き,Knuckle Sandwich
銀の錬金ツボ,Silver Jar
黄金の飾り棍,Ornamental Rod
金のロザリオ,Gold Rosary
タワーランス,Tower Lance
武器屋の看板,Weapon Shop Sign
獅子身中の虫,Treacherous Friend
ボムボムの玉,Bombomb Orb
破呪のリング,Ring of Riddance
星の錬金ツボ,Starry Jar
開運おみくじ,Good Fortune Slip
ガートラント,Gartlant
リプレイ報酬,replay reward
ひなばあさん,Grandma Hina
錬金酵素・紫,Purple Enzyme
ブルサベージ,Tormentaur
勇者アジール,Hero Azir
宿屋コンラザ,Innkeeper Conraza
シーグリーン,sea green
木造御殿の壁,Wood Palace Wall
ガタラ大山林,Gatara Mountain Forest
ビリビリ粘液,Shocking Mucus
ヤドリギ広場,Mistletoe Plaza
まほうの樹木,Spellbound Bough
黄のラクリマ,Yellow Lacrima
素朴なベッド,Rustic Bed
賢者のアーム,Sage Armbands
守護神の守り,Guardian's Charm
ゲノス・アイ,Genos Eye
風景つき障子,Landscape Shoji
ペンタグラム,Pentarang
紺青の贄の器,Blue Offering Vessel
カナリアーノ,Canaryano
人形用の木材,Dollmaking Wood
魔法使いの影,Mage's Shadow
時を巡る命題,Thesis of Time
沼大設置用２,Big Swamp 2
学びの時空間,Spacetime Study
いざないの間,Hall of Invitation
サワばあさん,Grandma Sawa
セレブモブ３,Celebrity Crowd 3
王家のナイフ,Nobleman's Knife
時増しの巨人,Aged Titan
道具鍛冶部員,Toolsmithing Club member
プチアーノン,Khalamari Kid
ニェルニャン,Nernyan
疾風のピアス,Gale Earrings
取引商オミー,Trader Omi
事務員ワーレ,Clerk Warei
ソルトナ峡谷,Saltona Canyon
のうふぼぼん,Farmer Bobon
真・災厄の王,True King of Calamity
ダストンの剣,Duston's Sword
温泉神の水桶,Springmaster's Bucket
まるい石ころ,Smooth Pebble
ヨンゲのメモ,Yong's Note
取引商プラヌ,Trader Planu
素材屋ピッツ,Material Shop Pitts
泡雪のブーツ,Light Snow Boots
サクばあさん,Grandma Saku
ザハルピオン,Zaharpion
ウルトラ大砲,Ultra Cannon
ホンワカ羽毛,Snuggly Feather
整備士の服上,Technician's Shirt
なげきの魔像,Lord Magmoai
天空のつるぎ,Zenithian Sword
メイヴ変異体,Variant Meiv
防具屋ロクア,Armor Shop Rokua
転職のカガミ,Mirror of Revocation
ミントダリア,Mint Dahlia
まほうのカギ,Magic Key
ドラキーの書,Dracky Book
まじんブドゥ,Djinn Genie
サンビタリア,Sanvitalia
競泳水着・桃,Pink Race Swimsuit
取引商アチャ,Trader Acha
ジムナーカス,Frankfish
死剣将の背光,Death General's Light
道具屋インゴ,Item Shop Ingo
魔女の長日傘,Witch Day Umbrella
記憶へ至る道,Road to Memories
スライミーズ,Slimeys
悪霊の神々強,Apex Evil Trinity
折れたオール,Broken Oar
古代鏡の大盾,Ancient Mirrorshield
ダークガイル,Dark Guile
ギフトカード,Gift Card
スカルガルー,Guaardvark
サイクロプス,Cyclops
ティーセット,Tea Set
選王の儀礼場,Rise of Royal Rites
壁かけ火灯窓,Bell-Shaped Window
ふしぎな水鏡,Reflective Mirror
迅雷の額当て,Thunderclap Visor
弟への贈り物,A Brother's Gift
水晶の食器棚,Crystal Cupboard
玩具屋カルタ,Toy Shop Karuta
木こりモスケ,Woodcutter Moske
ウェディ本棚,Weddie Bookshelf
軍神のゆびわ,War Hero's Ring
聖域のブーツ,Etherean Boots
ミューズ海岸,Muse Coast
武闘家バグタ,Martial Artist Baguta
青玉のうでわ,Sapphire Bangles
トビアスの杖,Tobias' Staff
悠久の天守城,Eternal Castle
兄からの手紙,Brother's Letter
ペッパピ神父,Father Peppapi
基礎３・未来,Basics 3 - Future
カラマド高原,Calamad Plateau
とと丸の帽子,Totomaru Cap
グレイツェル,Gretzel
魔族のしもべ,Demon Servant
大魔神格納庫,Colossus Hangar
バトンちゃん,Batonica
フニモニウム,Funimonium
聖なる水差し,Holy Jug
星空の釣り堀,Starry Sky Fish Pond
三将軍の手紙,Lieutenants' Letter
パーティ会場,Party Venue
だいまじんＣ,Stone Guardian C
三の島への道,Path to Third Isle
武器屋ソロリ,Weapon Shop Sorori
魔影の鬼婦人,Lady of the Shade
エテーネ粘土,Ethene Clay
月守りの魔晶,Moon Guardian Crystal
案内係タタン,Guide Tatan
広場への通路,Path to the Bastion
たびのとびら,Travel Door
取引商タヴィ,Trader Tavi
デリサース豆,Delicious Beans
ヤドリギの枝,Mistletoe Branch
トライロック,Trirock
前座芸人の服,Show Opener's Vest
音楽隊衣装Ⅰ,Music Band Outfit Ⅰ
潮騒の宝石箱,Tidal Jewelry Box
素材屋ポーツ,Material Shop Ports
シロウトさん,amateur
はがねのこて,Steel Gauntlets
武器屋コカブ,Weapon Shop Kokabu
ヤチャダチャ,Yachadacha
スターデビル,Star Devil
デスゴーゴン,Gnuriel
グッピー・赤,Red Guppy
ありがとう！,Thank you!
のうふほっか,Farmer Hokka
かばうの心得,Whipping Joy
宿屋エズメラ,Innkeeper Esmera
ザオラルラグ,Zing Rug
雪夜の大広間,Snowy Night Hall
白バラのラグ,White Rose Rug
お菓子合成屋,Confectionary Shop
プークプック,Satyr
賢者エイドス,Sage Eidos
恵みの広場前,Blessed Bastion
マプリコット,Mapricot
デュランの像,Dhuran Statue
カンダタ騎兵,Robbin' 'Ood Cavalry
幽界の黒翼鬼,Astral Avian
紺碧のヒスイ,Azure Jade
ドルロイの滝,Dolroy Falls
王宮魔術師帽,Royal Mage Hat
エルボブ像茶,Tea Eltona Bobtail St.
ドラキー・強,Vicious Dracky
財宝の守護者,Treasure Guardian
アルウェの像,Alwe Statue
浄化のハーブ,Purifying Herb
メタルーキー,Rookie Metal Slime
ナゴミオイル,Relaxation Oil
航界船の写真,Navigational Ship Photo
カップケーキ,Cupcake
天上のセサミ,Heaven Sesame
カカオーニャ,Cocoacumber
１階への入口,Entrance to 1F
賢者のぼうし,Sage Hat
ガイオス古海,Gaios Sea
東洋風壺・雅,Chic Orient Vase
砂岩の洞くつ,Sandstone Cave
コポのポーチ,Kopo Pouch
緑玉のピアス,Emerald Earrings
デンデロベー,Dendelobe
料理人カップ,Chef Cupp
炎護の翼・右,Blazing Wing (Right)
神官マウジャ,Priest Mauja
隠者のベルト,Hermit's Belt
スラシャボン,Liquid Soap Slime
ギミック１４,Gimmick 14
芸術の殉教者,Martyr of Art
九頭竜の神話,Myth Of The Hydra
基礎４・過去,Basics 4 - Past
ルベイク大臣,Minister Rubeik
プチグラコス,Frail Gracos
ルラムーン草,Lunar Zoombloom
記録係マータ,Archivist Marta
樹天の里弁当,Treetop Town Bento
悦びの浮き島,Floating Island
案内係ムウナ,Guide Moona
宿屋クーミナ,Innkeeper Kuumina
宿屋ベデゼル,Innkeeper Bedezel
荒野の一軒家,Wilderness House
チョコレート,chocolate
セラフィの像,Seraphi Statue
ヘペット神父,Father Heppet
白木のベッド,Plain Bed
グレーリリィ,Dark Gray Lily
モダンな街灯,Modern Lamppost
黒水晶の置物,Onyx Ornament
バイオキラー,Biokiller
案内係ペルピ,Guide Perupi
仮面バスター,The Mask
射手のタイツ,Archer Tights
武器屋ワイズ,Weapon Shop Wyze
盗賊王の誇り,Thief King's Pride
隊商の仲間Ａ,Merchant Caravan A
便せん屋ワン,Stationery Shop Wan
デビルロード,Batmandrill
ミネアの手紙,Meena's Letter
星空のゆかた,Starry Sky Yukata
宿屋チャルク,Innkeeper Chark
大魔王の私室,Demon Lord's Room
交換屋リラエ,Exchange Shop Lilae
フリフリな傘,Frilly Umbrella
三毛猫のくつ,Calico Cat Shoes
時増しの巨竜,Aged Dragon
南国の木・大,Tropical Tree L
神官キフライ,Priest Kifley
アルミラージ,Spiked Hare
エフハンマー,F Hammer
油絵フィルム,Oil Painting Film
小鳥の柵・白,White Bird Fence
フユばあさん,Grandma Fuu
鳴神のつるぎ,Thunder Sword
変異ケダモン,Mutant Feralbeast
ガテリアの苗,Gateria Seedling
ドルボード４,Dolboard 4
暴虐の海賊団,Pirates' Tyranny
迷えるレオン,Lost Leon
あくまのきし,Knight Aberrant
キュロン草園,Kyurongrass Garden
道具屋カカラ,Item Shop Kakara
レッドローズ,Red Rose
光をたどる者,Followers of Light
審判の闘技場,Trial Arena
琴座の五線譜,Lyre's Score
葬竜グレイム,Enei Ciel
立派な石の柱,Fine Stone Pillar
伝声の琴・改,Revised Voice Harp
牡丹の髪飾り,Peony Hairpin
清めの洞くつ,Cave of Purity
フォルネウス,Forneus
魔炎鳥の尾羽,Darkflame Feather
シャンチュア,Shantua
聖王のナイフ,Dryspell Knife
ヤミスライム,Yummy Slime
サッシェンド,Sashend
ガシュー先生,Mr. Gashu
秘術の守護者,Arcane Guardian
レンジャー４,Ranger 4
ヘルビースト,Sculptrice
武闘家ヤーン,Martial Artist Yarn
階・争覇の間,F - Chamber of Conquest
道具屋クチバ,Item Shop Kuchiba
閃帝の偉勲記,Radiant Historia
燈火の調査隊,Ember Explorers
真ドルボード,True Dolboard
竜殺しの絶技,Dragon Slayer's Skill
すごろく戦士,Sugoroku Warrior
水晶のタンス,Crystal Wardrobe
グレック神父,Father Greck
炎と嵐の災禍,Woes of Fire & Storm
道具屋ノーム,Item Shop Nomu
取引商ハヅヅ,Trader Hazuzu
賢者ホーロー,Sage Hollow
ティルツキン,Tiltzkin
ドクロぶくろ,Skull Bag
メンメのメモ,Menme's Note
ハートを描く,Draw a Heart
バラの育て方,How to Grow Roses
水没遺跡地区,Submerged Ruins
武器屋モヌス,Weapon Shop Monus
天海のかぶと,Heavenly Sea Helmet
盆踊りフウラ,Festival Dance Fuura
がいこつ・凶,Wicked Skeleton
プレゼント屋,Present Shop
メルド陣呼び,Call Meldo Circle
ゆめみの竜箱,Dreamy Dragon Box
よみがえり節,Revival Refrain
時の化身の像,Tockle Statue
くびなが大師,Blue Giraffe
中枢前への扉,Door to Core
仮装メイク術,disguise makeup
バルバロッサ,Orobas
剣柄の洞くつ,Sword Hilt Cave
演奏オカリナ,Play Ocarina
案内係アハド,Guide Ahad
アクセルギア,Mechanical Monocle
ローラ姫印章,Gwaelin Stamps
四の塔・上層,Tower 4 - Upper Area
ハンターガン,Hunter Gun
はしりぶくろ,Penny Pouch
宿屋シュウラ,Innkeeper Shuura
やさい三銃士,Three Vegeteers
道具鍛冶職人,Toolsmith
エルジュの剣,Erju's Sword
ゾーマ　賢者,Zoma, Sage
レンジャー２,Ranger 2
武神の道着下,War God Dogi Bottom
キルリザード,Mandrake Marine
フリルギフト,Frilled Gift
こんじきの雲,Golden Nimbus
闇のリベリオ,Dark Purrgatroyd
ファーラット,Feralball
スボバウェア,Snowbattle Wear
斬撃の試練石,Slash Test Stone
飛竜のズボン,Flying Dragon Pants
ザードの尖塔,Zard Spire
武器屋ドギス,Weapon Shop Dogis
デフェル荒野,Defel Desert
クラムベリー,Crumbberries
ピンクの花束,Pink Bouquet
行商人ドギー,Peddler Dogi
釣りコン印章,Fish Contest Stamps
応用３・過去,Applied 3 - Past
鉄の錬金ツボ,Iron Jar
はこばあさん,Grandma Hako
黄金のかき氷,Golden Shaved Ice
チョコヌーバ,Fudgeraker
某国の兵士Ｂ,Country Soldier B
あずきの花束,Red Bean Bouquet
ぱふぱふ天国,Puff Puff Paradise
アローインプ,Bodkin Bowyer
道具屋マリド,Item Shop Malido
さいほう職人,Sewer
駅員ボウマン,Attendant Bowma
たたきモグラ,Mashing Mole
聖天のドレス,Holy Heaven Dress
スライム・強,Vicious Slime
あっはっは！,Ahaha!
悔恨の牢獄前,Prison of Remorse
ハッパの想い,Happa's Feelings
マッドレザー,Axolotl Leather
とうろうへい,Bamboolinquent
大神官の部屋,High Priest's Room
慰霊碑の材料,Memorial Materials
がいこつ召喚,Summon Skeleton
女性メイド服,Maid Outfit (F)
ニットワンピ,Knitted Dress
制服エプロン,Uniform Apron
はがねの尾羽,Tinny Tail Feathers
聖天のぼうし,Holy Heaven Hat
エステラの杖,Estella's Staff
神父ムスチー,Father Muschi
ハリセンボン,Blowfish
デスパロット,Paralakeet
ガーニハン像,Ganihan Statue
虹色ヤシの実,Colorful Coconut
ゾルトグリン,Zoltgrin
クリオネオン,Luminous Lampling
超錬金ランプ,Super Lamp
カイラム村長,Chief Kairam
あやしいイス,Suspicious Chair
にじくじゃく,Prism Peacock
教練チケット,Training Ticket
トーマの行方,Toma's Whereabouts
エテーネの服,Ethene Top
紅蓮の大宝石,Bright Red Gem
やぐらエリア,Fort Area
バズズカード,Pazuzu Card
未来への風音,Future Wind Sound
ローヌ薄桃花,Pink Rhone Flowers
転送係タイズ,Transfer Agent Taz
リトルマリン,Little Marine
宰相のブーツ,Chancellor's Boots
航海士ロンブ,Officer Lonbu
デビルパック,Devil Tarot Pack
花火のゆかた,Fireworks Yukata
雪原のズボン,Snowfield Pants
イワノフ博士,Dr. Stoneberg
しすたーらん,Sister Lan
取引商エニフ,Trader Enif
ブルベリーノ,Foebergine
アイスブルー,ice blue
カラマドの剣,Sword of Calamad
どくやずきん,Bodkin Fletcher
小悪魔ドレス,Lil' Devil Dress
デスマシーン,Slaughtomaton
レンジャー３,Ranger 3
白木のおうぎ,Wooden Fan
アウルワンド,Aur Staff
アスフェルド,Asfeld
ごうかな燭台,Fancy Candlestick
大工ボルンガ,Carpenter Borunga
残光の荒野後,Waning Wastes
芸術を求めて,In Search of Art
浜辺かきわり,Beach Backdrop
プライド商会,Pride Firm
リソルソファ,Resol Sofa
バトルファン,War Fan
つららわたり,Stalacticle
某国の兵士Ｃ,Country Soldier C
キュルルの実,Kyururu's Fruit
ライトバリア,Light Barrier
麗姫のブーツ,Princess Boots
暴風の豪剣士,Stormy Swordsman
武闘家のくつ,Martial Artist Shoes
第５層・上層,L5 - Upper Area
宵闇のジェル,Dark Gel
マキュリ集落,Makyuri Village
古い錬金目録,Old Alchemy Catalog
モリーサタン,Morrimp
アイスタルト,Ice Tart
紹介人セリド,Introducer Zerid
うさぎのお面,Bunny Mask
こうげき力 +5,Attack +5
エルフタンス,Elf Wardrobe
オーグリード,Ogreed
番長のぼうし,Shotcaller's Hat
ゴースト・強,Vicious Ghost
ザンジャ神父,Father Zanja
アトリエ１階,Studio 1F
月守りの亡者,Moon Guardian Spirit
真・魔幻宮殿,True Demon Palace
月光の花摘み,Moonlight Flower Picking
メモリ負荷２,Memory Load 2
ネオン・粒子,Neon Particles
暗やみの香油,Pomade of Darkness
ゆめみの闇箱,Dreamy Dark Box
子供たちの絵,Children's Drawing
隠密の装束上,Covert Shirt
アビスサイズ,Abyss Scythe
戦士シグルド,Sigurd
ダークトロル,Terror Troll
あくまのムチ,Demon's Whip
水竜のうろこ,Saturated Scale
英雄王の領域,Heroic Realm
通りすがりＡ,Passerby A
猛獣のブーツ,Beastly Boots
タクトポーチ,Tact Pouch
悲しきルシオ,Sad Lucio
いばらのムチ,Thorn Whip
神代の遺構前,Ancient Remains
酒場のカガミ,Mirror of Taverns
ソマルカ先生,Mr. Somarka
タネ屋の看板,Seed Shop Sign
冷眠室　下層,Cryogenic Chamber - Lower Area
秘宝の破壊兵,Treasure Gigantes
暴狂の魔瘴魂,Frenzy Miasma Soul
深緑の贄の器,Green Offering Vessel
ギュッとトラ,Tiger Arm Doll
花開きの聖祭,Blooming Festival
混沌の魔術王,Chaotic Sorceror King
禍々しい秘薬,Ominous Medicine
ゲゼルマイン,Gezelmein
闘技演習場３,Training Ground 3
ゴブル砂漠東,Goble Desert East
レッドバリア,Red Barrier
レグナライト,Regnalite
達人の玉手箱,Master's Jewelry Box
家具屋の看板,Indoor Furniture Shop Sign
ウォークライ,War Bellow
黒水晶の羽根,Onyx Feather
海邪のしもべ,Seaslave
ゴッドクロー,God Claws
昔日のかぶと,Ancient Helmet
怪獣プスゴン,Pusgon
天命の戦乙女,Valkyrie of Fate
姿見ハンマー,Mirror Hammer
竜術士セット,Dragomancer Outfit
れでぃじにあ,Lady Zinnia
隷従の魔瘴魂,Slaving Miasma Soul
兵士タコウチ,Soldier Takouchi
リュート発光,Glowing Lute
竜術士の帽子,Dragomancer Hat
情報屋ザップ,Tipster Zapp
メラリザード,Frizzard
デバフ魔方陣,Debuff Magic Area
料理屋イツキ,Server Itsuki
叡聖のブーツ,Profound Boots
錬金男の短剣,Alchemy Man Dagger
黄竜のうでわ,Yellow Dragon Bangles
イーリスの杖,Rod of Paradise
オーラスキル,Je Ne Sais Quoi skill
男の子Ｅ３Ａ,Boy E3A
三闘士の誓い,Triad's Oath
スイカのイス,Watermelon Chair
店員フリーダ,Clerk Frida
ハコばあさん,Grandma Hako
ポイックリン,Poiclin
蔦の絡まる家,Ivy Covered House
兵士の休憩室,Soldier Break Room
はやぶさの剣,Falcon Blade
紹介人カラリ,Introducer Kalari
取引商ペルレ,Trader Perle
リィンチェア,Lynn Chair
亡都の地下堂,Hall of the Lost City
防衛結界・北,North Barrier
古びたはしご,Old Ladder
月の塔最上層,Upper Moon Tower
古武道のツメ,Crimson Claws
スパナロッド,Spanner Rod
賢者マリーン,Sage Malynn
スペーディオ,Wulfspade
王都の便せん,Royal City Paper
オーガの祭壇,Ogre Altar
ゴルバヘルム,Smogbonnet Helm
防具屋オムザ,Armor Shop Omza
盗賊の心意気,Spirit of a Thief
育みの上香水,Nurture Perfume L
町長の家２階,Mayor's House 2F
大闇黒の魔鐘,Hell's Bell
マツばあさん,Grandma Matsu
闇の親衛隊Ｂ,Dark Bodyguard B
お城の木の壁,Castle Wood Wall
裁定者の拝礼,Arbitrator Worship
ふしぎな小箱,Mysterious Box
ゼクレス歌集,Zechres Songbook
酒場の置き物,Tavern Ornament
メルカバ兵長,Captain Merkaba
霊獣の古戦場,Ancient Battlefield
デュラハーン,Dullahan
道具屋ニクス,Item Shop Nix
邪悪なる霊威,Spirit of Malevolence
一の星獣エン,1st Star Beast En
素材屋の看板,Material Shop Sign
シガール町長,Mayor Sigal
幻妖の魔勇者,Phantom of an Evil Hero
リングピアス,Hoop Earrings
防具屋カノス,Armor Shop Kanos
ミルドラース,Grandmaster Nimzo
フィブラ神父,Father Fibra
けがれの谷底,Defiled Depths
ユースズボン,Youth Pants
ザ・ボーンズ,The Bones
アズラン地方,Azlan Region
巨大なうろこ,Colossal Scale
神狐の装束上,Divine Fox Shirt
ベリナイスド,Verinaice
闇と嵐の災禍,Woes of Dark & Storm
ポニテリング,Ponytail Ring
くじ屋ラキー,Lottery Rakky
道具屋ジーヌ,Item Shop Gene
こおりのツメ,Ice Claws
典雅なはかま,Graceful Hakama
秘宝の機工獣,Treasure Raider
幸福の便せん,Happiness Paper
ウメばあさん,Grandma Ume
魔塔のしずく,Tower Droplet
エルフの銅像,Elf Bronze Statue
秋祭りメイン,Festival Mein
天の方舟先頭,Starflight Express Engine
ダーマの神殿,Alltrades Abbey
おどりスキル,Dance skill
六の星獣イム,6th Star Beast Imu
メダル交換NPC,Medal Trader NPC
ダークナイト,Invisible Swordsman
ゼニートの机,Zenit Desk
メレアーデ？,Mereade?
サカサナマズ,Upside-Down Catfish
ちゃがまゴン,Wyrkettle
魚猫の交わり,Fish and Cat Pals
学徒ミミズキ,Student Mimizuki
ぶきやがっと,Weapon Shop Gatto
遺跡の守護者,Ruin Guardian
バッジ交換券,Bronze Badge Ticket
ドルバイク２,Dol-Bike 2
ダークゼリー,Dark Slimedrop
メモリ負荷３,Memory Load 3
神狐のしっぽ,Divine Fox Tail
ＮＰＣ６０１,NPC601
しすたーなな,Sister Nana
マリーンの像,Malynn Statue
素材屋ミヅキ,Material Shop Mizuki
黄金のキノコ,Golden Mushroom
ルミナス噴水,Luminous Fountain
天地鳴動の印,Mark on Nature
黄金の飾り扇,Ornamental Fan
商人ティサウ,Merchant Tissau
水中フィルム,Underwater Film
冥闇の聖塔前,Dark Tower
ウォルド地方,Angelfall Region
キングヒドラ,King Hydra
ゾンガロン島,Zongalon Island
道具屋サマサ,Item Shop Samasa
神官ダヌシュ,Priest Danush
一角鬼の手甲,Demonhorn Gloves
召喚士の指輪,Summoner's Ring
最後の羊皮紙,Final Parchment
不死の支配者,Ruler of Immortality
宿屋スィーテ,Innkeeper Sueet
ガナン帝国領,Gittish Empire
大工ドドリス,Carpenter Dodris
ヴィスタリア,Vistaria
暗闇のボロ屋,Dark Shabby House
さくら色の傘,Cherry Umbrella
花盆栽セット,Flower Bonsai Set
お星様の風船,Star Balloons
オーラ感知器,Aura Sensor
サビトリーナ,Rustorina
破壊神の眼甲,Wrecking Wear
砂上の襲撃者,Sand Assailants
聖域の額当て,Etherean Headband
星夜のピアス,Starry Night Earrings
白木のタンス,Plain Wardrobe
宿屋・料理屋,Inn/Restaurant
氷と闇の災禍,Woes of Ice & Dark
青き樹縛の塔,Blue Tree Tower
小鳥の柵・茶,Brown Bird Fence
バグざえもん,Bagzaemon
取引商モティ,Trader Moti
魔公子の双角,Demon Prince Horns
デビルスノー,Shivery Shrubbery
宿屋マルツネ,Innkeeper Marutsune
魔王モルゼヌ,Demon King Morzen
応用４・過去,Applied 4 - Past
ガミルゴの盾,Gamilgo's Shield
悪鬼のねぐら,Devil's Roost
チームアジト,Team Hideout
海冥主メイヴ,Sea Lord Meiv
秘宝の魔戦士,Treasure Gladiator
悪魔キェルグ,Kukulkannihawker
奉火のトーチ,Torch of Offering
夢見るソフィ,Dreaming Sophie
こころの結晶,Heart Crystal
マンマセット,Manmasett
桜花のはかま,Cherry Blossom Hakama
取引商フワロ,Trader Fuwaro
炎と氷の災禍,Woes of Fire & Ice
ガッツポーズ,Guts Pose
ゆうたの印章,Gamer Gal Stamps
中庭への出口,Exit to Courtyard
店員テリップ,Clerk Teripp
メーダクイン,Lunatick Queen
フットライト,Footlight
マーロウ神父,Father Marlowe
商人ヤッチェ,Merchant Yatche
絶牙の白獅子,White Fang Lion
グリッドラグ,Grid Rug
ブルーオーブ,Blue Orb
船乗りデーラ,Sailor Della
セクシーバス,Sexy Bathtub
天星郷（仮）,Heaven (Temp)
トラキーの像,Tracky Statue
白灰のピラー,White Ash Pillar
プチアクバー,Frail Blackmar
モーモン・強,Vicious Teeny Sanguini
クレアの部屋,Claire's Room
みかがみの盾,Silver Shield
異界滅神の間,The Obliterator's Chamber
ダーマ大神官,Abbey High Priest
さとりスキル,Enlightenment skill
風流な松の木,Elegant Pine Tree
紹介人シーニ,Introducer Sini
基礎３・現在,Basics 3 - Present
白亜の貝がら,Chalk Shell
なかまレンズ,Party Lens
木彫りの神像,Wood Carved Idol
大魔王の王冠,Demon Lord's Crown
宿屋グレッグ,Innkeeper Greg
荒野の休息所,Wilderness Retreat
ダークグレー,dark gray
コスモグール,Cosmo Ghoul
家具屋ピョン,Indoor Furniture Shop Pyon
死の歯車部屋,Gears of Death
赤き炎業の塔,Red Fire Tower
竜黄色のツノ,Yellow Dragon Horn
黄泉の邪妖星,Evil Star of Hades
大工カラマツ,Carpenter Larch
巨大剣のサビ,Giant Sword Rust
暗黒の星竜機,Darkstar Dragomech
スコルパイド,Scorpide
メソコボルト,Gloomy Grublin
いっぱつの盾,One Shot Shield
駅員ペインズ,Attendant Penzu
道具屋ホヅミ,Item Shop Hozumi
下級亡霊兵士,Lowly Spirit Soldier
マザーウッド,Motherwood
めざめしもの,Waking Dead
ファルシオン,Falchion
ストロスの杖,Stolos' Staff
アーティファ,Artifa
ゴーレム・塔,Tower Golem
お手紙レンズ,Letter Lens
闘魂キャップ,Fighting Spirit Cap
砂の都のラグ,Sand City Rug
あやかしの木,Ghostly Tree
壊れた幻灯機,Broken Phantom Light
リルグレイド,Li'l Gray
こぶたの線香,Piggy Incense Stick
駅員ルゴール,Attendant Rugolle
管理人ルンネ,Caretaker Lunne
銃士ナスビス,Musketeer Bergus
クドゥスの泉,Kudus Spring
フォステイル,Fostail
カジノな香水,Casino Perfume
リリアージュ,Lilliage
太陽の塔２階,Sun Tower 2F
小型艇発着場,Vessel Landing
覇王の征戦記,High King's Conquest
錬金酵素・赤,Red Enzyme
月明かりの家,Moonlit House
武器屋ガット,Weapon Shop Gatto
大魔王の巨像,Statue of a Demon Lord
芸を忘れた男,Trickless Trickster
研究員ハリリ,Researcher Hariri
ふわふわ人魂,Floating Wisp
家具屋ルブタ,Indoor Furniture Shop Rubuta
スキルノート,Skill Notebook
宿屋ナーミス,Innkeeper Narmis
神殿の巡回兵,Temple Patrol
ルビーの置物,Ruby Ornament
目覚める剣士,Awakened Swordsman
武王のつるぎ,Warlord's Sword
賢人フレイヤ,Freya
アテナの聖槍,Sacred Spear
海賊のぼうし,Pirate Hat
音楽隊衣装Ⅱ,Music Band Outfit Ⅱ
八の塔・中層,Tower 8 - Middle Area
忍びの装束上,Ninja Suit Top
魔狼のつけ耳,Fake Wolf Ears
メモリ負荷７,Memory Load 7
しのばあさん,Grandma Sino
レース屋ビリ,Race Registrar Billy
りゅうのツノ,Dragon Horns
七の塔・上層,Tower 7 - Upper Area
豪雷将のヒゲ,Thunder General's Stache
道具屋ドモラ,Item Shop Domora
ノキオの人形,Noccio's Doll
ププレポの水,Pupulepo Water
マンドラゴラ,Mandragora
紫水晶の時計,Amethyst Clock
紹介人ゴーシ,Introducer Goshi
ライトグレー,light gray
ビップルーム,VIP room
ＧＭのかぶと,GM's Helmet
神官ザブラル,Priest Zabral
荒城の宝物殿,Palace Treasury
せいれいの粉,Spirit Dust
さくらレンズ,Cherry Blossom Lens
封空のランプ,Sealing Lamp
神官ジリカン,Priest Jirikan
エブラフ神父,Father Ebluff
黒曜の隕石孔,Meteorite Hole
神技のブーツ,Divine Skill Boots
輪王ザルトラ,Ring King Zaltra
スライムベス,She-Slime
ネリもののふ,Squash Samurai
砂州ギミック,Sandbar Gimmick
ボロヌスの穴,Boronus Hole
永劫の浮動宮,Eternal Palace
神官ラプラド,Priest Laprado
案内係ハイム,Guide Heim
家具屋ガラハ,Indoor Furniture Shop Galaha
タネ屋ツィネ,Seed Shop Zinei
絵日記レンズ,Picture Book Lens
ラキ制御用２,Lycae Control 2
秘宝の魔象兵,Treasure Gnuriel
素材屋チペラ,Material Shop Chipera
デニムソファ,Denim Sofa
グレン城下町,Glen Castle Town
素材屋メドリ,Medori
魔軍師の広場,Sorcerer's Square
まだむべろあ,Madame Velor
奇跡の木工刀,Miracle Slick
星夜の髪飾り,Starry Night Hairpin
白木の長イス,Plain Bench
料理人メルル,Chef Merle
誇りと、愛と,Pride, Love and...
赤いまなざし,Red Gaze
マッドスミス,Lumberin' Jack
炎の領界の木,Fire Realm Tree
こうげき力 +9,Attack +9
スライム帽子,Slime Hat
悲しみの音叉,Tuning Fork of Sadness
福の神メダル,God of Fortune Medal
暁の眷属・黒,Dawn Servant (Black)
地中ゴーグル,Subterranean Goggles
赤翼鬼シシン,Shishin the Red
メギストリス,Megistris
道具屋ポピリ,Item Shop Popiri
ビネガロンガ,Vinegaronga
フルオーバー,Pullover
取引商ピッケ,Trader Pikke
青の港町から,The Blue Port Town
宿屋ツィッサ,Innkeeper Zissa
補習チケット,Extra Lessons Ticket
案内係ナギモ,Guide Nagimo
射手のぼうし,Archer Hat
はねばあさん,Grandma Hane
しすたーちも,Sister Chimo
エレキギター,Electric Guitar
競泳水着・黄,Yellow Race Swimsuit
楽園へ至る間,The Way to Utopia
カオスベリー,Chaos Berry
三闘の守護霊,Triad Guardian Spirit
ビッグバン岩,Big Bang Rock
風の竜イゾラ,Wind Dragon Izola
オロボン所長,Director Orobon
売り子プフル,Vendor Puffle
ゴールドマン,Gold Golem
モンバーバラ,Laissez Fayre
武器屋メメク,Weapon Shop Memeku
二の島への道,Path to Second Isle
銀のロザリオ,Silver Rosary
ロングマント,Long Mantle
ガイフェット,Guyfet
ハツばあさん,Grandma Hatsu
天才と凡人と,Genius & Ordinary
はがねのムチ,Spiked Steel Whip
チョッコー団,Choco Group
マッドブレス,Muddled Breath
追憶の街並み,Recollection Town
女神の祠・花,Shrine of Flowers
くわえ葉っぱ,Mouth Leaf
宿屋モッキン,Innkeeper Mockin
智将の叙事詩,Epic of the Wise Leader
海賊ドレーク,Pirate Drake
メタスラの盾,Metal Slime Shield
アカイワ博士,Dr. Redstone
クロウズの像,Claws Statue
ベルンハルト,Bernhardt
むくろカサゴ,Mouldfish
切り株チェア,Stump Chair
葉で作った器,Leaf Vessel
キュベリオン,Cubelion
忘却のほら穴,Forgotten Cave
守護ガニラス,Guardian Handsome Crab
メタルな香水,Metal Perfume
デゼルの手紙,Dezel's Letter
ツボ錬金職人,Pot Alchemist
便せん屋タキ,Stationery Shop Taki
根性の棍作り,Resolute Rod Making
ピリッポの家,Pirippo's House
全身グリーン,Turning Green
忠臣のピアス,Loyalist Earrings
魔撃の試練石,Magic Test Stone
ローネニウス,Lonenius
交換屋ベディ,Exchange Shop Bedi
ヨネばあさん,Grandma Yone
テンツク・祖,Ancestral Slugger
ＶＩＰルーム,VIP Room 
茨のついた男,Thorny Man
オルフェア駅,Orphea Station
創生巨神の像,Creation Colossus Statue
ボーンナイト,Grim Rider
決戦用砲台Ａ,Battle Cannon A
南国の便せん,Tropical Paper
つむりんママ,Mama Snail Slime
殺りくの悪夢,Decimating Dream
疾風の装束上,Gale Garb Top
学園のゆかた,School Yukata
パルミオ博士,Dr. Palmio
まほうの材木,Magic Wood
うろこのこて,Scale Gloves
レギルラッゾ,Legirrazzo
行商人ナルギ,Peddler Nargi
青の上錬金石,Sapphire Gem
司祭のブーツ,Pastor's Boots
謎のバケモノ,Mystery Monster
闇の出刃包丁,Dark Carver
ともしびの木,Lamplight Tree
ろんりーはせ,Lonely Hasse
番長のドカン,Shotcaller's Pants
素材屋ナディ,Material Shop Nadie
ベロリンマン,Abominable Showman
オアシスの水,Oasis Water
囲炉裏セット,Sunken Hearth Set
お祭りお神輿,Festival Mikoshi
スイーツピー,Sweet Pea
サラマンダー,Flame Tang
開かずの小箱,Unopened Small Box
バンシェ神父,Father Banshe
せいどうの盾,Bronze Shield
古ガリアル洞,Old Garial Cave
アルパカの像,Alpaca Statue
ダークスター,Dark Star
トモガラの苗,Tomogara Seedling
門番シャッデ,Gatekeeper Shadde
交換屋ウリル,Exchange Shop Uril
軍神の行軍録,War Goddess' Records
神官マトルト,Priest Matolt
ベロニャーゴ,Terror Tabby
ばしょうせん,Frond Fan
ダークゲージ,Dark Cage
深翠のピラー,Deep Green Pillar
コイン販売所,Token Counter
メリーサーラ,Merrygina
鉄板張りの柱,Iron Plated Pillar
ポーポラ地方,Popola Region
ましょうぐも,Demon Cloud
賢者の隠れ家,Sage's Lair
家具屋トトニ,Indoor Furniture Shop Totoni
店員ルワーレ,Clerk Ruwarei
月守りの邪猿,Moon Guardian Monkey
みかんダリア,Mandarin Dahlia
シルビアの像,Sylvando Statue
石レンガの柱,Stone Brick Pillar
のうふほるど,Farmer Holde
ラウルチェア,Rahul Chair
終わりの欲望,Desire of the End
取引商ガルゴ,Trader Galgo
よろず屋ウカ,General Shop Uka
いねばあさん,Grandma Ine
あやかし障子,Ghostly Shoji
星夜のハット,Starry Night Hat
預かり所ロチ,Storage Rochi
秘宝の守護竜,Treasure Skelegon
ソーミャの家,Somya's House
水鳥のいる池,Bird Pond
海辺の交易所,Beach Trading Post
カイザー先生,Master Kaiser
紅水晶の羽根,Ruby Feather
ランプ素材屋,Lamp Material Shop
赤カブのイス,Red Turnip Chair
パニガアーム,Paniga-Arm
スラマシンＺ,Slimeborg Z
結晶の森の花,Crystalline Forest Flower
メラゴースト,Firespirit
三の塔・上層,Tower 3 - Upper Area
禍々しい柱Ｂ,Ominous Pillar B
ビッグミート,Big Meat
羽ばたく翼神,Winged God
家族のもとへ,Go to Your Family
ブルーの花束,Blue Bouquet
ネクロバルサ,Togre
神託のぼうし,Oracle Hat
バシルーラ屋,Bazoom service
メイクアップ,Makeup
聖蓮の鈴飾り,Holy Lotus Bells
コルシュ大臣,Minister Corsh
さくらこぞう,Scary Blossom
雪原のミトン,Snowfield Mitts
花嫁のヒール,Bride's Heels
メインホール,Main Hall 
ＮＰＣ０１３,NPC 013
グレネーどり,Bombird
ハラリの名簿,Halali's Name List
慈愛のケモノ,Beast of Affection
ウェディ小国,Weddie Land
アンモナイト,Ammonite
応用１・未来,Applied 1 - Future
防具屋ゴンボ,Armor Shop Gonbo
栄光の鎧・金,Gold Glory Armor
天使オルガノ,Organo
ジャンボナス,Jumbo Eggplant
ジュリアンテ,Juliante
ももじゃの像,Platypeach Statue
カードを引く,Draw Card
キャロルギル,Kyrolgyl
コアクモーン,Inky Sanguini
サルコスクス,Sarcosuchus
ドミネウス邸,Domineus Mansion
先進研究区画,Advanced Research
戦慄の魔侯爵,Shuddering Marquis
七夕の木工刀,Festival Slick
オルファの丘,Orpha Hill
森人の前かけ,Woodland Apron
竜守りの小屋,Dragon Guard's Hut
聖者のほうい,Saint's Vestment
ベコン渓谷前,Becon Valley
ベルムドの像,Bermud Statue
防具屋チガヤ,Armor Shop Chigaya
取引商トレド,Trader Toledo
異境の先遣隊,Vanguard From Beyond
狩人のほら穴,Hunter's Den
初代勇者の剣,First Hero's Sword
秘宝の楽奏兵,Treasure Amodeus
カギ師の小箱,Keymaker's Box
ダークグラス,Dark Glasses
オーガの銅像,Ogre Bronze Statue
ギガデーモン,Pruslas
ぼうれい剣士,Phantom Fencer
テンオツ鬼神,Tenotsu
剣士ヒューザ,Swordsman Hyuza
黒曜の食器棚,Obsidian Cupboard
一の塔・中層,Tower 1 - Middle Area
銀河の石灯籠,Galaxy Lantern
夜狐の装束上,Nightfox Costume Top
たれこげ茶猫,Lazy Olive Cat
滋陽強壮の薬,Robust Remedy
豊穣のピアス,Abundance Earrings
使徒ホウガイ,Apostle Hougai
サマーウルフ,Summer Wolf
馬車プリズム,Wagon Prism
茶猫カプセル,Tea Cat Toy
カラーリング,coloring
預かり所エン,Storage Enn
大きな岩の柱,Rock Pillar L
若武者のこて,Young Warrior Gauntlets
聖者トゥバン,Saint Thuban
壁かけ抽象画,Abstract Painting
魔天兵ジルバ,Evil Soldier Jilba
銀の防具全集,Silver Armor Book
かじやばとら,Blacksmith Batra
魔技師ベスト,Technomancer Vest
ベリーダンス,Belly Dance
あまからぼう,Candy Kid
月明かりの谷,Moonlit Valley
宰相のコート,Chancellor's Coat
インベジウム,Invadium
神官ゼゼンデ,Priest Zezende
旬の本マグロ,Seasonal Bluefin Tuna
夜桜スーツ下,Night Cherry Pants
保管庫のカギ,Storage Key
まどうしの杖,Wizard's Staff
メインクーン,Maine Coon
ゆうわくの弓,Fuddle Bow
車掌ヤマビコ,Conductor Yamabiko
案内係アサギ,Guide Asagi
小さなうろこ,Small Scale
回想の兵士Ｃ,Reflect Soldier C
魔瘴魂の群れ,Miasma Soulswarm
紺碧のピラー,Azure Pillar
飛竜のベスト,Flying Dragon Vest
ウリボーくん,Wild Boarlet
ネタ「綿毛」,Fluff Trick
防具鍛冶部員,Armorsmithing Club member
戦士ルーカス,Warrior Lucas
回想の兵士Ａ,Reflect Soldier A
ユナバル神父,Father Yunabal
海神の神殿跡,Sea Temple Ruins
手紙が結ぶ絆,Bond From Letters
こつぶザクロ,Pomegranate
七夕のおうぎ,Festival Fan
クワーク医師,Dr. Quark
手下の海賊Ｃ,Pirate Crewman C
悪魔鎧の大盾,Harmour Greatshield
猛獣の道着上,Beastly Dogi Top
大きなうろこ,Large Scale
案内係ブール,Guide Buru
はずれメタル,Fool's Goold
神官のカギ束,Priest's Keyring
商人トルネコ,Merchant Torneko
ムドーコイン,Murdaw Coin
アウルクロー,Aur Claws
白き諸刃の塔,White Blade Tower
星降る展望台,Observation Deck
紹介人グルゾ,Introducer Gulzo
ボムボム発破,Bombomb Explosive
宿屋パリエス,Innkeeper Paries
聖なるロープ,Sacred Rope
ずしおうまる,Sintaur
ムーンサルト,Harvest Moon
交換屋ミエル,Exchange Shop Miel
霧けぶる湿地,Foggy Wetlands
アカマンボウ,Moonfish
キズついた盾,Scratched Shield
管理鳥１８６,Management Bird 186
魔幻の覇王軍,Illusory Army
ポリプテルス,Polypterus
沼大設置用１,Swamp 1
ＮＰＣ０１２,NPC 012
案内人ハラナ,Guide Harana
大使ゴラトム,Ambassador Goratom
農夫ヤッホホ,Farmer Yahoho
冒険者のくつ,Adventurer's Shoes
ふぶきのオノ,Ice Axe
完全なる破壊,Definite Destruction
道化師のくつ,Buffoon's Shoes
ネコ姫のイス,Cat Princess Chair
聖賢者のくつ,Holy Sage Shoes
赤バラの本棚,Red Rose Bookshelf
サンタの服下,Santa Suit Bottom
どれいへいし,Undentured Servant
レグルの書庫,Regul's Archives
預託販売商人,Deposit Merchant
宿屋プルツコ,Innkeeper Plutko
回復の泉・庭,Healing Fountain (G)
厳かな床の間,Solemn Alcove
ＣＭ用人間１,Human For CM 1
白レンガの柱,White Brick Pillar
黄金の飾り弓,Ornamental Bow
磁帯式録音機,Sound Recorder
セレドの民家,Celed House
チェックの傘,Plaid Umbrella
ビッグモアイ,Mad Moai
ドワチャッカ,Dwachakka
学徒サンザシ,Student Sanzashi
キラーピアス,Falcon Knife Earring
取引商ソクラ,Trader Sokura
ギュッとヘビ,Snake Arm Doll
TE用ギミック7,Gimmick for TE 7
大富豪協会員,Tycoon Club Member
十の塔・上層,Tower 10 - Upper Area
東洋風壺・華,Floral Orient Vase
風雅なぞうり,Elegant Sandals
カメラこぞう,Clicksy
ほのおのツメ,Fire Claws
ネコ姫の敷物,Cat Princess Rug
天使のドレス,Angel Dress
四の塔・下層,Tower 4 - Lower Area
絶品おつまみ,Superb Snack
ゲルバトロス,Gelbatross
アスバルの杖,Asbal's Staff
バサグランデ,Bogan
ボイアの薬箱,Boa's Medicine Box
移動係ギルダ,Travel Clerk Gilda
武勲の城の塀,Valor Castle Fence
おばけトマト,Haunted Tomato
華のウルフ道,Path of the Flower Wolf
うごく箱舟号,Moving Ark
雄峰ランドン,Landon Peak
手持ちの提灯,Handheld Paper Lantern
花柄の便せん,Floral Paper
聖守護者の盾,Sentinel's Shield
キングチェア,King Chair
巨商の前かけ,Rich Merchant Apron
闘竜のずきん,Fighting Dragon Cap
大工チョリス,Carpenter Chorus
肉体強化の薬,Strength Medicine
双子の人形白,White Twin Dolls
拳聖の道着上,Dogi of the Fist
１号観測小屋,Observation Hut 1
嵐の領界の木,Storm Realm Tree
グランベリー,Granberries
シルバーアイ,Silver Eye
虫食いだらけ,Wormy
素材収集ビン,Collection Phial
宿屋ジョスリ,Innkeeper Josri
ギュッとウマ,Horse Arm Doll
戦士パラート,Warrior Parat
青のラクリマ,Blue Lacrima
聖天のくつ下,Holy Heaven Stocking
学者のぼうし,Academic Hat
優艶なぞうり,Charming Sandals
基礎鍛練の間,Basic Training
コスモマザー,Cosmomother
エルトナ大陸,Eltona
けんぽうぎ下,Tussler's Trousers
精霊のグラス,Spirit Specs
あやめの染料,Iris Dye
取引商ギッソ,Trader Gisso
錬金術師の家,Alchemist's House
ようせいの杖,Faerie Staff
駅員ピケット,Attendant Piket
車掌ポロック,Conductor Pollock
基礎３・過去,Basics 3 - Past
赤の上錬金石,Ruby Gem
取引商アンズ,Trader Anzu
秘密の小部屋,Secret Room
マージョリー,Marjorie
きくばあさん,Grandma Kiku
光創神の御衣,Outfit of Creation
かきばあさん,Grandma Kaki
夏野菜の屋台,Summer Vegetable Stall
ヒメアの邸宅,Himea's Mansion
妹姫の髪飾り,Young Princess' Hairpin
冥王のコート,Nergel's Coat
ロッサム博士,Dr. Rossham
旧ネクロデア,Old Necrodea
ねる・その２,Sleep 2
キングのコマ,King Piece
紫のまなざし,Purple Gaze
ヤマばあさん,Grandma Yama
光の木工刀小,Light Slick S
ダックスビル,Splatypunk
理想の鍛錬法,Ideal Training
取引商ラーク,Trader Raku
はにわナイト,Earthenwarrior
たいらな甲骨,Flat Bone
素材屋プラワ,Material Shop Prawa
やどやあぷぷ,Innkeep Apupu
トールナイフ,Thor Knife
メダパニーマ,Kafuddle
ベルフェゴル,Belfggor
祭司長の魔杖,Head Priest's Wand
聖域の闘衣下,Etherean Skirt
タクトをふる,Conductor
宿屋フーピー,Innkeeper Fupi
管理棟　中央,Admin Building Center
カオスエッジ,Edge of Chaos
パンパニーニ,Panpanini
グリンパーム,Green Palm
戦士たちの門,The Gate of Warriors
悲劇の英雄譚,Tragic Heroic Tale
はじまりの地,Land of Beginnings
宿屋アレイダ,Innkeeper Aleida
破壊神シドー,Malroth, Master of Destruction
ロトゼタシア,Erdrea
案内係ナナロ,Guide Nanaro
応用３・未来,Applied 3 - Future
そうびぶくろ,equipment bag
取引商ダンケ,Trader Danke
しびれあげは,Dread Admiral
ＮＰＣ６０４,NPC604
羽子板ピアス,Hagoita Earrings
船頭アユカケ,Boatman Ayukake
黒猫のおうぎ,Black Cat Fan
お正月の屏風,New Year Screen
ユシュカの父,Yushka's Father
ツンドラキー,Tundracky
破界神シドー,Malroth
メカカンダタ,Mech Robbin' 'Ood
道具屋グリフ,Item Shop Griff
行商人エナギ,Peddler Enagi
素材屋テラナ,Material Shop Telana
デッキチェア,Deck Chair
アジールの剣,Azir's Sword
極致への道標,Road to Perfection
レンガ柄の柱,Brick Pattern Pillar
バイオレット,violet
ガタラのヌシ,Gatara King
大審判の絶壁,The Judgment Cliffs
拳聖のうでわ,Bangles of the Fist
盗賊ボンガス,Thief Bongas
海神のうろこ,Blue Scale
冥王のリング,Nergel's Rings
祈りを捧げて,Say a Prayer
キラークラブ,King Crab
ダークキング,Dark King Slime
炎のクール便,Cold Fire Delivery
ルベランギス,Ruberangis
六の塔・中層,Tower 6 - Middle Area
立派な木の壁,Fine Wood Wall
審判のスープ,Trial Soup
ネシャロット,Neshalot
ノースルーム,North Room
創失ＮＰＣ２,Unmaking NPC 2
ツボ錬金設備,Jar Alchemy Facility
大勇者の天冠,Intrepid Crown
ギュッとウシ,Cow Arm Doll
お菓子のイス,Sweet Chair
車掌ププルト,Conductor Puprut
道具屋ロッガ,Item Shop Logga
左半分の地図,Left Half of Map
シルバリヌス,Silverine
宿屋・郵便局,Inn/Post Office
武神の秘伝書,War God's Secrets
大工イェーラ,Carpenter Yera
大魔王の仮面,Demon Lord's Mask
エントランス,entrance
白木のコンロ,Plain Stove
ボオレン神父,Father Booren
ケーキ神人形,The Great Cake Doll
グッピー・青,Blue Guppy
ドガンタロス,Kacrashle
ザイルのカギ,Dwight's Key
テストの魔人,Test Genie
移動係エスク,Travel Clerk Esk
ヘッチャーフ,Hetchaffe
道具屋ティロ,Item Shop Tiro
幽冥の緑石帝,Greenstone Emperor
第５刻地下牢,Fifth Epoch Dungeon
太陽の塔３階,Sun Tower 3F
導きの修練場,Guidance Training Grounds
ヘルゲゴーグ,Helgegog
手下の海賊Ａ,Pirate Crewman A
テルドミール,Upover Rider
ギスマイヤー,Gismeyer
ガシュマール,Gashmar
スピンサタン,Dark Star
オーナーの館,Owner's Mansion
まだらくも糸,Tangleweb
どうぐ最適術,Optimal Operation
シエラ巡礼地,Sierra Shrinelands
鋼鉄巨兵の盾,Steel Giant Shield
闇夜の王たち,Dark Kings
みかがみの泉,Mirror Fountain
鉄板張りの壁,Iron Plated Wall
記憶の魔結晶,Magic Memory Crystal
くらやみ仙人,Blight Sprite
ニビス王の耳,King Nibis' Ears
師父エンスウ,Master Ensuu
なげきの亡霊,Tortured Soul
すいしょう玉,Crystal Ball
マリンちゃん,Marynn
AgentWallテスト,AgentWall Test
前向きのツノ,Front-Facing Horns
神罰のマスク,Divine Punishment Mask
ベリアルの像,Belial Statue
アオザイの服,Ao Dai Clothes
マダムコーン,Maizetress
ＮＰＣ００４,NPC 004
万物流転の杖,Staff of Uncertainty
ミシュアの像,Mishua Statue
古三門の関所,Old Three Way Gate
闘技演習場２,Training Ground 2
風穴の研究室,Windways Study
さびついた剣,Tarnished Sword
華商人の下駄,Merchant's Clogs
フウラの部屋,Fuura's Room
こいするちか,Chica in Love
木工設備・庭,Woodworking Facility (G)
第１層・下層,Level 1 - Lower Area
神授の判定者,Judge of the Gift
ドーナツ超近,Close Donuts
ジュレット駅,Julet Station
絶命への階段,Stairway to Death
サボテン・中,Cactus M
高性能探知機,High Power Locator
ハニーレイク,Honey Lake
黄水晶の羽根,Citrine Feather
プクレの茶葉,Pukulet Tea Leaves
怪蟲アラグネ,Araniad
カデスの牢獄,Gortress
魔物使いの証,Monster Medal
天使を裁く杯,The Cup That Judges
ブルーエッグ,Blue Egg
ヘントタロウ,Hentotarou
しすたーりの,Sister Reno
アイゼルの像,Eisel Statue
作業場・跡地,Workshop - Ruins
フラワー水着,Flower Swimsuit
カジノのイス,Casino Chair
ブルーリリィ,Blue Lily
第一の召雷塔,Lightning Tower 1
闇の溢る世界,World of Darkness
手下の海賊Ｂ,Pirate Crewman B
メルドの祝星,Meldo Messiah
大工アカマツ,Carpenter Akamatsu
バズズコイン,Pazuzu Coin
強・ボーンズ,Apex Bones
兵士レナード,Soldier Leonard
部活強化週間,Club Upgrade Week
はとばあさん,Grandma Hato
管理人マニニ,Caretaker Manini
氷風のブーツ,Icewind Boots
占い師の服下,Fortune Teller Bottom
ヴィゴレー王,King Vigoray
氷風の旅装束,Icewind Outfit
回想の兵士Ｄ,Reflect Soldier D
緑のまなざし,Green Gaze
エテーネの島,Ethene Island
達人ゴルアガ,Master Golaga
こがねの花束,Golden Bouquet
グレン住宅村,Glen Residences
旅芸人の弟子,Novice Minstrel
ドルボード５,Dolboard 5
ウェディ出身,Weddie Homeland
時増しの魔鳥,Aged Avian
ごうけつぐま,Ursa Minor
ポプルの花畑,Populu's Flower Field
領主タケトラ,Lord Taketora
購買部・食堂,School Shop/Cafeteria
ディゼルの母,Diezel's Mother
ひさばあさん,Grandma Hisa
アウルナイフ,Aur Knife
神官デスピナ,Priest Despina
雪原のブーツ,Snowfield Boots
白木のダンロ,Plain Fireplace
夢見るキノコ,A Dreamy Mushroom
宿屋セリャン,Innkeeper Serian
ムドーメダル,Murdaw Medal
天上のバナナ,Heavenly Bananas
テラシナーラ,Bulbergine
よわいこころ,Weak Heart
波止場ポーズ,Wharf Pose
ワカメスープ,Seaweed Soup
全身パープル,Turning Purple
バドのボタン,Barber Doll's Button
桜柄のふすま,Cherry Sliding Door
残光の荒野前,Waning Wastes
ランギーニャ,Ranginya
ガズバラン神,Gazbalan
記憶の緑結晶,Green Memory Crystal
白紙のカード,Blank Card
第２層・下層,L2 - Lower Area
アワウキ貝Ⅱ,Foamy Shell Ⅱ
お祝いリボン,Congrats Ribbon
染色屋ピピル,Colorist Pipil
ピーチの染料,Peach Dye
ブラックバス,Black Bass
闇を見つめて,Stare into Darkness
精霊の泉の水,Spring of Spirits Water
グランマーズ,Madame Luca
TE用ギミック9,Gimmick for TE 9
移動係ラーイ,Travel Clerk Rai
過去教会の扉,Past Church's Door
秘密の宝物庫,Secret Treasury
無人島ソファ,Deserted Island Sofa
ダンスデビル,Boogieman
陶芸設備・庭,Ceramics Facility (G)
水流のかまえ,Be Like Water
風船ふわふわ,Fluffy Balloon
オバケの衣装,Ghost Costume
立派な木の柱,Fine Wood Pillar
ゾブリス将軍,General Zobris
とこよアゲハ,Agehafly
約束の夜明け,Promising Dawn
魔女ペネロペ,Witch Penelope
九の塔・中層,Tower 9 - Middle Area
マギキューブ,Magi Cube
アビスゲート,Abyss Gate
パクレの正体,Pakul's True Form
世紀末ヘアー,End of a Century Hair
まだむだにえ,Madame Dania
水晶のダンロ,Crystal Fireplace
使徒セーケン,Apostle Seiken
チョコタワー,Cococoa Blobelisk
小さなメダル,Mini Medal
メモリ負荷４,Memory Load 4
悲しきベニー,Sad Benny
退魔のぼうし,Exorcism Hat
レゴーム神父,Father Legome
嘲弄の幻影神,Mockerion
宿屋ネルヴィ,Innkeeper Nervi
某国の兵士Ａ,Country Soldier A
吊るし拷問室,Hanging Chamber
ランプの悪霊,Wicked Lamp Spirit
キューロピア,Kyuropia
ユグドラシル,Spryggdrasil
紫水晶の羽根,Amethyst Feather
きこりぎんじ,Woodcutter Kinji
ジュロム神父,Father Jurom
金のかぼちゃ,Gold Pumpkin
囚われの少女,The Trapped Girl
天使のタクト,Seraphic Sceptre
行商人ワバン,Peddler Waban
基礎１・現在,Basics 1 - Present
赤熱の魔神像,Red-Hot Statue
大戦鬼大戦記,War Demon's War Record
氷の釣りざお,Ice Fishing Rod
まほうスキル,Spellcraft skill
オウマガトキ,Twilight Spear
白猫のフード,White Cat Hood
七の星獣アム,7th Star Bst Amu
護り手の秘石,Stone of Protection
ほねコウモリ,Bat Skeleton
魔伝のかけら,Fragment of Magic
紹介人アーラ,Introducer Ala
へいしいーす,Soldier Ys
重装兵の大盾,Heavy Armor Shield
竜将アンテロ,Dragon General Antelo
ダーマの試練,Abbey Trials
けしからん水,Scandalous Water
ライブ開発用,Live Development
演奏フルート,Play Flute
メタスラ帽子,Metal Slime Hat
大盗賊の伝説,A Legend Among Thieves
ホースデビル,Gamigin
大きなこうら,Giant Tortoise Shell
第四の召雷塔,Lightning Tower 4
古い村人名簿,Old Villager List
ビーチチェア,Beach Chair
海風の洞くつ,Seabreeze Cave
族長のアーム,Chieftain Armguards
緑のラクリマ,Green Lacrima
ゲノムデビル,Genetink
スカイブルー,sky blue
月女神の神話,Tales of the Moon
最後の思い出,Last Memories
暗黒の魔人強,Apex Ruin
儀礼の評定者,Ritual Reviewer
いねかりぞく,Harvester
けがれの大蛇,Toxic Viper
交換屋チドリ,Exchange Shop Chidori
大獄剣の真実,Brimstone Blade's Truth
ヤングガイア,Young Gaia
プロメテモス,Prometimos
売り子リンマ,Vendor Linma
女神の蒼銀石,Silver Goddess Gem
ベノムピード,Venompede
ムーンピアス,Moon Earrings
のうふごんざ,Farmer Gonza
記者ルールナ,Reporter Luluna
ほりいゆうじ,Yuji Horii
きこえなーい,Can't Hear You
強化屋トロン,Enhancer Tron
交換屋ヨルカ,Exchange Shop Yorka
グレン町内会,Glen Council
術師マギダス,Cosmetician Magidas
美容院無料券,Free Salon Ticket
黒夜叉の脚甲,Black Bane Greaves
白ねこポスト,White Cat Mailbox
ナイトメーア,Nightmare
魔天霊ゲルプ,Demon Spirit Gelp
紹介人クラロ,Introducer Claro
いっぱつの杖,One Shot Staff
天馬武具辞典,Skysteed Sword Book
英雄プクラス,Pukulas
じょうぶな枝,Sturdy Stick
武器屋バルド,Weapon Shop Baldo
シュモクザメ,Hammerhead Shark
女神の祠・水,Shrine of Water
レプリカード,Replicard
ふうじんの盾,Tempest Shield
管理鳥１３４,Management Bird 134
グラデル台地,Gradel Plateau
黒魔術館の柱,Black Mansion Pillar
神官ガシャリ,Priest Gashari
スラマオイル,Slime Oil
タネ屋ニーノ,Seed Shop Nino
闘技演習場４,Training Ground 4
愛のマカロン,Love Macaron
聖騎士の堅陣,Paladin's Palisade
戦士ハーゲン,Warrior Hagen
プロッペくん,Mr. Proppe
桜花のランプ,Cherry Blossom Lamp
グロリスの花,Gloris Flower
古レンガの柱,Old Brick Pillar
きあいスキル,Focus skill
ネバネバ爆弾,Sticky Bombs
ＣＭ用人間６,Human For CM 6
幻妖の黒公子,Black Phantom Prince
高熱マグマ液,Magma Solution
最上階への道,Path to Top Floor
氷結らんげき,Crushed Ice
第五の月の像,Fifth Moon Statue
すごろく盗賊,Sugoroku Thief
光導使ミーミ,Light Guide Meemi
あわあわ水着,Bubbly Swimsuit
蒼天のしずく,Blue Sky Drops
道具屋イプル,Item Shop Ipuru
おむつっこり,Bushy Baby
ボーンブルー,Bone Blue
瑞雲の道服上,Cloudy Upper Robe
復讐の魔剣士,Demon Swordsman's Revenge
ヴァニタトス,Vanitatos
ロベール人形,Robert Doll
フォロボッソ,Wrocks
いかずちの杖,Lightning Staff
ラピスソファ,Lapis Sofa
アウルファン,Aur Fan
シドークロー,Malroth Claws
プスゴンの像,Pusgon Statue
白き剣の下に,Below White Sword
ふしぎな新芽,Strange Sprout
雷エフェクト,Lightning Effect
過去竜術士Ａ,Past Dragomancer A
ピピィアンヌ,Pipianne
全職ちから +5,Natural Strength +5
プリズンキー,Prison Key
妹からの手紙,Sister's Letter
サフィア宙橋,Saphia Bridge
素材屋タブロ,Material Shop Tablo
ドルボード２,Dolboard 2
憎らしいヨメ,Hateful Wife
行商人ウエギ,Peddler Uegi
シャイニング,Spitnik
ドラキーラグ,Dracky Rug
きこりぼにー,Woodcutter Bonnie
黒呪の誓約書,Cursed Covenant
クオードの像,Quard Statue
マローア先生,Mrs. Malora
真・幻界諸侯,The True Dread Fiends
まどろみ温泉,Sleepy Hot Spring
竜王のかぶと,Dragonlord Helm
冥王のブーツ,Nergel's Boots
タップデビル,Tap Devil
花の民の聖印,Holy Flower Seal
料理屋レーナ,Server Rena
お供えだんご,Offering Dumpling
月守りの火焔,Moon Guardian Flame
マデサゴーラ,Madesagora
ホオジロザメ,Great White Shark
採掘現場地区,Mining Site
素材屋アマネ,Material Shop Amane
エクセリヲン,Exelion
浄罪の泉の水,Spring of Purity Water
こがねマリー,Golden Marie
ろんりーほせ,Lonely Hosse
アジールの書,Book of Azir
げんぶのくつ,Black Tortoise Shoes
陰陽道のこん,Rod of Opposites
ドラゴンの皮,Dragon Hide
ラグアス王子,Prince Raguas
魔瘴調査区画,Miasma Survey Area
闇魔ティトス,Titos the Dark
女王様サブレ,Queen Biscuit
ゾーマ　勇者,Zoma, Hero
第七の月の像,Seventh Moon Statue
劇場用正装Ⅰ,Theatre Attire Ⅰ
商人ルヤーナ,Merchant Luyana
リンンジャ扉,Linnja Door
クラゲぼうや,Jellyfish Kid
衣装券ケース,Costume Voucher Case
探知のロッド,Detection Rods
悪魔王の鉄槌,Devil King Hammer
案内係セレナ,Guide Selena
情報屋ピラト,Info Shop Pilat
防具屋シジマ,Armor Shop Shijima
霊廟の守護神,Tomb Guardian
大富豪決定戦,Tycoon Playoffs
捨てられた城,Abandoned Castle
塩水晶の陣地,Salt Crystal Camp
タロット魔人,Tarot Genie
ミモザダリア,Mimosa Dahlia
シャコウ鬼神,Fierce Figure
ぶきやぎるば,Weapon Shop Gilba
資格者のカギ,Qualifier's Key
第４層・下層,L4 - Lower Area
導きの呼び声,Call of Guidance
悪夢の左手強,Apex Left Incubus
覚醒の鬼神石,Uber Demon Stone
ドベルニッチ,Dobernitch
小さなこうら,Tiny Tortoise Shell
神狐の装束下,Divine Fox Leggings
やまざこの町,Yamazako
ファボル鉱山,Fabol Mine
階・休息の間,F Rest Area
コンボアンプ,Combo Amp
獅子門の集落,Lion Gate Village
三日月と短剣,Moon and Dagger
エルフデスク,Elf Desk
メモリ負荷５,Memory Load 5
三闘士の憤怒,Triad's Rage
宿屋セナーテ,Innkeeper Senat
大魔王城印章,Demon Lord Castle Stamps
黒夜叉の伝説,Legend of the Black Demon
隊商の仲間Ｂ,Merchant Caravan B
雷神プリズム,Thunderlord Prism
サタンメイル,Alarmour
エビルホーク,War Gryphon
鏡のみがき方,How to Polish a Mirror
ゴルスラ会長,Chairman Gemsly
真夏の釣り堀,Midsummer Fish Pond
はがねのオノ,Steel Axe
ローズの花束,Rose Bouquet
黒ねこポスト,Black Cat Mailbox
メタスラな傘,Metal Slime Umbrella
セミの抜け殻,Cicada Husk
アクセサリー,Accessories
バニラの花束,Vanilla Bouquet
地上の教会跡,Upper Ruined Church
駅員フランク,Attendant Frank
バスラー隊長,Commander Bassler
あおだけ童子,Bamboo Bopper
暴悪の魔瘴魂,Fierce Miasma Soul
美容院優待券,Free Salon Coupon
バトル２印章,Battle 2 Stamps
ウールブーツ,Wool Boots
神技のボトム,Divine Skill Pants
忍刀・蜃気楼,Mirage Blade
ぎんの女神像,Silver Goddess Statue
ちょうのはね,Butterfly Wing
平和のために,For the Sake of Peace
七夕の灯ろう,Festival Lantern
黒ごまキッズ,Silly Seedling
根源のほこら,Shrine of the Source
聖剣と生きる,Sacred Sword Book
第十の月の像,Tenth Moon Statue
兵士長の部屋,Captain's Room
ダルワンピ上,Dalmatian Dress Top
地流輪の舞台,Ground Flow Stage
お正月の鏡餅,New Year Mochi
ヤシの木・小,Palm Tree S
ジア・ネブラ,Dia Nebula
メランザーナ,Awebergine
森の神性の絵,"Forest God"
がくとすずり,Student Suzuri
上級記録員Ｌ,Senior Recorder L
グレシア院長,Director Grecia
競泳水着・赤,Red Race Swimsuit
ゴーレム召喚,Golem Summon
エックスさん,X
レーナム緑野,Lenam Fields
占い師ミネア,Fortune Teller Meena
ＮＰＣ００７,NPC 007
僧侶のブーツ,Priest Boots
伝説の技術書,Legendary Crafting Book
ハラッヘリン,Meat Imp
劇場用正装Ⅱ,Theatre Attire Ⅱ
オノ作り入門,Access to Axe Making
テント風の家,Tent-Style House
騎士団の部屋,Knight's Quarters
機巧体の残骸,Automaton Remains
太陽の塔４階,Sun Tower 4F
防具屋ミズバ,Armor Shop Mizuba
？？？？？？,??????
ジア・メーダ,Dia Lunatick
ピエロ衣装Ⅰ,Clown Costume Ⅰ
聖騎士の大盾,Paladin's Greatshield
大きな岩の壁,Rock Wall L
オーガベッド,Ogre Bed
セーニャの像,Serena Statue
堕天のメイス,Fallen Mace
第二の召雷塔,Lightning Tower 2
スライムの柱,Slime Pillar
解呪のおふだ,Dispel Talisman
太陽の塔５階,Sun Tower 5F
神具・破理扇,Broken Divine Fan
防具屋カイラ,Armor Shop Caira
くじ屋ピース,Lottery Pisu
悪鬼の棲みか,Demon's Dwelling
はやぶさ斬り,Falcon Slash
煉獄のつるぎ,Purgatory Sabre
イズライール,Hyperpyrexion
徒弟ティグロ,Apprentice Tigro
木工作業着上,Woodworker's Shirt
神官ハサーレ,Priest Hasare
大勇者の天衣,Intrepid Regalia
お札つきの柱,Talisman Pillar
時増しの獣鬼,Aged Brute
天使のブーツ,Angel Boots
エゼソル峡谷,Ezesol Canyon
行商人クバン,Peddler Kuban
道具屋ユーフ,Item Shop Yuffe
祈りの宿の扉,Prayer Inn Door
小悪魔ブーツ,Lil' Devil Boots
ネタ「ツボ」,Pot Trick
天流輪の舞台,Sky Wheel Stage
騎神のよろい,Knight God Armor
魔技師メット,Technomancer Helm
生きていた男,He Who Lived
ゆめみの極箱,Very Dreamy Box
交換屋レロネ,Exchange Shop Lelone
夜狐の爪手袋,Nightfox Gloves
死神の呼び声,Call of the Reaper
占技・天輪殺,Divine Harmony
不思議の魔塔,Mysterious Tower
宿屋ルンココ,Innkeeper Runkoko
ヤッコイ局員,Clerk Yakkoi
幽体ドラゴン,Ethereal Dragon
王国軍司令部,Royal Army HQ
闇イチゴ爆弾,Darkberry Bomb
きこりじんぺ,Woodcutter Jinpa
防衛結界・南,South Barrier
キラキラの砂,Glittering Sand
デビルワイン,devil wine
ろんりーどに,Lonely Donny
ザンクローネ,Zankrone
Ｖ系コート上,V Coat Top
のうふがんす,Farmer Gance
お宝ハンター,Itemised Kill
神官チャタオ,Priest Chatao
経験値の聖典,EXP Scripture
月守りの巨岩,Moon Guardian Moai
ラゼアの風穴,Lazea Windways
はがねのツメ,Steel Claws
ゾーマ　僧侶,Zoma, Priest
アレフガルド,Alefgard
くじ屋セレプ,Lottery Celep
応援団衣装券,Cheer Team Outfit Voucher
エンドセラス,Endoceras
欲望の大浴場,Bath of Desire
ナスビの本棚,Eggplant Bookshelf
行商人トルギ,Peddler Tolgi
ドワーフ小国,Dwarf Land
のうふぺぺろ,Farmer Pepero
スライム提灯,Slime Lantern
石レンガの壁,Stone Brick Wall
取引商イナバ,Trader Inaba
ゴーレム・異,Anomalous Golem
魔女ハバネロ,Witch Habanero
キクばあさん,Grandma Kiku
自由人の集落,Freedom Village
第六の月の像,Sixth Moon Statue
バトルリボン,Battle Whip
輝天のおうぎ,Sky Fan
ガーネシード,Garnet Seed
闇染めの水晶,Darkened Crystal
ドラゴン斬り,Dragon Slash
たびのよぎり,Traveler Yogiri
それは訪れる,It Will Come
応用２・現在,Applied 2 - Present
白魔術館の柱,White Mansion Pillar
封印の守護者,Seal Guardian
セレディーネ,Celedine
道具屋ラッカ,Item Shop Rakka
災厄の王の剣,King of Calamity Sword
ツリーハウス,Treehouse
インフェルノ,Inferno
ドーナツ近中,Donuts Coming
戦士のよろい,Warrior Armor
防具屋スズミ,Armor Shop Suzumi
カキばあさん,Grandma Kaki
いとばあさん,Grandma Ito
グランゼニス,Gran Zenith
蓮華の鈴飾り,Lotus Flower Bells
素材屋カゲツ,Material Shop Kagetsu
ツリー衣装券,Tree Costume Voucher
防具屋バーノ,Armor Shop Bano
武闘家ケチャ,Martial Artist Kecha
しにがみの鎌,Reaper's Scythe
カラマドの町,Calamad
メネトのツボ,Menet Pot
つきのめぐみ,Lunaria
暴魔ゼラチド,Zerachido
ネオンテトラ,Neon Tetra
カブース大臣,Minister Kabusu
世界樹のこて,Yggdrasil Gauntlets
道具屋テッカ,Item Shop Tekka
ザ・キャッツ,The Cats
バブドル集落,Babdol Village
ラクシュミー,Lakshmi
姉神封印神殿,Goddess Seal Temple
消えない恨み,An Indelible Grudge
ＣＭ用人間５,Human For CM 5
四の塔・中層,Tower 4 - Middle Area
色分け石の柱,Color Stone Pillar
神官カリウス,Priest Carius
紹介人ワシナ,Introducer Washina
石版のかけら,Tablet Fragments
ウールハット,Wool Hat
美容師ディラ,Hairdresser Dira
ガラトゥ神父,Father Garatu
風林火山の書,Attribeauty Book
光の河のメモ,River of Light Note
あかねダリア,Dark Red Dahlia
ホオズキの柵,Physalis Fence
たれ白トラ猫,Lazy White Tabby
てっこうせき,Iron Ore
道具屋ルゴー,Item Shop Lugo
ヨーヨー風船,Balloon Yo-Yo
月のローブ上,Moon Robe Top
ゆらめく妖花,Wavering Flower
森人のぼうし,Woodland Hat
花嫁のドレス,Bride's Dress
賢者の執務室,Sage's Office
とうめいくん,Mr. Invisible
ブルファング,Blue Fang
コアブラック,core black
錬金酵素・青,Blue Enzyme
ジア・ロック,Dia Rock
グラコス５世,Gracos V
鉄製の庭用扉,Iron Door (G)
運命の出会い,The Fated Encounter
竜王のぼうし,Dragonlord Hat
シュタール前,Stahl
ナイスポーズ,Nice Pose
悪魔を狩る者,The Demon Hunter
星拳士サンサ,Starfighter Sansa
風虎のうでわ,Wind Tiger Bangles
行商人オルガ,Peddler Olga
桜のいけばな,Cherry Blossom Vase
ドルボード３,Dolboard 3
ベラのチョコ,Honey's Chocolate
神官ターブリ,Priest Taburi
部活ポイント,Club Points
大工バッドン,Carpenter Baddon
錬金酵素・橙,Orange Enzyme
バッジ交換所,Badge Exchange
迷えるエルモ,Lost Elmo
アグラニの町,Agrani
サモンの客室,Samon's Guest Room
ハーフムーン,Halfmoon
異形の獣たち,The Monstrosities
金のにわとり,Golden Chicken
ヒューザの像,Hyuza Statue
武骸将のオノ,Corpse General's Axe
ミミックたち,Mimics
ぬくぬくどり,Polar Polly
色分け石の壁,Color Stone Wall
ムドー練習札,Murdaw Tag
Ｖロンヘルム,Vron Helm
トラ柄のラグ,Tiger Pattern Rug
行商人オリギ,Peddler Olgi
ロヴォス高地,Rovos Highlands
ジア・クト艦,Dia Kut Ship
オーガベンチ,Ogre Bench
緑の上錬金石,Emerald Gem
常勝のかぶと,Triumphant Helm
砲撃ブースト,Ballistic Boost
素材屋シトリ,Material Shop Shitori
ノキばあさん,Grandma Noki
あやしい本棚,Suspicious Bookshelf
組木細工の壁,Braided Wood Wall
波皇将のこん,Wave General's Rod
荒ぶる獣たち,Raging Beasts
リサイクル634,Recycle 634
神官ニオキス,Priest Niokis
神官リカルド,Priest Ricardo
ギミック１５,Gimmick 15
闇の親衛隊Ａ,Dark Bodyguard A
女神の紫光石,Purple Goddess Gem
星獣ウツァト,Star Beast Uzato
ジュッテーム,Jet'aime
光導使ミナナ,Light Guide Minana
香炉と木くず,Censer & Woodchips
紹介人トリン,Introducer Torin
バルスデーン,Balsdane
邪蒼鎧テスト,Blue Armor Test
魔女オリビア,Witch Olivia
宿屋ランバル,Innkeeper Ranbaru
バアルゼブブ,Baalzebub
ドワーフ本棚,Dwarf Bookshelf
深海の守護者,Guardian of the Chasm
福袋屋イシュ,Grab Bag Shop Ish
道具屋ポプフ,Item Shop Popufu
詩歌の守り手,Elegiac Crablet
常闇のおうぎ,Everdark Fan
瑞雲の髪飾り,Cloudy Hairpin
ガタラ町内会,Gatara Council
取引商パオラ,Trader Paola
事務員ペイプ,Clerk Peipu
ヴェレノーマ,Katoxle
物質の砕き方,Crushing of Matter
神官マインズ,Priest Meinz
天の方舟客車,Starflight Express Coach
かぜのマント,Windbraker Cloak
和風な虫かご,Japanese Insect Cage
ばらんふじん,Mrs. Balan
木工作業着下,Woodworker's Apron
神秘的な石碑,Mysterious Stone Monument
アーシー神父,Father Arshie
チャポッティ,Chapotti
ミストグレー,mist gray
古き神の遺跡,Historic Ruins
必殺のサラダ,Surefire Salad
ダークブルー,dark blue
キリカの産屋,Kirika Maternity
弟からの手紙,Brother's Letter
スクール水着,School Swimsuit
魔力かくせい,Channel Anger
ピエロ衣装Ⅱ,Clown Costume Ⅱ
あさぎの花束,Light Blue Bouquet
グリーンログ,Green Log
白木の食器棚,Plain Cupboard
たまねぎマン,Loathsome Leek
セトのアンク,Set's Ankh
フラッツ神父,Father Flats
キュルルの檻,Kyururu's Cage
メガボンバー,The Bomb
オーシェ神父,Father Oushe
ヤドカシの像,Draginn Statue
大海賊の秘宝,Pirate's Treasure
紫の上錬金石,Amethyst Gem
ドルマージュ,Zamtasm
城下町への扉,Castle Town Door
玉子焼き弁当,Omelet Bento
銀色のノート,Silver Notebook
魔学士のくつ,Magic Study Shoes
サイレス・強,Vicious Gryphon
憎悪の精霊樹,Tree of Hatred
サボテン・小,Cactus S
狩人の休憩所,Hunter Rest Area
水没遺跡の町,Submerged Ruins Town
大地の三闘士,Earthen Triad
つりびとはま,Fisherman Hama
輪廻の魔顔石,Turning Face Stone
エルフチェア,Elf Chair
バットヘッド,Bat Head
名軍師の羽扇,Tactful Fan
辺境のほら穴,Frontier Den
がいこつ・祖,Ancestral Skeleton
クプル・コポ,Kuplu Kopo
セレブモブ１,Celebrity Crowd 1
暴虐の幻影神,Phantom of Tyranny
こっちおいで,Come Here
キラーブーン,Fly Swat
へいしあとろ,Soldier Atro
つりびとさん,Fisherman San
デュランダル,A3G15
黒水晶のツメ,Black Crystal Claw
拳聖の道着下,Pants of the Fist
光章チケット,Shiny Ticket
だいまじんＦ,Stone Guardian F
山頂に続く道,Path to the Summit
はしゃのオノ,Conqueror's Axe
ほしのカケラ,Lucida Shard
異界の守護者,Spirit World Guard
木製のはしご,Wooden Ladder
ラーディス王,King Ladis
月守りの獄獣,Moon Guardian Beast
素材屋ミズメ,Material Shop Mizume
ミツクリザメ,Goblin Shark
ゴーレムの書,Golem Book
紫水晶の置物,Amethyst Decor
便せん屋サキ,Stationery Shop Saki
開祖の秘伝書,Founder's Secrets
ミーラカンス,Meeracanth
月影の額当て,Moonshade Headband
古代都市地区,Ancient Suburb
くさった死体,Walking Corpse
青嵐の烈剣士,Windy Swordsman
柱供給用・１,Column Supply 1
異界の闘技場,Otherworld Arena
ヒューザの剣,Hyuza's Sword
取引商キラリ,Trader Kirari
福音の杖の書,Staff of Salvation Book
悲しきロダン,Sad Rodin
ネオンスピカ,Neon Spica
世界樹の精霊,Yggdrasil Spirit
キュキュミィ,Kyukyumi
カジノテラス,Casino Terrace
バルディスタ,Valdista
謎解き証明書,Mystery Solver Certificate
ズーボーの像,Zubo Statue
たりない何か,Something Lacking
舞い手のくつ,Performer's Shoes
がくとわかぎ,Student Wakagi
第１層・上層,L1 - Upper Area
荒城の守護精,Guardian of the Castle
ギブスンの像,Gibsun Statue
零下の大輝石,Sub-Zero Pyroxene
トーマス先生,Mr. Toumas
ジャベリ参謀,Adviser Javeri
本マグロの像,Bluefin Tuna Statue
ナナリー博士,Dr. Nanalee
牛飼いの装束,Cattleman Clothes
ウッディアイ,Direlog
道具屋プルア,Item Shop Purua
プチベリアル,Frail Belial
まもりのたて,Holy Impregnable
駅員アボット,Attendant Abbot
メラガイアー,Kafrizzle
ポーンのコマ,Pawn Piece
素材屋ストト,Material Shop Sutoto
よろいのきし,Knight Errant
天を支える柱,Skyspire
神官ジューノ,Priest Jouno
バンテージャ,Vanteja
神官ピピノプ,Priest Pipinop
ハクチャ神父,Father Hakucha
星明の神楽鈴,Starlight Dance Bell
ガチャコッコ,Clockwork Cuckoo
オークィーン,Orc Queen
TE用ギミック3,Gimmick for TE 3
ツスクルの村,Tsuskuru Village
魔天霊パルス,Demon Spirit Pulse
グリモワの館,Grimoire Manor
サワディエル,Sawadiel
ワルスタット,Walstat
げんぶの腕帯,Black Tortoise Cuffs
勇者育成の書,Heroic Training Manual
歌好きキッズ,Song Loving Kids
ふわふわガス,Puffy Gas
ヘルバトラー,Barbatos
駅員ケンドル,Attendant Kendol
車掌フロック,Conductor Flock
神将の飾り紐,Divine General's Ribbon
桜蝶鬼メイガ,Meiga, the Pink Butterfly
紫水晶のイス,Amethyst Chair
行商人ラバン,Peddler Raban
転移の聖火台,Transfer Torch
カンダタ将軍,Robbin' 'Ood General
魔界のしもべ,Demon World Servant
天狗のうちわ,Tengu Fan
乱破の額当て,Spy's Headband
疾風の装束下,Gale Garb Bottom
ほのぐらい柱,Gloomy Pillar
星空の机・青,Blue Starry Desk
退魔の装束下,Exorcism Bottom
アスケル神父,Father Asker
メイジキメラ,Hocus Chimaera
屈強なオーガ,Brawny Ogre
カカロン召喚,Summon Klashmi
大きなスイカ,Giga Watermelon
ラディスオー,Ladisau
マージスター,Trickstar
ピコトランプ,Pico Deck
ゼンばあさん,Grandma Zen
プクフルの羽,Pukuful Wings
部族のテント,Tribal Tent
輝天のナイフ,Sky Knife
ティセの花冠,Tise's Wreath
手紙封蝋無し,Unsealed Letter
ゆめみるなな,Dreaming Nana
緑青色の鉱石,Greenish-Blue Ore
ドルボード改,Dolboard Mod
ラージャ神父,Father Raja
木造御殿の窓,Wood Palace Window
神官パストン,Priest Paston
応用４・未来,Applied 4 - Future
ナイトグッド,Nightgood
アクラガレナ,Akragarena
道具屋ガムリ,Item Shop Gamuri
星の塔・屋上,Top of the Star Tower
Ｖ系ウィッグ,V Wig
岩とびあくま,Rockin' Rockhopper
黄金のピラー,Golden Pillar
破邪の黒曜石,Crushing Obsidian
絶望の魔剣士,Swordsman of Despair
道具屋スドラ,Item Shop Sudra
やまばあさん,Grandma Yama
てつのつるぎ,Iron Broadsword
配達員マズル,Deliverer Mazur
整備士のくつ,Technician's Shoes
干し柿のれん,Hanging Persimmons
魔人ゼクセン,Demon Zexen
料理屋テテネ,Server Tetene
集中攻撃で！,Focus Your Attack!
ぬすっとの服,Robber's Tunic
げんこつアメ,Fisticandy
カメのおうぎ,Tortoiseshell Fan
強・キャッツ,Apex Cats
魑魅魍魎の洞,Chimimoryo Cave
伐採マシン改,Overchoppin' Machine
従者ファラス,Servant Faras
ラウラのみつ,Laural Nectar
道具屋キヨメ,Item Shop Kiyome
イナズマ山椒,Peppy Pepper
戦士のブーツ,Warrior Boots
ベビーサタン,Imp
花束をおくる,Bouquet
ベータ開始用,Beginner Beyta
まもりのたね,Seed of Resilience
メガロダイン,Megalodyne
モーモンの書,Teeny Sanguini Book
フイーゴ部長,President Huigo
基礎１・過去,Basics 1 - Past
街教会聖職者,church clergyman
ノッツェ神父,Father Notze
案内係ダッツ,Guide Dats
謎の地下水路,Underground Waterway
アウルモッド,Aurmod
コルット地方,Colt Region
逆夢の水晶宮,Palace of Delusion
天を破るオノ,Break The Heavens
闇黒の魔魂鐘,Fiendish Bell
きつねのお面,Fox Mask
魔眼のメガネ,Evil Eye Glasses
浜辺の洞くつ,Beach Cave
移動係スオウ,Travel Clerk Suo
聖騎士のやり,Paladin's Lance
わらいぶくろ,Bag o' Laughs
竜炎石セット,Dragonstone Set
彫刻刀セット,Chisel Set
マギフラワー,Magi Flower
ガッシュ村長,Chief Gash
冥王のピアス,Nergel's Earrings
じゃんぼりぃ,Janbori
スターシェル,Starshell
処刑人バルマ,Executioner Balma
ＮＰＣ００９,NPC 009
あくまのツメ,Cobra Claws
どうぐ倍化術,Item Doubling Tech
ネルゲル討伐,Defeat Nergel
住宅西エリア,West Residences
ヒュドラの弓,Hydra Bow
神官フォヌン,Priest Fornun
星々のナミダ,Celestial Tear
道具屋ジャン,Item Shop Jean
童話作家の家,Tale Writer's House
時雨のしずく,Drizzledrops
かぜきりの弓,Blowy Bow
獅子門への道,Road to Lion Gate
ダルパンプス,Dalmatian Heels
神技のフード,Divine Skill Hood
ゆめみの化身,Dream Avatar
バギムーチョ,Kaswooshle
超フライパン,Super Frypan
パーティ・銀,Party Silver
賢哲のうでわ,Wise Man Bangles
呪印のつるぎ,Cursed Sword
神の緋石の間,Divine Crimsonite Chamber
エレメント系,Elemental
リーネブレス,Renee Bangles
タケばあさん,Grandma Take
狂信者の大剣,Fanatic's Greatsword
アマエビの像,Pink Shrimp Statue
ゾンティック,Zontick
甘えていいよ,Rely On Me
ミラーヘルム,Mirror Helm
巨人ブロック,Giant Block
応用４・現在,Applied 4 - Present
祭司長の部屋,Head Priest's Room
ヘルゴースト,Spitegeist
取引商ペリド,Trader Perid
ニブルヘイム,Nibelheim
ユーライザ像,Yuliza Statue
チーズキノコ,Cheeseshroom
レムオルの粉,Fade Powder
大工のエルフ,Carpenter Elf
武器屋セグル,Weapon Shop Segul
聖夜の反逆者,Holy Night Rebel
道具屋オシド,Item Shop Oshido
ザードの祭壇,Zard Altar
どうぐぶくろ,item bag
追憶との決別,Parting Ways
月影の装束上,Moonshade Shirt
神官コホーザ,Priest Cohoza
闘士メイガン,Fighter Megan
ホエホエ海綿,Soft Sponge
メダル王の城,Medal King Castle
取引商ルルー,Trader Ruru
大樹の鳥籠前,The Tree's Cage
コトブキーノ,Kotobukino
梅柄のふすま,Plum Sliding Door
預かり所ユマ,Storage Yuma
フェルみるく,Fel Milk
あなたさまへ,To You
森の番人の絵,"Forest Keeper"
レトリウス王,King Retrius
アンドレアル,Rashaverak
くらげブーツ,Jellyfish Boots
シノばあさん,Grandma Sino
ハチノスの間,Reticulum Area
無地の便せん,Plain Paper
竜族の隠れ里,Nadravian's Rest
音楽隊のくつ,Band Shoes
ドルボード６,Dolboard 6
牙狼のブーツ,Fanged Wolf Boots
ボーンピンク,Bone Pink
聖王のつるぎ,Dryspell Sword
鬼哭の魔剣匠,Swordsman's Ghost
ミャルザール,Myarzar
星月夜の秘薬,Starry Night Remedy
ギミック１３,Gimmick 13
ビームレイン,Beam Rain
小悪魔ハット,Lil' Devil Hat
最終帰還地点,Final Return Point
妖精の古道具,Fairy Antiques
恋するエルノ,Erno in Love
防具屋フチチ,Armor Shop Fuchichi
師団長のこて,Commander Gauntlets
ネタ「タル」,Barrel Trick
かぜのブーツ,Windbraker Boots
駅員ルオパス,Attendant Luopus
紫水晶の玉座,Amethyst Throne
流砂の隠れ家,Quicksand Lair
木造御殿の塀,Wood Palace Fence
プクリポ出身,Pukulipo Homeland
巨大なこうら,Colossal Tortoise Shell
しにがみの服,Reaper's Robes
いしずえの森,Cornerstone Forest
プリートの家,Preet's House
誓約の園の泉,Covenant Fountain
黒色ブロック,Black Block
感情アイコン,Emoticon
不死の魔王城,Immortal Castle
きめんどうし,Lump Shaman
マイガーデン,My Garden
マタンゴ・祖,Ancestral Morphean Mushroom
ライトタルト,Light Tart
案内係ヘーナ,Guide Henna
浄罪の精製薬,Purifying Medicine
屋上への出口,Exit to Roof
わがままめい,Selfish May
とげこんぼう,Spiked Club
しんぷれおに,Father Leonie
キャンプ方面,Camp Region
しぐさ用イス,Gesture Chair
スターコート,Superstar Coat
闇の親衛隊Ｃ,Dark Bodyguard C
料理屋デネブ,Server Deneb
紹介人ムウリ,Introducer Muuri
ゾーマの背景,Zoma
トマトダリア,Tomato Dahlia
邪封のランプ,Evil Sealing Lamp
沼小設置用２,Call Swamp 2
守護石（闇）,Sentinel Stone (Dark)
農夫ボナッペ,Farmer Bonappe
プチデュラン,Frail Dhuran
Ｖ系コート下,V Coat Bottom
スイゼン湿原,Suizen Marsh
案内係カスリ,Guide Kasri
残された希望,Remaining Hope
ジャンドガン,Jandogan
Ｖロンのラグ,Vron Rug
風神プリズム,Windlord Prism
まおうのかげ,Umbra
キラフィルム,Sparkly Film
キラーマシン,Killing Machine
錨ぶんまわし,Anchors Away
鬼神のころも,Tyrant's Outfit
ナスビナーラ,Woebergine
迅雷のブーツ,Thunderclap Boots
魔侯爵のこて,Marquis Gauntlets
デニーの帽子,Denny's Hat
ジュレド王国,Juled Kingdom
うみなりの杖,Watermaul Wand
ゴブル砂漠西,Goble Desert West
異境の翡翠将,Jade from Beyond
密林の野営地,Jungle Camp
空賊のシャツ,Sky Pirate Shirt
マデュライト,Darkonium
水と嵐の災禍,Woes of Water & Storm
異形獣のツノ,Hexabeast Horn
青空かきわり,Blue Sky Backdrop
植物学者の棚,Botanist Shelf
一の島への道,Path to First Isle
キノコどうし,Lumpshroom
凱歌のヘルム,Valkyrie Helm
王族の便せん,Royalty Paper
ダインの遺産,Dain's Legacy
タービア草原,Turbia Meadows
未完の破戒王,Heretic in Progress
イチゴかき氷,Strawberry Shaved Ice
太陽の塔６階,Sun Tower 6F
あくまの衣装,Imp Costume
聖夜の支配者,Holy Night Ruler
歌神のスコア,Supreme Score
宿屋ザンドス,Innkeeper Zandos
秘宝の突撃兵,Treasure Night Rider
ろんりーでび,Lonely Debbie
いちょうの木,Ginkgo Tree
ネタ「カニ」,Crab Trick
ぶちスライム,Mottle Slime
百花繚乱・改,Flowerstorm+
プリズニャン,Jailcat
空き教室の扉,Empty Classroom Door
大魔王の征戦,Demon Lord's Conquest
魔天霊プレト,Demon Spirit Preto
魔法使いの服,Mage Shirt
古強者の伝記,Veteran's Biography
桜細工の木箱,Cherry Wood Crate
神秘の紅い鎌,Secret Scarlet Scythe
刻まれた年輪,Engraved Tree Ring
フギンムニン,Dark Raven
アシュレイ像,Ashley Statue
雪だるま衣装,Snowman Outfit
白水晶のツメ,White Crystal Claw
第一の月の像,First Moon Statue
聖守護者の弓,Sentinel's Bow
整備士の服下,Technician's Pants
カンダタ総帥,Robbin' 'Ood Chief
ゆめみるみさ,Dreaming Misa
全身オレンジ,Turning Orange
応援団のくつ,Cheer Team Shoes
ヘルボックル,Tree Feller
隠者の魔法陣,Hermit's Circle
神官ヘミング,Priest Heming
道具屋ムアト,Item Shop Muat
テンオツ貴人,Nobleman Tenotsu
神官クダント,Priest Kudant
黄金の飾り盾,Ornamental Shield
塩採りの小屋,Salt Miner's Hut
素材屋ナナイ,Material Shop Nanai
大工ゲラジム,Carpenter Gerajim
黒騎士のこて,Black Knight Gauntlets
オルセコ王国,Orseco Kingdom
道具屋トベラ,Item Shop Tobera
岳都ガタラ駅,Gatara Station
木こりギルド,Woodcutter's Guild
闇と水の災禍,Woes of Darkness & Water
庭具屋の看板,Outdoor Furniture Shop Sign
レイの治療薬,Rei's Remedy
うつろいの布,Changing Cloth
くじ屋チアア,Lottery Chia
ふねばあさん,Grandma Fune
大富豪ルーム,Tycoon Room
桜花のベッド,Cherry Blossom Bed
遺跡の便せん,Ruins Paper
沼大設置用３,Swamp Setup 3
お月見だんご,Moon Viewing Dumplings
ゾンビキラー,Zombiesbane
炎と水の災禍,Woes of Fire & Water
ダストンの畑,Duston Field
シナイジッチ,Sinazitch
人食い草の葉,Man-Eating Leaf
首領プライド,Chief Pride
月守りの妖鳥,Moon Guardian Bird
ベビーピンク,light pink
家具屋トキワ,Indoor Furniture Shop Tokiwa
混沌の魔瘴魂,Chaos Miasma Soul
光導使メナー,Light Guide Menna
エックスくん,"The" X
ダースロード,Dread Lord
風の民の聖印,Holy Wind Seal
まごころ駅弁,Sincere Boxed Lunch
駅員ロゲール,Attendant Logelle
大地の大竜玉,Earthwyrm's Jewel
大怪盗衣装Ⅱ,Thief Outfit Ⅱ
男の子Ｅ３Ｂ,Boy E3B
海賊大募集！,Pirates Wanted!
木かげの集落,Treeshade Village
狂える赤き月,The Mad Red Moon
落陽の天然水,Sunset Water
のきばあさん,Grandma Noki
タップダンス,Tap Dance
ジア・エイプ,Dia Pithecus
宿屋ルシール,Innkeeper Lucille
素材屋モカム,Material Shop Mokam
弁当中身あり,Filled Lunchbox
ペコリアたち,Pekorias
デビルニャン,Devil Cat
移動係クロエ,Travel Clerk Kroe
魔女シュガー,Witch Sugar
くじ屋チトセ,Lottery Chitose
泡雪のぼうし,Light Snow Hat
宿屋イェード,Innkeeper Yade
記者リーリナ,Reporter Lilina
二度目の輝き,2nd Time to Shine
カブトランプ,Kabu Cards
トミばあさん,Grandma Tomi
料理屋パフィ,Server Puffy
駅員ロマヌス,Attendant Romanus
みたらし団子,Mitarashi Dango
星空かきわり,Starry Sky Backdrop
レモンダリア,Lemon Dahlia
練達者の神技,Divine Skill Guru
炎魔の焼け石,Burning Stone
純白の贈り物,Pure White Gift
アウルサイズ,Aur Scythe
七の塔・中層,Tower 7 - Middle Area
モンスター13,Monster 13
モンスター11,Monster 11
モンスター22,Monster 22
モンスター05,Monster 05
モンスター09,Monster 09
モンスター18,Monster 18
みとれる +10%,Enthrall +10%
モンスター25,Monster 25
モンスター20,Monster 20
モンスター06,Monster 06
CSダミー人男,CS Dummy Man
モンスター07,Monster 07
2mv用opプ男魔,A
モンスター12,Monster 12
モンスター04,Monster 04
モンスター02,Monster 02
カジノ 入口 ,Casino Entrance
モンスター14,Monster 14
きようさ +100,Deftness +100
2mv用opオ女戦,Plans
モンスター03,Monster 03
2mv用opド男冒,Release
モンスター17,Monster 17
2mv用op人男戦,No
モンスター01,Monster 01
モンスター21,Monster 21
2mv用opウ女武,Worldwide
モンスター08,Monster 08
モンスター27,Monster 27
モンスター19,Monster 19
モンスター28,Monster 28
モンスター10,Monster 10
モンスター16,Monster 16
2mv用opエ男僧,For
モンスター26,Monster 26
モンスター24,Monster 24
マダンテ +30%,Magic Burst +30%
モンスター15,Monster 15
モンスター23,Monster 23
２階-書物庫,2F - Library
黒の間 出口,Chamber of Black Exit
きようさ +85,Deftness +85
１階-訓練場,1F - Training Grounds
カジノ 出口,Casino Exit
１階-道具屋,1F - Item Shop
研究室 出口,Laboratory Exit
ぬいぐるみ4,Plushie 4
月の塔 出口,Moon Tower Exit
第２層-庭園,Level 2 - Garden
東の塔 入口,East Tower Entrance
きようさ +70,Deftness +70
きようさ +10,Deftness +10
西の塔-倉庫,West Tower Storage
盃の間 出口,The Chalice Exit
きようさ +75,Deftness +75
西の塔 入口,West Tower Entrance
冷眠室 出口,Cryogenic Chamber
西の塔-３階,West Tower 3F
雲上湖 入口,Cloudtop Lake Entrance
侵略国モブ1,Invasion Mob 1
廃棄場 出口,Disposal Exit
ぬいぐるみ6,Plushie 6
２階-休憩室,2F - Break Room
すばやさ +60,Agility +60
東の塔-寝室,East Tower Bedroom
貴賓室 出口,VIP Room Exit
射程距離 +3m,Range +3m
西の塔-居間,West Tower Room
レーンの村 ,Rane Village
保管庫 入口,Storage Entrance
みりょく +30,Charm +30
ぬいぐるみ7,Plushie 7
大広間 入口,Great Hall Entrance
欠番１#172928,Miss #1 #172928
第２層-墓地,Level 2 - Graveyard
きようさ +60,Deftness +60
２階-研究室,2F - Laboratory
生産棟-１階,Manufacturing - 1F
廃棄場 入口,Disposal Entrance
ぬいぐるみ5,Plushie 5
みとれる +1%,Enthrall +1%
灰の間 出口,Chamber of Ash Exit
ぬいぐるみ8,Plushie 8
LV120・ムチ_B,Lv. 120 Whip B
星の塔 出口,Star Tower Exit
鬼岩城 入口,The Badrocks Entrance
アトラス1200,Atlas 1200
みとれる +5%,Enthrall +5%
研究棟-２階,Research - 2F
資料室 入口,Archives Entrance
すばやさ +12,Agility +12
射程距離 +4m,Range +4m
夜宴館 入口,Banquet Hall Entrance
１階-対策室,1F - Strategy Room
制御室 入口,Control Room Entrance
１階-職員室,1F - Staff Room
ギミック１1,Gimmick 11
発着場 出口,Platform Exit
黄昏岬 出口,Cape Dusk Exit
動力室 出口,Power Room Exit
研究棟-１階,Research - 1F
旧校舎 入口,Old School Building Entrance
LV120・こん_B,Lv. 120 Rod B
制御室 出口,Control Room Exit
３階-院長室,3F - Director's Office
欠番２#172928,Miss #2 #172928
雲上湖 出口,Cloudtop Lake Exit
みとれる +2%,Enthrall +2%
きようさ +15,Deftness +15
ぬいぐるみ3,Plushie 3
きようさ +20,Deftness +20
すばやさ +30,Agility +30
船長室 入口,Captain's Room Entrance
テラス 入口,Terrace Entrance
すばやさ +15,Agility +15
きようさ +95,Deftness +95
聖天舎 入口,Monastery Entrance
きようさ +40,Deftness +40
二の島 上層,Upper Second Isle
２階-図書室,2F - Library
２階-美術室,2F - Art Room
２階-武器庫,2F - Armory
灰の間 入口,Chamber of Ash Entrance
過去竜術士C,Past Dragomancer C
貴賓室 入口,VIP Room Entrance
発着場 入口,Platform Entrance
すばやさ +20,Agility +20
盃の間 入口,The Chalice Entrance
きようさ +35,Deftness +35
熱砂洞 入口,Sand Cave Entrance
きようさ +30,Deftness +30
過去竜術士B,Past Dragomancer B
資料室 出口,Archives Exit
きようさ +12,Deftness +12
３階-宝物庫,3F - Treasury
集会所 入口,Assembly Hall Entrance
事務棟-３階,Administration - 3F
東の塔-居間,East Tower Room
１階-ロビー,1F - Lobby
三の島 上層,Upper Third Isle
西の塔-２階,West Tower 2F
保管庫 出口,Storage Exit
きようさ +45,Deftness +45
月の塔 入口,Moon Tower Entrance
白の間 出口,Chamber of White Exit
１階-大使室,1F - Office
西の塔-１階,West Tower 1F
星の塔 入口,Star Tower Entrance
ぬいぐるみ2,Plushie 2
<pc_original>城,Castle <pc_original>
きようさ +50,Deftness +50
２階-救護室,2F - Infirmary
動力室 入口,Power Room Entrance
Pの　経験値,EXP
夜宴館 出口,Banquet Hall Exit
きようさ +80,Deftness +80
集会所 出口,Assembly Hall Exit
ぬいぐるみ9,Plushie 9
１階-保健室,1F - Infirmary
効果範囲 +2m,Range +2m
３階-作戦室,3F - War Room
三の島 中層,Center Third Isle
移動速度 +3%,Move Speed +3%
黄昏岬 入口,Cape Dusk Entrance
船長室 出口,Captain's Room Exit
武道場 入口,Dojo Entrance
裏通り 入口,Alleyway Entrance
紅玉館 出口,Ruby Mansion Exit
２階-一等室,2F - 1st Class Room
二の島 下層,Lower Second Isle
すばやさ +10,Agility +10
三の島 下層,Lower Third Isle
３階-技術室,3F - Engineering Room
裏通り 出口,Alleyway Exit
冷眠室 入口,Cryogenic Chamber Entrance
西の塔-寝室,West Tower Bedroom
大広間 出口,Great Hall Exit
１階-礼拝堂,1F - Chapel
黒の間 入口,Chamber of Black Entrance
西の塔 出口,West Tower Exit
しゅび力 +10,Defense +10
新米竜術士C,Novice Dragomancer C
ぬいぐるみ1,Plushie 1
きようさ +65,Deftness +65
きようさ +90,Deftness +90
しゅび力 +30,Defense +30
きようさ +55,Deftness +55
新米竜術士B,Novice Dragomancer B
城側 港内部,Castle Port
３階-会議室,3F - Meeting Room
射程距離 +7m,Range +7m
聖天舎 出口,Monastery Exit
研究室 入口,Laboratory Entrance
２階-特等室,2F - Special Class Room
白の間 入口,Chamber of White Entrance
熱砂洞 出口,Sand Cave Exit
祈望館 入口,Place of Prayer Entrance
１階-二等室,1F - 2nd Class Room
宿屋ゾクラ,Innkeeper Zokura
炎光の勾玉,Firelight Jewel
カーネマン,Kahneman
おおきづち,Hammerhood
兵士イース,Soldier Ys
フォレスト,forest
幸運の山鳩,Good Luck Dove
岩穴の廃屋,Cave Dwelling
子ヤギの像,Baby Goat Statue
神官ダジン,Priest Dazin
シュトルケ,Stolke
アリスエル,Ariselle
天地雷鳴士,druid
レフォール,Refole
エリーパパ,Ellie Papa
闇のころも,Shroud of Shadows
勇気の石塔,Pillar of Courage
戦禍のタネ,Seed of Conflict
オーディス,Odis
あやしい本,Suspicious Book
魔軍十二将,The Twelve Tyrants
ウェナ諸島,Wena Islands
旬のスイカ,Seasonal Watermelon
宿屋ノギク,Innkeeper Nogik
アーベルク,Aberuku
ジャ・クバ,Ja Kuba
デュラン強,Apex Dhuran
船長マゼラ,Captain Megella
クァバルナ,Kukulkannibal
神話の遺跡,Mystical Ruins
悪逆の凶将,General of Treason
緑の真珠Ⅱ,Green Pearl Ⅱ
覇道の竜将,Dominant Dragon General
キューミン,Kyumin
水霊花の香,Watersoul Flower Incense
練武の鎧竜,Training Dragon
ギアラの間,Abomasum Area
げんませき,Ethereal Stone
カルバンク,Calbank
ノレイジャ,Noreija
ディレーク,Direkke
蒼月の守り,Rising Moon
ヒッピャぺ,Hippyapei
黒の起動石,Black Starting Stone
古代の英雄,Ancient Hero
冥府の女神,Hand of Hades
ココッチャ,Cococha
グラドマン,Gladman
第三の魔峡,Demon Ravine 3
潜水服・黄,Yellow Diving Suit
光の黙示録,Light Epiphany
天使の絵本,Angel Picture Book
中央の井戸,Central Well
ハピの花畑,Happy Flower Field
エトムント,Etomund
黄色い台座,Yellow Pedestal
ベレスの鎌,Beleth's Scythe
神儀の護堂,Guardian's Hall
第一の領域,First Area
ポルマリー,Pormary
楽園への扉,Door to Utopia
岩石おとし,Boulder Toss
学徒ワカギ,Student Wakagi
ヌーデビル,Gnucifer
学園の噴水,School Fountain
家具屋ルサ,Indoor Furniture Shop Russa
晴天の装束,Sunny Attire
陽光の戦士,Solaris Warrior
宿屋シュパ,Innkeeper Shupa
グリズリー,Ursa Major
わらし人形,Child Doll
白灰の草原,White Ash Field
家具予備７,Spare Furniture 7
南西の井戸,Southwest Well
怒れる魔神,Angry Aztech
オルフェア,Orphea
たれキジ猫,Lazy Brown Cat
プク女１１,Puku Female 11
第四の魔峡,Demon Ravine 4
サブナック,Abracadabrador
アヒルの像,Duck Statue
リンゴの柱,Apple Pillar
兄のカメラ,Brother's Camera
アトマ粒子,Atma Spheres
ザリガッパ,Zarigappa
聖王のツメ,Dryspell Claw
ジャングル,jungle
ピエロの男,Clown Man
検証バトル,Verify Battle
魔塔エキス,Tower Extract
アイテム２,Item 2
キメラの像,Chimaera Statue
風の竜たち,Wind Dragons
金の玉手箱,Gold Jewelry Box
タロット屋,Tarot Shop
ゴーストⅡ,Ghost Ⅱ
秘宝の魔兵,Treasure Balhib
制御室方面,Way to Control Room
永遠の牢獄,Eternal Prison
ゴーストⅢ,Ghost Ⅲ
ザラキーマ,Kathwack
店員マルル,Clerk Marul
めざめの花,Wakerobin
笑いの極み,The Height of Comedy
エッちゃん,Estie
辛苦の激竜,Dragon of Pain
パッキュレ,Pakkure
土星の聖女,Saint of Saturn
クラハの像,Klaha Statue
夕飯セット,Dinner Set
歌姫の回廊,Corridor of Song
輝天のツメ,Sky Claws
宿屋バサキ,Innkeeper Basaki
竜神官の杖,Priestess' Staff
ビッティス,Bittis
イプチャル,Yppchal
取引商ウタ,Trader Uta
プクレット,Pukulet
プチセレブ,notorious
熱砂の魔人,Hot Sand Demon
霊脈魔法陣,Ring of Resonance
伐採マシン,Choppin' Machine
黄金の食紅,Golden Food Coloring
隠者の腕帯,Hermit's Armbands
ブランドン,Brandon
ウェルカム,Welcome
歴戦の甲冑,Veteran Armor
レイリィー,Laylee
海賊の腕帯,Pirate Armbands
魔族リソル,Demon Resol
光源の間２,Light Source 2
ペアルック,matching outfits
アンヴァー,Amber
王家の迷宮,Royal Maze
ランキング,ranking
うしのふん,Cowpat
ホポンパン,Hoponpan
北の洞くつ,North Cave
魔界の結晶,Nadirian Crystal
作戦待機所,Standby Area
きれいな枝,Pink Pine
ダミーです,Dummy
謎の地底湖,Underground Lake
ファフリト,Fafrit
アロイジア,Aloysia
ボーディス,Bodis
厭悪の果実,Vile Fruit
ミランの花,Milan's Flower
農家のタル,Farmhouse Barrel
妖剣士の塚,Swordsman's Burial
調和の真珠,Harmony Pearl
ガラシの塔,Garashi Tower
銀の木工刀,Silver Slick
ヒヒッポフ,Hihippofu
回想の兵士,Reflect Soldier
ニカル鉱石,Nikal Ore
黒竜丸軍団,Equinox Army
ハーディオ,Hadio
マイタウン,My Town
フレンジー,Frenzy
宿屋ヤトマ,Innkeeper Yatoma
ススまみれ,Sooty
てつのクギ,Iron Nails
マグマロン,Live Lava
ビクビーク,Beaker
モモンタル,Sanguintal
駅員ティモ,Attendant Timo
女王の部屋,Queen's Room
ペンネッタ,Pennetta
ムクシート,Mukushito
亡国の記憶,Ruined Recollection
ラミザ王子,Prince Ramiza
巫女ヒメア,Maiden Himea
黄金の重塔,Gold Slime Stack
ベスちゃん,Bethsy
ハリハリャ,Hariharya
三闘の祭壇,Altar of the Triad
暴虐の悪夢,Cruel Nightmare
罪深きバラ,Sinful Rose
ヤファギル,Yaphagil
エリーシェ,Elishe
フランジュ,Frange
乾杯グラス,Toasting Glass
同志のカギ,Key of Kinship
お宝ゾーン,Treasure Zone
武闘家の影,Martial Artist's Shadow
大魔王ゴダ,Demon Lord Goda
どうの延板,Copper Plate
アルケミア,Alchemia
栄光の玉座,Throne of Glory
ＭＰリンク,MP Link
超酸性の間,Super Acidity
シュタール,Stahl
サミュエル,Samuel
新米ササニ,Novice Sasani
黒猫のムチ,Black Cat Whip
異境の紫兵,Amethyst from Beyond
けものの皮,Hardy Hide
騎士団長室,Knight Captain Room
ゾーマの城,Zoma's Castle
武神の腕帯,War God Armbands
プチアビス,Frail Abyss
たいぼく斬,Poplar Toppler
太古のぬし,Gnubie
諸侯の手紙,Lord's Letter
なげきの涙,Tears of Grief
ブレンダン,Brendan
ユースティ,Eusty
魔力の息吹,Sage's Breath
壁かけ車窓,Train Window
ゾーマ印章,Zoma Stamps
悪夢の左手,Left Incubus
練武の鋼殻,Training Shell
スギム局長,Director Sugimu
ろくしょう,green rust
デビル衣装,Devil Costume
アルトゥリ,Arturi
高台の戦場,Battlefield Highlands
神官トック,Priest Tok
きよめの水,Fresh Water
王冠の宝玉,Crown Jewel
南国パイン,Pineapple
グレン領西,Glen West
ホマズ神父,Father Homas
シャレマネ,Mimicker
天魔の玉座,Evil's Throne
金のほこら,Gold Shrine
練武の機神,Training Mech
星の塔４階,Star Tower 4F
闇夜の巨人,Dark Night Giant
つけもの石,Flintstone
妖蛇の毒牙,Snake's Venomous Fang
プラキネル,Plakinel
大樹の鳥籠,The Tree's Cage
カルサドラ,Calsadora
狭間の世界,The World Between
きようさ +4,Deftness +4
バヒージャ,Bahija
北の空き家,Vacant House
天星の英雄,Heroes of the Heavens
南東の井戸,Southeast Well
魔女の日傘,Witch Umbrella
紅炎の闘将,Giravager
おそなえ２,Offering 2
うみぼうず,Shipwrecker
影星の短刀,Darkstar Dagger
アグシュナ,Agushna
ナーディラ,Nadira
農夫ゴンザ,Farmer Gonza
コロレッド,Coroled
万魔の戦鬼,Terror War Demon
マグマ爆破,Magma Explosion
ヴァネッサ,Vanessa
ヘチマの壁,Loofah Wall
ジバリーナ,Mountainmover
防具屋ヘペ,Armor Shop Bepe
すざくの弓,Vermilion Bird Bow
ツリー衣装,Tree Costume
デザイン画,design sketch
ジップリペ,Jipripe
かわいがる,Pet Monster
北のやぐら,North Fort
水晶の時計,Crystal Clock
巨竜の霊粉,Dragon Dust
エメリヤ妃,Princess Emelia
宿屋ヘリン,Innkeeper Herin
リュクシェ,Luchet
神樹の大盾,Godwood Greatshield
罪業の怨霊,Excalipurr
光と闇と弓,Light, Darkness and Bow
ホルティン,Holten
闘牛のツノ,Bull Horns
村人老人女,Village Elder F
プティット,Petit
波紋の天井,Rippling Ceiling
ピヨピヨ豆,Cheep Cheep Seed
プリゼーラ,Prisera
厄サル突槍,Banana Spear
ペロキュア,Perokyua
手紙封蝋赤,Red Wax Seal
紫のほこら,Purple Shrine
モヒペンコ,Mohipenko
モブ兵士５,Mob Soldier 5
秘宝の鋼虫,Treasure Gnat
一人前の証,Mark of Maturity
星の塔６階,Star Tower 6F
剣魔の背中,A Blade's Back
コーラット,Korat
そうびひん,equipment
紫竜の煌玉,Dragonic Orb
ドミネウス,Domineus
スウォドル,Swodol
エイジャス,Ajas
疾風テング,Gale Goblin
星のオーラ,Benevolessence
ジョアンナ,Joanna
エテーネル,Ethenel
リッシュウ,Rishu
陽光の兵士,Solaris Soldier
宿屋の看板,Inn Sign
ドルモーア,Kazam
サラジャン,Sarajan
ある兵士長,Soldier To Be
ゼドラ集落,Zedra Village
ヤスナ神父,Father Yasna
モディスン,Modisun
王城の悪夢,Nightmare's Castle
インジェラ,Injera
線香花火緑,Green Sparkler
魔炎鳥の巣,Darkflame's Nest
時見の光球,Timeseer's Orb
墓場への道,Path to Graveyard
木工ギルド,Woodworking Guild
オズモンド,Osmond
本部テント,Headquarters Tent
天上の魔石,Heavenly Stone
レーテの湖,Lethe Lake
もろば斬り,Double-Edged Slash
バルバトゥ,Barbatou
夜桜スーツ,Night Cherry Suit
懐郷の僧院,Priory of Parting
ベジセルク,Cucumberserk
緑の木・大,Green Tree L
白ジュエル,White Jewel
追憶の竹林,Memory's Grove
桜の木・白,White Cherry Tree
星型メガネ,Star Glasses
秘宝交換券,Treasure Ticket
宿屋ガウェ,Innkeeper Gawe
１番研究室,Laboratory 1
道具鍛冶部,Toolsmithing Club
霊廟の冥妃,Tomb Queen
背徳の教祖,Heretical Patriarch
マルジャン,Marjan
運命の回廊,Corridor of Destiny
生誕の花園,Garden of Growth
亡霊の猛毒,Ghost Poison
谷間の広場,Valley Clearing
アルケーン,Arkane
マギスノー,Magi Snow
銀河の装束,Galaxy Robe
宿屋オドモ,Innkeeper Odomo
ライデイン,Zapple
男性執事服,Butler Uniform (M)
ジェイダー,Jayda
魔祖スコル,Antecedent Scor
きようさ +2,Deftness +2
ラーツィア,Lazia
キンクロス,Kincross
久遠の神殿,Timeless Temple
暗夜の霊堂,Mausoleum of Night
宿屋ロジェ,Innkeeper Roje
まだむべる,Madame Belle
老木の霊魂,Old Tree Spirit
整備小屋跡,Maintenance Shed Remains
庭師の小屋,Gardener's Shed
隠密秘伝帳,Covert Secret Book
王女の部屋,Princess' Room
ピロリアン,Pylori
管理事務所,Management Office
すばやさ +2,Agility +2
エイブリー,Avery
グリゼット,Glisette
レンドア島,Lendor Island
悪魔の双角,Demon Antlers
勇者の絵本,Hero Picture Book
封印の右手,Sealed Right Hand
薄明の小路,Twilight's Path
うつろい草,Kaleidograss
青の錬金石,Blue Gem
パンプキン,Pumpkin
茶色の柴犬,Brown Shiba Inu
少女の悪夢,A Girl's Nightmare
きなこづち,Honeyhood
シャルシル,Charsil
幽鬼の大剣,Revenant Greatsword
あくま神官,Wrecktor
第６の部屋,Room 6
氷獣の毛皮,Ice Beast Fur
ジャントン,Janton
３階・通路,3F - Passage
風のころも,Wind Robe
荒神の護符,Deity's Amulet
チャムール,Chamour
ジュレット,Julet
プラティナ,Platina
旅立ちの間,Tower Lobby
プックレイ,Pukklei
ラニアッカ,Raniakka
月の塔１階,Moon Tower 1F
女神の腕輪,Goddess' Bangle
巫女の寝室,Maiden's Bedroom
レミラーマ,Snoop
エルバイン,Erbaine
ギャスモン,Buntzenberner
リスレット,Lislet
師フジツボ,Master Fujitsubo
トワディン,Twadin
ロッキュネ,Rokyune
朱塗りの門,Vermilion Gate
精霊の番人,Spirit Keeper
アシュレイ,Ashley
スコーリア,Scollia
ママルボン,Mamarbon
マイハウス,My House
輪廻の広間,Hall of Rebirth
魔爪の知将,Commander of the Demonic Claw
昔日の脚甲,Ancient Greaves
上やくそう,Strong Medicine
純白の手袋,Pure White Gloves
滅びの悪夢,Doomed Dream
拳聖のくつ,Shoes of the Fist
ペチュニア,Petunia
妖蛇のムチ,Snake Whip
練武の巨兵,Training Giant
深謀の荒原,Scheming Expanse
ヘルジャー,Helger
レビュール,Reviewle
メガもり丼,Mega Rice Bowl
ビスト先生,Master Bist
芸術の墓場,Cemetery of Art
バディンド,Badindo
メイド２号,Maid No. 2
桜花のイス,Cherry Blossom Chair
大工ケヤキ,Carpenter Elm
レトリウス,Retrius
エムロード,Emerald
一枚板の柱,One-Piece Pillar
説明をきく,Explanation
鉄の木工刀,Iron Slick
ハデスの宴,Death's Desserts
マドハンド,Muddy Hand
ぼうそう率,haywire rate
グレムリン,Gremlin
宝箱レンズ,Treasure Chest Lens
神官モニカ,Priest Monica
宿屋ピリロ,Innkeeper Piriro
チュチピカ,Chuchipika
ホミュロス,Homuros
サリャント,Sariant
干物作成機,Food Dehydrator
栄光の原野,Plains of Glory
イルシーム,Ilseem
車掌バギー,Conductor Bagy
桜マジック,Cherry Blossom Magic
ウェルジー,Welge
遺跡中央部,Central Ruins
シャントン,Shanton
チャクチェ,Chakche
錬金強化屋,Alchemy Enhancement
邪神の宮殿,Dark Deity's Palace
ラウルの像,Rahul Statue
魔人の勲章,Ruin's Medal
赤ジュエル,Red Jewel
暴将黒竜丸,Tyrant Equinox
５階・上層,5F - Lower Area
マグマの杖,Magma Staff
バター爆弾,Butter Bomb
神官クリロ,Priest Kurilo
ペルシャ猫,Persian Cat
家具予備１,Spare Furniture 1
バルチャン,Balchan
賢哲のくつ,Wise Man Shoes
薄紅の宝貝,Light Red Shell
ガズバラン,Gazbalan
ティモシー,Timothy
童話の村で,Fairy-Tale Town
覇業の君臣,Supreme Prince
竜術士の石,Dragomancer Stone
猛獣の道着,Beastly Outfit
電気ウナギ,Electric Eel
ウーウェル,Oowell
招雷の雷盤,Double Board
ポポロ神父,Father Popolo
ザーフィラ,Zafira
時渡り印章,Time Travel Stamps
竜王の玉座,Dragonlord's Throne
土塗りの壁,Dirt Wall
紅炎の宝石,Fiery Gem
虚無の玉座,Throne of Nothingness
プク女０９,Puku Female 09
姿見おうぎ,Mirror Fan
宿屋ハルト,Innkeeper Haruto
しわくちゃ,Wrinkly
混沌の黒雲,Black Cloud
ガリアル洞,Garial Cave
ニーグラフ,Neegraf
トゥループ,Tolupu
帝王の玉座,Imperial Throne
ウィッスン,Wisson
カンディル,Candiru
ベース・庭,Bass (G)
ギルザッド,Gilzad
ハナキュウ,Hanakyu
創世の果実,Rootfruit
オツェアイ,Otzei
カーティス,Katis
テストノノ,Testonono
黒鉄の宝石,Shadowy Gem
石碑の写真,Monument Photo
竜術士の家,Dragomancer's House
番長のくつ,Shotcaller's Shoes
ケリーパパ,Kelly Papa
調停の祭壇,Altar of Mediation
暴走獄門党,Wild Prisoners
ポスーリパ,Posulipa
領界２印章,The Realms 2 Stamps
アーイシャ,Aisha
モルベルト,Morbert
家具予備３,Spare Furniture 3
ランチュウ,Ranchu Goldfish
オーガ本棚,Ogre Bookshelf
氷河のこん,Glacial Rod
研究開発室,Research and Development room
ホチャルカ,Hocharka
コバッチュ,Kobatsch
ラゴウ隊長,Captain Lago
荷物置き場,Storage Area
王島桟橋前,Ladis Island Pier
ファビエル,Fabiel
領主の屋敷,Lord's Mansion
パルペーラ,Palpera
ポワンの像,Treacle Statue
旅の扉実験,Test Travel Door
プク女２０,Puku Female 20
夢見る少女,The Dreaming Girl
ＧＭのこて,GM's Gauntlets
宿屋ラマン,Innkeeper Raman
バンクーン,Bankoon
ドラキュラ,Dracula
駅員バルフ,Attendant Balf
虹色のタネ,Rainbow Seed
くじけぬ心,Undaunted Heart
やりなお草,Azure Grass
ライオッド,Liodd
魔瘴石大布,Large Miasmite Cloth
魔界の大盾,Demon World Shield
朱塗り灯籠,Vermilion Lantern
クリスレイ,Christley
惨禍の迷路,Disaster's Maze
祈星の奇跡,Prayer Star's Miracle
ヴァルハラ,Valhalla
ＨＰリンク,HP Link
円盤状の床,Disc-shaped Floor
アクイラエ,Aquilae
厄サル陣刀,Banana Sword
ゼーナピア,Zenapia
レイの部屋,Rei's Room
コイントス,Coin Toss
ママポッナ,Mamapona
メテオ着弾,Meteor Impact
ハルディー,Hardy
大使ルチル,Ambassador Ruci
ぶとうぎ２,Strongsam 2
ジェノール,Gennault
商人アガタ,Merchant Agata
ゲリュオン,Draguar
竜のすみか,Dragon's Den
学徒シラギ,Student Shiragi
ブラウニー,Brownie
純喫茶の柱,Cafe Pillar
ラジッチョ,Radicho
第六の霊廟,6th Tomb
えりーぱぱ,Ellie Papa
金色の雄牛,Golden Bull
目覚めし者,Waking Dead
謎の半球体,Strange Sphere
ペリュイヌ,Peruine
パハカース,Pahkas
屍水の鎧鬼,Armor of Water
おおさそり,Scorpion
メタッピー,Mecha-Mynah
美しい人形,Beautiful Doll
バイシオン,Oomph
アイテム３,Item 3
マルリーヌ,Marlene
丘の町地区,Hill Town Area
嵐帝の深沓,Kaiser's Boots
フィロゾス,Philosos
輝石の竜箱,Augite Dragon Box
Ｖロン印章,Vron Stamps
無念の記憶,Memories of Regret
銅鏡の舞台,Bronze Mirror
源世の聖標,Sacred Mark
宿屋チャド,Innkeeper Chad
賢哲の教え,Wise Man's Teachings
プロフィテ,Profite
魔物管理人,Monster Manager
電撃レンズ,Electric Lens
アルゴ神父,Father Argo
ヒヨコの像,Chick Statue
かぶと割り,Helm Splitter
鎮魂の蒼花,Blue Flower of Requiem
魔瘴球オド,Mass of Miasma
天稟の祭壇,Altar of Aptitude
調理練習着,Cook Training Wear
スカルキー,Skull Key
リィンカネ,Re[in]carnation
ポランパン,Poranpan
ヒヤヒヤ草,Chilly Herb
ツボ素材屋,Pot Material Shop
フッフッリ,Fuffurri
ディーリア,Delia
真理の回廊,Corridor of Truth
天恵石の杖,Blessed Stone Staff
プク男１２,Puku Male 12
スペリオル,Superior
デスマスク,Slaughtomask
潜水服・青,Blue Diving Suit
海底の牢獄,Submerged Stir
アトラス強,Apex Atlas
ジゴモッド,Gigomod
新世界印章,New World Stamps
凪のほら穴,Cave of the Calm
懊悩の麗竜,Dragon of Anguish
秘宝の剣士,Treasure Armour
かげふじい,Grandpa Kagefu
終着の星域,The Last Star
知理の石版,Wisdom Tablet
怪蟲の広場,Insect's Square
守護者の間,Warden's Chamber
サンタ衣装,Santa Costume
竜鱗のまゆ,Dragon's Cocoon
魔兵タナト,Thanatos
紅葉レンズ,Autumn Leaf Lens
恐怖の化身,Dread Incarnate
古代獣の皮,Ancient Beast Hide
戦禍の眷属,Scourges of War
郵便ポスト,Mailbox
変異の真珠,Mutation Pearl
ロクサーヌ,Sellma
ロマンツェ,Romanze
ワラタロー,Warataro
途上の意志,Halfway of Wills
戦乱血風録,War Transcripts
惰眠の宝石,Sleeping Jewel
歯車ゾーン,Cog Zone
ゆめみの箱,Dream Box
アペカの村,Apeka Village
ラディウス,Radius
ぼっちゃま,young master
青の真珠Ⅱ,Blue Pearl Ⅱ
第二の魔峡,Demon Ravine 2
すすまみれ,Sooty
幻獣のホネ,Mythic Beast Bone
第５の部屋,Room 5
上層・内部,Upper Area - Interior
第３昇降塔,Lift Tower 3
冥界の王装,Underworld Garments
風車のカギ,Windmill Key
パパラッピ,Paparappi
神狐の足袋,Divine Fox Tabi
市街地上層,Upper Town Area
パンタジオ,Pantagio
雷雲ライト,Thundercloud Light
おにこぞう,Pickayune
プリズラン,Jailrun
モヒカント,Mohawker
黄の錬金石,Yellow Gem
武神の脚帯,War God Sandals
チアダンス,Cheerleader
モルフェス,Morpheus
奇跡の回廊,Corridor of Wonder
ナスガルド,Woebergard
女神の神座,Goddess' Shrine
ミュフタス,Muftas
ジョロッチ,Stickle
鬼神の脚甲,Godly Greaves
ガラスペン,Glass Pen
獅子の大剣,Lion's Grrreatsword
錬魔の秘法,Secret of Darkness
管理棟の扉,Admin Building Door
すばやさ +5,Agility +5
暗黒の魔人,Ruin
駅員コウロ,Attendant Kouro
エンドール,Endor
四神の舞台,Stage of the Four
聖域のこて,Etherean Gauntlets
庭木さん？,Mr. Garden Tree
神官エイラ,Priest Eira
絶望の巨像,Statue of Despair
ズィディリ,Zidiri
テリーの盾,Terry's Shield
小さな化石,Not-Colossal Fossil
天使ソイル,Soyle
家具予備４,Spare Furniture 4
厄サル短刀,Banana Tanto
何もしない,Do nothing
結晶の森前,Crystalline Forest
ゾンダルク,Zondark
げんま解放,That's The Spirit
お庭用タル,Barrel (G)
農夫ペペロ,Farmer Pepero
覚醒の鬼石,Super Demon Stone
精霊の威厳,Spirit's Grandeur
ドルセリン,Dolsoline
パスロット,Paslot
モモンガ族,Squirril
緋赤鳥の翼,Red Bird Wings
商人カリマ,Merchant Karima
神官ガトゥ,Priest Gatu
看板・マル,Sign - Circle
モグタンタ,Mole Tanta
コリーパパ,Cory Papa
盟友の虚無,Ally's Void
円盤の遺跡,Disc Ruins
造成地の土,Worksite Soil
サングラス,Sunglasses
闘志の試練,Trial of Spirit
聖王のやり,Dryspell Spear
緋色の宝石,Crimson Jewel
灼熱の魔兵,Scorch Soldier
魔獣の左角,Beast's Left Horn
ホッピュル,Hopule
炎業の妖星,Fiery Star
クヨチ大臣,Minister Kyochi
竜王のこて,Dragonlord Gauntlets
パティ兄弟,Sibling Patti
まじない石,Spell Stone
アジール像,Azir Statue
プリフィー,Prifie
守護鬼の間,Keeper's Chamber
エフおうぎ,F Fan
マジュトツ,Madjuttsu
第４刻１階,Fourth Epoch 1F
ドキュベー,Dokyube
宿屋フフイ,Innkeeper Fufui
ログハウス,Log Cabin
ポルースカ,Poruska
竜蹄の暴将,General of Tyranny
スノーモン,Snow Sanguini
悪夢の右手,Right Incubus
祈願の魔像,Prayer Statue
聖天の使い,Holy Messenger
ルドロッホ,Ludroch
スパーキー,Sparky
聖鳥の幽居,Flamia's Refuge
主神の間前,Chamber of the Almighty
コーデリア,Cordelia
光の石版？,Light Tablet ?
ジーガンフ,Jiganf
パヤノドン,Payanodon
グルーエル,Gruel
いなせな畳,Chic Straw Mat
月見のうす,Moonview Mortar
青と白の傘,Blue/White Umbrella
エゼソルト,Eze Salt
神殺しの槍,Godslayer's Spear
釣り人サン,Fisherman San
バングーン,Bangoon
上限アップ,Upgrade
ベコン渓谷,Becon Valley
アラーニャ,Aranya
モブ兵士１,Mob Soldier 1
ムルゲンチ,Mulgench
呪滅の妖将,Spellbound Spectre
ショーデル,Shodel
バルザック,Baalzack
ウェディ男,Weddie M
農夫ガンス,Farmer Gance
ヌーガ神父,Father Nuga
キルパッポ,Kilpappo
店員カンザ,Clerk Kanza
ケガレの翼,Wings of Corruption
スカルゴン,Skelegon
空の原風景,Origin of the Skies
月の塔２階,Moon Tower 2F
魔幻の双角,Phantom Horns
時増しの王,Aged King
メメちゃん,Mei Mei
火竜のキバ,Fiery Fang
正式名未定,Name Undecided
おとも精霊,Spirit Companion
暗黒の樹木,Fatalistick
よろず屋３,General Shop 3
ソイヤー豆,Soyer Bean
紫の魔結晶,Purple Crystal
男性の石像,Male Statue
月世界の都,The Moon's Capital
農夫ボボン,Farmer Bobon
第３刻３階,Third Epoch 3F
創生の柱Ｃ,Pillar of Unmaking C
悠久の金庫,Time Capsule
ハルフィー,Halphy
しんだふり,Play Dead
皮のよろい,Leather Armor
黒のピアノ,Black Piano
銀のカメオ,Silver Cameo
月影忍法帖,Shady Ninja Scroll
エリーチェ,Eriche
バイタル草,Hearty Herb
ドロヌーバ,Mudraker
ピート村長,Chief Pete
カミュの像,Erik Statue
ヘナトール,Kablunt
丸太のイス,Log Chair
町娘メアリ,Town Gal Mary
フルボッコ,Furbokko
秘宝の神官,Treasure Whacko
仮面オレン,Masked Oran
海峡の岩屋,Grotto Strait
遊び人の証,Comedy Prize
陰陽道の本,Book of Yin and Yang
流水岩・庭,Streamstone (G)
封印の雷盤,Seal Board
リーフィヤ,Leafia
プクベリー,Pukuberries
約束の家族,Promised Family
ダークアイ,Dark Eye
盟友カミル,Ally Kamil
霊鳥の加護,Gone with the Wind
ゴタン神父,Father Gotan
ジョレミー,Joremy
中腹への道,Path to Halfway
ブリッシュ,Blish
主君のカギ,Master's Key
ラブレター,Love Letter
魔幻三重奏,Demonic Trio
ガルチェル,Garchel
闇夜の王妃,Dark Queen
マノワール,Manoir
道具屋ルネ,Item Shop Lunet
盟約の指輪,Pledge Ring
書聖のこん,Calligraphy Rod
レーンの村,Rane Village
雷神の食卓,Thor's Table
女性の石像,Female Statue
願いの霊獣,Wish Beast
異形の大地,Deformed Earth
ブロッゲン,Broggen
ルビン宙橋,Rubin Bridge
パラディン,paladin
かっちゅう,suit of armor
格闘場２階,Arena 2F
王国の悪夢,Kingdom of Terror
ルネドール,Renedor
魔獣の菜園,Rabbits' Recluse
ギャスパー,Gasper
氷結の大矛,Icebound Spear
ヘペーリャ,Hepeyrya
凶鳥フレス,Bad Bird Fres
リリパット,Bodkin Archer
リューシャ,Ryusha
車掌パーリ,Conductor Pari
昇降の風穴,Wind Tunnel
駅員ヴァド,Attendant Vado
備えの陣形,Ready Formation
ベヒードス,Drakulurch
闇魔の息吹,Dark Breath
呻声の化身,Moaning Incarnation
ニコちゃん,Smyles
とつげき丸,Barracuda Blade
機巧研究所,The Mechanica
マグマの滝,Magma Falls
催し物会場,Event Venue
パドレア邸,Padrea Mansion
スピーニャ,Cumberbatch
終わりの声,The End's Voice
万魔の獣王,Terror Beast
大樹の根元,The Roots
サイエンス,Science
約束の花冠,A Promised Flower Crown
ウェダガン,Wedgan
赤眼の尖兵,Red-eyed Vanguard
風泣き岬前,Windy Cape
双刀の誓い,Bond of Blades
どうのオノ,Copper Axe
フーベルト,Hubert
嘆きの庭園,Garden of Sorrow
オルノーラ,Ornola
ファンデル,Fandel
お茶を飲む,Drink Tea
ベホマラー,Multiheal
お菓子の柱,Sweet Pillar
胡蝶の護符,Butterfly Charm
大風車塔前,Windmill Tower
天ツ風の原,Howling Highlands
サッキュン,Sakkyun
太古の魔人,Ancient Atrocity
属性の祝福,Elemental Blessing
黒のほこら,Black Shrine
店員パフタ,Clerk Pufta
まがんの杖,Hocus Locus
ギガミート,Giga Meat
神秘の回廊,Corridor of Mystery
キュイップ,Kyuippu
バトラエル,Batrael
ゼドラの影,Shadow of Zedra
神秘の鋼線,Steel Wire
ちぇちぇん,Chechen
モグホルト,Mole Holt
妖精の加護,Fairy's Blessing
サルマーク,Sarmark
店員タウノ,Clerk Tauno
月影のこて,Moonshade Gloves
ムヤル神父,Father Muyal
死霊の導き,Death's Direction
ラブアロー,Love Arrow
ハジャラハ,Hajaraha
ＭＰパサー,M-Pathy
月光の金糸,Golden Moonlight Thread
ネクサール,Nexar
ネジゾーン,Screw Zone
モブ男兵士,Mob Soldier (M)
常闇のオノ,Everdark Axe
マーガリン,Margarine
タービア芋,Turbia Tuber
冥闇の門番,Dark Gatekeeper
竜のうろこ,Dragon Scale
エルドナ神,Eldona
マーブルン,Kaleidocat
準備ＯＫ？,Are you ready?
悪神の左手,Fiend's Left Hand
アーニャー,Annya
聖王のこん,Dryspell Rod
レグナード,Regnad
ギミック４,Gimmick 4
ふこうもり,Bat Luck
生きる価値,Value of Life
ジバルンバ,Ridgeraiser
手向けの花,Flower Offering
タコメット,Octopot
シィジャン,Shijan
ひとくいが,Betterfly
白柴クール,Cool White Shiba
超錬金ツボ,Super Jar
サインぜめ,Autograph
客ＮＰＣ３,C NPC 3
ポエーツォ,Poezzo
廻るカルマ,Revolving Karma
メルエパパ,Merue Papa
落日の原野,Sunset Plains
サンタの袋,Santa's Sack
流砂の海原,The Shifting Sands
紅の落日花,Red Sunflower
ご神体の間,Hall of Worship
フロスティ,Frosty
魔犬の仮面,Demon Dog Mask
神護の薙刀,Empyrean Halberd
射手のくつ,Archer Shoes
竜将のこて,Dragon General Gloves
プーちゃん,Pu
プク女１９,Puku Female 19
乱破の手甲,Spy's Wrist Guards
宝取りアミ,Treasure Net
ソーチェス,Soches
プク女０１,Puku Female 01
万年桜の花,Cherry Blossoms
宿願のカギ,Key of Desire
達人ロクロ,Master Rokuro
白木のイス,Plain Chair
第７刻２階,Seventh Epoch 2F
Ｖロンの盾,Vron Shield
勇者の指輪,Hero's Ring
フェルーマ,Ferma
イザヤール,Aquila
月見のきね,Moonview Pestle
花火レンズ,Fireworks Lens
ラティマー,Latimer
退魔の太刀,Banishing Blade
迅雷の手甲,Thunderclap Handguards
医師ヨーグ,Dr. Yog
かえん斬り,Flame Slash
禍々しい柱,Ominous Pillar
栄華の王錫,King's Splendor
極夜の剣帝,Neverending Knight
焦熱の間前,Molten Core
メラゾーマ,Kafrizz
魔瘴石小粒,Miasmite Dust
青の短冊弐,Blue Strip 2
業炎の大剣,Karmafire Greatsword
コットン草,Cottontop
ヘルメット,Helmet
三鳴の音叉,Tri-Tuning Fork
ラーディス,Ladis
チュラリス,Chularis
天体図・金,Gold Star Map
黄昏呪術店,Magic Shop
プチメテオ,Small Meteor
秘宝の先兵,Treasure Viking
太陽の石小,Small Sun Stone
神域のオノ,Mythic Axe
プクランド,Pukuland
バナナの柱,Banana Pillar
足ヒレ・赤,Red Flippers
グリッチャ,Gritcha
孤高の大剣,Solitary Sword
げんま召喚,That Special Summon
悲嘆の戦場,Battlefield of Grief
ふくのかみ,God of Fortune
エネルギー,energy
入城許可証,Entry Permit
ゴルゴンザ,Gorgonza
七夕観客９,Spectator 9
パルチザン,Partisan
海ガヤNPC５,Sea Gaya NPC 5
リンベリィ,Linberry
祝祭の楽将,Festival Musician
謎の大燭台,Flame of Fate
法王の回廊,Corridor of Law
青いナミダ,Azure Tear
辛味のモト,Spicy Powder
白亜の王城,Chalky Castle
海ガヤNPC４,Sea Gaya NPC 4
砕け散る門,Shattered Gate
譜面台・庭,Music Stand (G)
宿屋マロナ,Innkeeper Marona
時獄の迷宮,Time Labyrinth
統制の真珠,Control Pearl
黄の起動石,Yellow Starting Stone
ヌーティフ,Nutif
メーダ・強,Vicious Lunatick
イーリィン,Elyne
虹の錬金石,Rainbow Gem
学びの水晶,Learn Crystal
キャンドル,candle
やみしばり,Hellbound Horror
ギミック５,Gimmick 5
不死の包帯,Eternal Bandage
コートニー,Courtney
なぞのツボ,Mystery Pot
竜神の世界,Within Nadraga
のぼりの扉,Door Going Up
ガルガリム,Gargarim
海魔の系統,Genokiid
風の石版？,Wind Tablet ?
月のメダル,Moon Medal
ガンダット,Gandat
頼みの子分,Trusted Minion
勇者の石塔,Hero's Monument
ウェスリー,Wesley
ブラト町長,Mayor Burat
荒野の集落,Wild Settlement
一枚板の壁,One-Piece Wall
パンのかご,Breadbasket
ミランの像,Milan Statue
あなうめ妹,Younger Sister
闘戦士の証,Fighter's Proof
慈愛の紋章,Crest of Kindness
輝天の大剣,Sky Greatsword
異形複製体,Hexabeast Duplicate
嵐帝のこて,Kaiser's Gloves
アワウキ貝,Foamy Shell
看板・バツ,Sign - X
武器鍛冶部,Weaponsmithing Club
キラービー,Scornet
第１昇降塔,Lift Tower 1
ダンジョン,dungeon
モグザック,Mole Zack
古びたメモ,Old Note
神官リリィ,Priest Lily
悠久の回廊,Eternal Passage
岳都ガタラ,Mount Gatara
武器屋ベイ,Weapon Shop Bei
さそりばち,Waspion
ウリ坊の像,Wild Boar Piglet Statue
ヌブロ長老,Elder Nubro
まほうの柱,Magic Pillar
酒場の看板,Tavern sign
従者の部屋,Attendant's Room
つながる心,Connected Heart
フォルカー,Volker
封邪のカギ,Evil Key
オスヴィン,Osvin
光源の間３,Light Source 3
白灰への門,White Ash Gate
ハンナース,Hannas
宿屋テウス,Innkeeper Teus
熱血シドー,Ardent Malroth
レストリア,Restoria
ミザリエル,Mizariel
ファッチョ,Faccho
子ディゼル,Child Diezel
ヤーンの像,Yarn Statue
ラファーヌ,Rafane
イカスピア,Squid Spear
サクラマス,Masu Salmon
遊びハウス,Gadabode
煉獄の岩塊,Misery Moai
クレッセル,Kressel
ヨロイ先生,Mr. Ahmah
のうふぼぼ,Farmer Bobo
メネト地方,Menet Region
大富豪協会,Tycoon Club
戦友のカギ,Comrade's Key
ピラーティ,Pilati
偉大な大砲,Great Cannon
レイモンド,Raymond
砂塵の幻馬,Phantom Horse
炎の宝珠？,Fire Jewel ?
ふゆほへい,Frost Burn
宿屋マギー,Innkeep Maggie
勇気の紋章,Crest of Courage
夜光石の柱,Noctilucent Pillar
ピノカノン,Pinocanon
天使の羽根,Angel Feather
シナリディ,Sinaridi
スイーツ屋,Sweets Shop
純白の雪片,Pure White Snow
まりーぱぱ,Marie Papa
黄昏の魔杖,Twilight Staff
ラバニの穴,Rabbani Hole
英雄神の間,Hall of the Champions
第203開発室,Development Room 203
画集を読む,Read Art Book
追想の王国,Memory's Kingdom
プク女０６,Puku Female 06
夜光石の壁,Noctilucent Wall
麻のぼうし,Linen Hat
黒柴犬　　,Black Shiba
天球の大盾,Godly Greatshield
和風の植栽,Japanese Planting
武闘家の証,Mercury Prize
ピアーチュ,Piachu
異界の尖兵,Otherworld Soul
ユーちゃん,Lizy
不死王の陣,Immortal Army
ヒューポン,Hyuupon
支配者の巣,Nest of Rulers
名を継ぐ者,Heir to a Name
青の来訪者,The Blue Visitor
ヒストリカ,Historica
ワルド水源,Wald Headwaters
命脈の神殿,Threads of Life
晴天の目薬,Sunny Eye Drops
高級服飾店,Luxury Clothing Store
アメジスト,amethyst
武器防具屋,Weapons & Armor
ゲルニック,Hootingham-Gore
予言の指輪,Ring of Prophecy
ムニュ大臣,Minister Munyu
花を背負う,Flowers
えりんぱぱ,Erin Papa
ベギラゴン,Kasizz
緑のほこら,Green Shrine
グラコス強,Apex Gracos
採石バッグ,Quarry Bag
お菓子の壁,Sweet Wall
試みの祭壇,Altar of Trials
駅員ビーン,Attendant Bean
葉っぱの傘,Leaf Umbrella
マドロック,Madlock
看板・三角,Sign - Triangle
ガスヴィン,Gasvin
宿屋クフラ,Innkeeper Kufura
こがねいろ,golden
強さの果て,The End of Strength
ガタラ原野,Gatara Fields
黒曜の玉座,Obsidian Throne
プチムドー,Frail Murdaw
第７刻１階,Seventh Epoch 1F
家具予備９,Spare Furniture 9
とと丸の像,Totomaru Statue
ＤＱⅡ印章,DQ2 Stamps
青の起動石,Blue Starting Stone
ベレス・異,Anomalous Beleth
風護の竜巻,Tornado Guard
冒険者の盾,Adventurer's Shield
第４の部屋,Room 4
天体図・銀,Silver Star Map
眠りの魔陣,Sleeping Circle
ゼドラ洞前,Zedra Cave
ディアンジ,Dianji
夢見の香炉,Dream Censer
里の守り手,Village Guard
サフィール,Sapphire
茶柴犬　　,Brown Shiba
やったー！,Yay!
バスケット,Basket
ソルベルム,Solbern
シェリーナ,Sherina
まほうの壁,Magic Wall
神官ゼリオ,Priest Zelio
神域の短剣,Mythic Knife
魔瘴石小布,Small Miasmite Cloth
ボングワリ,Bongwari
エルフ大国,Elf Nation
南のやぐら,South Fort
すばやさ +4,Agility +4
樹霊の綿毛,Tree Spirit Fluff
ゾフィエル,Zophiel
ジャーミィ,Jammy
嘲弄の分身,Mockingclone
神官ネムド,Priest Nemdo
集計係モカ,Tallier Mocha
ぎんのクギ,Silver Nails
アーニウス,Arnius
暗黒空間Ｚ,Dark Space Z
ラジョンナ,Lajonna
呪星のツメ,Doomstar Claws
ガエトゥリ,Gaeturi
つまみ食い,Sneak a Bite
ヴォヤージ,Voyage
７番研究室,Laboratory 7
創生の柱Ａ,Pillar of Unmaking A
あいりーん,Irene
スラじろう,Surajiro
蒼撃の戦神,Giruffler
武神の回廊,Corridor of War
カイユの葉,Recovery Leaf
ブッチャー,Butcher
破魂の審判,Judge of Souls
魔導の歯車,Magic Gear
ホホーレン,Hohouren
マダイの像,Red Snapper Statue
金縛りの札,Bill of Binding
オーガ大国,Ogre Nation
クリッセン,Chrissen
ソラッチャ,Soratcha
管理人小屋,Caretaker's Hut
ユンジェロ,Yunjero
約束の帰郷,The Homecoming
暴竜ドマノ,Dragon Domano
妖女と災獣,Witch & Beast
大魔王顔壁,The Faces of Evil
パッフィー,Paffey
プク男０６,Puku Male 06
リンギット,Lingit
悲願の血涙,Bloody Tear
願い紡ぐ花,Weaving Wish Flowers
皮のズボン,Leather Pants
本物の鎖箱,Genuine Chained Box
プク女１０,Puku Female 10
ローゼリナ,Roselina
神話の時代,Mythical Age
昇り竜の柱,Rising Dragon Pillar
キングレオ,Marquis de Leon
翼神のオノ,Winged God Axe
バニーの女,Bunny Girl
太古の氷穴,Old Ice Cavern
冥王の玉座,The Netherlord's Throne
１０連花火,10 Pack Fireworks
ジェネリー,Genery
桃の短冊弐,Pink Strip 2
悪霊の仮面,Evil Spirit Mask
りゅうおう,True Dragonlord
牛飼いの沓,Cattleman Shoes
若頭ヒノキ,Young Hinoki
プク男０４,Puku Male 04
ポルテの家,Porte's House
トゥンブク,Thunbuck
領界３印章,The Realms 3 Stamps
巫女の御座,Maiden's Throne
チャイチャ,Chaicha
かげのきし,Dark Skeleton
キリカ草原,Kirika Steppe
眠れる少女,Sleeping Girl
ニンチャイ,Ninchai
親密レベル,Bond Level
スタックス,Stacks
拳闘士の盾,Boxer's Buckler
マルコメス,Malcomess
一刻館です,Momentary House
暗黒の雷火,Dark Lightning
福の花びら,Luck Petal
深淵の契り,Under Oath
ヤマカミヌ,Yamakaminu
パピアット,Papiatto
トガス岩道,Togas Trail
キノコ爆弾,Mushroom Bomb
ザオトーン,Seal Zing
山吹の羽根,Sunblossom Feather
レッドアイ,Red Eye
カブのイス,Turnip Chair
テキュノス,Tekyunos
リポちゃん,Lipo
そよ風の浜,Breezy Beach
赤い小ビン,Small Red Phial
クリストフ,Christoph
人間の祭壇,Human Altar
冥界の祝宴,Revel in Death
第303開発室,Development Room 303
聖なる守り,Sacred Amulet
乱破の脚半,Spy's Gaiters
バイキルト,Oomphle
ブルーギル,Bluegill
看板・ほし,Sign - Star
海賊の宝箱,Pirate Treasure
帰還限界面,Return Link
流砂の遺跡,Quicksand Ruins
Ｖ系ピアス,V Earrings
８番研究室,Laboratory 8
ヒャダルコ,Crackle
北の祭祀場,Northern Shrine
天ツ風の間,Windy Room
大地の羽毛,Earth Feather
兵士アトロ,Soldier Atro
アラキュレ,Arakyure
王家の霊廟,Royal Tomb
忠義の勲章,Loyalty Medal
冥王のかま,Grimmer Reaper
戦乱のオノ,War Axe
星の木工刀,Starry Slick
謎のほこら,Mystery Shrine
トラちゃん,Traeie
ホタルビー,Firefly
あなた様へ,To You
シャドウⅢ,Shadow Ⅲ
異境の黄兵,Topaz from Beyond
ストーナー,Stoner
昔日の小路,Olden Path
リゲス大臣,Minister Rigez
黄昏の果実,Dusk Berries
翼神の加護,Winged God's Protection
レモンくん,Lemon
保管庫・東,East Vault
早詠みの杖,Faster Caster
砂のほこら,Shrine of Sand
神殿・２階,Temple 2F
赤の真珠Ⅱ,Red Pearl Ⅱ
古武道着下,Kobudo Pants
旅のヨギリ,Traveler Yogiri
妖精図書館,Fairy Library
緋赤鳥の弓,Red Bird Bow
心層の迷宮,Heart Maze
茶柴クール,Cool Brown Shiba
バズズの像,Pazuzu Statue
氷晶の聖塔,Ice Tower
闇夜の霊堂,Tomb of Darkness
魔幻の騎士,Shining Knight
アリオス王,King Arios
バズレッド,Buzzred
星々の装束,Starry Attire
オルニーゾ,Ornizo
ぎんの短剣,Silver Dagger
猛獣の手甲,Beastly Wrist Guards
元気タイム,Bonus Time
船舶管理局,Ship Bureau
シャドウⅡ,Shadow Ⅱ
ジェイコフ,Jakov
グリレッタ,Grilletta
フクフク豆,Lucky Beans
岩峰の広間,Pinnacle Grotto
ハツラツ豆,Pep Beans
ミルネ先生,Mrs. Milne
管理鳥７８,Management Bird 78
リサイクル,Recycle
バーナード,Bernard
駅員ハヤテ,Attendant Hayat
調査用具庫,Survey Toolshed
タコロック,Octorock
時見のカギ,Timeseer's Key
交換屋テゼ,Exchange Shop Teze
エルフ台所,Elf Kitchen
帝国技術庁,Imperial Endeavors
聖女の祈り,Saint's Prayer
育みの香水,Nurture Perfume
素材タネ屋,Material/Seed Shop
邪炎の鎧鬼,Armor of Flames
ルギツ先生,Mr. Rugitsu
ミランの母,Milan's Mother
ネーしゃま,Zenny
おぼろ水晶,Nebulousphere
伝説の聖具,The Sacred Tool
王族の部屋,Royal Chamber
フウキの証,SCC Emblem
くじ屋サチ,Lottery Sachi
海王への道,Road to the Ruler
光の花びら,Light Petals
星々の大剣,Starry Greatsword
エモノ呼び,Call of the Hunt
投げキッス,Blow Kiss
師匠のカギ,Teacher's Key
宿屋トノマ,Innkeeper Tonoma
追想の王城,Memory's Castle
ズワイガニ,Snow Crab
農夫コチョ,Farmer Cocho
バクーモフ,Bakumov
テテリ渓谷,Teteri Valley
神父イーハ,Father Iha
太古の祭壇,Ancient Altar
黒猫カカシ,Black Cat Scarecrow
大工ミミラ,Carpenter Mimil
ナフェット,Nafet
レンガの柱,Brick Pillar
黄昏の霊堂,Mausoleum of Dusk
学者の脚帯,Academic Boots
ティーティ,Teatea
恵みの広場,Blessed Bastion
銀のススキ,Silver Grass
流星メダル,Meteor Medal
ギガンテス,Gigantes
ウィリーデ,Vilide
うぇーいん,Wayne
揺籃の祭壇,Altar of Beginnings
亡都の広間,Ruined Chamber
プク男０９,Puku Male 09
こごえる魂,Freezing Spirit
シオンの花,Shion's Flower
薄明の守人,Twilight Guard
宿屋ウヌク,Innkeeper Unuku
エイブラム,Abram
ゴミ処理場,Garbage Plant
ネブリール,Nebreel
アルケミ水,Alchemy Water
旅芸人モブ,Minstrel Mob
太陽の石大,Large Sun Stone
積み岩の柱,Cliff Pillar
王者のこて,Sovereign's Gauntlets
降魔のこて,Demonfel Gauntlets
イフラース,Ifras
秘宝の剣鬼,Treasure Swordsman
ポルテ印章,Porte Stamps
トランブル,Trumbull
天使の守り,Grace of the Goddess
さとりそう,Thinkincense
カガト神父,Father Kagato
悪神の右手,Fiend's Right Hand
すばやさ +8,Agility +8
ヴェレーノ,Katox
マイユの像,Maille Statue
メガマウス,Megamouth Shark
フブキ博士,Dr. Fubuki
ゼクレス兵,Zechres Soldier
マホッシー,Mahatty
北西の井戸,Northwest Well
闘竜のくつ,Fighting Dragon Shoes
花園への道,Path to Flower Garden
フィナの杖,Fina's Staff
ソルトナ前,Saltona
大地の風穴,Earthwind Cave
ふかみどり,dark green
ついてクン,Pet
ライロック,Lylock
希望の紋章,Crest of Hope
アラクレス,Alachres
イオナズン,Kaboom
凍える人々,Shivering People
ひくいどり,Firebird
パーラギン,Paragin
月の塔５階,Moon Tower 5F
ダルフォン,Dalphon
闘竜のこて,Fighting Dragon Gloves
パトリック,Patrick
誘導係アム,Guide Clerk Am
高台の小屋,Cabin on the Cliff
オオナマズ,Wels Catfish
ゴブル砂漠,Goble Desert
甘味のモト,Sweet Powder
フードの男,Hooded Man
かしの大盾,Oak Greatshield
モブ兵士４,Mob Soldier 4
河原エリア,River Area
ゆめみの花,Sleeping Hibiscus
けもの突き,Cattle Prod
王者の継承,The Sovereign's Successor
七夕観客２,Spectator 2
テモーリア,Temoria
ナドラガ神,Nadraga
悪霊の神々,Evil Trinity
リュシアン,Lyucian
銅の木工刀,Copper Slick
ネモフィラ,Nemophila
ニムエール,Nimale
エルケトラ,Elketra
シュシュマ,Shushuma
和傘の灯火,Umbrella Light
常闇の大盾,Everdark Greatshield
プク男１３,Puku Male 13
生き返る村,A Village Revived
積み石の壁,Stone Wall
駅員ガガロ,Attendant Gagar
保管庫・南,South Vault
第二の領域,Second Area
みがきずな,Glass Frit
天使の鉄槌,Angel's Hammer
古王家の墓,Old Royal Tomb
ニガユリ草,Bitterlily Grass
ライハーナ,Raihana
モクシュラ,Mokushura
ホークマン,Hawk Man
ウコバック,Lickity Spit
ベスキング,King She-Slime
呪闇の魔柱,Demonic Pillar
プク女１４,Puku Female 14
モブ兵士６,Mob Soldier 6
ドルボード,Dolboard
兵士訓練室,Training Room
ルティアナ,Lutiana
妖精の女王,Fairy Queen
ケイリース,Keireese
幻獣のツノ,Beast's Horn
星のくさび,Star Stop
警備隊本部,Guard's Office
デュレーク,Durak
ディーコン,Deacon
星の塔５階,Star Tower 5F
ファーベル,Fabel
ヌヌィット,Nunuit
オルゴール,Music Box
宿屋フウキ,Innkeeper Fuki
空とぶくつ,Skysoar Shoes
鉄製の庭壁,Iron Wall (G)
ヘルヴェル,Helvel
フォンレイ,Fonley
神威のやり,Heavenly Halberd
秘宝の巨人,Treasure Troll
ネクロデア,Necrodea
獄嵐の鎧鬼,Armor of Storms
まんねん雪,Permasnow
クシャラミ,Kamashki
シャクナゲ,Shakunage
キメラ・祖,Ancestral Chimaera
ゴーガンダ,Goganda
盗賊ラゴス,Thief Lagos
ディッチャ,Ditcha
大きい爆弾,Big Bomb
会神の一撃,Godly Hit
弱体の魔陣,Weakening Circle
ガルバ・強,Vicious Sootbonce
恋するマリ,Mari in Love
絶命の牢獄,Prison of Death
無念の怨霊,Fowleye
転魔の刻印,Demon's Seal
勇者の苦悩,Hero's Anguish
創生の柱Ｂ,Pillar of Unmaking B
豪華な花束,Extravagant Bouquet
エルナーズ,Ernaz
未開の遺跡,Uncharted Ruins
エルフ本棚,Elf Bookshelf
ノグリッド,Nogrid
船着き場前,Docks
ベレス・強,Vicious Beleth
呪いの歌姫,Cursed Diva
最終処分場,Landfill Site
ダズの岩穴,Daz Grotto
フンベロト,Hunbert
バルバルー,Blamara
黒柴クール,Cool Black Shiba
氷獄の罪人,Hellbound Heathen
便利な木柵,Wooden Fence
つかうもの,items
指輪用の箱,Ring Box
導きの勇士,Guiding Brave
夜桜の帽子,Night Cherry Hat
光の宝珠？,Light Jewel ?
トロぺ神父,Father Toropei
エメラルド,emerald
薄氷の上で,On Thin Ice
メドゥサン,Medusan
ムストの町,Morst
ディエルス,Diels
砂漠の秘宝,The Desert's Treasure
絶望の底へ,To the Depths of Despair
プク女１５,Puku Female 15
ポコア神父,Father Pokoa
万魔の巨竜,Terror Gigagon
ホタテの盾,Scallop Shield
聖王の大剣,Dryspell Blade
若頭コグチ,Young Koguchi
クバーラト,Kubarat
ドナディア,Donadia
族長の家前,Chief's House
宿屋チカリ,Innkeeper Chikari
第２昇降塔,Lift Tower 2
黎明の霊堂,Mausoleum of Daybreak
神将の洋袴,Divine General's Skirt
虚空の残影,Void Remnant
忍びの足袋,Ninja Socks
イキリエル,Ikiriel
ベレの洞穴,Bele Burrow
帝王の根城,Emperor's Citadel
かぐやぽぽ,Furniture Shop Popo
神官シュタ,Priest Shuta
秘宝の宝石,Hidden Jewel
イスヴィン,Isvin
達人の宝珠,Master's Jewel
赤塩の結晶,Red Salt Crystal
トリアノン,Trianon
森の井戸前,Forest Well
ホラッペン,Horappen
黄色の宝石,Sunny Citrine
岩のり童子,Rockafeller
桜の木・桃,Pink Cherry Tree
邪竜の秘紋,Dragon Crest
死霊の守り,Spirited Defense
罪深き英雄,Sinful Hero
第八の霊廟,8th Tomb
黒の錬金石,Black Gem
プク男０３,Puku Male 03
辺境の雪山,Snowy Mountain
激震のキバ,Vicious Claw
恋するチカ,Chica in Love
神官ムカカ,Priest Mukaka
閃光のオノ,Radiant Axe
バルバトス,Barbados
特訓元気玉,Training Orb
火除けの札,Fireproof Charm
ベスィーガ,Bethiga
シタル座長,Chairman Sitar
あやしい木,Suspicious Tree
ネコバッグ,Cat Bag
カンパイ！,Cheers!
マイモーン,Maimon
プク女０３,Puku Female 03
高級宝飾店,Luxury Jewelry Shop
魔獣の寝床,Beast's Bed
執事の会釈,Butler's Bow
ビュブロス,Byblos
きようさ +5,Deftness +5
木工素材屋,Woodworking Material Shop
覇道の双璧,Twin Supremacy
鉄壁の大盾,Ironclad Greatshield
きようさ +8,Deftness +8
七夕観客１,Spectator 1
斬鉄丸の書,Thousand-Fold Book
竜の書・白,White Dragon Tome
夢見るナナ,Dreaming Nana
滅浄の大光,Purging Pulse
デスサイズ,Spikes of Doom
うすざくら,pale pink
神官ウメノ,Priest Umeno
アストロン,Astoron
老師レタラ,Master Retara
月影の深沓,Moonshade Boots
神官キヅタ,Priest Kizuta
歌姫ワカメ,Singin' Seaweed
特濃ラード,High-Grade Lard
チェスの駒,Chess Piece
不落の大盾,Impregnable Shield
フェルナー,Felner
ドーナツ遠,Donut Far
姿見片手剣,Mirror Sword
天声の化身,Avatar of Voices Above
地脈の結晶,Geode Crystal
詩歌の遺跡,Poetry Ruins
海賊船の畑,Pirate Ship Field
魔塔キノコ,Tower Mushroom
キメラ・異,Anomalous Chimaera
アンネリゼ,Anneliese
こおりの杖,Shiverstick
悪鬼なる王,Wicked Ruler
創失の世界,Realm of Unmaking
ウコギ神父,Father Ukogi
神官ギルロ,Priest Gillo
祭壇の狩人,Altar Hunter
移動係タマ,Transportation Tama
想いの結晶,Thought Crystal
なぎはらい,Party Pooper
円陣殺・蒼,Blue Kill Zone
太陽の石室,Sun Chamber
農夫ヨイサ,Farmer Yoisa
水底の指輪,Underwater Ring
銀河のラグ,Galaxy Rug
商人マッカ,Merchant Macca
魔光レンズ,Magic Lens
闇黒の魔鐘,Black Bell
神官ズムニ,Priest Zumuni
達人トーン,Master Tone
悪霊の手紙,Evil Spirits' Letter
創生の柱Ｄ,Pillar of Unmaking D
カフェラテ,latte
トガの広場,Toga Square
そなえの場,Place of Preparation
ホガートン,Hogerton
神官ミード,Priest Meed
銀幕の世界,Industry Expert
イルーシャ,Illusia
ギミック８,Gimmick 8
のっぺら顔,Flat Featureless Face
瀑布の女王,Queen of the Falls
ピプゼール,Pipzer
耐熱式歯車,Heat-Proof Gear
獣生む異形,Beastborn Monstrosity
サダイム湖,Lake Thames
第３刻２階,Third Epoch 2F
むげんの弓,Purblind Bow
ハパリーパ,Haparipa
ドワンチャ,Dwancha
ギミック３,Gimmick 3
プランテス,Plantes
超やくそう,Ultra Medicine
七夕便せん,Festival Paper
のぼり階段,Staircase
プク女１２,Puku Female 12
リュシエル,Luciel
白のほこら,White Shrine
星獣ウラス,Star Beast Urasu
オーガ出身,Ogre Homeland
キリカ聖堂,Kirika Shrine
最果ての地,The Final Frontier
隊商の仲間,Merchant Caravan
ハイネリア,Hyneria
厄サル投刃,Bananarang
エドアルド,Eduardo
テンスの花,Tens Flower
第一本校舎,First School Building
第３の部屋,Room 3
村人老人男,Village Elder M
返事がない,There's no response
店員ユゴオ,Clerk Yugoo
大魔王の兜,Demon Lord's Helmet
鉄壁の誓い,Ironclad Oath
アトラス600,Atlas 600
うぃっすん,Wisson
プク男１５,Puku Male 15
おたから花,Treasurebloom
風来の魔陣,Windy Circle
ウジェニー,Eugenie
アイテム１,Item 1
マグカップ,Mug
大きな化石,Colossal Fossil
ポコリーナ,Pokolina
神官サリィ,Priest Sally
ニョッププ,Nyopup
白猫のくつ,White Cat Shoes
シャドポン,Shadowpon
終末の風景,Outlook of the End
秘宝の妖獣,Treasure Cat
フィルディ,Fildi
樹縛の悪鬼,Treebound Demon
ノルベルト,Norberto
植物のタネ,Plant Seeds
盟友の誕生,Ally's Genesis
釣り人ハマ,Fisherman Hama
バザックス,Tyrannoceratops
ふしぎな豆,Mysterious Beans
パパルッパ,Papaluppa
知恵の回廊,Corridor of Wisdom
古代の戦刃,Ancient Blade
育みの大地,Flourish Fields
プク男０５,Puku Male 05
エモーリア,Emoria
予選参加証,Qualifier Certificate
被験者パス,Test Subject Pass
ロトのこて,Erdrick's Gauntlets
Ｃ１５１Ａ,C151A
ファンレル,Fanrel
ファルモス,Falmos
琥珀の置物,Amber Ornament
プラットル,Platol
ピッカード,Pickard
ジャノジー,Janoji
創生魔法陣,Creation Magic Circle
業炎の聖塔,Fire Tower
レクタ鉱石,Lecta Ore
黄金の小麦,Golden Wheat
アンサンテ,Ansante
ガラガの穴,Garaga Hole
旅芸人の証,Best Actor
哀惜の砂漠,Tristitia
孤島の岩場,Rocky Island
けがれの谷,Defiled Valley
みそぎの間,Room of Purification
エラディス,Elladis
ギャルの服,Stellar Suit
剣の便せん,Sword Paper
魔道の亡霊,Sorcery Spectre
サメバーン,Great Bite
夢色ラック,Dreamy Rack
メルジオル,Merjol
竜の書・黒,Black Dragon Tome
ルドレット,Ludolett
ピューリィ,Pury
『いのる』,pray
ノクゼリア,Noxeria
妄念の幽鬼,Departed Delusion
ズムウル峠,Zumul Pass
アラプクレ,Poughie
双剣の従者,Adept Squire
覇道の魔王,Forceful Ruler
農夫ホッカ,Farmer Hokka
七夕観客５,Spectator 5
陰者ブロズ,Brohz
スライム島,Slime Island
歌声の化身,Singing Incarnation
守護の結晶,Guardian Stone
邂逅の剣器,Blade of the Fateful Encounter
施療院屋上,Clinic Rooftop
中枢交差路,Core Crossroads
駅員カイル,Attendant Kairu
積み石の柱,Stone Pillar
景品交換所,Prize Exchange
駅員ルスク,Attendant Rusk
海賊モブ３,Pirate Mob 3
神将のこて,Divine General's Gloves
守護天使像,Guardian Angel Statue
上層中央路,Upper Central Road
輝紋章の盾,Radiant Crest
やみわらし,Snakespittle
願いの想域,Wishing Realm
雪面のラグ,Snowy Rug
ノービック,Nobik
花火屋ケン,Fireworks Shop Ken
ケムケム玉,Smoky Ball
僧侶の戦い,Priest's Battle
真珠色の涙,Pearl Gray Tear
王子の部屋,Prince's Room
純喫茶の壁,Cafe Wall
ブホネール,Buhoner
紹介人メロ,Introducer Melo
ホカホカな,steaming
双牙の大剣,Two-Fanged Greatsword
お花の福袋,Flower Grab Bag
カミナヅキ,Kaminazuki
黄竜の道着,Yellow Dragon Dogi
メイド３号,Maid No. 3
どくけし茶,antidotal tea
永劫の魔神,Gaunt Golem
聖なる牢獄,Yule-tress
七夕の短冊,Tanabata Strip
バラン夫人,Mrs. Balan
穢れの黒風,Defiling Winds
スイカ割り,Cut Watermelon
クーちゃん,Ku
ジョーンズ,Jones
騎士団詰所,Knights' Quarters
LV90・こん_B,Lv. 90 Rod B
緋色の横顔,Scarlet Profile
キュロノス,Kyuronos
オノむそう,Axes of Evil
悪夢の終焉,Nightmare's End
神域のやり,Mythic Spear
幸せのはね,Plume of Happiness
カプサイ神,Capsai Sin
レキュッタ,Rekyuta
駅員ツェン,Attendant Tsuen
精霊のカギ,Spirit Key
神官ルーブ,Priest Rube
お天気風船,Weather Balloon
武装天使Ｃ,Armed Angel C
町長の家前,Mayor's House
竜神の遺産,Legacy of the Dragon God
勇気の回廊,Corridor of Bravery
太陽は笑う,The Laugh of the Sun
ラランブラ,Larambla
鳥籠の番人,Keeper of the Cage
なぞの小箱,Mystery Box
ヴァラック,Valak
潜水服・赤,Red Diving Suit
蒼炎の使徒,Apostandle
ドクトリン,Doctrine
宿屋ショコ,Innkeeper Shoko
紅白の提灯,Red and White Lantern
ニシキゴイ,Colorful Carp
混沌の黄雲,Yellow Cloud
ランニャー,Scram
宿屋アサル,Innkeeper Asaru
フェリシア,Felicia
星の塔１階,Star Tower 1F
オルカ神父,Father Orca
ロクショウ,Rokusho
ラッカラン,Luckland
鮭の寒干し,Freeze-Dried Salmon
慈愛の明星,Star of Sanctity
勇者の導き,Hero's Herald
旅人バザー,Traveler's Bazaar
イスに座る,Sit in a Chair
決戦用砲台,Battle Cannon
Ｖ系ブーツ,V Boots
魔塔のたね,Tower Seed
タルムッド,Talmud
細胞回収器,Cell Collector
月の塔６階,Moon Tower 6F
ザームエル,Zamuel
第三の霊廟,3rd Tomb
満天のラグ,Full Sky Rug
フィーリア,Philia
ジャネット,Janet
入門志望者,Beginner Candidate
聖銀の鉱石,Sacred Silver Ore
ミルフィプ,Mirfpu
スーティー,Sutei
武装天使Ａ,Armed Angel A
魔神のムチ,Beelzebarb
海溝の煌玉,Jewel of the Sea
しーどっぐ,Sea Dog
クックルン,Cocoroon
魔境の獄卒,Grim Gaoler
聖王の大盾,Dryspell Greatshield
マホカンタ,Bounce
レイクラン,Leichlan
黄金への門,Golden Gate
地下室の家,Subterranean House
魔法の浮石,Flotation Stone
スプールス,Spools
大砲・南口,South Exit Cannon
ジャンガラ,Jungleye
リズクの父,Rizk's Father
テアノーテ,Theanote
神々の像前,Statues of the Divine
アンルシア,Anlucia
辛党衣装券,Spicy Costume Voucher
バラモス強,Apex Baramos
悪魔のツノ,Devil Horns
豊穣の密林,Forest of Fertility
フォーリィ,Foley
レラブント,Relabunt
ヨミの狩人,Hunter Yomi
ガスパール,Gaspar
正義の回廊,Corridor of Morality
第三の領域,Third Area
イチゴ爆弾,Strawberry Bomb
プク男１４,Puku Male 14
シードッグ,Sea Dog
滅びの大橋,Bridge of Destruction
ベリアル強,Apex Belial
ジグネール,Zignel
水晶の本棚,Crystal Bookshelf
あおりんご,light green
ザイオーン,Zaiorn
達人ロチャ,Master Rocha
神官グイブ,Priest Guive
チェチェン,Chechen
守護の試練,Trial of Protection
古びた石像,Ancient Stone Statue
王家の封筒,Royal Envelope
螺旋の神秘,Secrets of the Spiral
試みの荒野,Wilderness of Trials
サイおとこ,Rhinothrope
はねおうぎ,Feather Fan
クラリッサ,Clarissa
太古の砂金,Ancient Gold Dust
農夫ダドモ,Farmer Dadom
トーマ王子,Prince Toma
ニャドータ,Catadota
ダウワース,Dauwaas
ジョーカー,Joker
ファティナ,Fatina
イゼズエル,Izezuel
剣魔の伝霊,Spellsword Spirit
神カラクリ,Master Machinery
封神の参道,The Sealed Approach
世界樹の頂,Crown of Yggdrasil
グラブゾン,Cluboon
陽獣＆陰獣,The Beasts of Yang & Yin
アッシェル,Aschel
怒れる老匠,Angry Master
バーニジア,Banijia
神将のくつ,Divine General's Shoes
万年雪の砦,Everfrost Fortress
どうぐ使い,item master
マルテール,Marterre
第四の霊廟,4th Tomb
第一の魔峡,Demon Ravine 1
イルギ町長,Mayor Irugi
旬のマダイ,Seasonal Red Snapper
プク男０１,Puku Male 01
イケイオス,Inkaos
ナシュロイ,Nashroi
ベルテント,Bell Tent
説明を聞く,Explanation
風音のユリ,Wind Lily
火精の魔陣,Fiery Circle
クローリス,Chloris
リベホイミ,Remidheal
光創神の杖,Staff of Creation
ラバライト,Lava Lamp
りんごの皮,Apple Peel
ポデスタン,Podestan
シルバーナ,Silvana
ジャディン,Jyadain
木目は語る,Wood Grain Talk
仮テキスト,Temporary Text
クラノッホ,Kranoch
水ジュエル,Water Jewel
アビゲイル,Abigail
エルバの家,Elba's House
純白の獅子,White Lion
隠者の住処,Hermit's Dwelling
輝晶の砕片,Coruscating Clast
闘士の鐘楼,Fighter's Bell
封邪の幽谷,Corrupted Canyon
レイオーン,Rayon
第204開発室,Development Room 204
ブルラトス,Bulratos
宿屋ザラン,Innkeeper Zaran
プク男０２,Puku Male 02
至尊の魔王,Honorable Ruler
なぞの魔狼,Mysterious Wolf
魔法陣・花,Flower Magic Circle
闘いの広間,Monstrous Pit
ゴスバニー,Goth Bunny
駅員コチョ,Attendant Kocho
聖天のベル,Holy Heaven Bell
ペルホネン,Pelhonen
宿屋・酒場,Inn/Tavern
世界樹の花,Yggdrasil Flower
ピーチャン,Pichan
ピラミッド,Pyramid
海神の秘宝,Sea God Wealth
笛吹き羊男,Silenus
家具屋エマ,Indoor Furniture Shop Emma
天樹のたね,Heavenly Seeds
バカン山道,Bakan Mountain Pass
願いの少年,Wishing Boy
がいこつⅡ,Skeleton Ⅱ
ファヒータ,Fajita
ガナン帝国,Gittish Empire
コルレーン,Colrane
プリストン,Priston
緑の錬金石,Green Gem
調理ギルド,Cooking Guild
ウストスス,Ustosus
やっつけた,defeated
シール台帳,Sticker Book
鉄壁の契約,Ironclad Pledge
聖なる胃薬,Sacred Antacid
森の洞くつ,Forest Cave
搭乗デッキ,Boarding Deck
カスタード,custard
第一娯楽室,First Rec Room
プク女１８,Puku Female 18
天使の光輪,Angel's Halo
ザ・ホール,The Hole
金剛のムチ,Varja Whip
チェチェナ,Cecina
大地くだき,Groundbreaker
マイコーデ,Glamour
コバルト池,Cobalt Pond
美しき粛清,The Perfect Purge
プラージュ,Purajyu
弱酸性の間,Weak Acidity
住宅エリア,Residential Area
スラズマー,Slazumar
呼声の化身,Calling Incarnation
Ⅰ　Ⅰ　Ⅰ,Ⅰ Ⅰ Ⅰ
ダメアップ,Damage Up
ゼブラ水着,Zebra Swimsuit
モグッティ,Mole Thatty
閃光の神殿,Trinity Temple
夢見るミサ,Dreaming Misa
古代の電池,Ancient Battery
新規ゾーン,New Zone
ラパーニャ,Lapagna
バントリユ,Bantryu
賢哲の護り,Sage's Protection
ウィーニー,Winny
ポムボム改,Super Pom Bomb
ルナナの杖,Lunana's Staff
解放の祈り,Prayer of Liberation
アモデウス,Amodeus
ムニエカ前,Munieka
天馬の羽根,Pegasus Feather
巨大魔瘴魂,Giant Miasma Soul
てつの大盾,Iron Shield
宮殿の宝玉,Palace Jewel
獄獣のくつ,Hell Beast Shoes
てつのこて,Iron Gauntlets
シャーヒル,Shahil
闇の宝珠？,Dark Jewel ?
ひかりの杖,Bright Staff
ゴワイネン,Gowinen
パルプンテ,Hocus Pocus
てつの大剣,Cast-Iron Claymore
ドルゴール,Dol Radio
イッドの杖,Idd's Staff
ウッチェロ,Utchero
創生の落日,Sunset of Creation
命脈の中枢,Center of Life
隠密の脚半,Covert Gaiters
慰霊の浜前,Solace Beach
コリドラス,Corydoras
機密研究室,Secret Laboratory
プク女０７,Puku Female 07
トゥルキス,Turkis
祭具棟内部,Implementarium Interior
ララシシュ,Larashish
輝きの草原,Shining Meadow
プク男２０,Puku Male 20
ベンヌール,Benur
家具屋ユク,Furniture Shop Yuku
コレクター,collector
聖女の戒律,Saint's Commandments
オーガイス,Ogre Chair
バサラーナ,Basarana
シルベッス,Silbess
武器屋ヤン,Weapon Shop Yan
花妖精の盾,Flower Fairy Shield
青の守護石,Blue Guardstone
ゼドラゴン,Zedragon
ドワーフ女,Dwarf (F)
死の礼拝堂,Chapel of Death
モブ女兵士,Mob Soldier (F)
駕籠の椅子,Palanquin Chair
ナヅチ部長,President Nazuchi
夜狐の面頬,Nightfox Face Mask
ヴィゴレー,Vigoray
歌姫の絶望,Diva's Despair
ユリシーズ,Ulysses
不浄の滅剣,Blade of Impurity
第304開発室,Development Room 304
全身ブルー,Turning Blue
勇者の聖壇,Altar of the Hero
神護の太刀,Empyrean Tachi
スィーリン,Suileen
石碑の仮面,Monument Mask
ニューチョ,Nyucho
ルナーの池,Lunar Pond
リルチェラ,Lilcherat
トーマの像,Toma Statue
純白の結晶,Clear Crystal
アイスバー,Ice Pop
ロングボウ,Longbow
むきーっ！,Argh!
創生の戦域,The Front of Creation
達人の呼吸,Psychosoma
暗黒の使い,Servant of Dark
デルージュ,Deluge
使用人部屋,Servant Room
メイド１号,Maid No. 1
魔法学教師,Magic Teacher
キムンカム,Kimunkam
駅員コダマ,Attendant Kodam
大怨霊の間,Chamber of Grudges
謎のセレブ,Mystery Celebrity
紫紺の鉱石,Purple Ore
言声の化身,Speaking Incarnation
フーロック,Hoolock
高性能爆弾,High Power Bomb
農夫ハンス,Farmer Hans
宿屋モルン,Innkeeper Morun
ラティーフ,Lateef
ちょびヒゲ,Small Mustache
忘却の神殿,Temple of Oblivion
リシュプン,Rishpun
盗賊モブ３,Thief Mob 3
プク女１６,Puku Female 16
リソルの像,Resol Statue
カレヴァン,Kalevan
セルガノス,Serganos
ジャスミン,Jasmine
悪夢の霊堂,Tomb of Nightmares
第二娯楽室,Second Rec Room
悪神の心域,Fiend's Heartlands
雲切りの粉,Cloud Powder
封印の先兵,Sealed Vanguard
深想の発露,Thoughts Manifest
和風の町屋,Japanese Townhouse
世界樹の丘,Yggdrahill
したんの弓,Sandalwood Bow
駅員ロニー,Attendant Ronny
蝶の髪飾り,Butterfly Pin
くやしがる,Pout
高所の岩場,High Rocks
ギルガラン,Gilgaran
大鳳のやり,Fenghuang Spear
たいあたり,Body Slam
粉々の水晶,Broken Crystal
るしぇんだ,Lushenda
ジョスリン,Joslyn
ショウセキ,Shoseki
転移の石碑,Stele of Transportation
ウォルダン,Wellden
時見の箱群,Timeseer Boxes
火球ブレス,Breath Blast
複製機巧体,Duplicant
魔弾の大岩,Bullet Big Rock
守護騎士団,Safekeepers
第２の部屋,Room 2
ローゼの剣,Rosey's Sword
ジア・レダ,Dia Leda
アカガエル,Brown Frog
謀略の邪竜,Scheming Dragon
メカバーン,Mechan-o'-Wyrm
巫女クラメ,Maiden Kurame
チャーマン,Charman
赤の錬金石,Red Gem
セキバーン,Stone Crablet
高台の遺跡,Hilltop Ruins
覚醒の秘石,Super Secret Stone
粘糸蟲の巣,Silkbug's Nest
死の道化師,Fester Jester
ミケまどう,Caticonjurer
とりなお草,Indigo Grass
チャーチル,Churchill
黒衣の剣士,Dark Swordsman
戦士リジン,Rijin
ＨＰパサー,H-Pathy
ツクモモン,Shady Sanguini
アブカート,Abcart
ジェパティ,Jepati
ローガスト,Logast
住宅素材屋,Housing Material Shop
オレンじい,Old Mandarin
るななさま,Miss Lunana
写真を撮る,Take a Picture
ゴルバ・強,Vicious Smogbonnet
宝珠の香水,Jewel Perfume
オルウェン,Olwen
神殿への道,Road to Temple
タルコット,Talcot
ゴーラ印章,Gora Stamps
破邪の紋章,Sacred Crest
新生の階梯,Ascent of Rebirth
燦滅の果実,Ruinous Fruit
ガンナーム,Gannam
ツォンデム,Tsondem
イーサの村,Ether Village
ガーゴイル,Gargoyle
ニコロイ王,King Nikoroi
謎の武装兵,Mystery Soldier
密林の狩人,Jungle Hunter
魔祖ガルド,Antecedent Gardo
第五の霊廟,5th Tomb
デルクロア,Delcroix
神官ゾレト,Priest Zoleto
ヨンゲ所長,Director Yong
ゲノディオ,Genesquid
小さなホネ,Itty-Bitty Bone
国王リズク,King Rizk
岩石落とし,Rock Drop
ハーポッポ,Hapopo
レッドログ,Red Log
死者の霊廟,Tomb of the Dead
大使ラプパ,Ambassador Lapa
剣となる者,Be the Sword
ドクチョル,Dokchul
オーガ小国,Ogre Land
ラナダッタ,Ranadatta
シュラウド,Shraud
始源の甲竜,Dragon of Shell
レリオット,Reliot
ダルチャン,Darchan
暗夜の魔石,Midnight Stone
大祭壇の間,The Grand Altar
戦いの呪縛,Curse of Battle
鉄甲斬・改,Scrap Mettle+
ファルパパ,Falpapa
戦いの残痕,The Aftermath
カタナ先生,Master Katana
第302開発室,Development Room 302
郵便配達人,Mailman
教会の看板,Church Sign
ディナーラ,Dinara
常闇のやり,Everdark Spear
ウルタ皇女,Princess Ulta
施療院２階,Clinic 2F
ザード遺跡,Zard Ruins
怨嗟のジン,Grudge Genie
使者の霊堂,Tomb of the Messenger
封印の聖灰,Sealing Ash
へいしろい,Soldier Roy
巨竜の霊丘,Dragon Hill
紫電の轟剣,Purple Rumbleblade
神父パルカ,Father Parka
セレド印章,Celed Stamps
キサゴール,Hexagorilla
フォッチャ,Foccia
シスィーテ,Sisite
宿屋アププ,Innkeep Apupu
ガルハート,Hawkhart
大地の竜玉,Earthwyrm's Eye
魔法陣・蒼,Blue Magic Circle
秘宝の魔岩,Treasure Rock
カビた地図,Moldy Map
妖精の姿見,Fairy Mirror
反転の雷盤,Reverse Board
暗黒大樹前,Dark Tree
モチャチャ,Mochacha
アシュレー,Ashlei
オバチュン,Obachun
怪獣の海図,Sea Monster Chart
三門の関所,Three Way Gate
店員ザール,Clerk Zarr
師父の草庵,Master's Hermitage
とろろ将軍,Singin' Hibiscus
海のメダル,Sea Medal
プクリポ男,Pukulipo man
盗賊モブ１,Thief Mob 1
昇り竜の壁,Rising Dragon Wall
鉄のほこら,Shrine of Iron
英知の紋章,Crest of Wisdom
大地の箱舟,Ark of the Earth
宿屋ムムセ,Innkeeper Mumse
ギター・庭,Guitar (G)
守りの部屋,Room of Defense
不浄の魔力,Power of Impurity
モルバ団長,Captain Morva
謎の宝珠？,Mysterious Jewel ?
フィービー,Phoebe
悪魔ばらい,Beelzefreeze
金の錬金石,Gold Gem
マアムーン,Maamoon
エルレイン,Ellein
魔塔銀行屋,Tower Bank
オーディン,Odin
ウォッサム,Wassam
風虎の道着,Wind Tiger Dogi
まじん斬り,Hatchet Man
虹のしずく,Rainbow Drop
パカル主任,Chief Pacal
ふうまの盾,Dampening Shield
ねこまどう,Meowgician
ヘルガ僧正,Priest Helga
ばくだん岩,Rockbomb
ドーナツ近,Donut Near
同門のカギ,Peer's Key
白木の本棚,Plain Bookshelf
大会控え室,Rally Waiting Room
はざまの扉,Gate Between
大工ソテツ,Carpenter Sotsu
北東の井戸,Northeast Well
精霊の鼓動,Spirits Within
しぐさ履歴,Emote History
農夫ホルド,Farmer Holde
バッテリー,Battery
深翠への門,Deep Green Gate
ぶきややん,Weapon Shop Yan
デスケルト,Celtic Faun
しっぽ爆弾,Tail Bomb
音楽隊の畑,Band Field
創生の柱Ｆ,Pillar of Unmaking F
キュララナ,Kyurarana
防具鍛冶部,Armorsmithing Club
炎獄王の座,Seat of the Fire King
オニオーン,Ornery Onion
宿屋セセラ,Innkeeper Cecera
うろこの盾,Scale Shield
ゲルト海峡,Gert Strait
エースたち,Ace and co.
コッケン様,Cuckoo
キークック,Kikukku
鬼門の番兵,Knight Deterrent
ギミック７,Gimmick 7
集まって！,Gather Around!
テリーの剣,Terry's Sword
安らぎの香,Peace Incense
悔恨の戦場,Battlefield of Regret
悪魔の手下,Devil's Minion
星夜のベル,Starry Night Bell
チャガタイ,Chagatai
プク男１１,Puku Male 11
商人ボッタ,Merchant Botta
悪神三闘士,The Fiend Triad
王族の居室,Royal Living Room
時空監察官,Spacetime Chief
赤ん坊天使,Infant Angel
ジェフェル,Jeffel
紫の真珠Ⅱ,Purple Pearl Ⅱ
活性の祈り,Vital Recital
天馬の大剣,Skysteed Sword
５階・下層,5F - Upper Area
フレア先生,Master Flare
ラーの広場,Ra's Repose
室内滝装置,Indoor Waterfall
マギハート,Magi Heart
ヘチマ図鑑,Loofah Picture Book
魔天の勇者,Festive Hero
パドレの剣,Padre's Sword
白銀ホタテ,Silver Scallop
ケルジャブ,Kerjab
剣士テリー,Swordsman Terry
カンザ親方,Boss Kanza
晴蒼の短剣,Bluesky Knife
聖なる祈り,Care Prayer
リュシオル,Luciol
マホターン,Bound
ハホホハホ,Hahohohaho
棺桶乗り場,Coffin Platform
プリュノー,Pruneaux
姿見両手杖,Mirror Staff
緑風鬼フー,Fuu, the Green Wind
オッド神父,Father Od
宿屋トリリ,Innkeeper Trili
瑞雲の深沓,Cloudy Boots
神官ヘール,Priest Hale
氷雪の牙城,Snowy Stronghold
黄の真珠Ⅱ,Yellow Pearl Ⅱ
イズヤノイ,Izuyanoi
ベルムド王,King Bermud
リヒャルト,Richard
魔眼の中枢,Eye of Evil's Core
チャヌジャ,Chanujah
正義の紋章,Crest of Justice
宇宙船内部,Spacecraft Interior
モブ兵士２,Mob Soldier 2
炎帝の大盾,Fire God Greatshield
マギロッド,Magirod
ガグギャン,Gagugyan
レンジャー,ranger
つちわらし,Lickspittle
翠石の大剣,Jade Greatsword
七夕観客７,Spectator 7
キンゴロウ,Kingsley
タンジェル,Tanjel
精霊の泉前,Spring of Spirits
バシルーラ,Bazoom
職員寄宿舎,Staff Dormitory
木こりギン,Woodcutter Gin
ダンダダ団,Robbin' 'Ood Gang
マダムの店,Madame's Shop
神代の鉱石,Ancient Ore
ガーニハン,Ganihan
財宝の魔人,Treasure Devil
亡都の霊堂,Tomb of the Lost City
無声の化身,Silent Incarnation
ヨコジャン,Yokojan
青の騎士団,Blue Brigade
輝天の大盾,Sky Greatshield
ふゆうじゅ,Monolog
マポレーナ,Genie Sanguini
３番研究室,Laboratory 3
呪眼の災い,Cursed Eye Calamity
真偽の試練,Trial of Truths
ピルフォン,Pilfon
嵐帝の竜巻,Kaiser Tornado
キャナリー,Canary
ワラキウス,Warachius
クラムパイ,Crumb Pie
ダーマ神殿,Alltrades Abbey
神官シラー,Priest Syrah
海賊モブ２,Pirate Mob 2
プリーヴォ,Privo
壊乱の邪将,General of Corruption
ルーミリア,Lumeria
ズッシード,Thunk
血潮の浜辺,Bloody Beach
滅亡の砂漠,Desert of Doom
特大爪とぎ,Extra-Large Scratch Post
竜王のくつ,Dragonlord Shoes
人食い火竜,Tatsunaga
祈りの果実,Ambrorison
ポウリョウ,Poryo
北東の浮島,Northeastward Isle
頂上への道,Path to Peak
うたスキル,Song skill
モブ男将軍,Mob General
モブ兵士３,Mob Soldier 3
封印の左手,Sealed Left Hand
金のたまご,Golden Egg
フルムの弓,Starshooter
ファウロン,Fauron
バザー客Ｂ,Bazaar Guest B
僧兵のくつ,Monk Warrior Shoes
不思議の証,Mystery Emblem
ハナちゃん,Hana
宿屋ミュル,Innkeeper Mule
高台の教会,High Church
憎悪の記憶,Memories of Hatred
りゅう兵士,Mandrake Mangler
溶岩だまり,Lava Pool
イレイザ草,Eraser Grass
看板・四角,Sign - Square
輝天のこん,Sky Rod
星の塔３階,Star Tower 3F
大使アアテ,Ambassador Aate
まほうの玉,Wrecking Ball
キュレビィ,Kyurebi
新春依頼書,New Year Request Form
くさりがま,Chain Sickle
神気の結晶,Divine Crystal
秘術の巻物,Mystery Scroll
白き異邦者,White Gentile
アスタロト,Harmachis
昇降機の床,Elevator Floor
山間の関所,Mountain Pass
緑風の宝石,Windy Gem
ハイクラム,Haikram
亡国の残兵,Lingering Soldier
ぱとりっく,Patrick
紫ジュエル,Purple Jewel
祈願の神殿,Gratitemple
朽ちた霊廟,Decaying Tomb
謎の遺跡島,Isle of Ruins
ワンドーラ,Wandola
しおかぜ草,Waveweed
奇岩の呪符,Strange Rock Amulet
赤のほこら,Red Shrine
黄金ホタテ,Golden Scallop
ウェーイン,Wayne
ガタラの丘,Gatara Hill
後部デッキ,Rear Deck
魂のボトル,Bottle of Soul
ウェブニー,Webney
ダーマの神,Allmighty Alltrades
ボレッチャ,Boretcha
峠のほこら,Mountain Pass Shrine
魔祖ザーク,Antecedent Zark
神官ザナラ,Priest Zanara
雷竜の大盾,Thundragon Targe
世界樹の枝,Yggdrasil Bough
するどい爪,Twisted Talons
四方手裏剣,Shuriken
はねぼうし,Feathered Cap
ヴィク神父,Father Vic
商人ボチボ,Merchant Bochi
時獄の暴君,Time Tyrant
怨霊の正体,Spirited Truths
黄金の魔箱,Gold Demon Box
隠者のツボ,Hermit's Pot
神官ロッシ,Priest Rossi
ペネトーレ,Penetray
旧学園長室,Ex-Principal's Office
フラウソン,Flauson
宿願の回廊,Corridor of Desire
第３刻１階,Third Epoch 1F
お菓子の釜,Sweet Cauldron
コトル大臣,Minister Kotoru
ゴンザレス,Gonzales
月の塔３階,Moon Tower 3F
冥闇の聖柱,Dark Pillar
神官バヌス,Priest Banus
ションミル,Shonmil
久遠の森前,Forest of Eternity
怒りの魔人,Golem Grump
再会の部屋,Reunion Room
冥獣のツメ,Monster Slashers
スイカさま,Whatamelon
トラマナ石,Safe Passage Stone
ハルルート,Halrut
ふくまねき,Fortune Weaver
ヴァレリア,Valeria
ヒューザ像,Hyuza Statue
闇の親衛隊,Dark Bodyguard
ゼドラ族長,Zedra Leader
よびかける,Call
お宝ゲット,Get Treasure
サバーニャ,Sabarnia
ペルトラン,Pertran
リージャル,Rejar
常闇のムチ,Everdark Whip
ギャノン兄,Gannon the Older
ヘペラーナ,Heperana
黄ジュエル,Yellow Jewel
クエド丘陵,Kuedo Hill
アリューロ,Alluro
聖王のムチ,Dryspell Whip
エッチな本,Naughty Book
黄竜のくつ,Yellow Dragon Shoes
どうのツメ,Copper Claws
ジョニール,Joneal
呪炎の傀儡,Cursefire Puppet
ルファ神殿,Rufa Temple
ネットリ草,Sticky Herb
第４刻２階,Fourth Epoch 2F
英雄の選択,Champion's Choice
星封の結晶,Benevogem
メッサーラ,Samigina
くだりの扉,Door Going Down
メリーポコ,Meripoko
魔弾の岩塊,Bullet Small Rock
オジャロス,Ojalos
ジャッキー,Jackie
リナーシェ,Linashe
摩天の聖廟,Skyscraper Tomb
妹姫の服上,Young Princess' Top
船員ダガマ,Sailor Dagama
オルストフ,Orstov
けがれの渦,Epidemex
パトランプ,Patrol Lamp
生徒指導室,Student Guidance Office
白蛇のこん,Snake Stick
プク男０７,Puku Male 07
常闇の大剣,Everdark Greatsword
魔神のヒゲ,Genie's Mustache
惨劇の記憶,Tragic Memories
闇の狂戦士,Dark Berserker
選ぶべき道,Path to Choose
番犬の石像,Watchdog Stone Statue
エルノーラ,Elnora
進化の火種,Evolution Ember
記者レレナ,Reporter Lelena
ジュテ国王,King Jute
戦士の大盾,Warrior's Greatshield
ドロステア,Drostea
古武道着上,Kobudo Shirt
プク男１８,Puku Male 18
魔氷の鎧鬼,Armor of Ice
赤い花びん,Red Vase
鬼神の大岩,Demon Peaks
ドラゴラム,Puff
プクッツォ,Pukutso
シェスイス,Shesuis
農夫カール,Farmer Carl
時元の使徒,Atemporal Apostle
クラーゴン,Tentacular
冥闇の聖塔,Dark Tower
キャンディ,candy
リューチョ,Ryucho
レオーネ像,Leone Statue
くじケース,Lottery Case
シュトロン,Storon
幸福な日々,Happy Days
ライムくん,Mr. Lime
プク女０２,Puku Female 02
古跡の井戸,Historic Well
王者の甲殻,Sovereign's Shell
妹姫の服下,Young Princess' Bottoms
七夕観客８,Spectator 8
裁縫素材屋,Sewing Material Shop
老師ワッタ,Master Watta
プティーノ,Putino
モンド夫人,Mrs. Mondo
ゴーレック,Golek
踊り子の証,The Dance Award
受難の人形,Agony Doll
応援団の服,Cheer Team Suit
魔人の左手,Ruin's Left Hand
黒猫のツメ,Black Cat Claws
アデロア湖,Lake Aderoa
第九の霊廟,9th Tomb
ノッティラ,Nottira
無限の彼方,Beyond Infinity
万魔の機竜,Terror Mechagon
竜術士の謎,Dragomancer's Mystery
ボルネア山,Bornea Mountain
ペリドット,Peridot
誓いのベル,Oath Bell
精霊の役割,A Spirit's Duty
あの花は今,Flower is Now
紫の錬金石,Purple Gem
住宅管理人,Housing Manager
レムール貝,Fade Shell
ももんじゃ,Platypunk
魔天臣アム,Am, Princess of Evil
森の断罪者,Forest Cutter
カギの技法,Lots about Locks
ガーネット,garnet
超木工刀小,Super Slick S
廊下に立つ,Lift Two Pails
グルグロス,Gurgloss
飛び先不明,Unknown Area
チキ坊の畑,Chickibo Field
紫の短冊弐,Purple Strip 2
アクバー強,Apex Blackmar
あなうめ兄,Older Brother
魔塔のカギ,Mysterious Tower Key
呪眼のツメ,Cursed Eye Claw
開かずの間,Unseen Room
ジア・ルダ,Dia Luda
秘宝の亡者,Treasure Corpse
大勇者の盾,Heroic Shield
天狗のお面,Tengu Mask
カーリーナ,Karina
アーケロン,Archelon
マグマ着弾,Magma Impact
マルーキュ,Markyu
月刊　極星,North Star Monthly
シュウレイ,Shurei
家具予備８,Spare Furniture 8
神域の加護,Blessed Boon
ちょうはつ,Provoke
巨竜樹の枝,Wyrmwood
切愛の記憶,Memories of Affection
シオドーア,Theodore
三度笠の盾,Sandogasa Shield
星球の鉄槌,Starball Hammer
夜狐セット,Nightfox Outfit
水汲み井戸,Water Well
修羅への道,The Road to Carnage
ラーの果実,Fruit of Ra
破邪の秘技,Sacred Skill
ロンノール,Ronnor
ドゥラ院長,Director Dura
封印の異界,Realm of the Seal
始まりの塔,Tower of Beginnings
嘆きの亡霊,A Grieving Ghost
ムータ先生,Master Muta
ドラキーＢ,Dracky B
宿屋リミナ,Innkeeper Limina
ダメージ床,Damaged Floor
滝見の広場,Fallsview Court
古代の石版,Ancient Tablet
壊れた井戸,Broken Well
第一の霊廟,1st Tomb
ギャノン弟,Gannon the Younger
ウィズネイ,Whitney
某国の兵士,Country Soldier
怪傑ウルフ,Monster Wolf
セントリス,Centris
ルクアルド,Lukaldo
水まき蛇口,Water Sprinkler
海ガヤNPC９,Sea Gaya NPC 9
秘宝の甲殻,Treasure Crab
花のお守り,Flower Amulet
ベラストル,Belastre
勇者の曙光,Hero's Daybreak
コンラート,Konrato
宿屋セムラ,Innkeeper Semula
カバリアー,Hippo Guard
魔女の住処,Witch's Dwelling
メタル迷宮,Metal Maze
キャプシン,Capsin
落日の知者,Sunset Wiseman
永遠の誓い,The Eternal Vow
フウラの像,Fuura Statue
駅員ベント,Attendant Bento
バルナバス,Barnabus
邪術皇の杖,Sorcerer's Staff
保管庫・西,West Vault
黒革の椅子,Leather Chair
アンゴラー,Angola Lizard
極秘の任務,Secret Mission
クリスタル,Crystal
名探偵ケチ,Sleuth Kechi
宿屋キセラ,Innkeep Kisera
つるぎの舞,Sword Dance
セティカフ,Setikaf
プチバズズ,Frail Pazuzu
常闇のこん,Everdark Rod
帽子係ピナ,Hat Clerk Pina
風竜の羽毛,Dragon Down
導きの御堂,Temple of Guidance
ＤＱⅢ印章,DQⅢ Stamps
バナナの皮,Banana Peel
ドラキーマ,Drackyma
ライヴァス,Laivas
オンライン,online
ねこちゃん,Cat
アレサンド,Alessand
邪鬼のツノ,Devil's Horn
トゥルカス,Tulkas
ちぇちぇな,Cecina
練武の獄卒,Training Warden
海神の秘薬,Sea God's Cure
黒猫の短剣,Black Cat Dagger
聖女の守り,Alma Mater
ドロだらけ,Muddy
ブリザード,Frostburn
ウルタの銃,Ulta's Gun
白き導き手,Handy Horse
駅員コウヤ,Attendant Kouya
商人パサル,Merchant Pasal
悲愴の果実,Pathetic Fruit
退魔のくつ,Exorcism Shoes
ヒービーン,Heebean
エティーン,Etine
チャーロン,Charon
残光の荒野,Waning Wastes
邪眼の大盾,Evil-Eye Greatshield
日と月と星,That Stuff in the Sky
ギガデイン,Kazap
アベーシャ,Abesha
深緑のビン,Dark Green Vial
ティラピア,Tilapia
メロポネス,Meroponesse
テオフィル,Theophyll
ベンキュー,Benkyu
人間姿奪還,Human Retrieval
超プロテ粉,Protein Powder
秘宝の怪虫,Treasure Insect
ルネデリコ,Runederiko
エルフ小国,Elf Land
望郷の間道,Path of Nostalgia
さばきの杖,Staff of Sentencing
魚の切り身,Fish Filet
モスボーイ,Mossy Ghoul
うまのふん,Horse Manure
親方テンゴ,Boss Tengo
試作品の石,Prototype Stone
ファルクス,Falx
海賊トニー,Pirate Tony
ダイキリン,Dai Kirin
神殿への門,Gate to Temple
魂のありか,Soul's Location
輝天のオノ,Sky Axe
Ｖロンの像,Vron Statue
南東の浮島,Southeastward Isle
村王の決意,King's Decision
破天の魔王,Rascal Ruler
冒険者の像,Adventurer's Statue
落日の賢者,Sunset Sage
宿屋クルム,Innkeeper Kurumu
ナンナの魂,Nanna's Soul
赤熱の荒野,Red Hot Desert
ガルドドン,Gardodon
呪闇わらし,Cursed Spittle
ジャムラン,Jamran
ぬいぐるみ,plushie
お庭用ツボ,Pot (G)
謎のフード,Hooded Enigma
輝き左大臣,Left Minister
海ガヤNPC２,Sea Gaya NPC 2
鬼岩のカギ,Badrocks Key
ムーニス王,King Moonis
ショルデン,Sholden
ラランジャ,Laranja
魔導の秘奥,Secrets of Sorcery
アマスキー,Amaski
りんねの盾,Brain Drainer
アリーモス,Alimos
ディグナム,Dignam
まもの使い,monster wrangler
天使姉妹宅,Angel Sister's
希望のクワ,Hoe of Hope
銀の錬金石,Silver Gem
黄の守護石,Yellow Guardstone
禁呪の祭壇,Forbidden Altar
チャッカバ,Chakkaba
神官ドンザ,Priest Donza
アザの写真,Hand Mark Photo
神官ハッグ,Priest Hag
虚空の針金,Void Wire
神官ホミィ,Priest Healy
サバイバル,survival
フカッキー,Sharky
フェルーメ,Ferrume
ラニ大洞穴,Lani Caves
樹天の連橋,Heavenly Bridge
輝石の天箱,Augite Sky Box
爆ぜよ紅炎,That Crimson Blaze
滅びの城門,Destroyed Castle Gate
闘士ムガチ,Fighter Mugachi
かわきの石,Thirstone
農夫ガチャ,Farmer Gacha
占い師の証,Visionary Award
フィーフィ,Fifi
やみの甲竜,Dark Wyrtle
魂呼びの鐘,Invocation Bell
猛火竜の盾,Fire Dragon Shield
ぎんのこて,Silver Gauntlets
ニャンすけ,Meowsky
七夕依頼書,Star Festival Form
商人デンナ,Merchant Denna
アデレーデ,Adelaide
ラデビュー,Ladebyu
武器屋ズイ,Weapon Shop Zui
夢色陳列台,Dreamy Stand
カードキー,Card Key
ボラザール,Borazaar
亡国の遺構,Lost Vestige
ネルゲル像,Nergel Statue
高台の廃屋,Abandoned House
パララ部長,President Parala
絶牙の獣将,General of the White Fang
ファーナル,Furnal
秘密の部屋,Secret Room
ツボ錬金部,Pot Alchemy Club
きぞくねず,noble gray
オーランド,Ourand
アガッツィ,Agazzi
ブーレンギ,Bourengi
補給大臣Ｐ,Supply Minister P
飛泉の落涙,Waterfall Tears
神域の大剣,Mythic Greatsword
マリーパパ,Marie Papa
六攻おろし,Gust Bowl
サンナスビ,Sanbergine
ギルバート,Gilbart
フローリス,Fraulisse
遊び人の服,Gadabout Clothes
代行者ヨナ,Agent Yona
ギミック６,Gimmick 6
フォーシア,Foscher
パンドーラ,Pandora
芯層への扉,Door to Core Area
謎の貴婦人,Mysterious Lady
竜に挑む者,Dragon Challenger
村の武闘場,Village Arena
元ポツコン,Ex-Junkey
メカジラフ,Gearaffe
バルベロイ,Barberoi
メイジェン,Magen
たてまじん,Peekabogre
陰果の罪業,The Sin of the Yin
てつのツメ,Iron Claws
バロの宝箱,Baro Treasure Chest
ホホーペイ,Hohoupei
ギミック１,Gimmick 1
帝国三将軍,Triumgorate
魔剣士の剣,Demon Swordsman Sword
中心核の間,Core Chamber
正しき資質,Right Qualities
豪華な小箱,Luxury Casket
金飾りの柱,Gold Ornament Pillar
浄罪の宝石,Purifying Jewel
ギルビィス,Gilvis
滅星の邪園,Doomsday's Depths
クリュトス,Krutos
魔塔のイス,Tower Chair
かしのこん,Oaken Pole
ケチャピー,Ketchupy
カラポッポ,Bird Cage
燐花の黒盾,Phosphorous Black Shield
スラサポ屋,Slime Spirit Shop
ブルーレス,Blueleth
記憶の結晶,Memory Crystal
機神の眼甲,Mechanical Eye
神狐の半面,Divine Fox Mask
鳴神の雷光,Thunder's Echo
道具屋ヒワ,Item Shop Hiwa
ペーフミャ,Pehfumya
古びた金庫,Old Safe
黒衣の君主,Black Monarch
雷光のこん,Lightning Rod
新アバの杖,Abba's New Cane
ギモメット,Gimomet
星空の結晶,Starsky Crystal
アゲハ乱舞,Butterfly Bop
お好み焼き,Pancake
ルージャン,Rujan
聖護の結界,Sentinel Ward
ルシェンダ,Lushenda
密林の守人,Jungle Guardian
まんぷく丸,Riceball Baby
手下の海賊,Pirate Crewman
ルナナの像,Lunana Statue
交呪の魔針,Curseweaver Needle
武装天使Ｂ,Armed Angel B
Ｑ４８５前,Q485
ディルハム,Dirham
ザクリュー,Zacharyu
ハヌマーン,Nemean
デデンチェ,Dedenche
白の起動石,White Starting Stone
エグバート,Egbert
プク男１９,Puku Male 19
異海の封空,Strange Sea of Sealing
衛士団詰所,Guard Station
ジェリナン,Gelinan
月の塔４階,Moon Tower 4F
英雄用の翼,Wings For Hero
忍びの手甲,Ninja Wrist Guards
てなづける,Win Over
サンセット,sunset
時見の源泉,Timeseer Source
採掘ギルド,Mining Guild
キュッコス,Kyucos
花道のラグ,Floral Rug
剣魔の霊域,Realm of the Spellsword
宿屋タタカ,Innkeeper Tataka
プレーリー,Prairie
かいしん率,critical rate
こんぼうず,Hammerhead
ザドムの泉,Zadom Fountain
王家の温室,Royal Greenhouse
しばり打ち,Trammel Lash
夏風の面影,Summer's Shadow
コニウェア,Coniware
オン＆セン,On & Sen
きせいじゅ,Tree Sage
虹色の輝石,Rainbow Augite
魔元帥の剣,Marshal's Sword
エジャルナ,Ejarna
ジャム爆弾,Jam Bomb
領界４印章,The Realms 4 Stamps
アフェート,Afeto
ムキュンバ,Mukyunba
スティック,Wands
アマラーク,Amarak
裁定の清堂,Hall of Arbitration
その他大陸,Other Locales
王者のカギ,Sovereign's Key
アイディア,idea
全身レッド,Turning Red
時見の神殿,Timeseer Temple
月のおうぎ,Lunar Fan
王族の指輪,Royalty Ring
時を紡ぐ声,Timespun Voice
道具屋アナ,Item Shop Ana
精霊の試練,Spirit's Trial
若葉の精霊,Sprout Spirit
ユーライザ,Yuliza
声霊の幼体,Immature Voice
駅員デドダ,Attendant Dedoa
スプラウト,Sprout
ドルワーム,Dolworm
哭声の化身,Wailing Incarnation
リーフィー,Leafy
ワニバーン,Heligator
光炉のカギ,Furnace Key
桜のアーチ,Cherry Blossom Arch
秘宝の魔影,Treasure Umbra
天魔黙示録,Kukulkannibapocalypse
もみじの木,Maple Tree
冥海の悪魔,Deepsea Dweller
堕ちた剣聖,Slain Swordsman
ナーウェイ,Naawei
2mv用踊り子,Dancer 2mv
ラズバーン,Razburn
時空の狭間,Spacetime Rift
レイド神父,Father Lade
じごくの弓,Oh-No Bow
神官のくつ,Minister Shoes
レジェンズ,Legends
ふくびき券,Tombola Ticket
手品師の服,Conjurer's Garb
カラマド前,Calamad
第七の霊廟,7th Tomb
マホトーン,Fizzle
ネコ神さま,Nefurrtem
エテポンヌ,Eteponne
オーク・強,Vicious Orc
清澄の冷泉,Cold Spring
マーゼッタ,Marzetta
オズウェル,Oswell
オーガツボ,Ogre Pot
におうだち,Forbearance
宿屋メメル,Innkeeper Memel
なーしゃす,Nashas
屋外への扉,Door to Outside
第二本校舎,Second School Building
女神の果実,Fygg
ハルバルド,Halbard
オウムガイ,Nautilus
客ＮＰＣ４,C NPC 4
きりかぼう,Stump Chump
天使の星輪,Angel Star Halo
もえキュン,Heart Flutter
厄サル斧斤,Banana Axe
お庭用木箱,Crate (G)
冥界セット,Underworld Outfit
マナパスタ,Mana Pasta
第二の霊廟,2nd Tomb
剣魔の亡霊,Sword Spectre
ヒッピャペ,Hippyape
商人キュル,Merchant Kyuru
チャッチャ,Chatcha
パインガー,Petulant Pineapple
死者の巨影,Very Dead Shadow
第202開発室,Development Room 202
Ｇレプリカ,G Replica
ラキ制御用,Lycae Control
海ガヤNPC６,Sea Gaya NPC 6
ジェグロド,Jegrod
竜のねぐら,Dragon's Lair
甘党衣装券,Sweet Costume Voucher
無垢なる羽,Pure Feather
ゴシッキュ,Goshikyu
ヘラヤガラ,Trumpetfish
雪原の廃墟,Snowfield Ruins
ベベル夫人,Mrs. Bevel
海辺の灯台,Seaside Lighthouse
盾となる者,Be the Shield
フカキング,Shark King
がいこつⅠ,Skeleton Ⅰ
メガロドン,Megalodon
創失の天頂,Apex of Unmaking
闘士の割符,Fighters' Tally
ナビュエル,Naviel
翠嵐の聖塔,Storm Tower
ひかりゴケ,Luminous Moss
ジア・ロダ,Dia Loda
夢現のタネ,Dream Seed
風樹の台地,Windy Plateau
けりーぱぱ,Kelly Papa
夜狐の仮面,Nightfox Eye Mask
神官ヤツデ,Priest Yatsude
バアラック,Pickeerer
古びた巻物,Old Scroll
がいこつⅢ,Skeleton Ⅲ
天水の聖塔,Water Tower
ピュージュ,Pyuju
冥界の大鎌,Underworld Scythe
烈火の渓谷,Valley of Fire
呪縛の鬼面,Cursed Mask
施療院３階,Clinic 3F
呪帯の紋掌,Cursed Clasp
ビリジアン,viridian
秘聞録印章,Secret Files Stamps
グレン領東,Glen East
緑の木・中,Green Tree M
正面ホール,Main Hall
七夕観客３,Spectator 3
新米アキタ,Novice Akita
宿屋シェム,Innkeeper Shem
記念メダル,Souvenir Medal
ヂュロリー,Durory
特別監視室,Special Surveillance Room
ヒートグミ,Heat Gummy
ストランド,Strand
落陽の草原,Sunset Meadow
黄金の休日,Golden Holiday
裂傷十字斬,Cross Cutter
箱錬金の箱,Box Alchemy Box
王妃の部屋,Queen's Room
導きの天使,Angel of Guidance
狂戦士伝説,Mad Warrior Legend
ドルバイク,Dol-Bike
竜王のツメ,Dragonlord Claws
剣の継承者,The Sword's Heir
光輝の回廊,Corridor of Splendor
シュジャク,Peashock
海魔の眼甲,Nacreous Necromonocle
神化の光炉,Furnace of Deification
怨邪のツボ,Grudge Pot
落日の隠者,Sunset Hermit
悪神の火種,Fiend's Kindle
悲しみの湖,Lake of Sorrow
神官マルジ,Priest Maruji
あなうめ弟,Younger Brother
猛獣の眼帯,Beastly Eyepatch
鬼謀の幻将,General of Conspiracy
達人ビリー,Master Billy
ナッチョス,Nachos
ギミック２,Gimmick 2
ディクウス,Dikuus
ラピスの像,Lapis Statue
ナシュレク,Nashlek
グレンデル,Thwarthog
鬼神の角笠,Godly Conical Hat
農夫バング,Farmer Bang
天界のくつ,Observatory Shoes
きつけそう,Softwort
幽遠の牢獄,Deep Dungeon
侍女の部屋,Maid's Room
闇の石版？,Dark Tablet ?
神官の部屋,Priest's Room
ガングリー,Gangri
ファンザン,Fanzan
ガンジョウ,Ganjou
麻の短パン,Linen Shorts
ベラリオン,Belarion
コルベ神父,Father Kolbe
ジャレイド,Jareido
師トヨホロ,Master Toyohoro
ディージア,Digea
虚無の楼閣,Tower of Nihilism
板張りの壁,Plank Wall
暗黒球界面,Dark Orb Link
常闇のツメ,Everdark Claw
積み岩の壁,Cliff Wall
騎神の誓い,Knight God's Oath
ウェルナー,Werner
プク男１０,Puku Male 10
星落ちる谷,Starfall Valley
シャーリー,Shirley
ぶんまわし,Helichopter
ライトの像,Light Statue
プク女０５,Puku Female 05
リベホイム,Remoreheal
妖精の綿花,Faerie Fluff
黒曜の本棚,Obsidian Bookshelf
解放のカギ,Liberation Key
神官ナテラ,Priest Natera
魔女の森前,Witchwood
災いの神話,Myth of Calamity
ガナサダイ,Godwyn
最後の部屋,Final Room
アトラス900,Atlas 900
ハルジオン,Fleabane
シューマー,Schumer
メファビア,Mephabia
ひかりの石,Brighten Rock
砂海のくつ,Sand Sea Shoes
バトル印章,Battle Stamps
神殿・１階,Temple 1F
マゴニア草,Gloaming Grass
きようさ +6,Deftness +6
殺意の怨霊,Murderous Soul
断罪の記憶,Memory of Absolution
クックルー,Grudgerigar
道具屋ジア,Item Shop Jia
宿屋ノクタ,Innkeeper Nocta
プク女０８,Puku Female 08
職人キキナ,Crafter Kikina
フィルマン,Philman
賢人トール,Thor
流星の追憶,Meteor Memory
従者キルル,Servant Kilulu
漆黒の魔針,Black Needle
セッチャー,Setcher
暴竜ロマニ,Dragon Romani
雪山の捜索,Mountain Search
どろだらけ,Muddy
天使のすず,Angel Bell
エフライム,Efraim
宿屋レアン,Innkeeper Rean
ネオル村長,Chief Neoru
おじゃま雷,Meddlesome Thunder
ムッチーノ,Muccino
水晶のイス,Crystal Chair
凶禍の果実,Wicked Fruit
パールポポ,Palupopo
第201開発室,Development Room 201
トポルの村,Topol Village
おとめの扇,Maiden's Fan
蒼炎の聖油,Blue Flame Oil
ヒコッツィ,Hikozzi
深紅の巻物,Crimson Scroll
やみの妖眼,Dark Lunatick
ドラキーＡ,Dracky A
フューラー,Fuller
紅の魔結晶,Red Crystal
不屈の魔像,Persist Statue
瑞雲のこて,Cloudy Gloves
閃帝のオノ,Radiant Ravager
ヘリエット,Heliet
すばやさ +6,Agility +6
征魔の黒杖,Demon Conqueror
ホルタ神父,Father Holta
シャーレイ,Sharay
死のさそり,Death Scorpion
メレディス,Meredith
庭具の看板,Garden Shop Sign
あめレンズ,Rain Lens
安息の領域,Realm of Repose
薬剤ギルド,Medicine Guild
モクズガニ,Mitten Crab
滅びの幻影,Phantom of Ruin
小さな盆栽,Small Bonsai
ヤマシ神父,Father Yamashi
時の指針書,Chronocle
アクセ屋前,Accessory Shop
闘志の回廊,Corridor of Spirit
戦陣の凱歌,Chant of Champions
怨念の邪竜,Dragon of Malice
諸刃の鋼竜,Steel Dragomech
剛獣のツノ,Brutal Beast Horn
ポルネア山,Polnea Mountain
プク女１７,Puku Female 17
てつのムチ,Iron Whip
エフ両手杖,F Staff
バート僧正,Priest Bart
男のコロン,Men's Cologne
時渡りの実,Fruit of Time Travel
４番研究室,Laboratory 4
侍女Ｅ３Ａ,Maid E3A
ススキラー,Silverkiller
慈愛の回廊,Corridor of Affection
カルバドン,Batsuregon
グリエ王子,Prince Grie
宿屋・教会,Inn/Church
プク男０８,Puku Male 08
浄化の種火,Purifying Flame
地竜のツメ,Craggy Claw
仮装メイク,disguise makeup
大地の結晶,Earth Crystal
メーキュル,Mekyuru
船員トロメ,Sailor Torome
燐花の青盾,Phosphorous Blue Shield
鉄槌の猛将,General of the Hammer
輝天のやり,Sky Spear
修練の心得,Tips on Training
セオドルト,Theodort
マイトロン,Mitron
カーネリン,Carnerin
自爆マグマ,Kamagmakaze
こりーぱぱ,Cory Papa
偉大な天才,Great Genius
プク女０４,Puku Female 04
取引商テチ,Trader Techi
マリーヌ神,Marine
しろはなだ,white
秘宝の騎士,Treasure Knight
暴走魔法陣,Ring of Ruin
終焉の覇者,Champion's End
トロフィー,Trophy
鬼人兵たち,The Demonkin Soldiers
厄サル扇子,Banana Fan
オノの祭壇,Axe Altar
霊廟の猛将,Tomb General
秘宝の霊魂,Treasure Soul
リゼロッタ,Lieselotte
星の塔２階,Star Tower 2F
支援端末ノ,Support Terminal
ハパーヒン,Hapaahin
サンバーン,Sunburn
キュウスケ,Kyusuke
クシャーナ,Kushanah
会心ガード,Critical Guard
ピュッセン,Pyussen
しのどれい,Dead Resident
賢者サラム,Sage Salam
ザゴッティ,Zagotti
ナスターデ,Nastarde
クリスティ,Christie
ハホホフハ,Hahohohuha
ゴノザマー,Gonozamar
神官ホズキ,Priest Hozuki
ハロル夫人,Mrs. Harol
キュレクス,Kyurex
なめまわし,Tongue Lashing
濁流の邪殻,Corrupted Carapace
強酸性の間,Strong Acidity
ルルティマ,Rurutima
冬の宮殿前,Winter Palace
バイッジョ,Byggio
ピナヘト神,Pinahett
キャラメル,caramel
ちゃくちぇ,Chakche
屋内への扉,Door to Inside
界律の結界,Ward of the World
わかめ王子,King Kelp
青のほこら,Blue Shrine
マールーヤ,Maruya
ヤンディー,Yandey
水琴窟・庭,Water Koto Cave (G)
聖なる織機,sacred loom
蝶のゆかた,Butterfly Yukata
ビネガール,Vinegall
冬休み印章,Winter Break Stamps
職人練習場,Crafting Center
少女の叫び,A Girl's Cry
ナンシュカ,Nanshka
客ＮＰＣ２,C NPC 2
神官ネーガ,Priest Nega
イズハール,Izhar
秘密の通路,Secret Passage
宿屋オルダ,Innkeeper Orda
クィラッキ,Kirakki
宿屋ピィピ,Innkeeper Pippi
御前広場前,Imperial Plaza
ガスティン,Gastin
舞い手の服,Performer's Shirt
ミモザの樹,Mimosa Tree
黄金の傀儡,Gold Puppet
しゃぼん玉,Blow Bubbles
ラブチョコ,Love Chocolate
三闘の神殿,Triad Temple
３階・広間,3F - Hall
暴君の広場,Tyrant's Square
父との再会,Dad's Reunion
しもべの証,Servant's Proof
ひざまずく,Kneel
夜霧の指輪,Night Fog Ring
ディオーレ,Diore
家具予備２,Spare Furniture 2
ジャミラス,Jamirus
深く青い海,Deep Blue Sea
立って寝る,Standing Sleep
ズーたろう,Zutarou
シェルナー,Shellner
商人タヴィ,Merchant Tavi
馬のつけ耳,Horse Ears
プリパティ,Puripati
キノコの壁,Mushroom Wall
フィーバー,Fever
エッキョウ,Ekkyo
リィンの像,Lynn Statue
入替の雷盤,Replace Board
シュキエル,Shukiel
ドルマドン,Kazammle
ガンダック,Gandak
王子の挑戦,The Prince's Trial
チャケマエ,Chakemae
極楽のこん,Paradise Rod
呪力のモト,Hexite
メドローア,Medroa
ジア・クト,Dia Kut
鬼人の大盾,Escudogre Greatshield
リュウトウ,Ryuto
古びた指輪,Old Ring
バージョン,version
獣心の回廊,Corridor of Brutality
たれ灰太猫,Fat Lazy Ash Cat
客ＮＰＣ１,C NPC 1
第301開発室,Development Room 301
離席します,I'm Leaving.
永遠の約束,Eternal Promise
旬のカジキ,Seasonal Marlin
神父ハロン,Father Haron
ゾンガロン,Zongalon
ラベンダー,lavender
義侠の回廊,Corridor of Honor
保管庫・北,North Vault
旬のルアー,Seasonal Lure
聖者の天秤,Saint's Balance
炎の石版？,Fire Tablet ?
タコツキ貝,Octopus Shell
守人の部屋,Guardian's Room
キィンベル,Kimbel
ジェディナ,Jedina
逃げよう！,Let's Run Away!
神化の工房,Workshop of Deification
災厄の尖兵,Calamity Guard
創生の邪洞,Cave of Creation
ツァリーヌ,Zarine
ウーサー王,King Uther
風雲の大盾,Windy Greatshield
頑丈な鉄箱,Sturdy Iron Box
ソーダの泉,Soda Fountain
水の石版？,Water Tablet ?
スペードの, of Spades
王族の私室,Private Room
グーシオン,Dark Pazuzu
奈落の宝石,Abyssal Jewel
グルビ神父,Father Gulbi
ドーファン,Dofan
エルフ出身,Elf Homeland
流星の軌跡,Meteor Trails
ミノカサゴ,Luna Lionfish
葬魂の竜玉,Burial Orb
てつのオノ,Iron Axe
ウェディ女,Weddie F
調理素材屋,Cooking Material Shop
鋼神のツメ,Mighty Mitts
バリケッタ,Barriqueta
陽光の衛士,Solaris Guard
店員ウラカ,Clerk Uraka
レイバッサ,Reybassa
薄明の番人,Twilight Keeper
ウィーハー,Weher
大盗賊登場,The Grand Thief
ランペマス,Lampemas
ヘヘヒヘヒ,Hehehihehi
業炎の記憶,Karmafire Memories
神官ホンギ,Priest Hongi
デスライラ,Deslaria
中層・内部,Middle Area - Interior
魔軍メダル,Demon Army Medal
剛腕の巨将,Strong Giant General
足ヒレ・白,White Flippers
アレクセイ,Alexei
ピオラの杖,Rod of Rapidity
天使の墓所,Angel's Rest
宿屋コロモ,Innkeeper Koromo
アチュリン,Achurin
サバントン,Savanton
バトエン屋,Batoen Shop
海冥の彼岸,Sea's Equinox
アロエおに,Aloehaha
斬夜の太刀,Nightcleaver
木工練習着,Woodworker Training Wear
学徒スズリ,Student Suzuri
憎しみの湖,Lake of Hatred
修練の回廊,Corridor of Discipline
ストーレン,Stollen
夢見るクク,Dreaming Kuku
恋するアン,Anne in Love
らせん打ち,Hypnowhip
ディアマン,Diamond
封印の祭壇,Sealed Altar
手をつなぐ,Hold Hands
貝採りアミ,Shellfish Net
カゲフじい,Grandpa Kagefu
闇の魔魂鐘,Wicked Bell
ススキーノ,Susukino
解呪の宝珠,Dispel Jewel
ドガンテル,Kacrash
享楽の間道,Path of Amusement
助手クティ,Assistant Kuti
ナラトット,Naratott
ファーガス,Fergus
隠された海,Hidden Sea
ゼラリム姫,Princess Zelarim
天光の護り,Divine Defense
黒呪のツボ,Cursed Pot
悪夢の世界,World of Nightmares
始源の歌姫,First Diva
オファニム,Ofanim
世告げの姫,Princess of Prophecy
ジャゲンノ,Jagenno
風の宝珠？,Wind Jewel ?
ワトス大臣,Minister Watos
モーリッツ,Moritz
ラフォージ,Laforge
砂塵の遺跡,Sandstorm Ruins
古びた木箱,Old Wooden Box
招きの霊笛,Beckoning Flute
コスモアイ,Lunar Lunatick
賢者のくつ,Sage Shoes
冥王の心臓,Hades' Heart
忘却の怨霊,Hammibal
とある助手,An Assistant
てつのやり,Iron Lance
セラフィ像,Seraphi Statue
アバの写真,Photo of Abba
キュロン人,Kyuronian
魔剣士の証,Devil's Advocate
グレファス,Grefus
神官ゾデラ,Priest Zodera
タバチャム,Tobacham
エロスの弓,Eros' Bow
スノーベル,Snow Bell
妖精の花冠,Fairy Garland
海賊モブ１,Pirate Mob 1
冥府の君主,Lord of the Nether
時渡りの鈴,Chime of Time
迷える勇者,Lost Hero
スクアーロ,Squalo
おおがらす,Stark Raven
甲竜のヒゲ,Dragon Whiskers
翠緑の鉱石,Green Ore
水中メガネ,Underwater Eyewear
蒼炎のツメ,Frostfire Fingers
鬼門のヌエ,Gatekeeper Nue
スコルピィ,Scorpi
祭壇の守人,Altar Guardian
いやしの服,Healing Shirt
レンガの壁,Brick Wall
赤いサンゴ,Crimson Coral
絶念の果実,Forlorn Fruit
コロネリア,Coronelia
ヒュードロ,Hudro
かげわらし,Slickspittle
隠密の手甲,Covert Gloves
アカリリス,Dread Squirrel
破邪舟使い,Sacred Sailor
プクリポ女,Pukulipo woman
シシカバブ,Shish Kebab
ニャンニャ,Meownya
ドーナツ中,Donut Middle
魔鳥の頭目,The Bird Boss
美姫の髪束,Beautiful Hair Bundle
聖竜の神話,Myth of the Holy Dragon
具象の霊灰,Embodying Ash
珈琲セット,Coffee Set
バルコニー,Balcony
シュモック,Smock
怨念の潜窟,Cavern of Resentment
竜気の結晶,Dragon Crystal
アズラン駅,Azlan Station
聖別の詩歌,Holy Poetry
パトローネ,Patrone
円陣殺・緑,Green Kill Zone
大嵐メダル,Storm Medal
幽冥の巻物,Scroll of the Dead
チャーベン,Chaben
水の宝珠？,Water Jewel ?
よろず屋１,General Shop 1
ヴェスパー,Vesper
スラのすけ,Slime Assistant
キノコの柱,Mushroom Pillar
ジゴデイン,Kazapstrophe
大罪の亡霊,Ghost of Sin
番長の上着,Shotcaller's Jacket
陶芸ギルド,Ceramics Guild
手紙封蝋緑,Green Wax Seal
イジャラン,Ijaran
リズクの母,Rizk's Mother
アイリーン,Irene
旬のマグロ,Seasonal Tuna
チーム大使,Team Ambassador
ナフタリィ,Naftari
四重の封空,The Quadraspace
輝天のムチ,Sky Whip
残月の玉斧,Morning Moon Axe
太陽の紋章,Sun Crest
リアクター,Reactor
ヴァージョ,Varjo
宿屋ゾイン,Innkeeper Zoin
異界のカギ,Otherworld Key
エッカート,Eckhart
リンゴの皮,Apple Peel
聖域への道,Path to Sanctuary
女王のムチ,Queen's Whip
夜宴館の扉,Banquet Hall Door
滅びの予兆,Omen of Doom
秘宝の番人,Treasure Mummy
ジュミール,Jumir
シュガメル,Sugarmel
竜神の心臓,Dragon God Heart
グレイナル,Greygnarl
三闘士の盾,Shield of the Triad
疾風の腕帯,Gale Armbands
謎の古代人,Mysterious Person
宿屋ミルル,Innkeeper Miruru
王者の脚甲,Sovereign's Greaves
ムドーの像,Murdaw Statue
紙芝居装置,Picture Story
ジャルジャ,Jalja
キュピーン,Shining Eyes
マサッツィ,Masattzi
転職と天職,Vocation Change
駅員ポート,Attendant Port
黄の短冊弐,Yellow Strip 2
店員タブレ,Clerk Tabure
デルバラン,Delbaran
秘密会議室,Secret Meeting Room
スライム系,Slime
パルマイン,Palmain
パリッピー,Paripi
シャーニャ,Shanya
星羅の天宮,Starry Shrine
シュバリク,Schvarik
ケキちゃん,Cakey
美容師ガラ,Hairdresser Gla
ドラゴン系,Dragon
破天の麗斧,Skyrend Axe
風虎のくつ,Wind Tiger Boots
アルトゥナ,Altuna
マヒャド石,Kacrack Stone
まほうの盾,Magic Shield
約束の再会,Promise Reunion
和風の白壁,Japanese White Wall
植物のツル,Plant Vine
黄金の指輪,Golden Ring
シュメリア,Sumeria
黒曜のイス,Obsidian Chair
エルフ浴槽,Elf Bathtub
剛鬼のツノ,Akuma Horn
魔法戦士団,Armamentalist Corps
年賀はがき,New Year's Card
古びた石壁,Old Stone Wall
厄サル戦棍,Banana Rod
ハナポッパ,Hanapoppa
エリンパパ,Erin Papa
神代の遺構,Ancient Remains
モグルード,Mole Luudo
激昂の魔人,Raging Ruin
どうの大剣,Copper Chopper
てれるなあ,Embarrassed
レクタリス,Lectalis
大ぼうぎょ,Defending Champion
災いの斬撃,Sick Sickle
岩穴の牢獄,Rock Pit Prison
精光導力器,Psionic Converter
機兵の回廊,Corridor of Mechanica
ヒューくん,Hyuzie
特やくそう,Special Medicine
マスカット,muscat
足ヒレ・金,Gold Flippers
トリケラン,Rad Racer
シエラの花,Sierra's Flower
百獣ブラシ,Beastly Brush
時見の祭壇,Timeseer Altar
秘宝の怪人,Treasure Hoodie
キャスラン,Cathlan
イオマータ,Kablam
滅星の深淵,Doomsday's Abyss
グルボーン,Ghoul's Gold
創生の祭壇,Altar of Creation
聖天舎内控,Monastery Room
亡霊レブロ,Ghost Lebro
ゴウドーン,Gaudon
猫島桟橋前,Cat Island Pier
カレーリヤ,Carrelia
歌姫の短剣,Diva's Dagger
竹垣の小径,Bamboo Hedge Path
リンゴの壁,Apple Wall
ドーレンヌ,Dorenne
聖王のオノ,Dryspell Axe
遺跡下層部,Lower Ruins
英雄の足跡,Fearless Footsteps
こころの器,Heart Holder
蛇姫衣装券,Snake Princess Voucher
流星の帝王,Emperor Meteor
万魔の大箱,Big Terror Box
烈武の竜将,Dragon Warrior
悪魔の手紙,Evil Demons' Letter
銀河の街灯,Galaxy Lamppost
イッショウ,Issho
ビッグバン,Big Banga
光源の間１,Light Source 1
盟友の絶望,Ally's Despair
ダストン像,Duston Statue
おかえり！,Welcome Home!
ハホハハフ,Hahohahahu
オーレン頭,Oren's Head
魔空５兄弟,Hackson Five
ザカーリア,Zakaria
ショオティ,Showty
近衛兵詰所,Guard Station
家具予備６,Spare Furniture 6
錨のシール,Anchor Sticker
美獣のオノ,Beast's Axe
家具屋ポポ,Furniture Shop Popo
宿命の対決,A Fateful Fight
お月サマー,Mister Moon
混沌の青雲,Blue Cloud
極秘の鎖箱,Top Secret Chained Box
ジャゴヌバ,Jagonuba
ガニメデス,Ganymede
神父レオニ,Father Leonie
パティシエ,pastry chef
兵士マーク,Soldier Mark
建物家具屋,Building/Indoor Furniture Shop
星のおうぎ,Stellar Fan
ディジュラ,Dijura
バギクロス,Kaswoosh
ギミック９,Gimmick 9
時空の怒り,Spacetime Anger
スレア海岸,Surea Coast
丘陵への道,Road to Hills
ツック法師,Tugger
夜明けの間,Dawn Chamber
宿屋ディア,Innkeeper Dia
悠々小桃花,Calm Pink Flowers
まどはんど,Muddy Hand
封印の宝珠,Sealing Jewel
天の風の書,Book of Divine Winds
パーカーホ,Giant Barb
宣誓の左手,Oath's Left
魔法の迷宮,Magic Maze
魔獣の右角,Beast's Right Horn
イヤリング,earring
轟雷のやり,Thunder Spear
ネコチャン,Nekochan
桜の香り袋,Cherry Blossom Scented Bag
ろうがぼう,Sadistick
賢者と愚者,The Sage and the Fool
プク女１３,Puku Female 13
シャツ水着,Swimsuit Shirt
ナブレット,Nablette
迷える盟友,Lost Ally
神威の大剣,Godly Greatsword
黒い人カゲ,Black Lizardman
神々の黄昏,Twilight of the Gods
ドットマン,Dot Man
ドワーフ男,Dwarf (M)
アマリリス,Amaryllis
七夕メイン,Star Festival Mein
かまいたち,Cyclown
軍旗の宝玉,Insignia Jewel
堕天将の杖,Fragrant Staff
常勝のこて,Triumphant Gloves
敗者の部屋,Loser's Room
チグリ大臣,Minister Chigri
手に入れた,received
皇女ウルタ,Princess Ulta
大工コアム,Carpenter Coam
ドロッジェ,Drogger
ＰＣの財布,PC's Wallet
マドハン泥,Muddy Hand Mud
家具予備５,Spare Furniture 5
皮のぼうし,Leather Hat
ララコネア,Laraconea
ポルファン,Polfan
シール台紙,Sticker Mount
バウンズド,Banzudo
イーハーブ,Ihaab
店員ティア,Clerk Tia
シックな柱,Chic Pillar
天上の果実,Heaven Fruit
闇との境界,Boundaries with Darkness
ハイタッチ,High Five
ゼクレス城,Zechres Castle
ティービス,Teebis
弁当外のみ,Outdoor Lunch
憤怒の剛竜,Raging Dragon
ブルーノー,Brunoe
アウレール,Aurel
楽園のカギ,Utopia Key
フェリナ姫,Princess Felina
早詠みの陣,Ring of Rapidity
音色の結晶,Tone Crystal
黒い炎の柱,Blackfire Spire
水晶の玉座,Crystal Throne
ザマ烽火台,Zama Beacon
紺碧への門,Azure Gate
工匠神の間,Craftmaster's Chamber
マドレーヌ,Madeleine
十字の邪光,Cross' Curse
バンス先生,Mr. Vance
第１の部屋,Room 1
セリクェス,Seriques
神官ビット,Priest Bit
未踏の海底,Uncharted Sea
闘竜の道着,Fighting Dragon Dogi
いやしの雨,Right as Rain
船員カブラ,Sailor Kabra
ラズイール,Razuir
ゴーストⅠ,Ghost Ⅰ
パッテーラ,Patella
輝き右大臣,Right Minister
大工パジル,Carpenter Basil
樽テーブル,Barrel Table
呪縛の魔獣,Accursed Beast
ブリギッテ,Brigette
精霊の境界,Spirit Frontier
ブルーアイ,Blue Eye
種屋看板等,Seed Shop Sign
プク男１６,Puku Male 16
カンティス,Kantis
わらぞうり,Straw Sandals
店員グォン,Clerk Guon
よろず屋２,General Shop 2
キャンセル,cancel
災いの鉄杭,Stake of Woe
キメラ・強,Vicious Chimaera
第７の部屋,Room 7
王国軍区画,Royal Army Ward
秘宝の幻影,Treasure Shade
中央ホール,Central Hall
玉座の間前,Throne Room
宿屋ヨギサ,Innkeeper Yogisa
噴水公園下,Below Fountain
竜術士の証,Dragon Breadth
琥珀の宝珠,Amber Pearl
氷鳥のはね,Icebird Feather
混沌の水魔,Mermageddon
やみの獣士,Dark Moosifer
ブルハーン,Bruhaan
悔恨の牢獄,Prison of Remorse
白柴犬　　,White Shiba
チェルシー,Chelsea
にゃにゃん,Meow, Meow
大砲・中央,Central Cannon
ギャンドル,Gandor
アトリエ前,Studio Front
銀の真珠Ⅱ,Silver Pearl Ⅱ
緑の木・小,Green Tree S
女神の祝福,Divine Intervention
覚醒リーネ,Awakened Renee
和傘の福袋,Umbrella Grab Bag
謎の石版？,Mystery Tablet ?
ガラクタ城,Junk Castle
ホーゲルト,Hogert
ヒポせんし,Hippo Soldier
パナッピュ,Panapyu
こんぶ大将,Caterwaulin'
反魂の秘術,Soul Salvation
光の木工刀,Light Slick
てつかぶと,Iron Helmet
チョウザメ,Sturgeon
紫炎の大剣,Violet Greatsword
清めの大玉,Purifying Orb
マギスター,Magi Star
しびれ砲弾,Stunning Shell
アロル夫人,Mrs. Arol
アンジュー,Anju
水中レンズ,Underwater Lens
才華の回廊,Corridor of Talent
第四の詩歌,The Fourth Poem
魔神族たち,The Maledicts
覇王の大剣,High King's Sword
宿屋の息子,Innkeeperer's Son
５番研究室,Laboratory 5
ミレナ海岸,Milena Coast
結界の氷殿,Ice Barrier Hall
狂える王子,Mad Prince
大きなホネ,Big Bone
ジュレー島,Jule Island
ゴノザ神父,Father Gonoza
死神の審判,Reaper's Judgment
ジマンジュ,Jumanju
射光の火筒,Light Flare
アルダモン,Aldamon
黄金の甲冑,Golden Armor
神官トトラ,Priest Totora
ラリホーマ,Kasnooze
カティーラ,Katilla
将校ソール,Officer Saul
飛竜の巣へ,To the Dragon's Nest
太古の浜辺,Ancient Shore
秘宝の剣魔,Treasure Phantom
記憶のカギ,Memory Key
シャーヤー,Shayer
ネコパンチ,Cat Punch
戦神の宮殿,War God Palace
オードラン,Odran
キメラの書,Chimaera Book
封印の聖壇,Sealed Altar
大魔王の鎌,Demon Lord's Scythe
蝶飾りの扉,Butterfly Door
強戦士の書,Book of Bosses
世界球根前,Worldbulb
村の研究室,Village Laboratory
オゾの洞穴,Ozo Caves
ナーシャス,Nashas
無敵の魔像,Unbeaten Statue
さばきの鎌,Scythe of Sentencing
ゼルドラド,Zeldrad
創生の柱Ｅ,Pillar of Unmaking E
ダーマ神官,Abbey Priest
盗賊モブ２,Thief Mob 2
海賊キッド,Pirate Kid
パクレ警部,Inspector Pakul
領主の部屋,Lord's Room
スピンドル,Spindle
強制労働所,Forced Labor Camp
ディオニス,Dionis
船頭モツゴ,Boatman Motsugo
学園の椅子,School Chair
千夜嵐の目,Eye of the Storm
竜王のキバ,Dragonlord's Fang
受注中タブ,Active Tab
フロッティ,Hrotti
死神の知恵,Wisdom of the Reaper
紅葉のイス,Autumn Leaf Chair
玄関ホール,Entrance Hall
秘宝の従僕,Treasure Marrow
天使長の間,Archangel's Office
冥界の仮面,Underworld Mask
きこりぎん,Woodcutter Gin
御者コルギ,Coachman Corgi
プク男１７,Puku Male 17
秘宝の亡霊,Treasure Geist
アルヴァン,Alvan
アタッチ君,Mr. Attachment
ブルリア星,Planet Brullia
クトーパス,Kutopas
海賊ベニー,Pirate Benny
終焉の皇国,Empire's End
サランティ,Saranty
りゅうき兵,Mandrake Mercenary
ヨロイザメ,Kitefin Shark
アカイライ,Belisha Beakon
呪縛の回廊,Cursed Passage
新米ヒトメ,Novice Hitome
浜辺の小屋,Beach Hut
欲望の魔人,Fiend of Desire
不思議な駅,Mysterious Station
ブーメラン,Boomerangs
赤い貨物箱,Red Cargo Box
転生の輝石,Reincarnite
ヴァーノン,Vernon
当主の部屋,Master Bedroom
おにびの像,Will-O' Statue
セレドの町,Town of Celed
ポッピーナ,Poppina
トロペ神父,Father Trope
トンブレロ,Ham Shamwitch
ベルトラム,Bertram
ラベンデュ,Lavendu
祝福の残光,Blessed Afterglow
炎帝のこて,Fire God Gauntlets
灰のほこら,Ash Shrine
フォンデュ,Fromage Fray
魔除けの鎌,Talisman Scythe
地竜のツノ,Earth Dragon Horn
昔日のこて,Ancient Gauntlets
魔瘴の巫女,maiden of miasma
教会エリア,Church Area
深紅のツノ,Crimson Horn
ダズボ神父,Father Dazubo
だいまじん,Stone Guardian
魔紅樹の板,Demonic Deadwood
桜花の帽子,Cherry Blossom Hat
呪闇の鎧鬼,Armor of Darkness
星獣イロト,Star Beast Irot
ウォウォラ,Wowora
木箱セット,Crate Set
水晶の置物,Crystal Decor
のろいの岩,Dreadrock
ホズミスク,Hozmisk
魔幻の剣士,Magic Swordsman
彼岸花の園,Red Lily Garden
おみくじ屋,Fortune Shop
大巨人の瞳,Giant's Eye
倉庫の写真,Storage Photo
バザー客Ａ,Bazaar Guest A
達人な宝珠,Master's Pearl
爆炎の獄将,Infernal Warden
ボロジャン,Borojan
金剛のこん,Varja Rod
記憶の回廊,Corridor of Memory
白銀の死神,Silver Slayer
マシュポム,Mashpom
精霊の枝葉,Spirit Foliage
ランガーオ,Langao
ゾーフィア,Zofia
タタリ御前,Cursed Crooner
プレゼント,Present
秘宝の闘虫,Treasure Mantis
緑の短冊弐,Green Strip 2
兵士ヤマキ,Soldier Yamaki
炎帝の記憶,Fire God's Memory
赤の起動石,Red Starting Stone
巨猫の巣前,Cat's Cradle
コロシアム,Coliseum
ウィダード,Ouidaad
ジャッカル,Jackal
リリアーチ,Arch Bodkin
繚乱の回廊,Corridor of Turmoil
メレアーデ,Mereade
授業女子20,Student (F) 20
授業男子01,Student (M) 01
ツメ(両手),Claws
授業男子03,Student (M) 03
授業男子02,Student (M) 02
授業女子17,Student (F) 17
授業女子15,Student (F) 15
授業男子06,Student (M) 06
授業男子10,Student (M) 10
授業女子06,Student (F) 06
とんぬら16,Tonnelat 16
CS用モブ８,CS Mob 8
<pc>城 入口,Castle <pc> Entrance
とんぬら15,Tonnelat 15
ムチ(両手),Whips
授業女子07,Student (F) 07
授業男子08,Student (M) 08
(アナザー),(Another)
授業女子02,Student (F) 02
授業女子19,Student (F) 19
授業女子05,Student (F) 05
授業女子12,Student (F) 12
授業女子11,Student (F) 11
授業女子10,Student (F) 10
ヤリ(両手),Spears
とんぬら12,Tonnelat 12
CS用モブ５,CS Mob 5
授業男子11,Student (M) 11
授業男子12,Student (M) 12
とんぬら11,Tonnelat 11
HIおじさん,HI Grandpa
授業男子14,Student (M) 14
授業男子13,Student (M) 13
授業女子01,Student (F) 01
案内NPC(仮),Temp Guide NPC
CS用モブ２,CS Mob 2
とんぬら13,Tonnelat 13
授業男子15,Student (M) 15
とんぬら10,Tonnelat 10
授業女子03,Student (F) 03
オノ(両手),Axes
SPアイテム,Skill Point Items
授業男子18,Student (M) 18
CS用モブ３,CS Mob 3
授業男子09,Student (M) 09
CS用モブ７,CS Mob 7
<pc>城 出口,Castle <pc> Exit
授業女子04,Student (F) 04
HIおばさん,HI Grandma
授業女子16,Student (F) 16
授業男子16,Student (M) 16
授業男子04,Student (M) 04
授業女子08,Student (F) 08
授業男子17,Student (M) 17
授業男子20,Student (M) 20
授業女子14,Student (F) 14
短剣(片手),Knives
授業男子05,Student (M) 05
CS用モブ１,CS Mob 1
授業男子07,Student (M) 07
CS用モブ４,CS Mob 4
授業女子18,Student (F) 18
授業男子19,Student (M) 19
授業女子13,Student (F) 13
CS用モブ６,CS Mob 6
とんぬら14,Tonnelat 14
授業女子09,Student (F) 09
船倉 上層,Upper Hold
聖堂 出口,Shrine Exit
神殿 出口,Temple Exit
民家 出口,House Exit
廃屋 入口,Abandoned House Entrance
２階-倉庫,2F - Warehouse
祭壇 出口,Altar Exit
とんぬら8,Tonnelat 8
祭壇 入口,Altar Entrance
屋上 出口,Roof Exit
上層 出口,Upper Area Exit
盾島 入口,Shield Entrance
深部 出口,Depths Exit
LV120・弓_B,Lv. 120 Bow B
廃屋 出口,Abandoned House Exit
本殿 入口,Shrine Entrance
とんぬら3,Tonnelat 3
塩湖 入口,Salt Lake Entrance
講堂 入口,Auditorium Entrance
おもさ +12,Weight +12
砲台 入口,Turret Entrance
神殿 入口,Temple Entrance
魔界 入口,Demon World Entrance
３階 入口,3F Entrance
本殿 出口,Shrine Exit
LV110・弓_A,Lv. 110 Bow A
菜園 入口,Vegetable Garden Entrance
酒場 出口,Tavern Exit
とんぬら1,Tonnelat 1
３階-客室,3F - Guest Room
船倉 下層,Lower Hold
上層 入口,Upper Area Entrance
おもさ +15,Weight +15
２階 入口,2F Entrance
とんぬら9,Tonnelat 9
とんぬら7,Tonnelat 7
とんぬら6,Tonnelat 6
屋上 入口,Roof Entrance
酒場 入口,Tavern Entrance
ちから +10,Strength +10
とんぬら4,Tonnelat 4
１階-倉庫,1F - Warehouse
おもさ +18,Weight +18
１階 入口,1F Entrance
１階-宿屋,1F - Inn
おもさ +19,Weight +19
おもさ +10,Weight +10
２階-厨房,2F - Kitchen
砲台 出口,Turret Exit
２階-書庫,2F - Archives
異界校舎2,Otherworldly School Building 2
とんぬら5,Tonnelat 5
とんぬら2,Tonnelat 2
おもさ +20,Weight +20
聖堂 入口,Shrine Entrance
塩湖 出口,Salt Lake Exit
２階-食堂,2F - Dining Room
メドナム,Mednam
いれーな,Elaina
ツキカゲ,Tsukikage
ボウマン,Bowma
ララモラ,Laramora
ネイシャ,Neisha
ミケーレ,Michele
ユーシャ,Luminary
ヨンジャ,Yonja
闇の従者,Dark Servant
メレちー,Merry
シンテツ,Shintetsu
噴水公園,Fountain
ラーシャ,Rasha
叡智の冠,Crown of Wisdom
セルヴィ,Selvi
Ｅ１４９,E149
ラベッサ,Laveza
迎春の間,New Year's Room
スピーラ,Spira
ジョルジ,Jorge
ジョハリ,Johari
ファライ,Farai
蒼穹の王,Sky King Bow
ヘチャブ,Hechab
ラダルグ,Radargu
Ｅ１３８,E138
コメじい,Grandpa Kome
ずるい陣,Crafty Circle
風林火山,Attribeauty
グローム,Guromu
詩歌の間,Poetry Room
シンディ,Cindy
オウトウ,Otoe
水車小屋,Water Cabin
パストン,Paston
セルバス,Selbus
寂滅の道,Road of Loneliness
ペチェル,Pechel
パリュス,Paruse
ナビーノ,Nabino
シェイン,Shane
モントー,Monto
トトママ,Totomama
うまうま,Umauma
チャンナ,Channa
スローナ,Throna
女神の杖,Sacrosanct Staff
ジェバン,Jevan
宿屋メネ,Innkeeper Mene
リグール,Rigul
ハンドル,Handle
ギョメレ,Gomere
苗木の層,Seedling Layer
アルバン,Alban
月の射手,Moon Archer
邪術教典,Sorcery Scriptures
アガジル,Agajiru
ギリオン,Girion
プオーン,Rebjorn
ロロップ,Lollop
ザジェン,Zagen
コマじい,Grandpa Koma
ジョルト,Jolt
ディカス,Dicus
ウラジロ,Urajiro
アスラ王,Asura King
奇跡の星,Miracle Star
デンネト,Dennet
エミリオ,Emilio
ミュッカ,Myukka
スタート,Start
星天の衣,Starry Sky Robe
オラリナ,Oralina
ソマルカ,Somarka
スレッジ,Sledge
ほでっく,Hodek
エフツメ,F Claws
ベアータ,Beata
アキーラ,Akira
Ｅ１３０,E130
ルッチー,Lucchie
グナンツ,Gunants
ピンキー,Pinky
エイポン,Apon
材木の柱,Lumber Pillar
リスタル,Ristal
ミョッカ,Myoka
グルード,Grude
バーティ,Buttre
ポンコツ,junk
ミチシオ,Michishio
釜錬金NPC,Pot Alc. NPC
レイピア,Rapier
常世の門,Eternal Gate
赤い唐傘,Red Paper Umbrella
ルクリマ,Lucrima
ルーベム,Ruubem
子アガサ,Child Agatha
ザンボア,Zanboa
ドランゴ,Lizzie
エフ短剣,F Knives
ジロルト,Gerald
ストルー,Stroh
ゴレむす,Goremus
バルトロ,Bartolo
魔界の蝶,Demon World Butterfly
小鹿の像,Fawn Statue
カシュア,Kashua
ディヒド,Dihido
アルナス,Arnas
ばじぇお,Bajeo
ミラニー,Milany
生か死か,Live or Die
おまいり,Worship
ガシュー,Gashu
ケルビン,Kelvin
カタリナ,Katarina
ベティア,Bethia
フプーム,Fupuumu
リディー,Ridie
ジリカン,Jirikan
フミシン,Fumishin
マノリタ,Manorita
光翼・左,Radiant Wing (Left)
常闇の鎌,Everdark Scythe
ブルース,Begooshi
南西区域,Southwest Zone
ターシュ,Tarsh
ウラード,Woolard
ニシホタ,Nishihota
シンリィ,Shinry
シロタエ,Shirotae
レオニド,Leonid
紅蓮の竜,Crimson Dragon
ボッガン,Boggan
第二倉庫,Second Warehouse
カリーネ,Carine
チョトス,Chotos
飛竜たち,The Flying Dragons
コドラン,Newton
ファウズ,Fauz
ジョスリ,Josri
ドラきち,Vlad
ヴァイン,Vine
アリック,Arick
モチョフ,Mochov
アッピラ,Appila
ニーダル,Nidal
アイネス,Einess
ハクじい,Grandpa Haku
パチュリ,Pachuli
隠し部屋,Hidden Room
聖王の弓,Dryspell Bow
スラモン,Slimon
ユージャ,Yuja
シグーノ,Shiguno
マチェイ,Matchei
エリフィ,Erfi
光の記憶,Light's Memory
エッカー,Ecker
ナブリス,Navris
珈琲ミル,Coffee Mill
グラート,Glato
グレイン,Grain
モルーゼ,Morusei
プルップ,Puruppu
ルナール,Lunar
キルギル,Kirgyl
ルビレオ,Rubileo
チュカカ,Chukaka
ヘキ神父,Father Heki
ゴアンゾ,Goanz
ホミホミ,Homihomi
ピチョン,Pichon
クユーイ,Kuyui
カラタチ,Karatachi
緑のコケ,Emerald Moss
Ｅ１１５,E115
サンシャ,Sansha
レジーナ,Rejeena
オッカナ,Okana
ケーティ,Katy
ダイサヌ,Daisanu
アジト跡,Hideout
ニオキス,Niokis
ソンダイ,Sondai
ササラナ,Sasalana
ガノーラ,Ganora
ゼクセン,Zexen
サミダレ,Samidare
メティス,Metis
イヨルカ,Iyorka
ヒルベル,Hilbell
シェラタ,Chelata
シグネロ,Shigunero
キッパー,Kipper
チャツカ,Chatska
むらさき,grape
ニャラン,Catran
エーゼク,Eizek
エミーネ,Emine
創生結晶,Crystal of Creation
床の歯車,Floor Gear
2mv用強024,Strong 2mv24
曲芸師Ａ,Acrobat A
雲上地区,The Cloudtops
ロコンヌ,Loconne
キアリク,Tingle
ザンクー,Zanku
デニッツ,Denitz
トカチャ,Tokacha
約束の獣,Beast's Word
ゴンガロ,Gongaro
釣り老師,Fishing Guru
黒の呪符,Black Mark
魔弾の岩,Bullet Rock
マデウス,Madeus
ガウラド,Gaurad
アニータ,Anita
カサリン,Catherine
エネオラ,Eneola
ダゴック,Dagok
バンブー,Bamboo
村人女１,Villager F 1
ラガルト,Lagart
ジュロム,Jurom
ヒアソン,Hiason
タウリー,Taury
メキメキ,Kimmy
地脈湧点,Vein Point
ツボ錬金,Jar Alchemy
マリーブ,Mareve
ルピナス,Lupine
ウイロウ,Willow
天啓の石,Supreme Stone
太陽の塔,Sun Tower
嵐禍の陣,Swirling Storm
ニューラ,Meowla
悪魔の層,Demonic Layer
スタンカ,Stanka
べニーズ,Benize
ナジーン,Najinn
ルオパス,Luopus
ペリッツ,Peritz
水車郷前,Watermill
ビクチャ,Bikcha
獄獣の掟,Hell Beast's Law
剣闘の間,Gladiator's Grotto
麻のくつ,Linen Boots
カトラズ,Katraz
豊かの海,Sea of Worth
ベルムド,Bermud
モルゲス,Morgess
ユベール,Yubert
柱屋ユク,Pillar Shop Yuku
ガニラス,Handsome Crab
野獣の巣,Beast's Nest
木工設備,Woodworking Facility
サーンズ,Sans
ユパンキ,Yupanki
防砂ダム,Sand Dam
トントケ,Tontoke
村の男Ａ,Villager A
クリーズ,Kurize
マダンテ,Magic Burst
ヨシキリ,Yoshikiri
バルドル,Baldr
炎の領界,Fire Realm
断罪の森,Damnatio
リューデ,Ryude
ゴラトム,Goratom
ビントン,Vinton
プランセ,Planse
バンガル,Bangal
異界滅神,Otherworldly Obliterator
湖の遺跡,Lake Ruins
アーミャ,Amya
神威の扇,Faithful Fan
テトラル,Tetral
ゼニアス,Zeniath
ブオーン,Bjorn
メビシェ,Mebishe
Ｅ１５６,E156
エステラ,Estella
パーポフ,Papofu
アブゾ粉,Abso Powder
アマティ,Amati
シャペル,Sharpel
生徒・Ｃ,Student C
ミシルベ,Mishilbe
魔導の鎌,Sorcerer's Scythe
シャカル,Shakal
福音の杖,Staff of Salvation
ハルビム,Harbim
階・酒場,F Tavern
恵みの木,Tree of Grace
冒険者Ａ,Adventurer A
タマカイ,Giant Grouper
ヘルドラ,Heldra
蒼天魔斬,Parallax
チズキン,Chizkin
さくせん,Misc.
デズリン,Deathlin
シュシュ,Shushu
オイヒー,Oihee
2mv用弱002,Weak 2mv02
ロンリア,Lonria
ハマじい,Grandpa Hama
ワルぼう,Scruffy
ガメゴン,Wyrtle
プルンガ,Plunga
念晶巨人,Telecrystal Titan
さざなみ,Sazanami
雷鳴双牙,Cross Shock
ゼネシア,Zenethia
ゲスター,Gester
フェリナ,Felina
サリーダ,Salida
パポスヤ,Paposya
マイタコ,Maitako
中央区画,Center Area
丸太の壁,Log Wall
緑のカラ,Green Shell
ネシャミ,Neshami
ゴッチェ,Gocce
ダッホイ,Dahoi
モスコウ,Moscou
月の精霊,Moon Spirit
グズガス,Guzugas
ドラナン,Dranan
謎の巨人,Mystery Giant
ソーミャ,Somya
ペイジー,Page
ピュトス,Pythos
カラドン,Caladon
和風の柱,Japanese Pillar
ニュード,Nudo
アルキパ,Archipa
プトゥン,Putun
アージュ,Aju
フレイト,Freight
マンボウ,Sunfish
スブラキ,Souvlaki
ポリッピ,Polippi
ウィーブ,Weav
ピオリム,Acceleratle
ルイース,Louise
ガッパグ,Gappag
神都の門,City Gates
此岸の絵,"Coastal"
アネラス,Anelas
シューヌ,Shunu
2mv用強028,Strong 2mv28
メルド陣,Meldo Circle
タラクハ,Tarakuha
ジタユー,Jitayu
トゥフラ,Tufura
ティーチ,Tichi
ギュメイ,Goresby-Purrvis
時の王者,Time Sovereign
コホーザ,Cohoza
ヤーディ,Yadi
ガガオス,Gagaos
ブチやん,Mottleyan
ポップパ,Poppupa
ウチャカ,Uchaka
もくじい,Grandpa Moke
ロッチェ,Roche
ララバブ,Larabab
衣紋かけ,Coat Rack
マシスタ,Masista
光のツボ,Light Pot
やみ亡者,Dark Shadow
ユリリス,Yurilis
フアーナ,Fuana
誓いの盃,Cup of Vows
ビルグオ,Birguo
ケディヤ,Kediya
ヒルピー,Hirupii
ジューノ,Jouno
パキュラ,Pakyura
ホグラム,Hologram
風車の中,Windmill Interior
バーマリ,Vermari
トビアス,Tobias
ドラガン,Dragan
療養の間,Hall of Healing
イーハー,Eha
シャーン,Shawn
セブシィ,Sebushi
チュメイ,Chumei
チェトス,Chetos
ガサール,Gasar
ドーラコ,Drakko
バニたま,Bunneggma
スィーテ,Suitei
パムック,Pamuku
リザンド,Lizando
青うさぎ,Blue Rabbit
2mv用弱009,Weak 2mv09
ぱたぱた,Flapp
謎の怨霊,Mysterious Apparition
しらあい,pale cyan
オダマキ,Odamaki
ぶとうぎ,Strongsam
シーリャ,Silia
紅葉の壁,Autumn Leaf Wall
ダニエル,Daniel
ロイザー,Roiza
トランプ,Cards
モンじい,Grandpa Mon
神の緋石,Divine Crimsonite
ティヨン,Tyon
エメルダ,Emelda
Ｅ１３７,E137
あみあみ,mesh
検証用壁,Test Wall
地獄の門,Gate of Hell
せんれき,Records
レリーフ,relief
ジロチャ,Jirocha
ゼクレス,Zechres
メローラ,Melora
白い花束,White Bouquet
ビルラー,Biller
黒いバラ,Black Rose
ミディオ,Midio
ドシノズ,Doshinoz
フロイデ,Freude
ノッブス,Knobs
風裂の崖,Wind Cliff
カザキリ,Kazakiri
パララヒ,Pararahi
踊り子Ｃ,Dancer C
オットー,Otto
デイスン,Dyson
ハーミィ,Hermy
姿見ツメ,Mirror Claws
札強化屋,Card Enhancement Shop
ハパント,Hapanto
テンツク,Slugger
ツアロム,Tuarom
ジャギロ,Jagiro
輝天の杖,Sky Staff
ヴェルト,Velt
師ハジカ,Professor Hajika
トトッジ,Totojji
アリシア,Alicia
キキミミ,Kikimimi
デコリー,Decory
加重の書,Thunk Book
ザナカン,Zanakan
ツッコミ,Sobering Slap
オイリア,Oiria
とんぬら,Tonnelat
ブデチョ,Budecho
異界の箱,Otherworldly Box
ジャガイ,Jagai
サントナ,Santona
モルガン,Morgan
後程使用,Eventual Use
ルリレア,Lulilia
ポレアン,Polean
キンナー,Kinner
ドリアス,Dorias
スラぼう,Goodith
ワーベィ,Warvey
民家２階,House 2F
ルアーイ,Ruai
インジフ,Injif
破邪舟師,Ship Shaper
ラーの鏡,Mirror of Ra
雅な衝立,Elegant Screen
オラーチ,Orach
スッパ党,Sour Power
ブレイブ,Brave
ルヤーナ,Luyana
ビョルン,Byorn
ラガット,Ragatt
ゼドラ洞,Zedra Cave
未踏の地,Uncharted Area
アリッホ,Ariho
カルメン,Carmen
ゴバイオ,Gobaio
ワガハイ,わがはい
ウッドン,Woodon
チャルク,Chark
エリシャ,Elisha
暗黒連撃,Black Blade
ハナサト,Hanasato
トロッド,Trod
虹の花束,Rainbow Bouquet
炎の樹木,Fire Wood
キャベリ,Caveli
大辛の間,Very Spicy
ヒメネス,Himenes
ニーブル,Nieble
オッシュ,Oshu
真新しい,brand new
シェケル,Shekel
ディーエ,Diei
モルダン,Mordan
リカルド,Ricardo
リュウタ,Ryuuta
スライル,Slyle
ヒビーロ,Hibiro
ピッタン,Pittan
アガット,Agato
ラダーズ,Radaz
サナーン,Sanaan
チュプン,Chupun
ニワトリ,Chicken
コレット,Colette
激辛の間,Xtreme Spicy
ロッティ,Rottie
プチーノ,Puchino
ヘミング,Heming
プルンパ,Purunpa
ミハジテ,Mihajite
オーダン,Ordan
ソルソル,Solsol
セシリィ,Cecily
パルペペ,Parupepe
マーカス,Marcus
アガーテ,Agate
参列者Ｅ,Attendee E
オルセコ,Orseco
ルールナ,Luluna
フフフハ,Huhuhuha
ギャリー,Gary
ホヒホホ,Hohihoho
ドロシー,Dorothy
パペック,Poppet
ガガンマ,Gagamma
サパラン,Saparan
災異の途,Way of Disaster
終末の径,Path of Doom
怨嗟の炎,Fire of Resentment
南東区域,Southeast Zone
ラビオラ,Raviola
アグラニ,Agrani
ホープホ,Hoopuho
ムタタプ,Muttap
王者の座,Seat of the Sovereign
ぽしぇる,Poshel
桜のラグ,Cherry Blossom Rug
万能の証,Proof of All
2mv用強020,Strong 2mv20
北の井戸,North Well
ホムディ,Homdi
ビルーラ,Birula
悔恨の園,Lamentus
ロブキバ,Robukiva
浄化の間,Purification Chamber
シェリル,Cheryl
手を振る,Wave Goodbye
宮殿の間,Palace Room
記憶の門,Gate of Memories
武闘場前,Battlefield
キュガリ,Kyugary
ガドンツ,Gadonz
マリリン,Marilin
ソナリス,Sonaris
大きな岩,Large Rock
ギョクサ,throne
ケイシー,Casey
ラドニア,Ladonia
メレーヌ,Melene
ハシバミ,Hashibami
プリニオ,Pulinio
ポワール,Poire
魔眼の月,Eye of Evil
バリスン,Barisun
ほ乳ビン,Baby Bottle
シルバー,silver
ロッサム,Rossham
ホッポン,Hoppon
監視装置,Monitoring Device
アンサー,answer
採石場前,Quarry
グレック,Greck
カチーロ,Kachiro
アバノク,Abanoc
原紙の枝,Stencil Twig
ヴィール,Veer
ゴーツク,Gotsuku
ルシュカ,Ruska
ホーシャ,Hosha
ティグロ,Tigro
クッチャ,Kutcha
ジョージ,George
キバリオ,Kivario
モンポー,Monpo
研究所前,Laboratory
ルガーナ,Lugana
ハルベル,Halbel
エディス,Edith
イグラン,Igran
ばけガニ,Rabid Crabid
パデレフ,Paderev
レギーナ,Regina
ゲンバウ,Genbau
リネット,Rinetto
Ｅ１５１,E151
プロキオ,Purokio
ドライト,Dright
トリーナ,Torina
ホーワン,Howan
2mv用弱005,Weak 2mv05
バロケル,Barokel
準備運動,Warm-up Exercise
パッチョ,Patcho
首を振る,Shake Head
2mv用強029,Strong 2mv29
ジュエル,Gumdrops
2mv用強037,Strong 2mv37
災厄の王,King of Calamity
パナシェ,Panache
ルグリー,Rugly
青の真珠,Blue Pearl
イェード,Yade
マドゥン,Madun
バンボラ,Banbora
王の部屋,King's Room
ラダディ,Ladadi
ガートゥ,Gartu
空の狩人,Sky Hunter
リッケル,Rickel
ジスラン,Gislan
フレデリ,Fredri
ソシェラ,Sochera
メローメ,Melome
プリぞう,Jailster
夏狐の面,Summer Fox Mask
ミュゼル,Myuzeru
赤い宝石,Royal Ruby
アサナギ,Asanagi
雪だるま,Snowman
クランツ,Kranz
チャセン,Chasen
ハピの花,Happy Flower
天願の座,Divine Seat
サガィズ,Sagaiz
バッチュ,Batch
ベージュ,beige
タービレ,Tabire
パサンタ,Pasanta
スレイン,Slaine
カチュア,Kachua
ナービュ,Nabyu
パパッタ,Papatta
ゲーニド,Genido
フォリン,Forin
レーテュ,Reityu
2mv用強005,Strong 2mv05
ロニーゴ,Lonigo
石碑の間,Rock Epitaph
ガーデナ,Gardena
ヤーゴル,Yargol
パッフル,Paffle
2mv用強021,Strong 2mv21
謎の光球,Mysterious Light Sphere
緑の真珠,Green Pearl
グラーナ,Grana
ヤービィ,Yabby
星獣アム,Star Beast Am
南の井戸,South Well
マウジャ,Mauja
マーロウ,Marlowe
コオモス,Coomos
彼岸の砂,Crimson Sand
ハズカム,Hazcam
ホスロー,Khosrow
トウジャ,Touja
マビシア,Mabicia
ウーリカ,Urika
エドナス,Ednas
トゥーナ,Touna
ベイラン,Beiran
村の聖地,Village's Sanctuary
若木の弓,Sapling Bow
心願の間,Hall of Wishes
西の井戸,West Well
フルーズ,Fluze
ジヌデル,Shinderu
チャンゲ,Chang-e
ギッショ,Gissho
パーライ,Parley
ガブドル,Gabdor
カブース,Kabusu
漆黒の竜,Jet Black Dragon
ムベンガ,Goliath Tigerfish
誓いの場,Place of Oath
サッサカ,Sassaka
ブロルト,Brolt
ジェザム,Jezam
コンラド,Conrad
左の翼強,Apex Left Wing
ラリッサ,Larissa
フラリス,Flaris
旅の博士,Traveling Doctor
リャード,Ryard
ヌサカン,Nusakan
ベスリン,Bethlin
デオルケ,Deorque
守護天使,Guardian Angel
プルペア,Prupea
イセエビ,Lobster
ルージュ,Rouge
ルシアン,Lucian
建物２階,Buildings 2F
深度１４,Depth 14
セージィ,Seji
白板の壁,White Wall
ゴッデム,Goddem
バラギル,Balagir
ナクダス,Nakudas
ポッパー,Poppa
カランテ,Carante
風車の丘,Windmill Way
実りの原,Fields of Harvest
ダツィン,Datsin
ガッシュ,Gash
パーリン,Perlin
バブリン,Zepling
砂海の主,Sand Sea God
粗末な箱,Poor Box
勇者の盾,Hero's Shield
山ブドウ,Wild Grapes
イエすけ,Eisuke
2mv用強003,Strong 2mv03
リギョス,Rigyos
ニジャル,Nushal
ディゼル,Diezel
ウンバク,Umbak
しぇいん,Shane
絶望の炎,Fire of Despair
源世碑石,Origin Stone
トルバン,Torban
グリーダ,Gurida
リドルタ,Ridolta
悲観の闇,Dark Despair
アデュバ,Aduba
モウゾウ,Mouzou
飛竜・塔,Tower Flying Dragon
カシャル,Kashal
ＤＷの像,DW Statue
中央地区,Central District
ウロック,Ulock
ハクオウ,Hakuo
聖魂の剣,Holy Sword
グロリス,Gloris
ソハエル,Sohael
Ｅ１３５,E135
パイセン,Paisen
豊炎の実,Fiery Fruit
ポニーナ,Ponina
サコシュ,Sakosh
ルゴール,Rugolle
イノータ,Inota
黒き花婿,Black Groom
本革の壁,Leather Wall
ミュラル,Mural
カジノキ,Kajinoki
ピレルー,Pierre
リウ老師,Master Liu
イクサム,Ixam
幸せの証,A Proof of Happiness
ソルドー,Soldor
ミシダン,Mishidan
ハンポン,Hanpon
ディレン,Dillan
ロキリア,Lokiria
アーナイ,Arnai
エフムチ,F Whip
ヘドロ床,Sludge Slab
憎悪の炎,Fire of Hatred
紫の呪符,Purple Mark
アーガン,Argan
はくしゅ,Applause
ヴァルタ,Valta
ノズーボ,Nozbo
魔塔手帳,Tower Tome
ダラシュ,Darash
マリッチ,Marich
カムシカ,Azlantelope
あじさい,Ajisai
コッシャ,Kossha
ガットゥ,Gattu
ジナール,Ginard
ギンセン,Ginsen
マイタケ,Maitake
チャック,Chuck
竜王印章,Dragonlord Stamps
マイキー,Mikey
ルアンべ,Luambe
ペープペ,Pepupe
シモーヌ,Simone
ビューガ,Buga
ヨッチャ,Yoccha
ビコメチ,Bikomechi
子豚の像,Piglet Statue
ヒキワリ,Hikiwari
シメール,Shimere
幽紋の杖,Spectral Staff
ウインク,Wink
スイーナ,Suina
ヤギの像,Goat Statue
ウォルド,Angelfall
赤き巨竜,Red Dragon
海辺の鐘,Seaside Bell
レレッポ,Releppo
ピースペ,Pisupe
謎の鉱石,Mystery Ore
ぽぽりぱ,Popolipa
ハニート,Hanito
看板・上,Sign - Up
太陽の弾,Sunshot
チャンプ,Hammer
ひやかす,Tease
アーリフ,Aarif
フーピー,Fupi
スラミア,Slimeya
2mv用強039,Strong 2mv39
コイン屋,Coin Shop
ゴーリャ,Gorya
大鉱脈前,Large Vein
ヤドカシ,Draginn
ヤムジク,Yamujiku
マローア,Malora
シッキム,Sikkim
バトマス,gladiator
雪ウサギ,Snow Rabbit
リエイグ,Rieigu
クェスカ,Cesca
ベニヒナ,Beniha
パシエル,Pashiel
ダイロン,Dairon
緑の呪符,Green Mark
曲芸師Ｂ,Acrobat B
錯乱の竜,Delirium Dragon
もりもり,Morimori
あるばん,Alban
本グレー,Gray Book
バシっ娘,Bazoom Girl
ブルーマ,Blooma
ぺイジー,Peiji
夢の花束,Dream Bouquet
大砲・西,West Cannon
知性コア,Intellicore
チェルソ,Chelso
ダイス！,Dice!
ラーリア,Laria
プールプ,Pulup
リフィト,Rifit
ムイーブ,Moeve
蛮災の鎌,Savage Scythe
剣核の間,The Sword's Core
デュバル,Duval
レンタル,rental
ダービー,Darby
エビュン,Evian
スララン,Gooran
まるくす,Marx
ザオリク,Kazing
ヨッチ族,Tockle
ジュピパ,Jupipa
剛健の書,Buff Book
赤い結晶,Red Crystal
極竜打ち,Wyrm Whip
白い封筒,White Envelope
マローネ,Marone
勇者の橋,Bridge of Heroes
タージオ,Targio
シシイラ,Shishiira
竜の先兵,Mandrake Marauder
鷲王の盾,Eagle King's Shield
ズンゴス,Zungos
スラリィ,Slurry
イッコク,Ikkoku
めいそう,Meditation
ポレッテ,Polette
憩いの地,Resting Place
チアーノ,Ciano
レイメイ,Reimei
アムチャ,Amcha
プリエラ,Priera
ニューネ,Newne
ホルムズ,Holmes
分かれ道,Forked Road
神々の間,Room of Revival
イリーグ,Ireeg
バフチョ,Bafcho
ティアン,Tian
ムシカキ,Musikaki
ドレーク,Drake
神護の刀,Empyrean Katana
クマノミ,Clownfish
バンリィ,Banry
ロゲール,Logelle
ガルバオ,Galvao
タマカラ,Tamacara
休息の地,Resting Place
ダドリー,Dudley
アイシャ,Aisha
宿屋ルモ,Innkeeper Lumo
ピアラト,Piarat
恐怖の湖,Lake of Fear
学園長室,Principal's Office
プレッツ,Pretz
釣り具屋,Tackle Shop
タアテェ,Tate
ハクール,Hakure
ペルピン,Pelupin
プクヨミ,Pukuyomi
ゴッツェ,Gotze
ハプキム,Hapukim
アロルド,Arold
フォルタ,Forta
ハハホホ,Hahahoho
シーロア,Shiroa
えねじい,Grandpa Enei
七不思議,Seven Wonders
グルーネ,Grune
ギジェル,Gijel
長老の家,Elder Family
ボネーブ,Boneve
シシノタ,Shishinota
シンリツ,Shinritsu
レギオン,Legion
白亜の壁,Chalk Wall
コンギス,Kongis
ゴットゥ,Gottu
天魔復活,The Demon's Revival
ジュアロ,Juaro
よろず屋,General Shop
プルーナ,Puluna
魔導広場,Square of Sorcery
ペーパル,Peppal
戦士バン,Warrior Ban
雪原の町,Snowfield Town
リカント,Bewarewolf
ルペッタ,Ruperta
エレジア,Elegia
ジョイク,Joyk
リバリィ,Rivaly
レリーン,Leleen
エパニエ,Epanie
システィ,Sisty
ポンメル,Pommel
アルバム,album
フイーゴ,Huigo
コンラザ,Conraza
ピパップ,Pipap
ジャンナ,Janna
ロウの像,Rab Statue
プノッペ,Punoppe
デニッサ,Denissa
レーノス,Renosu
クルース,Cruz
玉座の間,Throne Room
クルッチ,Ickle
ショーナ,Shauna
ジョンモ,Johnmo
オラベル,Ollabelle
ガンバン,Ganban
ガルシア,Bronson
絶望の檻,Cage of Despair
フンガー,Red Fang
ティンタ,Tinta
精霊の実,Spirit Nut
滅びの神,God of Destruction
トゥーブ,Toube
メンカル,Mencal
ゴドリー,Godley
やめとま,Can't Stop, Won't Stop
きんかい,Gold Bar
万魔の塔,Tower of Terror
天女の沓,Celestial Maiden Shoes
ハーピナ,Happina
木板の壁,Wooden Board Wall
ディーク,Deak
黄金兵長,Gyldenbritches
玉子焼き,Omelet
ドゥカン,Ducan
幻惑の霧,Fog of Illusion
カシッロ,Cassillo
アトラス,Atlas
試みの門,Trial Gate
船の墓場,Ship Graveyard
竜の火酒,Dragon's Firewater
アルベル,Arbel
時見の箱,Timeseer Box
覇者の心,Champion Heart
ビリャロ,Villaro
サビーラ,Sabira
ましまし,Mashimashi
クチナシ,Kuchinashi
サレーナ,Salena
幽玄の泉,Spring of Tranquility
コアヤフ,Koayafu
オリビア,Olivia
キラリン,Kiralin
オルヴァ,Orva
ポディオ,Podio
イヴェナ,Ivena
地雷呼び,Call Mine
サリアス,Sarias
ワステコ,Wasteko
リタの木,Rita Tree
がいこつ,Skeleton
かみじい,Grandpa Kami
トゥバン,Thuban
天の香木,Firmawood
ティリリ,Tiriri
遺跡の森,Forest Ruins
中央広場,Central Plaza
ランデム,Landem
3rd兄弟服,3rd Brother Clothes
マメマメ,Mame Mame
アルウェ,Alwe
ディクト,Dicto
ツテバク,Tsutebaku
シューク,Shuku
ナイチル,Naichir
星見の台,Stargazing Platform
開花の層,Blooming Layer
メダリオ,Medaleo
スミジィ,Sumiji
巨猫の巣,Cat's Cradle
ミーリュ,Mieryu
ヤムリカ,Yamurika
バジェオ,Bajeo
エライザ,Eliza
村人男２,Villager M 2
橋上の宿,Bridge Inn
獄闇の陣,Helldark Set
トランド,Torand
ハッパマ,Happama
ウツセミ,Utsusemi
ボガーン,Bogan
白木の柱,Plain Pillar
ロナ長老,Elder Rona
ジンダス,Jindas
ノワリエ,Noirie
郷愁の扉,Door of Nostalgia
チャポム,Chapom
ユールグ,Yulug
プーリィ,Puryi
プルッテ,Purutte
まーしゃ,Marsha
輝天の鎌,Sky Scythe
フェルモ,Fermo
タコポン,Takopon
ヤドカリ,Hermit Crab
参列者Ａ,Attendee A
退魔の鏡,Bound Abound
ラプラド,Laprado
悩める像,Distressed Statue
眠りの海,Sea of Sleep
メルテナ,Meltena
ハクドウ,Hakudo
ライリー,Riley
キリアン,Kilian
Ｃ１３０,C130
コーバス,Corbas
水晶の棚,Crystal Shelf
秘伝の間,Chamber of Secrets
モテモテ,popular
希望の花,Wish Flower
スラルド,Goomerald
？？？階,???F
フィーブ,Phebe
バルチカ,Baltika
ペルセイ,Persay
コロペン,Coropen
郵便局員,Postman
疾風怒涛,Gale Rage
どらきー,Dracky
アスピエ,Aspey
ホウガイ,Hougai
つつじい,Grandpa Tesu
ロレンゾ,Lorenzo
ダヌシュ,Danush
ポシェル,Poshel
パディン,Patin
たけやり,Bamboo Spear
農園の町,Farm Town
ペーペス,Pepesu
トルソー,Toruso
従者部屋,Servant Room
ドゥデリ,Dudly
たまぞう,Tamazo
ルワーレ,Ruwarei
ナクリン,Naklin
誓約の子,children of the covenant
孤独の闇,Dark Isolate
森羅蛮毛,Equistrion Hair
プラット,Pratt
宿屋２階,Inn 2F
ゴリウス,Gorius
バルゲル,Barger
コトノハ,Kotono
ユーネリ,Yuuneri
ヘルック,Helluk
水の脚帯,Flowing Boots
アクバー,Blackmar
ウステコ,Usteco
ハーレポ,Harrepo
モールス,Morse
参列者Ｃ,Attendee C
ラカーナ,Lacana
メアリス,Maris
イデヌオ,Idenuo
クロウズ,Claws
マヤギン,Mayagin
イーベル,Ebel
クージャ,Kooja
創生の渦,Creatorium
ルアシー,Luashi
保育地区,Nursery District
せいすい,Holy Water
ドッシュ,Dorsh
マホキテ,Absorb Magic
逆波の剣,Wave Sword
リアリス,Rialis
竜の墓場,Dragon Graveyard
ヴァラギ,Varagi
グウェン,Gwen
天唱楽師,Heaven Poet
バレクス,Barex
ナイヤイ,Naiyai
ミチョム,Michom
シェビテ,Chevite
知の城塞,Fort Wisdom
クラウス,Klaus
カエマン,Kaeman
すごろく,Sugoroku
ゲジズド,Gezizudo
ピポンヌ,Piponne
常闇の杖,Everdark Staff
モンツィ,Monzi
ポランク,Poranku
キーエル,Kielle
エムリヤ,Emria
ナルビア,Nalbia
ギッドン,Giddon
地脈結晶,Crystallized Vein
妖精の実,Fairy Fruit
ゲノミー,Crankiid
メンダコ,Flapjack Octopus
カナール,Kanar
キャプン,Kyapun
ガボリス,Gaboris
緑の宝石,Equable Emerald
転職神官,Vocation Priest
ニザーム,Nizaam
アッシュ,Ash
バスラー,Bassler
ダリボル,Dalibor
ブレエゲ,Breyga
ガクブル,Tremble
リマウツ,Remoutsu
冥鬼の影,Hellshade
カンヘン,Kanhen
レポリニ,Repolini
レーニエ,Rainier
カマアタ,Kamata
ギヤース,Gyaas
オーレン,Oren
レテリオ,Reterio
ポルプポ,Polupupo
ロナール,Ronal
リルラン,Rilran
ロッペン,Roppen
ドルゴス,Dorgus
キッスイ,Kissui
2mv用弱003,Weak 2mv03
大砲設置,Cannon ?
甘味兵長,Sweet Soldier
ホーリス,Horiss
星辰武王,Star Warrior
ミッケル,Mickel
リルレル,Lilrel
レガンセ,Leganse
オモダカ,Omodaka
けいれい,Salute
キイチョ,Kicho
薄明の花,Twilight Flower
ランバル,Ranbaru
鍛竜の洞,Dragonforge Cave
チェボン,Chebon
ザッケス,Zackes
黒き果実,Black Fruit
バルくん,Asby
ジュディ,Judy
ムムッタ,Mumutta
紫の王冠,Purple Crown
竜神の盾,Dragovian Shield
デスピナ,Despina
フリゾン,Frizon
ガニッポ,Ganippo
ビーゼス,Bizethe
狼牙突き,Maulstrom
ポトレア,Torea
マジリク,Majirik
ビンゴ券,Bingo Ticket
ラヴォー,Lavo
復活の杖,Zing Stick
超木工刀,Super Slick
エルンス,Eruns
スーミュ,Sumyu
ツィッサ,Zissa
ザングル,Zangle
ザグルフ,Zagulf
スクルト,Kabuff
天河物語,Milky Way Story
庭園の間,Garden Gallery
ナヤリー,Nayari
雷撃着弾,Bolt Impact
炎樹の丘,Firetree Hill
白板の柱,White Pillar
ミャーコ,Myaco
ルコール,Lukor
族長の家,Chief's House
シャルギ,Shargi
剣聖の刀,Saintly Sword
シャルル,Charles
下弦の環,Last Quarter Ring
ザルムン,Zalmun
バブスケ,Bobble
ミイチェ,Miiche
迷宮の主,Maze Boss
バグナウ,Bagnow
死の悪夢,Dead Dream
セキチク,Sekichiku
ソノラン,Sonoran
ノワール,Noir
クオード,Quard
ヴィント,Vinto
ピルトン,Pilton
ダボック,Davoc
ランディ,Randy
シャッデ,Shadde
ラバーナ,Lavana
エワルト,Ewalt
クイーラ,Quila
ニムリス,Nimris
シェリカ,Sherika
おむすび,Rice Ball
赤いサビ,Red Rust
みーちゃ,Micha
はくじい,Grandpa Haku
クーミナ,Kuumina
渡りの鐘,Passing Bell
ポムボム,Pom Bomb
ジャージ,Jersey
エックス,X
ラギ雪原,Ragi Snowfield
クファン,Kufan
イエろう,Sloth
ゲーベラ,Gabella
リーヌス,Linus
イエティ,Powie Yowie
石灯ろう,Stone Lantern
ゴランゾ,Golanzo
テスト１,Test 1
ナビエル,Nabiel
エゴール,Egor
盗賊の証,Honor Among Thieves
マクトゥ,Maktu
わらじい,Grandpa Wara
リリオル,Lyriol
王家の墓,Royal Tomb
胡蝶の花,Butterfly Flower
バンケイ,Bankei
事象反転,Revenant Reversal
パープナ,Papuna
ゾーキー,Zorki
ガエリブ,Gaelib
海賊NPC３,Pirate NPC 3
ノーマン,Norman
ルルミソ,Lulumiso
ペイボラ,Peibola
ヤップイ,Yapui
ハキーマ,Hakeema
かざきり,Kazakiri
ダイヤの, of Diamonds
ホイミン,Healie
ピナコラ,Pinacola
魔法使い,mage
流水の柱,Water Pillar
バーチュ,Virtue
パラリン,Pararin
ミネット,Minette
反転５階,Inverted 5F
トリクン,Torikun
リイサン,Liisan
大鎌の間,The Split
トゥゼク,Tuzek
弐の試練,Second Trial
チャコル,Charcoal
ケンドル,Kendol
アシノヤ,Ashinoya
秘湯の花,Secret Salts
ペッペチ,Peppechi
カルアス,Caluas
オウム貝,Nautilus
ファラオ,Pharaoh
エフオノ,F Axe
レックス,Rex
第の部屋,No.  Room
ほほえむ,Smile
モンアド,Monard
オレガノ,Oregano
宿屋ユン,Innkeeper Yun
クーレェ,Clay
ペンペル,Pempel
イェーラ,Yera
ノレエレ,Noreele
シャナン,Shannan
スロリブ,Throlib
タハティ,Tahati
ゼルバド,Zelbad
ネコずな,Kitty Litter
宵の食堂,Evening Dining Room
バベット,Babett
タマーサ,Tamatha
ドラーク,Drak
ケフェド,Kefed
ルバート,Rubart
ツーウィ,Tsui
プルッタ,Pluta
フオーコ,Fuoco
皇帝の間,King's Abode
幻炎の灰,Phantom Flame Ash
のびじい,Grandpa Nobi
ゴレムス,Mason
ピヨピヨ,Cheep Cheep
メネト村,Menet Village
ヒシャリ,Hishari
アウタタ,Outata
ベロベロ,Frolicker
2mv用強007,Strong 2mv07
疾風迅雷,Whipcrackle
宝の価値,Big Treasure
月のくつ,Moon Shoes
2mv用強031,Strong 2mv31
ハーリプ,Haaripu
ホーパフ,Houpuff
中央区域,Central Zone
プクフル,Pukuful
クイニテ,Kuinitay
ポッツァ,Pozza
輝きの園,Garden of Radiance
カナリヤ,canary
まぶしい,Dazzling
家庭科室,Home Economics Room
光彩の布,Candelacloth
ツチフキ,Abbottina
転生の花,Rebirth Flower
ミズッチ,Mizucchi
ファラス,Faras
イガリン,Igarin
炎獄の門,Prison of Flame
参列者Ｂ,Attendee B
ラガルド,Lagarde
ミヨウル,Miyoru
極天女帝,Sky Empress
ヘヒヘヘ,Hehihehe
緑の短冊,Green Strip
ガニガニ,Gani Gani
ミリシェ,Milliche
アマッポ,Amappo
昼の情景,Noon Scene
プスゴン,Pusgon
ペチャポ,Pechapo
カローネ,Karone
2mv用強001,Strong 2mv01
サイウー,Saiuu
暁星の間,Dawnstar Chamber
チュルダ,Curda
竜神の柩,Dragon God's Coffin
夜の情景,Night Scene
魔塔ゴケ,Tower Moss
参加受付,Registration
パプラム,Papulam
怪鳥の森,Bird Forest
たこ焼き,Takoyaki
巨竜の巣,Dragon Nest
トロッコ,Minecart
デリアン,Derian
本棚の壁,Bookshelf Wall
２階・東,2F - East
ボンジリ,Bonjiri
コズタン,Deadwood
神々の像,Statues of the Divine
天狐の盾,Sky Fox Shield
ビゴスラ,Bigosla
ネネット,Nenette
居住地区,Living Area
最強商品,Strong Goods
雷呼び用,Call Lightning
万魔の箱,Terror Box
もんじい,Grandpa Mon
ザハノー,Zahanot
タルタタ,Tarutata
パートリ,Patori
ノグリナ,Nogurina
ダリウス,Darius
ヘヘヘパ,Hehehepa
ハーティ,Hati
デンガー,Prime Slime
ニンゲン,human
カヤカリ,Kayakari
イウマド,Iwmad
閃輝晶核,Candescent Core
コルシュ,Corsh
ソヌーグ,Sonugu
マホトラ,Drain Magic
バルザイ,Balzai
双竜打ち,Twin Dragon Lash
ビビカル,Bibical
マクリマ,Makurima
ロメウス,Romeus
ロルフク,Roarfolk
天使の絵,"Angel"
アカキリ,Akakiri
マグリル,Magrill
パマテラ,Pamatera
強・魔軍,Apex Demon Army
ルアンベ,Ruanbe
鍛冶設備,Smithing Facility
ケーキ神,Great Cake
ビッグＢ,Big B
時なき駅,Time Station
ベネット,Bennett
ドラスケ,Draniel
候補者Ａ,Candidate A
月見団子,Moon Dumpling
ディーマ,Deema
白亜の町,Chalk Town
ベゼード,Bezedo
空き部屋,Vacant Room
Ｃ１３９,C139
ジュレド,Juled
暗き海溝,Dark Trench
ポナック,Ponak
リーベル,Ribel
エリーゴ,Eriego
シュリィ,Shuri
アトゥイ,Atui
ヨーネラ,Yonella
リオレル,Riorel
ピピーナ,Pipina
ビャクヤ,Byakuya
コーヴィ,Corvi
コンサー,Konsar
ランシシ,Ranshishi
アイヤイ,Ayai
ラベロー,Rabero
カヌエリ,Kanueri
シロザメ,Spotless Smooth-Hound
ノーテス,Notess
サマンサ,Samantha
妖精の剣,Fairy Sword
ウーラー,Woola
ポアピィ,Poapii
魔祖メゼ,Antecedent Meze
投影装置,Projector
ウロゾス,Urozos
大砲の弾,Cannonball
リイチェ,Riiche
知識の間,Place of Knowledge
ディエゴ,Diego
スランジ,Goorange
白い台座,White Pedestal
スバイロ,Svairo
エイドス,Eidos
妖鳥小噺,Bad Bird Short Story
ナドラガ,Nadraga
こまじい,Grandpa Koma
ナーロー,Naro
コーリン,Korin
オオジャ,Ooja
イチジク,Ichijiku
巨人の層,Gigantic Layer
クロキリ,Kurokiri
遺跡の家,Ruin House
Ｃ１３３,C133
酒場２階,Tavern 2F
鉄の金庫,Iron Safe
崖・上層,Upper Cliffs
ドビエイ,Dobiei
アマガス,Amagas
獄炎の陣,Hellfire Set
始覚の間,Lobby
ブラザー,Agooroyd
ティニー,Tiny
プロシオ,Proshi
フリップ,Furipp
井戸の間,Well Room
封の水晶,Seal Crystal
トリグナ,Torigna
ハパハフ,Hapahahu
ペポリス,Pepolis
階・宿屋,F Inn
リアーヌ,Liann
エオノラ,Eonora
がっくり,Disappointed
ツヅケル,Contineau
ナラジア,Narasia
ミザール,Mizar
創失の楔,Shard of Unmaking
マツリカ,Matsurika
メッキー,Kim
レクシー,Lexi
クチケル,Kuchikel
メルクル,Merkel
ミュロン,Myron
フダード,Fudado
姿見ムチ,Mirror Whip
メドゥナ,Meduna
ファミン,Famin
スラネル,Slanell
ハクチャ,Hakucha
うめねず,pale plum
キュグニ,Kugni
トルネコ,Torneko
釣り小屋,Fishing Hut
ゲソッズ,Gesoze
簾すだれ,Screen Shade
魔法戦士,armamentalist
オアシス,Oasis
ザガゾン,Zagazon
ロクメン,Rokumen
カミッラ,Camilla
かくとく,received
エレイン,Elaine
マッシグ,Massig
オーシェ,Oushe
デュルメ,Durm
鉄の延板,Iron Plate
ガナッツ,Ganats
オービエ,Orbie
アレイダ,Aleida
ノベレア,Novellea
リヒター,Richter
桃うさぎ,Pink Rabbit
至尊の杖,Staff of Virtue
古代都市,Ancient City
震天の槌,Heavenshaker
Ｅ０８３,E083
ツィリア,Zilia
小元気玉,Bonus Orb S
ポイズン,poison
ゼルメア,Zelmea
姿見大剣,Mirror Greatsword
ポポヘプ,Popohepu
ボセバフ,Bosebafu
ヴィッコ,Vicko
チイチイ,Chi Chi
グイダー,Guider
ランシー,Lancy
レサニー,Lesani
レノッサ,Lenossa
特殊牢獄,Peculiar Prison
溶岩窟前,Lava Cave
かがみん,Kagamin
ゲハジデ,Gehajide
ロザリー,Rosalie
ルンリィ,Lunry
ルオパリ,Ruopari
西の浮島,Westward Isle
暁の神殿,Temple of Dawn
ソマーク,Somark
ウルミダ,Urumida
ドーニラ,Donila
ドーイヤ,Doiya
ホッチャ,Hotcha
トッチァ,Toccia
ルイッサ,Luisa
トゥール,Tulu
セピアン,Sepian
ロベール,Robert
控えの間,The Antechamber
アリヤン,Ariyan
封剣の門,Sealed Sword
ヤンミン,Yanmin
シラクモ,Shirakumo
ヒュウガ,Hyuga
ふぉるた,Forta
村の男Ｃ,Villager C
キュルル,Kyururu
選択の間,Option Room
オパール,Opal
皮のムチ,Leather Whip
スタロン,Staron
グラセア,Glacea
神の一投,Godly Throw
アバの家,Abba's House
プリネラ,Prinella
チャアム,Chaam
シガール,Sigal
ウォルス,Wolf
ザルギス,Zargis
バルーク,Balouque
プチャコ,Puchako
ペコリア,Pekoria
結晶の塔,Crystalline Spire
ディリロ,Dirilo
フフチュ,Fufuchu
バチコワ,Bachkova
心層伽藍,Temple of the Heart
フィレル,Fillel
2mv用強040,Strong 2mv40
ケンベイ,Kenbei
ヒュリー,Huri
パレーノ,Palenno
グレッサ,Gressa
ディモス,Deimos
マヌーサ,Dazzle
赤の呪符,Red Mark
クーキュ,Kukyu
北東区域,Northeast Zone
しゅがー,Sugar
マロック,Maroc
バラモス,Baramos
天使の涙,Angel Tears
シーギア,Shigia
ヴェール,Veil
サンギャ,Sanga
トオチャ,Toocha
アーニア,Anya
森羅蛮獣,Equistrion
キューラ,Keura
ザイナー,Zeiner
ミニモン,Thamthon
天使兵士,Angel Guard
セルニタ,Selnita
サントン,Santon
ネロドス,Nerodos
えびせん,Shrimp Snack
グログス,Gulgus
ププール,Pupulu
カルナデ,Carnade
パサラン,Fluffy
スーシャ,Suusha
パニーノ,Panino
グラガド,Gragado
神護の弓,Empyrean Bow
海賊NPC４,Pirate NPC 4
スラミチ,Slimichi
ダフィア,Dafia
マグマ床,Magma Floor
通話端末,call terminal
チャミミ,Chamim
女神の弦,Goddess' String
ガレイグ,Gareig
ティリア,Tilia
ホックス,Hokkus
スラーレ,Goolliver
魔塔の粉,Tower Powder
ミルフィ,Mirfi
アミアン,Amian
マツシム,Matsushim
ぴぴーな,Pipina
闇の魔鐘,Dark Bell
カーム貝,Calm Shell
シェール,Cher
断罪の剣,Sword of Atonement
大樹の長,Tree Chief
バウンズ,Baunze
レモトテ,Remotote
オッケー,OK!
シャム猫,Siamese Cat
滅神の獄,The Annihilator's Prison
封印の間,Sealed Room
ツンカバ,Tunkaba
ペロティ,Perotie
メーベル,Mabel
十一の塔,Tower 11
ザオラル,Zing
ハンチャ,Hancha
結界の間,Barrier Chamber
ギャビィ,Gabby
アユカケ,Ayukake
ポップミ,Poppumi
アリスタ,Arista
ぽぽろな,Popolona
休憩所前,Rest Area
ペラーナ,Perana
祈りの間,Oratory
プクリポ,Pukulipo
水神の湖,Lake Of God
ジュッセ,Jousset
見張り塔,Watchtower
輝き帝王,Light Ruler
シャフル,Shuffle
やきそば,Yakisoba
茶ブチ猫,Brown Spotted Cat
三闘の間,Triad Hall
ターラタ,Tarata
ジャコウ,Jako
ヒツァタ,Hizzata
ビルモレ,Bilmorey
井戸の中,Inside Well
ゼリアス,Zerias
大魔瘴期,Age of Miasma
ペネロペ,Penelope
サフィル,Saphir
シャディ,Shadi
グルマン,Gulman
幻獣の皮,Kaleidoskin
大王イカ,King Squid
テオムハ,Teomha
マルポイ,Malpoi
ホーロー,Hollow
ゲッタモ,Gettamo
屋上祭殿,Rooftop Shrine
沖の孤島,Offshore Island
ウーガン,Uugan
ヒピペナ,Hipipena
リガード,Rigado
ガテリア,Gateria
ドメディ,Damninui
アスライ,Aslai
七夕の剣,Festival Sword
ネルゲル,Nergel
暁の霊堂,Mausoleum of Dawn
チィクア,Chikua
七夕の里,Star Village
サザナミ,Sazanami
ヤロップ,Yaropp
ダイデン,Dyden
マルクス,Marx
東の荒野,Eastern Wasteland
シャノン,Shannon
マオナガ,Thresher Shark
創世の樹,Worldroot
タンタン,Tan Tan
ツィサア,Tsisa
光の神殿,Temple of Light
エネじい,Grandpa Enei
ホーポー,Hopo
ラズゲス,Lazuges
プッチョ,Puccho
ヌカール,Nukal
ムルンド,Mulund
ツィーグ,Zieg
ノーワス,Novas
ノーミア,Normia
アレグム,Aregum
カレンカ,Karenka
どうぐ屋,Item Shop
クマリス,Kumaris
ジメーバ,Jimeba
リュゲル,Rugel
ヒラッペ,Hirappe
ピロッテ,Pilotte
ピラルク,Pirarucu
モリじい,Grandpa Mori
グレリオ,Gurerio
ハマユリ,Hamayuri
イヴロム,Ivrom
コッティ,Kotti
レーダム,Radam
ポーリア,Paulia
キャウフ,Kyaufu
バドワス,Badwas
エドニィ,Edny
アニック,Annick
ププーノ,Pupuno
ニンミイ,Ninmy
ピピーリ,Pipiri
マイユ像,Maille Statue
パーシリ,Pashiri
流星爪牙,Tooth and Claw
ヘルーペ,Heruupe
ルーミィ,Rumi
ギムレー,Gimlet
ピピポフ,Pipipoff
はるとる,Haltor
フェクト,Fecto
バザー客,Bazaar Guest
アスケン,Asuken
デモニク,Demonique
アーミナ,Amina
船長の杖,Cap'n Staff
マギダス,Magidas
シュクワ,Shukwa
竜の芯骨,Dragon's Backbone
グラコス,Gracos
イルッピ,Iruppi
セインズ,Sainz
宣誓の滝,Falls of Oath
オシッチ,Tickle
マシン系,Machine
キュビビ,Kyubibi
クッチェ,Kucche
ロオチャ,Loocha
Ｅ１２１,E121
キャンプ,camp
タバアツ,Tabaatsu
ロトの盾,Erdrick's Shield
カラツィ,Karatzi
大砲着弾,Cannon Hit
ワカメン,Wakamen
エバジラ,Evagila
ゾゼルグ,Zozelgu
ゲイザー,Gazer
ロンフォ,Ronfo
魔瘴石小,Small Miasmite
ダチモギ,Dachimogi
ナーミス,Narmis
父と子と,A Father & Child
ペリウス,Perius
ユミール,Yumir
ゴッツオ,Gotsuo
白銀の鐘,Silver Bell
王家の盾,Royal Shield
師の部屋,Masters Room
プヤング,Puyoung
キャミラ,Kamira
ガラーテ,Galate
ジガンバ,Jiganba
失墜の間,Fallen Hall
ゴトアン,Gotoan
トープス,Tohpes
Ｅ１３９,E139
キャロン,Caron
ダイナス,Dainas
黒き再会,Dark Reunion
道具使い,Item Master
スラクト,Majellan
ワンキキ,Wankiki
ボリバル,Boliver
ジャイム,Jaimu
スラロウ,Goonther
ハジカミ,Hajikami
溶岩爆流,Lava Torrent
ユキフル,Snowball
マリシア,Marisha
コリリオ,Koririo
ニジマス,Rainbow Trout
チュケェ,Chuke
浜辺の町,Beach Town
大砲・南,South Cannon
グッタル,Guttal
サアタウ,Satau
イカ焼き,Fried Squid
扇設置床,Fan Floor
妖夢の杖,Dream Catcher
オダーツ,Odarts
深度１６,Depth 16
精霊の間,Hall of Spirits
ハッペン,Happen
にわとり,Chicken
下水道前,Sewers
候補者Ｇ,Candidate G
プラリネ,Praline
ベビタン,Dimples
シグルフ,Sigurf
ダルゴフ,Dalgov
ヅッシュ,Dush
シナリオ,story
兵士ロイ,Soldier Roy
マルテー,Marte
ウルレイ,Ulley
みやぶる,Eye for Trouble
タケトラ,Taketora
スプイト,Supito
ホーリン,Hoorin
ピョンル,Ponel
ハロルド,Harold
トーチル,Tochill
ラマチャ,Ramacha
セブルン,Sebrun
グレット,Grett
クリーフ,Clief
六大陸堂,The Six Continents
ポピリア,Popilia
タウバヤ,Taubaya
Ｅ１２３,E123
ゼラリム,Zelarim
ビトーニ,Bitouni
知の祝祭,Wisdom Festival
やみ凶鳥,Dark Gargoyle
常闇の砂,Everdark Sand
キーラル,Keeral
ヨナタン,Jonathan
流水の壁,Water Wall
茶うさぎ,Tea Rabbit
トゥバト,Tubat
ダツィト,Datzit
村の男Ｂ,Villager B
コウリン,Kourin
アメノナ,Amenona
ビギナー,beginner
封印の壺,Sealed Jar
モクラン,Moclan
ジロック,Gillock
ガローム,Garome
魔の断崖,Demonic Cliff
ベレニー,Berenie
市松６４,Check 6 4
結実の層,Fruition Layer
ドレルグ,Drelg
ザニスン,Zanison
神官ペオ,Priest Peo
ミトラー,Mitra
ホルサス,Horsus
シラカシ,Shirakashi
フィーユ,Fiyu
ボオレン,Booren
シードル,Shidoru
魔瘴石多,Miasmites
右の翼強,Apex Right Wing
獄嵐の陣,Helstorm Set
アプラト,Aprat
勉強する,Study
セアトロ,Seatro
ハラハラ,Hara Hara
ミナスタ,Minasta
ロイチチ,Roichichi
水の領界,Water Realm
ミミルナ,Mimilna
マインズ,Meinz
セユート,Seyuto
コロポカ,Koropoka
バケーロ,Bakero
Ｅ１２５,E125
ランリィ,Ranry
ロズロズ,Lozloz
ニャール,Catar
スタミィ,Stammy
ミファー,Mifa
ベニバナ,Benibana
スティナ,Stina
謁見の間,Audience Chamber
オギロド,Ogirod
コカード,Cocard
シスレー,Shisure
ヒャッカ,Hyakka
主神の間,Chamber of the Almighty
シルク草,Silkblossom
カンダタ,Robbin' 'Ood
エルドナ,Eldona
ムントン,Munton
サウディ,Saudy
パルミオ,Palmio
キルーダ,Kyrda
ヒョード,Hyodo
ホシザメ,Spotted Smooth-Hound
ガルニー,Garnie
ファンテ,Fante
エンじい,Grandpa Enn
花束３色,Tri-color Bouquet
テプチイ,Tepuchii
モーガン,Mogan
魔塔の机,Tower Desk
ドラッチ,Dratch
ためる参,Psyche Up 3
ハツカゼ,Hatsukaze
ミニタン,Minitan
ヨージャ,Youja
ロロット,Lolott
オンミツ,Onmitsu
テスト３,Test 3
スアーレ,Suare
モネット,Monette
トキワギ,Tokiwagi
ザビアナ,Zaviana
ポイポイ,Poi Poi
時の球根,Time Bulb
ロンダ岬,Rhonda Cape
再会の園,Garden of Reunion
スパット,Spat
調理職人,Cook
ハバネロ,Habanero
リュシュ,Ryushu
キャシュ,Kache
ホフマン,Hoffman
予備部屋,Spare Room
火つけ棒,Torch
旅人の宿,Traveler's Inn
最上層４,Top Floor 4
トーネェ,Tornay
ククコリ,Kukukori
ハートの, of Hearts
ジェルマ,Jerema
占いの館,Divine House
フィブラ,Fibra
星月夜草,Starry Grass
アオヤギ,Aoyagi
マリーン,Malynn
ヒーディ,Heedy
モンディ,Mondy
ゴロンジ,Goronji
アーグス,Argus
スライド,Slide
シラタマ,Shiratama
ベホイミ,Midheal
ぺネロぺ,Penelope
スコット,Hardie
地下祭壇,Underground Altar
ピエール,Goowain
ケリーヌ,Kerine
ゴンドラ,gondola
ポポーペ,Popoupe
ブラッド,blood
ガットン,Gatton
スージー,Susie
チューラ,Chara
チオルタ,Chiolta
ケイルン,Keirun
パピヨン,Papillon
オリヒメ,Orihime
バーキン,Birkin
ルフィヤ,Rufiya
水の樹木,Water Wood
ミーリャ,Milla
Ｃ１３６,C136
ブシュラ,Bushra
創失の塔,Tower of Unmaking
リステア,Listeah
2mv用強022,Strong 2mv22
ダミーニ,Damini
ポッピロ,Poppiro
ポチトリ,Pochitori
ローピン,Ropin
イグリー,Egley
雪の女王,Snow Queen
バズズ強,Apex Pazuzu
復活の門,Gate of Revival
ハルーナ,Haluna
ユナバル,Yunabal
フペッポ,Fupeppo
コーネン,Kounen
プジャジ,Pujaji
ゴッテス,Gottess
デルデド,Delded
大砲置き,Call Cannon
レーライ,Lerai
底なし谷,Bottomless Valley
マギエル,Magiel
ワラじい,Grandpa Wara
ピヨッチ,Piyoch
ヒプット,Hiputto
ナンシー,Nancy
ヒイラギ,Hiiragi
ウルツア,Ultua
エルフ男,Elf M
ドルガー,Dolga
封邪の箱,Evil Box
和風の壁,Japanese Wall
歓談の間,Room of Pleasantries
よれよれ,Shabby
魔創兵長,Evil Captain
ロータル,Rotal
ベリンダ,Belinda
ルナナ様,Miss Lunana
サナーキ,Sanaki
アルゴー,Argou
エミリエ,Emily
シャポラ,Shapora
コインズ,Coins
アピール,appeal
ブルバー,Bruba
トゥーン,Toon
ナーシュ,Nash
チョルテ,Chort
アズラン,Azlan
ジャック,Jack
リサーチ,research
友の行方,A Friend's Whereabouts
ボッチィ,Bocchi
無の境地,Realm of Naught
おねだり,Begging
ニニバサ,Ninibasa
Ｃ１４０,C140
ハハフル,Hahahulu
伝声の琴,Voice Harp
友情の光,Friendshine
ブラファ,Brafa
ボンドル,Bondor
イヨッペ,Iyoppe
おたけび,War Cry
アリスン,Arisun
ミミング,Mimingu
マヤクニ,Mayakuni
ラメルヌ,Ramerne
誓約の園,Grounds of the Covenant
ボロディ,Borody
カミーロ,Camilo
王の海域,The Royal Waters
ソレット,Solette
ファッジ,Faji
石つぶて,Stone's Throw
ウルップ,Uruppu
原初の炎,Origin Flame
魂の燭台,Soul Candelabra
プップク,Pupuku
風の竜珠,Wind Dragon's Eye
きまぐれ,Whimsical
エスミー,Esumii
グラニザ,Guraniza
神化の儀,deification ritual
災禍の光,Light of Woe
ヒューリ,Hurri
ペティン,Petin
ボコボコ,Bangers
チルキヨ,Chirukiyo
神秘の水,Sacred Water
魔封剣姫,Prison Princess
参列者Ｄ,Attendee D
トバーチ,Tobach
ベルント,Berunto
バリリア,Bariria
ププラン,Pupulan
ププロイ,Pupuloi
ドラデア,Doradea
バルシラ,Bamooz
盟主の間,Leader's Room
マドナイ,Madnai
光輪の核,Halo's Core
クートー,Kurtor
ヘキート,Hequito
ダーリア,Dahlia
空き部室,Empty Club Room
クゥエン,Quen
テグロー,Tegro
マグアフ,Magah
マツノシ,Matsunoshi
レターヌ,Letann
オーリン,Oojam
ミレリー,Millery
白樺の木,White Birch Tree
クラウジ,Clauge
晴れの海,Sea of Light
2mv用強019,Strong 2mv19
デューク,Duke
ポッポル,Poppol
浄月の間,Moonlit Hall
本革の柱,Leather Pillar
ホースト,Horst
ぱーりー,Parley
ケダモン,Feralbeast
プレーテ,Prete
慰霊の浜,Solace Beach
ドメニコ,Domenico
通用口前,Front Entrance
セトゥル,Setul
オーガ女,Ogre F
揺れる心,Shaken Heart
カリンガ,Kalinga
博愛の碑,Love Statues
ピペッタ,Pipetta
ベドラー,Bedora
商業区画,Commercial District
ノガート,Nogato
ネイビー,navy
ポリナル,Polynal
踊り子Ｂ,Dancer B
ゼゼンデ,Zezende
ちゃちゃ,Chacha
オグバン,Ogban
ラズマン,Razuman
おどろく,Surprised!
ティルダ,Tilda
幻桃の花,Ghostpeach Blossom
村長の家,Chief's House
ランジェ,Ranje
フルーレ,Fleuret
ビリッグ,Biligg
フリッセ,Frisse
ジグロウ,Jiguro
ピリッポ,Pirippo
ガーベラ,Gerbera
ローベル,Robel
チョリス,Chorus
シニダス,Shinidas
がつがつ,GatsuGatsu
ヒヤーネ,Hyane
ジンダタ,Robbert Hoodlum
シシイル,Sicil
いーりす,Eris
エルジュ,Erju
青い人魂,Lost Soul
マグナス,Magnus
ゴズ渓谷,Goz Valley
タッカー,Tucker
ワグミカ,Wagmika
タカチャ,Takacha
フェリテ,Ferite
生徒・Ｄ,Student D
青い台座,Blue Pedestal
マルセン,Marsen
水環の間,Circle of Water
解放の扉,Door of Return
キュロタ,Kyurota
ハーキム,Hakeem
星明の宮,Starlight Shrine
キアリー,Squelch
ケパルト,Kepart
悪意の源,The Source of Malice
ダストン,Duston
神儀の間,Ceremony Hall
天使の輪,Angel Halo
モクアミ,Mokuami
ケルゴン,Kelgon
ベルノフ,Bernov
フクじい,Grandpa Fuke
ソライマ,Soraima
ダックス,Dux
グナクー,Gunaku
ミミック,Mimic
リムネル,Rimnel
バウギス,Baugis
領界印章,The Realms Stamps
レザール,Lazare
いねむり,Nodding Off
ギブソン,Gibson
モーズル,Mauzel
カミリア,Camilia
ウリボー,Wild Boar
姿見やり,Mirror Spear
青の短冊,Blue Strip
ボルジド,Borgid
おちこむ,Depressed
モフテカ,Mofteka
ピッケル,pickaxe
ピーシャ,Pisha
瑞星の間,Lucky Star Chamber
ザイリー,Zeiri
シーイー,Shiie
ユシレピ,Yusirepi
ユリユリ,Yuriyuri
地下水脈,Water Vein
底なし穴,Bottomless Pit
ピキー！,Slurp!
滅びの間,Chamber of Destruction
ランドン,Landon
ヘルミネ,Hermine
フレーツ,Fleets
Ｖロン強,Apex Vron
つきじい,Grandpa Suki
ホージラ,Hojira
ディーズ,Diz
テンオツ,Tenotsu
スティア,Sutia
エレーヌ,Elaine
チャルコ,Chalko
パタプラ,Patapula
ザンドス,Zandos
トヨホロ,Toyohoro
ルクバス,Lukubus
錬金工房,Alchemy Lab
ファシリ,Fashiri
イクーサ,Ikusa
木工職人,Woodworker
ギダの家,Gida's House
タルバス,Talbus
ザイガス,Sigras
サタタン,Satatan
えるみー,Elmy
毛皮の壁,Fur Wall
ヘレット,Herette
トラバー,Traver
農村地区,Rural Area
クディン,Kudin
ブリック,Brick
いいね！,Nice!
愛の魔人,Djinn of Love
ハナタデ,Hanatade
ロドルフ,Rodolph
温室内部,Greenhouse
巨人コア,Giant Core
ラベンタ,Laventa
チョスウ,Chosu
ケーラン,Keyran
ヤーナン,Yanan
ウオーテ,Ouette
セティー,Setty
ラカ神父,Father Raka
カーロウ,Carlow
ゾーン技,Pep Power
超天道士,Chosen One
ツィケラ,Tzikla
ジャメフ,Jamefu
2mv用強034,Strong 2mv34
2mv用強033,Strong 2mv33
海賊NPC１,Pirate NPC 1
ルキーノ,Lukino
スージン,Suujin
ドナエル,Donael
グーダフ,Gooduff
Ｃの聖印,C's Seal
ヒメルダ,Himelda
魔女の森,Witchwood
グレイス,Grace
競泳水着,Race Swmsuit
アッチャ,Accha
2mv用強025,Strong 2mv25
海底の民,Sea Dweller
タイプＧ,Type G0
プリート,Preet
中辛の間,Medium Spicy
ダリオン,Darion
古竜の骨,Old Dragon Bone
ジルジャ,Jiruja
キエロス,Kieros
クリステ,Kriste
えんじい,Grandpa Enn
マルトン,Marton
モクレン,Magnolia
アジール,Azir
カヤーク,Kayak
きむこう,Nester
グーマン,Guman
位相空間,Phased Space
ゲラジム,Gerajim
フーたん,Futan
プメリリ,Pumelli
ハリケェ,Hurricay
パピルマ,Papilma
モドール,Exeet
ククツカ,Kukutsuka
礼典の間,Ritual Room
木製荷車,Wooden Cart
白の呪符,White Mark
ルドルフ,Rudolph
おもさ +8,Weight +8
ゾンビ系,Undead
しっこく,jet black
テレンス,Terence
プリミン,Purimin
月の秘宝,Treasure of the Moon
トゥルノ,Tulno
ミンナト,Minnato
カルカヤ,Karukaya
内部通路,Inner Passage
ボーレン,Vollen
エリーゼ,Elize
カクジュ,Kakuju
パルーラ,Parula
エグマン,Egman
トルード,Trood
ギザント,Gizant
ジューラ,Jura
バッチリ,perfectly
空き教室,Empty Classroom
ヒルベス,Hilbas
エガロン,Egaron
2mv用強023,Strong 2mv23
船尾甲板,Poop Deck
天使の翼,Angel's Wings
メネシス,Nemethys
ロマヌス,Romanus
ドレクス,Hackzilla
2mv用強035,Strong 2mv35
ドルイド,Lump Wizard
ヴィーサ,Visa
クロトビ,Kurotobi
ペタチョ,Petacho
ケーモス,Keimos
ハーパル,Haaparu
デュダス,Dudas
ディータ,Dita
マルフェ,Malfe
ネーキィ,Necky
ファーニ,Fanny
フィーヤ,Fiya
ペイバン,Payvan
ガシャリ,Gashari
反転８階,Inverted 8F
カプセル,Capsule
ケィニー,Kinie
ネグシド,Negushido
アウザー,Auzer
ニルタム,Niltam
ガテラン,Gatoran
ヨーナス,Jonas
コトッツ,Kotots
トニオス,Tonios
裁縫部員,Sewing Club member
ヴェルー,Veru
ララファ,Lalafa
ファンゴ,Fango
アッパー,Appa
2mv用強010,Strong 2mv10
レセミナ,Resemina
バジール,Bazille
和みの海,Sea of Unity
木工部員,Woodworking Club member
スラミィ,Slimey
ノビッチ,Novich
トンネル,Tunnel
ドナブロ,Donnabro
ボッチャ,Boccha
ヌッジォ,Nugio
ヤルミラ,Yarumira
スラリン,Gootrude
イザベス,Isabeth
ズグラム,Zugram
大魔王領,Demon Lord's Domain
チャゴス,Prince Charmles
Ｅ１５４,E154
コゼット,Cosette
試練の間,Trial Room
機殴竜殺,Dragon Ex Machina
リューロ,Ryuro
ニャポー,Meowpaw
エルネリ,Erneri
ルーテア,Lutea
スリーズ,Sleaze
特別病室,Special Ward
照れカワ,Cute 'n' Shy
ジェニャ,Jenya
シャリア,Sharia
デオルド,Deold
ランユウ,Ranyu
火燐刀小,Bitty Blazeblade
ペルイパ,Peruipa
サルテル,Sartel
ディツィ,Dizzy
2mv用強004,Strong 2mv04
ロワイエ,Rowaie
ビスリン,Bislin
ザリガニ,Crayfish
堅守の書,Buff Book
天命賢書,Judgment Book
ルンココ,Runkoko
バルモリ,Balmori
タアマツ,Taamatsu
アルギン,Algin
星天の粉,Star Powder
マガザン,Magasin
バリトー,Barito
アニエル,Anielle
聖天区画,Holy Grounds
アルノー,Arnoud
ザンジャ,Zanja
青の呪符,Blue Mark
ブラニコ,Branico
ペペロン,Pepperon
レヴェリ,Reverie
ブレイク,Breaktime
セステル,Cestel
ゲーダム,Gedam
キュリオ,Kyurio
転送の門,Relay Gate
銀の丘前,Silver Hill
マクワリ,Makuwari
センシア,Sencia
マッケイ,Mackay
フンガム,Hungam
ケンガン,Kengan
ゲンジイ,Genji
天罰の間,Hall of Punishment
ラツィフ,Ratif
タタラナ,Tatarana
テレーサ,Teresa
絶命の扉,Death's Door
桃の呪符,Pink Amulet
アラゴン,Aragon
デザイン,design
グレジャ,Greja
ナダイア,Nadaia
クリフト,Clift
ヤークト,Yakuto
聖光の鎧,Holy Grail
ポリポン,Polipon
もみじい,Grandpa Momi
ダイム老,Old Man Dyme
スラッピ,Gregooey
扇子の盾,Fan Shield
ビュルバ,Byuruba
ハセニマ,Hasenima
白い唐傘,White Paper Umbrella
ベリアル,Belial
スイミア,Suimia
シャーム,Shamu
波紋演舞,Water Slaughterer
ラミオス,Lamios
ササマイ,Sasamai
オトナシ,Otonashi
たいやき,Taiyaki
サイレス,Gryphon
レドきち,Red Kichi
スラーン,Juggular
エリガン,Eligan
トゥリド,Turid
ベギラマ,Sizzle
モリータ,Morita
ウーエル,Ueru
ナイリア,Nairia
グリモス,Grimos
Ｅ０８８,E088
ラティプ,Latip
バブるん,Bubbs
最上層５,Top Floor 5
キーワウ,Kiwau
ローゼフ,Rosef
マオオミ,Maoomi
四角い家,Square House
ゴレオン,Goreham-Hogg
ナフナー,Nafuna
旬のエビ,Seasonal Shrimp
空の原点,Sky's Origin
きようさ,deftness
聖者の詩,Saint's Song
ゼーノン,Zenon
村王の家,Chief's House
フウマギ,Fuumagi
フェルノ,Ferno
ヌーベル,Noubel
マティラ,Matira
フォボス,Phobos
ドングリ,acorn
ヴェネタ,Veneta
ラアトオ,Raato
ヤズーダ,Yazuda
ロスタム,Rostam
テミトス,Temitos
シャーラ,Sharla
魔塔結晶,Tower Crystal
ユリーラ,Yurila
こめじい,Grandpa Kome
タアドム,Tadom
グリーニ,Greenie
セヴァス,Sevas
転生の園,Reincarden
白梅の枝,Plum Branch
フランク,Frank
ザーヒル,Zahir
聞かざる,Don't Listen
生徒・Ｂ,Student B
ラペット,Lapett
魔獣の層,Beastly Layer
ナワシロ,Nawashiro
タノンマ,Tannoma
ロスター,Roster
井戸の家,Well House
バァツェ,Bahtze
浄罪の泉,Spring of Purity
チャカブ,Chakab
マディア,Madia
カーシュ,Kirsch
サットム,Satmu
番兵詰所,Guard Post
幸せの鐘,Happiness Bell
ヴェキオ,Vecchio
すらいむ,Slime
ギザック,Gizark
おもさ +5,Weight +5
イナード,Inard
ニコロイ,Nikoroi
十二の塔,Tower 12
ジークス,Jeeks
ベスタス,Vestas
フレイア,Freia
マダラキ,Madraki
若木の層,Sapling Layer
ロニモス,Ronimos
カプラン,Kaplan
死闘の間,Chamber of Struggle
ブレント,Brent
ジアツク,Jiatsuku
花ふぶき,Flower Power
2mv用強008,Strong 2mv08
ガラテア,Galatea
ドハジデ,Dohajide
シャウラ,Shaula
パラポン,Parapon
ホアーマ,Hoarma
プディン,Pudin
ミステル,Poppy
バナイク,Banaiku
怒り心頭,Furious
ヒコボシ,Hikoboshi
モモンガ,Squirril
フミイミ,Fumiimi
ケツバン,Miss#
疾風乱舞,Air Rending
百花繚乱,Flowerstorm
異界校舎,Otherworldly School Building
学長の間,School President's Room
ラメリン,Ramerin
友情の木,Friends Tree
レグレス,Legres
ベガザン,Begazan
ヤマバト,Yamabato
幻影の間,The Hall of Illusions
石化の札,Petrify Card
トッゴイ,Togoi
ガヴェル,Gavel
ベホイム,Moreheal
キトリー,Kitoli
キヨクサ,thrown
ギオーダ,Gioda
ナザム村,Wormwood Creek
さーりー,Sulley
アーペル,Arpel
プイプイ,Puipui
悲運の王,Tragic King
バルチャ,Balcha
ホーゲン,Hogen
フハホフ,Huhahofu
無念無想,Nirvana
ホデック,Hodek
ジュード,Jude
ミーハイ,Mihai
ヴォリア,Volia
ペイルス,Peirus
南・入口,South Entrance
ためる弐,Psyche Up 2
コクヨウ,Yokuyou
ヌーヴィ,Nuvi
ヘムオン,Hemuon
銀のかご,Silver Basket
キリウス,Kirius
パッツィ,Patsy
アザユミ,Azayumi
ラスバス,Rasbas
クブッチ,Kubuchi
ミュリネ,Murine
セテュラ,Setula
ももじゃ,Platypeach
テイミー,Tammy
おいのり,Prayer
ガラス瓶,Glass Bottle
ラフィー,Rafi
エルミー,Elmy
バテルス,Batterus
ダルカス,Darkfist
リザーブ,Drake
おそうじ,Cleaning
ゾーグル,Zorgel
農民ポカ,Farmer Poka
船用木材,Ship Lumber
道標メモ,Road Memo
リユーカ,Ryuka
風雲の舞,Blown Away
太古の泉,Ancient Spring
アデリナ,Adelina
2mv用強036,Strong 2mv36
ユウギリ,Yugiri
聖王の杖,Dryspell Staff
デヤーサ,Deyaasa
ユニィー,Yunii
従者の館,Servant's Abode
シノノメ,Shinonome
呻声の泉,Fountain of Moaning
謎の祭壇,Mysterious Altar
ギヨッテ,Giyotte
ネブリィ,Nebri
ヒポキン,Hippokin
プップル,Pupple
シルビア,Sylvando
マルチャ,Marcha
ボダッチ,Bodatchi
ガルーノ,Garoono
ナポポフ,Napopofu
シュクル,Shukuru
デリウム,Delum
海賊の証,The Pirate's Code
ニダレザ,Nidareza
サーニュ,Sannu
ロヴォス,Rovos
パシティ,Pashti
謎の大地,Unknown World
災禍の陣,Achilles' Wheel
ゴーギャ,Gogya
ホオズキ,Houzuki
謎の亡霊,Mysterious Spirit
ヒョコタ,Hyokota
ローテル,Routelle
シンシン,Shin Shin
嵐の領界,Storm Realm
カラート,Karato
ベロニア,Veronia
スライプ,Slipe
セトリー,Setorii
薬師の家,Doctor's House
スイの塔,Sui Tower
ディノム,Dinom
戦士の剣,Warrior's Sword
戦士の影,Warrior's Shadow
セレシア,Celestria
賢者の杖,Sage's Staff
竜の香炉,Dragon Incense
順風の舞,Breeze Along
メーロル,Merol
天使の矢,Hallowed Arrow
心の輝き,heart energy
コルチョ,Kolcho
銀の真珠,Silver Pearl
キュゼル,Kyuzel
サルファ,Sulfa
亡霊の声,A Ghostly Voice
ダイヤン,Diane
隠し通路,Secret Passage
おうえん,Egg On
キルベル,Kirbel
2mv用強030,Strong 2mv30
竜王の城,Dragonlord's Castle
暗雲星図,Star Chart
クロッコ,Crocco
シャーレ,Sharlet
クアンナ,Quanna
ラズミノ,Razmino
スパエル,Spael
ミグドウ,Migdo
ルボーク,Rubok
星封の矢,Benevarrow
宵の霊堂,Tomb of Twilight
ミルーラ,Mirula
アーネイ,Arney
ヨホホン,Yohohon
紫の短冊,Purple Strip
バジエド,Bajiedo
焦熱の間,Molten Core
ボルンガ,Borunga
イガッロ,Igalo
チアマト,Chiamato
かるいよ,It's Clear
森羅の理,Principles of All
トラウド,Toraud
黄の呪符,Yellow Mark
リーヴィ,Leevy
ランドー,Lando
サーリー,Sulley
バッガイ,Baggai
クレイン,Crain
ダリュー,Daryu
ストロン,Stron
リョーク,Ryoke
トーラス,Torus
ロヨバン,Royoban
オルッポ,Oruppo
闇夜の王,Dark King
ユナティ,Yunaty
ゼスタス,Zestas
サポート,support
ロブソン,Robson
ペレチカ,Perechika
月夜の将,Moonlit General
ママーレ,Mamare
ヤヤチャ,Yayacha
ガイノー,Gaino
ポッカラ,Pokkara
アイスン,Aisun
ヤシの柱,Palm Tree Pillar
一刀星断,Starsplitter
フーリポ,Fuuripo
王者の盾,Sovereign's Shield
テルテル,Tel Tel
2mv用弱00A,Weak 2mv0A
マルクゥ,Maruku
ナンゲラ,Nangela
ケペシュ,Kepesh
2mv用強015,Strong 2mv15
ピクシー,Picksy
イガール,Igar
子犬の像,Puppy Statue
工房地区,Worker Area
テンの日,Ten Day
プルリィ,Purly
モモンタ,Sanguinta
ユリア妃,Queen Julia
Ｅ１１８,E118
ミーチャ,Micha
精霊大臣,Spirit Minister
ミシュア,Mishua
ムーニス,Moonis
神緋の鎌,Scarlet Scythe
黄泉送り,Deliverance
謎の少年,Mystery Boy
レオーネ,Leone
ルドガー,Rudger
ドルクマ,Zammle
和食御膳,Japanese Meal Set
シェンナ,Sienna
制御室前,Control Room
ドゥーモ,Dumo
フッパイ,Fuppai
ヘージャ,Heja
ゴラード,Gollard
エンスウ,Ensou
レゴリー,Legolii
ノシガミ,Noshigami
スチール,steel
第の領域,Area 
ホホッパ,Hohoppa
超元気玉,Bonus Orb L
アーダン,Ardan
常闇の弓,Everdark Bow
アネヅロ,Anezuro
コライユ,Koraiu
モーデン,Morden
はざくら,Hazakura
サムエノ,Samueno
モーゴン,Morgon
ハリッサ,Harissa
魔狼ラキ,Lycae
ラスト前,Next to Last
アズーロ,Azuro
サミーフ,Sameef
北西区域,Northwest Zone
シャドウ,Shadow
ファブロ,Fabro
プククリ,Puku Koori
ティノイ,Tinoi
ファンナ,Fanna
メロチカ,Melochika
ブータル,Burtal
呪いの泉,Cursed Spring
マックス,Max
マウタス,Mautas
ミナヅキ,Minazuki
アカマツ,Akamatsu
愚者の陣,Fools
ヨッチ村,Tickington
王族の机,Royal Desk
チョムウ,Chomu
ラナタン,Lanatan
ポワソン,Poisson
零の洗礼,Clear Your Mind
クロニコ,Chronico
ミハイル,Mikhail
オオトリ,Ootori
アリーナ,Arena
クラッサ,Kurasa
シュリナ,Shrina
ベルンゴ,Berngo
五行の塔,The Five Towers
キュリリ,Kyulily
天光の葉,Leaf of Revival
マツィフ,Matzif
ラライヤ,Laraya
リテーヌ,Retenu
衣裳部屋,Dressing Room
うすあい,pale
外交任務,Diplomat Job
ランジュ,Lange
継承の間,Hall of Inheritance
満月の環,Full Moon Ring
いーちぇ,Ichee
イマーン,Iman
動力倉庫,Powerhouse
シームル,Shiimuru
アデフィ,Adefi
ロジクル,Logicol
マカスタ,Makasta
かぶぞう,Stumphrey
星見の鏡,Stargazing Mirror
守の氷柱,Defense Icicle
Ｅ１１７,E117
風の霊糸,Windweave Thread
バタゴニ,Patagonia
渾身斬り,Cutting Edge
リオンネ,Rionne
劇場印章,Theatre Stamps
ビッチョ,Biccho
ユロッテ,Yulotte
イカリン,Ikarin
大砲・東,East Cannon
ねこひげ,Cat Whiskers
イコノス,Ikonos
ネロリー,Neroli
ボロンゴ,Saber
ハフフハ,Hahuhuha
冒険者Ｂ,Adventurer B
コルシャ,Kolsha
マゴット,Margot
預かり所,Depository
ミモリー,Mimori
授業の机,School Desk
漆黒の翼,Black Wings
リマソン,Remason
コクーガ,Kokuga
ドラキー,Dracky
レルガン,Relgan
ヒメウズ,Himeuzu
ポロペン,Poropen
ヒキシオ,Hikishio
ぷぷーの,Pupuno
町娘エマ,Town Gal Emma
シーンネ,Shinei
タジウス,Tajius
死者の影,Dead Shadow
リャージ,Ryahji
ブルーノ,Bruno
モミャー,Momia
回復の泉,Healing Fountain
ゴンゴウ,Gongou
光翼・右,Radiant Wing (Right)
エメット,Emmett
キージラ,Kijira
ペピール,Pepeelu
アブタル,Abutar
ポポッピ,Popoppi
ヒッペイ,Hippei
大蛇の巣,Snake Pit
腰掛待合,Waiting Room
プッチン,Pucchin
ゼェード,Zeid
ポリーヌ,Poline
ツィベル,Tzibel
ロディア,Rhodia
海獣の巣,Nest of the Sea Beast
バグド王,King Bagudo
チャイブ,Chive
カジアデ,Kajiade
ノーニル,Nonil
マッシモ,Massimo
トーくん,Toh
神授の間,Gallery of the Gift
メギピオ,Megipio
マンセル,Munsell
神代の島,Mythical Isle
イジウス,Ijius
ローマス,Romas
謎の孤島,Island of Isolation
ゆうれい,Spirit
採掘場前,Quarry
ペレーレ,Perere
プクラス,Pukulas
アッサク,Assac
つかいま,Wimp
チャチャ,Chacha
オルソー,Ortho
クリーブ,Cleave
リプレイ,replay
町長の家,Mayor's House
ソシノギ,Soshinogi
ルビオン,Rubion
クラーク,Clark
チャップ,Chap
ガモンズ,Gamonz
セーリア,Celia
チェツア,Chetua
宵の回廊,Twilight Passage
曇天両断,Cleaving Through Clouds
バルバリ,Barbari
シューイ,Shui
女神の絵,"Goddess"
ミグラー,Migula
白うさぎ,White Rabbit
バトンズ,Buttons
銀トラ猫,Silver Tabby
ミスラン,Heelah
リンジャ,Linja
イタンチ,Itanchi
ポミリン,Pomirin
サフラン,Saffron
ザンドー,Zando
幽遠の札,Deep Charm
ネフティ,Nefty
鬼岩城前,The Badrocks
ケイビー,Cavy
農夫ボボ,Farmer Bobo
オルソン,Olson
ビノービ,Binobi
輝晶効果,Shine
ホハフホ,Hohahuho
ビエーロ,Viero
カメの巣,Turtle's Nest
ピッチョ,Picho
アルエロ,Aruero
パウエル,Powell
モコフル,Fluff Puff
グレン城,Glen Castle
ヤッタル,Yatal
ムシュコ,Mushko
サガール,Sagaar
ホハハフ,Hohahahu
ヤッコイ,Yakkoi
ペリレネ,Pelileo
クタイバ,Kutaiba
ながぐつ,Rubber Boots
魔導の書,Ailment Almanac
魔創兵Ａ,Evil Troop A
ゴードン,Gordon
こんぼう,Oaken Club
看板・左,Sign - Left
グリーノ,Grino
シャレン,Sharenn
アオっち,Aocchi
先王の間,King's Hall
ドルタム,Doltam
ピンチョ,Pincho
デメキン,Black Moor
ツィンゴ,Zingo
ボレット,Borett
モクじい,Grandpa Moke
サッシュ,Sash
ルブンツ,Rubunz
リシャス,Licious
聖木の枝,Holy Branch
ホホップ,Hohoppu
ロミルダ,Romilda
アンデル,Andel
ギャラス,Gallas
モフセン,Moffsen
桃源の扉,Door of Paradise
移動対象,Moving Thing
パウダー,Powder
レダナト,Redanato
ハナーン,Hanaan
村の男Ｄ,Villager D
2mv用弱008,Weak 2mv08
ズッサム,Zussam
ヒヒヘヘ,Hihihehe
マヨサシ,Mayosashi
パゴイム,Pagoim
聖守護者,Sacred Sentinel
アンバー,Amber
バトエン,Batoen
ヌーデン,Nuden
怪鳥の巣,Bird's Nest
白亜の柱,Chalk Pillar
キュピル,Kyupiru
カカレク,Kakareku
ゴナラス,Gonnaras
魔瘴の子,Child of Miasma
アプリコ,Aprico
刃の感触,Blade's Feel
ママダス,Mama
人魚の涙,Mermaid Tear
チョコボ,Chocobo
ケズーム,Kezuum
ドミンゴ,Domingo
デイゴロ,Deigoro
シロップ,Shiropp
ディビフ,Dibif
クリーム,cream
2mv用弱001,Weak 2mv01
ジア燃石,Diatite
マホステ,Snub
コリンヌ,Corinne
マリーヌ,Marine
ヘヘヘヒ,Hehehehi
ポッケイ,Pokkei
輝天の盾,Sky Shield
シャイラ,Shyla
オンチョ,Oncho
プレイス,place
キーたん,Keytan
バスチア,Bastia
ペーシュ,Peche
レナータ,Renata
ポリーナ,Paulina
スラエル,Agoola
セツラン,Setsuran
ニノヤズ,Ninoyazu
マジパン,Marzipan
やくそう,Medicinal Herb
魔天の星,Demonic Star
ゴルアガ,Golaga
魔幻宮殿,Demon Palace
ユシュカ,Yushka
フーポイ,Fuupoi
天還の印,Mark of Heavenly Return
結晶の森,Crystalline Forest
英雄の間,Hall of Heroes
パサール,Pasar
Ｐ８９０,P890
マドモス,Madmos
コペロー,Copello
ロレンス,Laurel
最強の男,Strong Man
エルシド,Elshido
海淵の間,Sea's Chasm
ツィツオ,Zitsuo
メレンゲ,Merengue
モリュブ,Moriube
ディジー,Diji
へるっぷ,Heruppu
Ｅ１５７,E157
ゴーディ,Gordy
ゴホゲン,Gohogene
ワタクシ,myself
毒牙の間,Toxic Grotto
オオカミ,Wolf
ポポンタ,Poponta
チェリエ,Cherie
ハシーブ,Hasib
オシエム,Oshiem
ペレッポ,Pereppo
タロット,Tarot
抗魔瘴丹,Anti-Miasma
あらまあ,Oh My!
ふくびき,Lottery
スタッズ,Stazzu
ボッシュ,Bosch
ランギー,Langie
木板の柱,Wooden Board Pillar
ウェバン,Ueban
モルトン,Molton
プリュノ,Pruno
ポルルプ,Porrup
冥王の影,Nethershade
ユーニス,Eunice
マーキシ,Mahkshi
アガペイ,Agapei
候補者Ｂ,Candidate B
モブ大臣,Mob Minister
ゴースト,Ghost
赤の真珠,Red Pearl
ナッツォ,Natso
呼応の石,Call Stone
トゥヒル,Tohil
エイミー,Aimee
恵みの園,Gratia
オチョロ,Ochoro
虫取り網,Bug Net
ヒナギク,Hinagiku
ヤッチェ,Yatche
タシスン,Torval
クローブ,Clove
カシェラ,Cashella
ペラトネ,Peratone
ニルーナ,Nirna
竜神の座,Seat of the Dragon God
知の盟主,Hellbound Headmaster
ラキ印章,Lycae Stamps
空中庭園,Sky Gardens
ジャンビ,Jambi
軍司令部,Army Headquarters
ルーシア,Orifiela
ローラン,Laurent
ポラパン,Porapan
パレルモ,Palermo
ゼルマド,Zelmad
マズルカ,Mazurka
オーガ男,Ogre M
トリバー,Triva
メルルフ,Melurf
トラキー,Tracky
どくばり,Poison Needle
パラツォ,Palazzo
駅員の笛,Train Whstle
ヤッガイ,Yuggai
サーンハ,Saanha
バジネヅ,Bajinez
ラッフル,Raffle
ボッコル,Boccol
女神の書,Scroll of the Goddess
東の井戸,East Well
攻の氷柱,Attack Icicle
リリペア,Riripea
チャボン,Chabon
ギュラン,Guran
ヤケばち,Translustick
ネフネー,Nefney
マキシー,Maxi
冒険の書,Adventure Log
マハート,Mahart
ギョリガ,Gyoriga
パッピイ,Pappi
ズィラヴ,Zirav
サロイス,Salois
ルフの盾,Luf's Shield
モックス,Mox
ピリヒナ,Pirihina
崖・下層,Lower Cliffs
ナガツキ,Nagatsuki
シーラナ,Shirana
アルマス,Armas
キャゴン,Cagon
ネガセル,Negaser
グラハム,Graham
パピリポ,Papiripo
魔因細胞,Demon Cell
羨望の闇,Dark Envy
魔人兵士,Demonic Knight
アリセル,Arisel
浄化の光,Light of Purification
モスコル,Moscol
ハハホフ,Hahahohu
メメッタ,Memetta
カスガイ,Kasugai
ルジアダ,Rujiada
ウルベア,Urbea
ペルジュ,Perju
ラリホー,Snooze
レジェス,Rejes
ペーター,Peter
ビラール,Villar
十三絃箏,Koto
デンガル,Dengar
ボンゴス,Bongos
慈愛の光,Light of Compassion
ギガーデ,Gigarde
グルバン,Gureban
閃魔細胞,Fiend Cell
ヨジーロ,Yojiiro
プーミー,Pumy
地下倉庫,Underground Storage
ウンサク,Unsaku
ウーガリ,Urgari
まいたこ,Maitako
シィカフ,Sikafu
滅びの街,The City of Ruin
呪いの床,Cursed Floor
風泣き岬,Windy Cape
ロイーデ,Royde
カイラム,Kairam
トリスト,Trist
ゼレニナ,Zelenina
みのがす,Mercy
水竜の剣,Water Dragon Sword
バガトゥ,Bagatu
パグソン,Pagson
しにがみ,Mean Spirit
音叉の間,The Rippling Resonators
輝天の弓,Sky Bow
フバーハ,Insulatle
神威の杖,Seraphic Staff
絶望の間,Chamber of Despair
バートン,Barton
ネゾンネ,Nezone
バスティ,Basti
神獣の森,Stormbough
セッチュ,Secchu
海岸地帯,Coastal Area
デービス,Davis
ダビヤガ,Dabiyaga
うなずく,Nod
おせじい,Grandpa Osei
キラーマ,Roborg
妖精の村,Faerie Lea
デプラセ,Deprase
女王の間,Queen's Throne
虚ろの器,Empty Vessel
アシンナ,Asinna
マシマシ,Mashimashi
ゼイビー,Zeibi
女子生徒,Schoolgirl
ノビじい,Grandpa Nobi
黄葉商店,Leaf Shop
羽根旋風,Wind Blade
認証の碑,Certification Monument
御前広場,Imperial Plaza
クダント,Kudant
ピルクノ,Pirukuno
リョクテ,Ryokute
ヘギンツ,Hegints
スチャン,Suchan
ジャベリ,Javeri
祭壇の間,Altar Room
ニドルフ,Nidolf
タミチョ,Tamicho
こげちゃ,dark brown
そっすね,Sossune
ポスタン,Postan
モルテン,Molten
ぱふぱふ,Puff-puff
いーしゃ,Esha
ソフィー,Sophie
スハイル,Suhairu
チャタオ,Chatao
天命の炎,Fate's Flame
ザロイン,Zaroin
みやじい,Grandpa Miya
和風装束,Breezy Wear
天罪の杯,Chalice of Blasphemy
チャーノ,Chano
アナベル,Annabel
ジェイド,Jade
アレカヒ,Arekahi
ゼフの家,Zef's House
聖光教主,Light Lord
東の広場,East Plaza
壊れた像,Broken Statue
ヘルセン,Hellson
おはらい,Benediction
ガンじい,Grandpa Gan
デリオン,Delion
タチャス,Tachas
聖騎士団,Holy Knights
フランコ,Franco
ごろつき,Hood
ペリンタ,Perinta
カビール,Kabir
アッペポ,Appepo
イトクリ,Itokuri
コマンド,command
北の浮島,Northward Isle
ヤクヤク,Yakuyaku
ルリーズ,Luriez
クルーロ,Kururo
ライダル,Rydal
シャネラ,Chanella
オルギン,Holguin
イスター,Istar
セラッテ,Seratte
カラマツ,Larch
カササギ,Kasasagi
聖女の盾,Saintess Shield
シトリン,Citrine
パルーン,Paloon
呻吟の嵐,Moaning Storm
力の試練,Trial of Strength
ネルガイ,Nelgai
ヤゴット,Yagott
ヨシトク,Yoshitoku
パデーン,Padane
アロワナ,Arowana
死神の陣,Reaper Gang
グルドス,Geldos
親方の家,Boss' House
リリーエ,Lilie
ガタチャ,Gatacha
シャーヌ,Sharn
ライジー,Raiji
デグアド,Deguado
パドレ像,Padre Statue
ミヤじい,Grandpa Miya
カンココ,Kancoco
マレイカ,Maleika
ドラゴン,Green Dragon
ミーナー,Mina
ワシコフ,Wasikov
ユービア,Yubia
レズリー,Leslie
ルイーダ,Patty
カカロン,Klashmi
ミンクム,Minkum
ダージオ,Dagio
カーネラ,Carnella
ペッポリ,Peppoli
風禍の陣,Evil Wind
カムヤプ,Kamyapu
まっちゃ,matcha
海底花畑,Undersea Flower Field
辺獄の絵,"Limbo"
闇の辺獄,Dark Edge
ビンチュ,Bincho
クレップ,Krepp
姿見オノ,Mirror Axe
マヌーハ,Dedazzle
星獣ウー,Star Beast Wu
ポコマム,Pocomam
アズハル,Azhar
シュウラ,Shuura
たのんま,Tannoma
ヘルップ,Heruppu
ツァデク,Tsadek
スワーニ,Swani
神域の杖,Mythic Staff
ベンソン,Benson
テグラム,Tegram
2mv用弱000,Weak 2mv00
イザヨイ,Izayoi
花のみつ,Nectar
そふぃー,Sophie
クッチョ,Cucho
ボルタラ,Voltara
サタデス,Satades
巫女の間,Maiden's Room
ピラニア,Piranha
仮面の男,Masked Man
タル投げ,Barrel Toss
一閃突き,Thunder Thrust
Ｅ１４７,E147
テティス,Thetis
結晶の間,Crystal Chamber
サルマー,Salma
モッキン,Mockin
セリーヌ,Celine
オデット,Odette
ターイウ,Taiuu
ラーギブ,Rahgib
ローティ,Roti
常闇の盾,Everdark Shield
モーモン,Teeny Sanguini
マギウス,Magus
風流な竹,Elegant Bamboo
武器工房,Weapon Workshop
ボスター,Boster
アジサイ,Ajisai
オーガ机,Ogre Desk
フロイダ,Froida
プラコン,Private Concierge
星の花束,Star Bouquet
よろこぶ,Joy
かかげる,Raise
ミノの間,Rumen Area
メリッサ,Melissa
アンテロ,Antelo
フィッツ,Fitz
黄色い傘,Yellow Umbrella
キルプス,Kilps
心層楼閣,Tower of the Heart
はまじい,Grandpa Hama
歌声の泉,Fountain of Singing
ブルダル,Buldar
ガウール,Gaur
2mv用強002,Strong 2mv02
パステル,Pastel
Ｅ０９０,E090
デイラー,Dailer
がってん,Gatten
でアール,である
プリンス,prince
ルカナン,Kasap
うぐいす,green-brown
深淵の檻,Abyssal Cage
イシダイ,Striped Beakfish
武器なし,Unarmed
ホッププ,Hoppupu
北西の家,Northwest House
ボラララ,Boralala
バラソン,Ballerson
レシピ屋,Recipe Shop
2mv用弱006,Weak 2mv06
いなずま,Lightning
シェリー,Sherry
療養地区,Medical District
ネヴィア,Nevia
ムザット,Muzat
のわーる,Noir
アシュー,Ashew
ノッシュ,Nosh
便せん屋,Stationery Shop
トントネ,Tontone
エルフ女,Elf F
ルモンド,Remond
パンキー,Punky
ハーリス,Harris
ププリン,Pupurin
エイナル,Einar
イーチェ,Ichee
リズティ,Lizty
サーレン,Sarren
エーファ,Effa
シュロン,Shuron
リホイミ,Reheal
じゃーじ,Jersey
薬草の丘,Hill of Herbs
炎禍の陣,Evil Flame
キャソー,Kyasso
アブリル,Avril
ヒュラナ,Hurana
まよさし,Mayosashi
ナツォス,Natsos
アントン,Anton
反転２階,Inverted 2F
ギーダン,Gidan
ロージテ,Rosite
アマリア,Amalia
エーデル,Edel
リーシャ,Lisha
2mv用弱007,Weak 2mv07
ムタンド,Mutando
ラボアフ,Rabaaf
ヌレギヌ,false accusation
グリエル,Gurriel
骨付き肉,Boned Meat
ルグバン,Lugban
ねるがい,Nelgai
パジラス,Pajiras
大扉の間,Large Doors
ギダイン,Gidyne
リコッタ,Ricotta
黒い台座,Black Pedestal
べろべろ,Frolicker
竜の断崖,Dragon's Cliff
メイリン,Meyline
マゼンタ,magenta
チェナロ,Chenaro
貯蔵タル,Storage Barrel
オービル,Orvil
ヘヘヒヒ,Hehehihi
バーバサ,Barbasa
ダンデル,Danderu
ムチョロ,Mucholo
ヒサーゴ,Hisarg
2mv用強018,Strong 2mv18
ハーペイ,Harpay
シシリィ,Sicily
コラソン,Corason
ジェルノ,Gerno
ウィーマ,Wiema
コーディ,Cody
ルセット,Ruseto
天使の弓,Angel's Bow
アデーレ,Adele
オルーサ,Orusa
ドージイ,Doji
ナシーム,Naseem
ローラ姫,Princess Gwaelin
カトレヤ,Cateleya
コタース,Cotters
軍旗の間,Flag Room
フールズ,Furuz
ボーラス,Bouras
アクセス,access
死霊の書,Book of Dead
コザック,Cossack
ラディム,Radim
足ばらい,Leg Sweep
ザイクス,Zykes
ナムゼル,Namsel
エントウ,Ento
トントト,Tonototo
ギマール,Guimard
黄の短冊,Yellow Strip
修行部屋,Training Room
サーペン,Sapan
ポップイ,Popui
ラマンザ,Ramanza
夕の情景,Evening Scene
ズケティ,Zuketi
ミミッタ,Mimitta
Ｅ０９２,E092
星光の糸,Starlight Thread
タッピイ,Mechabubo
バルケス,Valucas
ケルキフ,Kelkief
アバの枕,Abba Pillow
ブルッチ,Burutch
スープル,Slurple
ホミーネ,Homina
朝の情景,Morning Scene
バーセル,Barsell
チボルド,Chiborud
ワージタ,Wajita
調理部員,Cooking Club member
モースケ,Moske
ワルダー,Walder
天翼の盾,Angelwing Shield
イーシャ,Esha
えいみー,Amy
オリリン,Ori Wori
リコリー,Ricoly
ラグアス,Raguas
プアープ,Puapu
レリアン,Lerian
ハナゴイ,Pink Queen
キュメル,Kyumel
魔技大全,Encyclopedia of Magic
ヤツハシ,Yatsuhashi
防衛結界,Barrier
セラピア,Serapia
シリアン,Syrian
アミルカ,Amirka
ムットウ,Mutto
ハゴイタ,Hagoita
フェニア,Phenia
剣の宝玉,Sword Jewel
テトミー,Tetomii
ムルーノ,Murno
ヒモトキ,Himotoki
マルツネ,Marutsune
ジャモー,Jammo
アルゴン,Argon
シャワー,Shower
ルンルン,Hammy
賢哲の盾,Shield of Wisdom
ラネッタ,Lanetta
エルマー,Elmer
闇の水晶,Dark Crystal
戦士の証,Soldier's Medal
烈風の岬,Cape Squall
メティル,Metil
スノッリ,Sunori
呪いの影,Cursed Shade
マンベレ,Manbele
強化の書,Boosting Book
フポット,Fupott
オルノフ,Ornov
クライン,Klein
バジュー,Baju
職人の家,Crafter's House
すぎやん,Sugi
ジミニス,Diminis
アイナメ,Fat Greenling
天の箱舟,Starflight Express
ガミョウ,Gamyo
タルサー,Tulsa
ペインズ,Penzu
ヤーィヴ,Yaiv
フラノワ,Flannoy
ヘプット,Heputto
ルマート,Rumato
シルヴィ,Silvy
マヒーロ,Mahero
チョッパ,Choppa
ホッツィ,Hottsi
カミじい,Grandpa Kami
ルリーザ,Luliza
パリピー,Parippi
大森林前,Forest Entry
セネット,Senette
スラピー,Slurpy
トカチェ,Tokache
カッシュ,Kasshu
モコモン,Furball
プシャン,Pushan
テルエス,Teles
カワチィ,Kawachi
サクニナ,Sakunina
暁の回廊,Corridor of Dawn
ノースト,Nouste
アズナイ,Aznai
ビヨンサ,Beyonsa
オネット,Onette
カティヤ,Katya
星獣イー,Star Beast Ee
虚の産道,Pathway to Emptiness
ラウザー,Rouza
神速の書,Accel Book
パルマン,Parman
ツァンク,Tzanck
フェンカ,Fenka
救命の鎌,Lifesickle
パパーペ,Papape
だいだい,sour orange
印を結ぶ,Hand Signs
ナバーロ,Navarro
ズンテツ,Zuntetsu
記録員Ｒ,Recorder R
ベデゼル,Bedezel
風の腰布,Wind Cloth
テクニロ,Techniro
ニゲルズ,Nigels
エビの像,Shrimp Statue
ギズマン,Gizman
ビノアス,Vinoas
メラニィ,Melanie
ヒぺーナ,Hippena
ネスハド,Neshad
2mv用強013,Strong 2mv13
グッディ,Goody
テゾーロ,Tezoro
紅葉の柱,Autumn Leaf Pillar
スケイプ,Scape
翠魔方陣,Green Magic Square
トビウオ,Flying Fish
スケッチ,Sketch
ピケット,Piket
オレンジ,orange
煉火の玉,Fire Ball
おそなえ,Offering
クータス,Kootas
ルワイダ,Ruwaida
コイ・金,Golden Carp
ピノッピ,Pinoppi
ジャルマ,Jalma
ミズヒキ,Mizuhiki
カリーヌ,Kareen
ボエシル,Boeshil
ペペルポ,Peperpo
ベルトロ,Bertro
パラシェ,Parache
カプリィ,Capri
ひっさつ,Special
ニドリー,Nidley
ぷちドス,Stickybreath
盾の祭壇,Shield Altar
ロレツオ,Loretto
谷合の森,Veil of the Vale
庭具倉庫,garden storage
モノクル,Monocle
大樹の弓,Oaken Bow
イワノフ,Stoneberg
ラージャ,Raja
Ｃ１３４,C134
レウィン,Lewin
漆黒の間,The Black Room
ネコザメ,Bullhead Shark
フルッカ,Fluka
セリータ,Serita
落とし穴,Pitfall
かがみ石,Mirrorstone
村人男１,Villager M 1
キャーラ,Cara
ヤドリギ,Mistletoe
マーデル,Mardel
カザルス,Casals
スンカマ,Sunkama
ティボー,Tibo
マーラー,Marla
ブラウン,Whacka
ラングル,Rangle
2mv用強017,Strong 2mv17
かしの杖,Oak Staff
プンペン,Punpen
妖精の国,Fairy Land
ミナリー,Minari
奈落の門,Abyss Gate
ペリポン,Peripon
天空の盾,Zenithian Shield
ユリエル,Yuriel
狼まわし,Wolf Spin
ルミナス,Luminous
天光連斬,Lightbringer
ルクーバ,Lucuba
ペラトン,Peraton
ジバリア,Rubblerouser
マクチャ,Makucha
スラルン,Goorun
シオラン,Cioran
ホホハフ,Hohohahu
2mv用強014,Strong 2mv14
ガラトゥ,Garatu
アイギス,Aigis
ヨーレィ,Yourie
レターペ,Liteppet
ツィンカ,Zinka
冬の宮殿,Winter Palace
ビュブロ,Byblo
パッポル,Pappol
フェール,Feru
まとめ屋,Summary Shop
クローナ,Krona
トーマス,Toumas
ハーゲン,Hagen
神代の間,Hall of Old
アンジェ,Anje
コキーユ,Coquille
ドロテア,Mudara
カメさま,Galapagod
スパイダ,Spider
ナヤマジ,Nayamaji
バレンケ,Barenke
シュルリ,Shururi
アトリエ,Studio
ノーニャ,Nonya
アゼルル,Azerul
ヒナゲシ,Poppy
ポポタン,Popotan
ジーラル,Giral
ドドリス,Dodris
シエーロ,Siero
グーボレ,Gubole
ネルヴィ,Nervi
ウオッジ,Wodge
リーリナ,Lilina
フラッツ,Flats
キャテレ,Cateley
キダスロ,Kidasuro
あまいろ,flax
ガドーチ,Gadochi
ヒヘヒヒ,Hihehihi
マボック,Mavok
トッケロ,Tokkero
ボラチャ,Boracha
アーレル,Arlel
カラスマ,Karasuma
赤い台座,Red Pedestal
プッツン,Puttsun
ジェーン,Jane
アイゼル,Eisel
フフママ,Fufumama
竜王の杖,Dragonlord's Staff
どみんご,Domingo
天下無双,A Cut Above
ヤマブキ,Yamabuki
イツィオ,Izio
エブラフ,Ebluff
ドロンガ,Doronga
マグマ２,Magma 2
魔創兵Ｂ,Evil Troop B
サラシナ,Sarashina
賢者の証,Legion of Merit
ハルトル,Haltor
リボック,Reebok
父と息子,Father and Son
タンロン,Tanron
コウレン,Kouren
ガツガツ,GatsuGatsu
グンデク,Gundek
マジカル,Magical
ボンガフ,Bongaf
スラキチ,Slimekichi
創造の炉,Forge of Making
ルヴェノ,Luveno
ピナッツ,Peanuts
ズーボー,Zubo
ニーベル,Nibel
フセット,Fusett
ミローレ,Milore
オニキス,Onyx
楽園の絵,"Paradise"
シャムス,Shamus
ゾブリス,Zobris
グレボス,Grevos
リドラコ,Lidraco
ベルガウ,Belgau
看板・下,Sign - Down
奈落の橋,Abyssal Bridge
カローズ,Kaloze
ガスペロ,Gaspero
ムツィコ,Mutsico
サティナ,Satina
バルドン,Barudon
バッゲス,Bagges
ナスの花,Eggplant Flower
トリンデ,Torind
ルチャペ,Luchappe
カポロン,Kaporon
ヘナトス,Blunt
匿名希望,Anonymous
アーシク,Aashik
ゆうぼん,Horii
シシーラ,Shishira
リンドウ,Rindou
ベリック,Bellic
バキーン,Bakeen
ツェルト,Zelto
解放の間,Restoratory
ガジュマ,Gajuma
エメリヤ,Emelia
ミミダン,Mimidan
隠者の証,Recluse Recognition
ヘンリク,Heinrich
雲上湖前,Cloudtop Lake
最上層１,Top Floor 1
空気イス,Air Chair
グルジャ,Ghulja
ブレンダ,Brenda
ヤシの壁,Palm Tree Wall
リゴラス,Rigoras
海の魔女,Sea Witch
テテネネ,Tetenene
ギイソム,Giesom
デニエス,Denies
ムスチー,Muschi
ヘックシ,Hekkushi
光の胡蝶,Butterfly of Light
グラーネ,Grane
マルフト,Malfuto
鬼神の言,Demon's Word
ままりり,Mamalily
奇跡の間,Chamber of Miracles
ワスレナ,Forget Me Not
王家の庭,Royal Garden
ミアーレ,Miare
リーベン,Leven
ガッテン,Gatten
マッカル,McCull
氷の従者,Ice Servant
バイネン,Bynen
哭声の泉,Fountain of Wailing
静寂の泉,Spring of Silence
バッチョ,Baccho
ルーニア,Runia
ドゥブラ,Dubla
ゲルバン,Gelban
町人長屋,Town House
ハルッカ,Haruka
ピティカ,Pitica
ドミニオ,Dominio
明鏡止水,Clarion Mind
メラゼフ,Melazev
デュラン,Dhuran
エフォー,Epho
苦い丸薬,Bitter Pills
ゴンシュ,Gonshu
ヴェーロ,Vero
緑の石版,Green Tablet
ミランダ,Miranda
ペレレパ,Pererepa
ホポール,Hopooru
アネさん,sis
バネッサ,Banessa
セイラン,Seiran
女神の間,Goddess Hall
不撓不屈,Mens Sana
マーチャ,Macha
カエル池,Frog Pond
無の空洞,Nook of Naught
キンベル,Kimbel
クロンス,Cronce
2mv用強032,Strong 2mv32
ナリーン,Narine
新星の間,New Star Chamber
ママリリ,Mamalily
タサール,Tasar
夕陽の石,Sunset Stone
ボフミル,Bohumil
ヒプノス,Hypnos
僧侶の証,Lifesaving Medal
リィディ,Liddy
海賊NPC６,Pirate NPC 6
ロゼルフ,Roself
しゅいろ,vermilion
エーリア,Alia
ダムトー,Damutou
ダイダガ,Daidaga
アッソニ,Assoni
フェード,Fedo
しめじい,Grandpa Shim
サヴァル,Saval
夢現の花,Dream Flower
序開の地,Lobby
魔導の石,Magic Stone
マラーク,Marack
ややちゃ,Yayacha
セーケン,Seiken
ジンレト,Ginlet
ノーラン,Noran
候補者Ｊ,Candidate J
リアンナ,Lianna
フォニオ,Fonio
噴水広場,Fountain Plaza
ジーくん,Jee
アールビ,Alrubi
ゼゼッツ,Zezettsu
マヒャド,Kacrack
ダルコー,Daluko
クロッケ,Kurokke
ヘクター,Hector
ザホック,Zahok
クワック,Quack
チャリオ,Chario
バルセム,Balsem
ハルモス,Harmos
エルミナ,Elmina
輪廻の炎,Reborn Flame
ネゲブー,Negevou
ベルシー,Belushi
ボミオス,Deceleratle
プルツコ,Plutko
メイガン,Megan
さいほう,sewing
剣魔の証,Spellsword's Proof
セテーラ,Setera
ユンター,Yunta
ハンママ,Hanmama
海賊NPC５,Pirate NPC 5
エメリナ,Emmelina
スルリス,Sururisu
シャミー,Shammy
ドラビー,Draby
アルビデ,Albide
神の息吹,Spelly Breath
迷いの霧,magical mist
樹天の里,Treetop Town
テスト２,Test 2
Ｅ０８７,E087
パーシャ,Persia
サムエル,Samuel
ブルベラ,Brubera
ドントン,Donton
調理設備,Cooking Facility
フェアネ,Fairne
氷の樹木,Avabranche
海メイン,Sea Mein
イナニワ,Inaniwa
ソッスネ,Sossune
ギュイス,Guis
ボルリラ,Borrilla
防塞領域,Ramparty
オセじい,Grandpa Osei
チギット,Chigit
ベラチャ,Beracha
シェルス,Shels
アムサリ,Amsari
シェトリ,Shetry
ヤーヒム,Yahim
タイフゥ,Typhoo
ゼフの店,Zef's Shop
シロベニ,Shirobeni
ピタピタ,Pitapita
夢色屋根,Dreamy Roof
カーリィ,Karry
アニッタ,Anitta
ドランク,Drunk
ミュラド,Murad
森の井戸,Forest Well
バインド,Baind
ノダグン,Nodagun
グレッグ,Greg
生徒会室,Student Council Room
ゴルスラ,Gemsly
モモコナ,Momokona
マーティ,Marty
ギルデン,Gilden
午の食堂,Noon Dining Room
闘戦聖母,War Mother
ポピール,Popil
天声の間,Voicehalla
ミシェル,Michelle
アドシス,Adoshis
雷鳴突き,Thunder Strike
獄水の陣,Helwater Set
イッテツ,Ittetsu
イタ映え,pinteresting
メビータ,Mebita
ヘモニグ,Hemonig
チェリカ,Cherika
メガザル,Kerplunk
第一倉庫,First Warehouse
セペフル,Sepefuru
実験室側,Laboratory Side
メルー公,Lord Meru
カーラム,Karamu
オーマス,Omas
プルフリ,Purufuri
強化の陣,Reinforcers
りデーラ,Della
プラメル,Plumel
カラーマ,Kalama
オルヴォ,Orvo
ザルート,Zaroot
マリーラ,Marilla
まきの束,Firewood Bundles
メアリア,Mealia
キタエル,Trayne
シッシャ,Shisha
とげウニ,Ouchy Urchin
呪炎の柱,Cursefire Pillar
六角ぼう,Hexapole
アスバル,Asbal
エイグス,Aegis
ドンマイ,Never mind.
モガマル,Cyril
武家屋敷,Samurai Residence
ガルック,Garuk
ウスギリ,Usugiri
商業地区,Market Area
呼声の泉,Fountain of Calling
ドホース,Dohos
マッツォ,Matzo
ソヘイロ,Soheiro
海岸遺跡,Coast Ruins
ツィンマ,Tzinma
メイプル,Maple
青竹の弓,Bamboo Bow
ヘヘッポ,Heheppo
トゥスカ,Tuska
ぺルソン,Peruson
影の深底,Shadowy Deeps
ミグニネ,Mignine
ラニエロ,Raniero
船着き場,Docks
シロブタ,White Pig
○を描く,Draw an O
リーニャ,Linya
セリャン,Serian
オリーブ,Olive
ふくじい,Grandpa Fuke
タッツィ,Tazzi
暗黒大樹,Dark Tree
レノッホ,Renoch
パパーナ,Papana
天下泰平,Fan of Peace
ハザクラ,Hazakura
ラアドワ,Radowa
モリモリ,Morimori
ローワン,Rowan
ルコリア,Lucolia
ガミルゴ,Gamilgo
夜の神殿,Temple of Night
レングル,Lengle
ヘヘホハ,Hehehoha
マガール,Magar
ニャンダ,Catanda
時見の泉,Timeseer Spring
ブーマン,Booman
ハッシュ,Hash
ジーバス,Jeevas
太陽石少,Few Sun Stones
プレッソ,Presso
ビチャル,Vichar
フリーダ,Frida
フクロウ,owl
ウィット,Uito
安住の地,Quaint Area
シャヴォ,Chavo
緋石の間,Divine Crimsonite Chamber
竜の聖印,Dragon Mark
草原地区,Meadow Area
ゴブレリ,Gobleri
雪原地区,Snowfields
回復の柱,Healing Pillar
モンポ計,Monster Points Meter
？？？？,????
リベリオ,Purrgatroyd
ツキじい,Grandpa Suki
2mv用弱010,Weak 2mv10
オルガン,organ
アリシス,Alisis
ローメオ,Romeo
コルビィ,Corby
ムニエカ,Munieka
アトマ石,Atma Stone
ピナヘト,Pinahett
ザガンド,Zagand
マンジュ,Manju
メラゾ熱,Kafrizz Fever
ハサーレ,Hasare
セロピタ,Seropita
アーティ,Artie
銀の弾丸,Silver Bullet
プリニャ,Purrloin
ムルギー,Murgy
ホシエイ,Stingray
モニモニ,Monimoni
ダリチャ,Daricha
ジンベン,Jinben
ガーディ,Gadi
がんじい,Grandpa Gan
グスター,Guster
リッツェ,Ritze
タマズサ,Tamazusa
エイベル,Abel
巫女の館,Maiden's Manor
水晶の間,Crystal Chamber
ウドラー,Treevil
シャマム,Shamam
ブノワト,Bunwato
もりじい,Grandpa Mori
セルーソ,Celso
マテンホ,Matenho
ファリネ,Farine
カンポン,Kanpon
イザベラ,Isabella
ワカサギ,Pond Smelt
コスミン,Cosmin
エーゴン,Agon
第の教室,Chamber of Classroom No. 
おとし玉,New Year's Gift
黄金の花,Gold Flower
エドメク,Edomek
時の宝珠,Time Jewel
もじもじ,Bashful
ヒポック,Hipokku
トゥロイ,Tulloi
ちゅるだ,Curda
メテオラ,Meteora
姿見短剣,Mirror Dagger
ルーイン,Ruine
チャリリ,Chariri
主神ラキ,Almighty Lycae
ガラクタ,junk
ヒルッキ,Hiruki
上弦の環,First Quarter Ring
アールフ,Aleph
時の化身,Tockle
テネシー,Teneshi
慈愛の弓,Bow of Charity
マリガン,Mulligan
Ｃ１４１,C141
ゼンテツ,Zentetsu
ツカエル,Tsukael
カナテツ,Kanatetsu
アバの杖,Abba's Cane
カナトー,Kanatou
スポット,Spot
ロトチャ,Rotocha
ドーソン,Dawson
旬のイカ,Seasonal Squid
とうめい,Transparent
剣魔一族,Spellsword Clan
魔導の皮,Magic Pelt
オリフェ,Orife
イルバロ,Ilbaro
とねじい,Grandpa Tony
チョコ神,Grand Choco
のうこん,deep blue
ペピノラ,Pepinola
ベサワキ,Besawaki
カルネル,Carnell
Ｅ１３３,E133
神官ピオ,Priest Pio
チュマン,Chuman
サルーニ,Saruni
ユジュヤ,Yujuya
雷禍の陣,Evil Thunder
ギュウル,Guul
ガルシェ,Garshe
夢幻の森,Dream Forest
やぐら前,Fort
カノック,Cannock
ヘルゴラ,Helgora
ゼダニオ,Zedanio
カリウス,Carius
山脈の村,Mountain Village
ジュッテ,Jutte
ガンテツ,Gantetz
フッフプ,Fuffupu
エルスカ,Elska
エリオス,Elios
ヒペーナ,Hipeena
ヒマエル,Himael
トマック,Tomac
エルトナ,Eltona
クラバン,Kraban
ワクチン,vaccine
ゴレッポ,Gorepo
セオラン,Theoran
トゥーラ,Torban
地下坑道,Underground Tunnel
ラッセル,Russell
ジーナフ,Genaf
イシュヤ,Ishuya
ホーカー,Hawker
魔女の釜,Witch's Cauldron
ブーボス,Bubos
風の真珠,Wind Pearl
キラキラ,sparkling
ガルキス,Garkis
銀色の箱,Silver Cube
シーシャ,Sheesha
バンデロ,Bandero
妖魔の間,Chamber of Ghosts
宵の神殿,Temple of Twilight
滅びの手,Hand of Perdition
2mv用強038,Strong 2mv38
喪亡の路,Road of Mourning
ピッキー,Bludgerigar
キジール,Kizier
リンクス,Lynx
夢色ラグ,Dreamy Rug
コッツォ,Kottso
ハサニー,Hasany
クラウン,Crown
ヒヘヘヒ,Hihehehi
ローリン,Lauryn
ネルシャ,Nersha
パムパム,Pampam
速の氷柱,Speedy Icicle
ピュリィ,Puri
エフやり,F Spear
あやまる,Apologize
メダパニ,Fuddle
デイジャ,Deyja
チュニグ,Chunig
ミゲレイ,Migerei
セレネア,Serenea
フミヅキ,Fumizuki
マデ神殿,Made Temple
温泉峡前,Spring Gorge
家具庭具,furniture and garden furniture
Ｅ１４１,E141
バチノス,Bachinos
マジット,Shammy
銀河の衣,Galaxy Dress
ティーザ,Tiza
リーヤエ,Liyae
イニーナ,Inina
ドガント,Crashle
キルペル,Kiruperu
テリエル,Teriel
シュルル,Shururu
看板・右,Sign - Right
紅魔法陣,Red Magic Circle
ロバータ,Roberta
アマンダ,Amanda
たいまつ,Torch
団長の兜,Captain Helm
レゴーム,Legome
ミャルジ,Myarji
サユサラ,Sayusara
神官部屋,Priest Room
猛攻の書,Oomph Book
魔物使い,鉄鬼軍王
ティサン,Tisan
スニフル,Sniffle
ケイシム,Keishim
ベルギル,Bergill
ヌンタタ,Nuntata
スーラン,Sulan
リーヴェ,Rivei
オウミド,Omelid
ジェミィ,Jewelbag
アボット,Abbot
ウーボイ,Uboi
クアライ,Quarai
ザイモン,Zymon
ハーマン,Herman
ウマウマ,Umauma
アーリュ,Aryu
シメじい,Grandpa Shim
チャガナ,Chagana
シーヴェ,Shivei
皮のくつ,Leather Shoes
世界球根,Worldbulb
セモーナ,Semona
ベルーノ,Belluno
クーパー,Cooper
炎の爆弾,Flame Bomb
時雨の泉,Drizzling Spring
ルヌルケ,Lunurke
星々の衣,Starry Robe
ププルン,Pupurun
シャシブ,Shasive
ツツじい,Grandpa Tesu
夢幻大花,Dream Dahlia
レノリモ,Renorimo
緑の聖域,Green Sanctuary
ドランド,Drand
バンシェ,Banshe
しぇりか,Sherika
シロツメ,Shirotsume
ドミグラ,Domigra
飼育小屋,Animal Pen
ティナナ,Tinana
ルーベン,Ruben
フランツ,Frantz
モチツキ,Robbit
マグマ３,Magma 3
嵐帝斬り,High and Mighty
ヤシの実,Coconut
クアメル,Kuamel
ロアチュ,Roacha
グレシア,Grecia
ドロレス,Dolores
サンダー,Thunder
知恵の社,Shrine of Wisdom
カアチス,Kaachis
管理端末,Management Terminal
レンドア,Lendor
戦いの湖,Lake of War
ゼーベス,Zebes
シルエト,Silhouette
ビッター,Bitta
ガルダモ,Gardamo
アッカフ,Akkafu
ハネツキ,Hanetsuki
ムントフ,Muntov
カナーテ,Canate
線香花火,Sparkler
閃光の雷,Lightning
時空断絶,Spacetime
ファレマ,Farema
ドーキー,Doki
石化の本,Petrify Book
バトラル,Batral
パーリー,Pearly
パメッチ,Pametchi
ヘッポロ,Hepporo
Ｃ１３８,C138
護りの手,Hand of Protection
フラガノ,Fragano
イヒチィ,Ihichi
大砲・北,North Cannon
リクッド,Rikuddo
処刑人衆,The Executioners
氷の領界,Ice Realm
滅びの庭,Garden of Death
ピモッチ,Pimocchi
オルゲン,Orgen
ケージョ,Keijo
第二の房,Second Trial
アイリン,Airin
青い花束,Blue Bouquet
ウッツァ,Uzza
ノクター,Noctor
マーディ,Maddie
リトリア,Litoria
リナリブ,Rinalib
候補者Ｄ,Candidate D
ルンタタ,Runtata
王冠の房,Crown Room
メラミィ,Melamy
２階・西,2F - West
奉仕装置,Service Tool
エクトル,Ektor
2mv用強027,Strong 2mv27
マーギル,Margille
クライト,Krite
ドロフィ,Dorofi
ホウコウ,Houkou
ズルード,Zurudo
チェーレ,Chere
ポポリパ,Popolipa
マヌエラ,Manuela
ゼンガン,Zengan
ペッコー,Pekko
ダランゾ,Daranzo
ココロア,Kokoroa
ファルケ,Falke
天の雷砲,Skycannon
アカツキ,Akatsuki
ニニッサ,Ninissa
サージュ,Saju
Ｅ０９４,E094
イベント,event
ネーモン,Neymon
発芽の層,Germination Layer
トナカイ,Reindeer
マーシャ,Marsha
Ｅ１２８,E128
シェーラ,Sherah
ボラデュ,Boradu
グリッタ,Glitter
自分の家,My House
2mv用強009,Strong 2mv09
強化砲弾,Super Shell
スイッチ,switch
清浄区画,Clean Area
ボリュー,Boryu
ゴダ神殿,Goda Temple
ジョエル,Joel
導星の間,Guiding Star Chamber
マーシト,Mashito
スラまる,Goobert
ジーニア,Jinia
2mv用弱004,Weak 2mv04
シラナミ,Shiranami
聖王の盾,Dryspell Shield
クリオネ,Sea Slug
黄昏の園,Twilit Field
審判の書,Book of Judgment
リリーフ,Releef
デルメゼ,Delmeze
明の食堂,Morning Dining Room
Ｅ１２６,E126
オリクル,Oricle
紫の封石,Purple Sealing Stone
ランババ,Ranbaba
ツァラオ,Tsaro
ヴェルヌ,Verne
ムーロン,Muron
すーじー,Susie
愛のムチ,Lashings of Love
ポールト,Polluto
真実の間,Hall of Truth
ズワルド,Zwald
モブ家臣,Mob Retainer
赤の王冠,Red Crown
アルッパ,Aruppa
父の手記,Dad's Memoir
ムタデマ,Mutadema
ボンツォ,Bonzo
ザンガル,Zangal
オリンダ,Orinda
2mv用強012,Strong 2mv12
銀の延板,Silver Plate
ボナール,Bonnard
ヨールト,Yort
バルトル,Baltor
エルッペ,Eruppe
ジーモン,Jimon
青い宝石,Savvy Sapphire
ダンマジ,Danmaji
エルメメ,Elmeme
子狐の像,Fox Cub Statue
フィギン,Figgin
クレリア,Clelia
言声の泉,Fountain of Speaking
クレセダ,Creseda
クビトー,Kubito
サーラン,Saran
ビョルツ,Bjortz
Ｃ１３７,C137
闇の領界,Dark Realm
ピルトポ,Piltopo
永久時環,Eternal Ring
エズメラ,Esmera
ケルビス,Kervis
太陽石多,Many Sun Stones
ラムゼイ,Ramsey
会心必中,Critical Claim
ルダーン,Rudan
ギサルメ,Gisalme
ミーザン,Miizan
キュット,Kyutto
巨影の獣,Shadow Beast
エゾマツ,Spruce
傘まわし,Umbrella Spin
メタリン,Chromeo
ゴーラ領,Gora Territory
カランダ,Calanda
ヤスラム,Yaslam
ベスコー,Besuko
中央地区,Central Area
カナノコ,Kananok
鷲王の巣,Eagle King's Nest
パーリス,Paris
キューボ,Kyubo
Ｎ高の旗,N High Flag
トーリオ,Tourio
ウォレス,Wallace
サリベス,Sarybeth
フォルス,Forus
タツノギ,Tatsunogi
ハーリー,Halley
儀式の間,Ritual Hall
2mv用強006,Strong 2mv06
マークス,Marx
カテナー,Catena
くちぶえ,Whistle
ガジャム,Gajam
アイテム,Item
ミガンス,Migans
ジロタン,Jirotan
花園の町,Flower Garden Town
フラッセ,Flasse
コンティ,Conti
迷いの海,Sea of Doubt
シュガー,Sugar
ヘペット,Heppet
黒竜丸強,Apex Equinox
黄の真珠,Yellow Pearl
ギャラン,Gyaran
ガルレイ,Gullray
ヌカンプ,Nukamp
ライナル,Rainal
アルティ,Aruti
マガネリ,Maganelli
ウィート,Wit
ティジー,Tiji
村人女２,Villager F 2
僧侶の影,Priest's Shadow
パリエス,Paries
キシュレ,Kishre
レンケン,Renken
ジェラル,Jeral
クイニー,Quiney
打成一片,Become One
王冠の間,Crown Room
カリート,Calito
カルーモ,Carumo
パハペノ,Pahapeno
ザオラグ,Zin Rug
風の結晶,Wind Crystal
すばやさ,agility
ティサウ,Tissau
オリジェ,Orige
ガドッソ,Gadosso
シャンテ,Shante
ゲルテン,Gelten
ソネーゼ,Soneize
ルシール,Lucille
ゴルドン,Goldman
ハーレル,Harel
汚染区画,Filthy Area
グレース,Grace
ホオジロ,Hojiro
ヨシじい,Grandpa Yosh
第一の房,First Trial
サッケス,Sakkes
カッチュ,Katchu
バッフル,Baffle
モミじい,Grandpa Momi
ディット,Ditto
おびえる,Scared
リドバン,Lidban
荒神の舞,Deity Dance
石の灯籠,Stone Lantern
ヨーゼフ,Yosef
みやげ屋,Souvenirs
クマタカ,Kumataka
闘士の間,Battle Arena
ツキード,Zikeed
ドーナツ,Donut
リアータ,Riatta
ナナリー,Nanalee
わたぼう,Fluffy
迅雷の丘,Thundering Hills
心頭滅却,Mind Over Matter
プープル,Pupuru
ペリトン,Periton
コワード,Kowado
カーメロ,Karmelo
赤茶猫　,Mahogany Cat
マエタケ,Maetake
サショラ,Sashola
ツバクロ,Tsubakuro
ポンヌク,Ponnuk
デュロモ,Duromo
草原の町,Meadow Town
ルネッタ,Lunetta
ビナッテ,Vinatte
スタルハ,Starha
ティック,Tick
バートル,Bartle
ミャダバ,Myadaba
嵐まとい,Storm Clad
海賊NPC２,Pirate NPC 2
チャルギ,Chargi
ギャンパ,Gyanpa
ウェディ,Weddie
ホバクゥ,Hobak
タタルコ,Tatarko
スーイー,Suuie
見張り台,Lookout
飛竜の峰,Dragon's Peak
パックー,Pakku
オイカワ,Pale Chub
ノッツェ,Notze
シニッカ,Shinika
スラリー,Suraly
最上層２,Top Floor 2
天の聖壇,Heavenly Altar
サイモン,Clank
リンガー,Marshal
シェレナ,Sherena
ブロンガ,Buronga
ティード,Tido
よしじい,Grandpa Yosh
結実の間,Root of Fruition
つらい陣,Tough Spot
テリップ,Teripp
テーニャ,Tenya
フルッポ,Furuppo
シーナン,Sinan
カルソス,Calsos
煙霧の谷,Misty Valley
ジバリカ,Boulderbringer
2mv用強016,Strong 2mv16
リオーレ,Liore
モーベン,Moben
イエロー,yellow
資材倉庫,Material Storage
ポフッポ,Pofuppo
桃の短冊,Pink Strip
バショオ,Basho
Ｅ０８５,E085
Ｅ１４３,E143
ジャナリ,Janari
アスケル,Asker
釜デコ屋,Pot Decor Shop
イヌロイ,Inuroi
踊り子Ａ,Dancer A
深度１５,Depth 15
レイリー,Rayleigh
共同戦線,A United Front
ネリメル,Nerimel
シグルド,Sigurd
暁の水底,Depths of Dawn
トーリナ,Torinna
ターリー,Tarley
レガート,Legato
育みの杖,Nurturing Staff
ティーヤ,Tiya
心層拝堂,Chapel of the Heart
キシリオ,Kishirio
ヌーク草,Nook Grass
ラビソン,Rabison
魔瘴石大,Large Miasmite
僧侶ヌィ,Priest Nui
ソムニア,Somnia
マネキン,mannequin
弔いの間,Burial Room
スイプト,Suiputo
エテーネ,Ethene
ハイノル,Hynor
ロウマン,Rowman
クイーレ,Quaile
デメトリ,Demetori
モルニフ,Mornif
キキョウ,Kikyo
2mv用強011,Strong 2mv11
ホホフホ,Hohohuho
ベニーア,Benia
2mv用強026,Strong 2mv26
キンギョ,Goldfish
アムート,Amuuto
津魔妖神,Squid Stick
ランテル,Rantel
ラーシド,Rashib
ソーイグ,Soig
ビィルト,Bilto
娯楽の扉,Door of Amusement
ボルール,Borul
イリズヤ,Irizya
プロッカ,Prokka
チャジロ,Chajiro
旅の商人,Peddler
エヌカラ,Enkara
セルリー,Saralee
パロンタ,Paronta
タイヤキ,Taiyaki
シフォン,Chiffon
妖精の家,Fairy House
ロゼウス,Roseus
にんげん,human
アドハム,Adham
金剛ネジ,Diamond Screw
精霊降臨,Spirit Walk
ミラベル,Mirabel
ウェーラ,Wailer
ひばしら,Pyre o' Fire
ズロセロ,Zurosero
アズール,Azur
ルチッラ,Lucilla
メイデル,Maidel
兵士詰所,Guardroom
ナダーフ,Nadaf
サルベス,Salves
ザカリー,Zachary
天奏楽団,The Heavenly Musicians
ボーンズ,Bones
ポリクス,Polyx
ザブラル,Zabral
リバイバ,Ribaiba
ドワーフ,Dwarf
ビビアロ,Viviaro
ナナキュ,Nanakyu
アグリム,Agrim
暗黒の手,Hand of Darkness
紫の真珠,Purple Pearl
射手の服,Archer Shirt
オルパナ,Orpana
ゼニート,Zenit
ゴオザス,Gozas
シシリス,Shishirisu
新月の環,New Moon Ring
ホソバミ,Hosobami
グナール,Gunnar
神鏡の間,Mystical Mirror
ウバダバ,Ubadaba
フージュ,Fuju
ネイリー,Naylee
ガリュア,Garua
第三の房,Third Trial
北・入口,North Entrance
アニバス,Annivers
ルブーチ,Rubucci
パンタア,Panta
セラフィ,Seraphi
リカード,Ricado
キフライ,Kifley
ウォーリ,Wolly
丸太の柱,Log Pillar
生徒・Ａ,Student A
フレイヤ,Freya
サクうま,Saku Uma
ポポロナ,Popolona
Ｃ１３５,C135
精霊の泉,Spring of Spirits
ターニス,Tannis
アサキバ,Asakiba
プロッセ,Prosse
マルーノ,Marouno
浄天地呪,Purifying the Curse
ゲメルデ,Gemelde
軍団長室,Commander's Office
ツスクル,Tsusukul
マタンゴ,Morphean Mushroom
ラヴィア,Lavia
魔剣開放,Dark Mark
アネシス,Anesis
にんじん,Carrot
ピッペル,Pippel
子羊の像,Lamb Statue
ジャドン,Jadon
ニロップ,Nirop
ゼドリグ,Zedrig
2mv用弱011,Weak 2mv11
リアーネ,Liane
指名限定,Nomination Limited
ヒラリス,Hilaris
フワーネ,Flowfy
ナギリ洞,Nagiri Cave
希望の丘,Hope Hill
エウィン,Ewin
フォーヴ,Fove
毛皮の柱,Fur Pillar
ジャミル,Jamil
つばくろ,Zubakro
ノーチャ,Noucha
トネじい,Grandpa Tony
唄う王子,Sing Prince
古木の弓,Gnarled Bow
デニキス,Denikis
ポロペペ,Poropepe
月光の弓,Moonlight Bow
エルミラ,Elmira
リームア,Rimua
ウラハブ,Urhab
チャルダ,Charda
ポツコン,Junkey
パオペラ,Paopera
超爆裂石,Hyperbomb
窓明かり,Window Light
オルテガ,Ortega
ハンマー,Hammers
マーシィ,Marcy
天恵の光,Lively Light
マホリー,Defizzle
コイ・黒,Black Carp
グレタル,Gretal
マグマ球,Magma Ball
ダイガン,Daigan
コーデ券,glamour ticket
モルゲン,Morgen
フォルナ,Forna
シャニス,Chanice
どらきち,Vlad
波動解放,Darkness Unleashed
ベンガラ,Bengara
フーマー,Hoomer
飛竜の峰,Dragon Peak
ターブリ,Taburi
ギブスン,Gibsun
メオーズ,Meoze
クアトオ,Kuato
アフラブ,Aflav
クゥーン,Koun
ヴィタル,Vitar
浜辺地区,Beach Area
白鳥の弓,Swan Bow
マミロン,Mamiron
天然城壁,Natural Rampart
ワキール,Wakir
久遠の森,Forest of Eternity
爪牙の陣,Ring of Weakening
パパルパ,Papalupa
幻日の鏡,Sun Mirror
プッチュ,Pucchu
テモシー,Temoshie
アピアン,Apian
ホフハフ,Hohuhahu
エレーネ,Erene
男子生徒,Schoolboy
ちびゴラ,Dinkagon
キバチェ,Kibache
サレーマ,Salema
壁屋クル,Wall Shop Kuru
シャドー,Shadow
煉獄の谷,Hell's Valley
ペッテス,Pettesu
バッドン,Baddon
ワドワー,Wadowa
フリーツ,Fritz
キュモモ,Kyumomo
レポッチ,Repotchi
ネージュ,Neige
バレリー,Balery
ヘヒヒヒ,Hehihihi
アーサー,Slimurai
リュナン,Lunan
ナッくん,Nakkun
フィオレ,Fiore
ペネメイ,Penemay
釣り部室,Fishing Club
静かの海,Sea of Peace
サスラン,Sasuran
ズオナロ,Zuonaro
魔瘴塚跡,Miasmound Ruins
ベテラン,veteran
ミュベス,Mubes
アルハン,Alhan
ドゥドゥ,Dudu
アウロラ,Aurora
ヤシの木,Palm Tree
光陰如箭,Time Flies
フルーラ,Flura
タルカド,Talcado
ピンドフ,Pindoff
最上層３,Top Floor 3
子牛の像,Calf Statue
世界地図,World Map
サビーヌ,Sabine
ファラン,Faran
スーディ,Sudy
プブロフ,Publov
戦士ジキ,Warrior Ziki
祈りの宿,Prayer Inn
レーザン,Lazan
コーレス,Corres
ルバンカ,Face Invader
ピッポス,Pippos
パディル,Padil
戒めの地,Cave of Counsel
トーキィ,Tokei
ノミギリ,Nomigiri
エベリナ,Evelina
リレミト,Evac
デッシュ,Desch
闇の加護,Dark Favor
ヒッペル,Hippel
フレイム,Dancing Flame
時間延長,Time Extend
グレンダ,Glenda
セブラン,Sebran
財宝の間,Treasure Room
ハリカラ,Harikara
フィーロ,Firo
シバーラ,Shivara
ゲルゲラ,Gelgera
パーラプ,Parlap
ツェンケ,Zenke
ふじいろ,wisteris
死霊召喚,Call to the Dead
ゴールド,Gold
アーシー,Arshie
ポルるん,Portie
流星呼び,Meteor Call
ポコムチ,Pokomuchi
イーリス,Eris
ジュシル,Jushle
データル,Detal
ヒューザ,Hyuza
トルディ,Tordi
メリエル,Meriel
ロレッタ,Loretta
成木の層,Mature Tree Layer
ジャンガ,Janga
地下通路,Underground Passage
じゅもん,spell
神ヤスリ,Divine File
ヨローメ,Yorome
ヒピュン,Hipyun
フェンダ,Fenda
休息の間,Rest Area
ブーレイ,Boulay
ベニシロ,Benishiro
ミイラ男,Mummy Boy
ルッキュ,Rukkyu
少女探偵,Girl Sleuth
星辰の盾,Star Shield
イレーナ,Elaina
エーニル,Eynil
マンマー,Momma
スパーク,Spark
呪いの絵,Cursed Drawing
ドンダム,Dondam
ファズマ,Phasma
集合住宅,Housing Area
フウラ像,Fuura Statue
フウザム,Fuuzam
ツムノリ,Shelldon
黒い唐傘,Black Paper Umbrella
カラリン,Karalin
パープル,purple
スライム,Slime
グリブス,Gribs
ゴーレム,Golem
赤い花束,Red Bouquet
HI子供男,HI Baby Boy
HIドワ女,HI Dwarf F
HIエル男,HI Elf M
HI竜族男,HI Dragon M
弓(両手),Bows
HI老人男,HI Old Man
HIプク女,HI Puku (F)
HI人間男,HI Human M
命中 +20%,Hit Rate +20%
HIプク男,HI Puku (M)
HI竜族女,HI Dragon F
HIドワ男,HI Dwarf M
HIオガ男,HI Ogre M
HIウェ女,HI Weddie F
HI妖精女,HI Fairy F
HIオガ女,HI Ogre F
HIウェ男,HI Weddie M
HI子供女,HI Baby Grl
×を描く,Draw an X
HI老人女,HI Old Womn
GM用装備,GM Equipment
鎌(両手),Scythes
PCベビー,PC's Baby
扇(片手),Fans
HIエル女,HI Elf F
HI人間女,HI Human F
棍(両手),Rods
ダミー7,Dummy 7
元兵士A,Ex-Soldier A
元兵士B,Ex-Soldier B
元兵士D,Ex-Soldier D
副素材A,Sub-Material A
副素材C,Sub-Material C
副素材D,Sub-Material D
元兵士C,Ex-Soldier C
副素材B,Sub-Material B
シュパ,Shupa
足ヒレ,Flippers
ガッド,Gadd
アアテ,Aate
犬の像,Dog Statue
シエラ,Sierra
いのる,Pray
モトイ,Motoi
ゴーシ,Goshi
ゲンタ,Genta
チョボ,Chobo
カズラ,Kazula
会議室,Meeting Room
ムヤル,Muyal
ガナジ,Ganaji
レシア,Reshia
ロアル,Roaru
アココ,Akoko
シジマ,Shijima
ツムギ,Tsumugi
バトゥ,Batu
チチカ,Chichika
ハンス,Hans
パオラ,Paola
ゲルト,Gert
プルカ,Puluka
植木鉢,Plant Pot
ネイイ,Nayee
星まん,Starsweet
高層階,Upper Floor
水門前,Sluice Gate
踊り子,dancer
シオネ,Shione
ラゴス,Lagos
ルセン,Lucen
ラトラ,Ratra
シュゼ,Shuzet
ポポナ,Popona
タスケ,Tasuke
ショス,Shose
ヘザー,Heather
さくら,cherry
マロン,Maron
パオス,Paos
動力球,Power Orb
ルード,Luudo
ボリパ,Bolipa
黒い光,Black Light
武闘家,martial artist
ネジロ,Nejiro
ベスナ,Sheena
ゴロキ,Goroki
四の島,Fourth Isle
パララ,Parala
ラコツ,Rakotsu
地下洞,Underground Cave
六の塔,Tower 6
神鉱石,Deity Ore
シカン,Shikan
セレス,Ceres
イナバ,Inaba
ロアナ,Roana
花束白,White Bouquet
ガタラ,Gatara
第三層,L3
天岩石,Heavenly Rock
木工室,Woodworking Room
特等室,Special Class Room
ジャモ,Jamo
クラハ,Klaha
リタ姫,Rita
ダンツ,Dantz
ラウウ,Lau
木箱改,Crate
モユク,Moyuku
キュラ,Kyura
タツミ,Tatsumi
ヘレナ,Helena
ガラハ,Galaha
コマド,Komado
暴走率,haywire rate
マフィ,Muffy
グロラ,Glora
ミルネ,Milne
ティハ,Tiha
技術室,Engineering Room
ドヨロ,Doyoro
パピィ,Pappy
衣装係,Clothier
イクテ,Ikutei
ヨギサ,Yogisa
リピコ,Lipico
リンダ,Linda
ルギー,Rugi
あさぎ,light blue
雲上湖,Cloudtop Lake
カカナ,Kakana
ルミネ,Lumine
アママ,Amama
花火屋,Fireworks Shop
対策室,Strategy Room
リィラ,Leila
サザエ,Turban Shell
ミザリ,Misari
黒飛竜,Black Flying Dragon
黒怨王,Hellbound Highness
ナツィ,Nutsy
チョル,Chul
ヘペク,Hepeku
念晶環,Telecrystal Ring
クック,Cooke
倉庫内,Warehouse
ソルト,Salt
クロウ,Crow
魔皇軍,Dark Dominion
マグダ,Magda
オドモ,Odomo
hametu床,unused
リコグ,Rikogu
ドンコ,Dark Sleeper
雨の島,Pluvi Isle
子ネコ,Kitten
カルラ,Carla
ボリス,Boris
布の壁,Cloth Wall
アムム,Amumu
まるる,Marul
リオネ,Lionei
ギリン,Girin
ミレイ,Mirei
パロナ,Palona
ペルノ,Peruno
コテツ,Kotetsu
給仕室,Waiting Room
クラメ,Kurame
サダク,Sadak
マハリ,Mahari
ムガチ,Mugachi
イルマ,Ilma
天灯赤,Red Lantern
パスキ,Paski
白き者,White One
トート,Tote
プラヌ,Planu
ガラン,Galan
ニニモ,Ninimo
オトベ,Otobe
酒場前,Tavern
ポロオ,Poroo
武道場,Dojo
カレイ,Flounder
テテマ,Tetema
ボーラ,Bora
リミナ,Limina
地底湖,Underground Lake
ダイス,Dice
サノジ,Sanoji
ミカゲ,Mikage
バヌス,Banus
ジョン,Jon
ムーン,Moon
ホッケ,Atka Mackerel
地下道,Underpass
リモン,Rimon
ベスエ,Shea
ポムレ,Pomre
バッヅ,Badz
ガミミ,Gamimi
シトリ,Shitori
ルビー,Ruby
一の塔,Tower 1
炎曜石,Firestone
ビュウ,Byu
マナム,Manam
トゥダ,Tudor
ソール,Saul
ハッス,Hass
下層へ,To Lower Area
ヨヒア,Yohia
ボラス,Bolas
ミノン,Minon
クロス,Cross
月の像,Moon Statue
望遠鏡,Telescope
回生堂,Rest Spot
フーゴ,Fuugo
心の闇,Heart of Darkness
メラネ,Merane
セツミ,Setsumi
錬金屋,Alchemy Shop
ケラプ,Kerap
バニー,Bunny
ジョナ,Jonah
ヤッフ,Yaffu
リリン,Lilin
０７号,Number 07
トニー,Tony
モンテ,Monte
はくる,Hakul
ロッシ,Rossi
カリヤ,Kariya
土の柱,Dirt Pillar
ヘント,Hento
事務室,Office
３番地,House 3
マセイ,Masai
サンサ,Sansa
水そう,aquarium
四の塔,Tower 4
倉庫前,Warehouse
コダマ,Kodam
ヌダイ,Nudai
第８刻,Eighth Epoch
ルミラ,Lumira
生産棟,Manufacturing
ロメリ,Romely
ポポロ,Popolo
天灯桃,Pink Lantern
古書店,Used Bookshop
ヤンク,Yanku
影の谷,Vale of Shadow
ダルル,Darul
ニルダ,Nilda
サジェ,Sajay
エルナ,Elna
レミミ,Remimi
はっぴ,Happi
テッサ,Tessa
アウリ,Auri
船着場,Wharf
アカシ,Akashi
タカカ,Takaka
ルベン,Reuben
烈風石,Blustery Ball
レッパ,Reppa
人力車,Rickshaw
ソット,Sott
Ⅲ僧侶,Priest Ⅲ
ゲルケ,Gerk
シウバ,Silva
カギ束,Keys
第３層,L3
竜術士,dragomancer
ミュル,Mule
素材屋,Material Shop
廻風陣,Cyclone
クリロ,Kurilo
カリン,Karin
援軍玉,Reinforcement Orb
封印鎖,Seal Lock
スズミ,Suzumi
とと丸,Totomaru
ヒサメ,Hisame
ウヅキ,Uzuki
ミラカ,Miraka
サラド,Salado
黒竜丸,Equinox
姿見盾,Mirror Shield
ジーヌ,Gene
ババル,Babar
魔封石,Sealing Stone
カヤヌ,Kayanu
ミレル,Mirelle
チギー,Chuggy
ペーダ,Peda
ダクル,Duckle
こぶた,Piggy
師オゼ,Master Oze
リリカ,Lyrica
ヒビキ,Hibiki
ゲバン,Geban
サバス,Sabas
アニク,Anik
皮の盾,Leather Shield
ウェル,Well
ペルピ,Perupi
ペルネ,Pernet
守護石,Sentinel Stone
プフル,Puffle
月の砂,Moonsand
管理棟,Admin Building
ジョゼ,Jose
モモカ,Momoka
ミナナ,Minana
オウマ,Ouma
ゲゾラ,Gezra
名声値,Fame Points
リセセ,Risese
ピース,Peace
ユピン,Yupin
パルカ,Parka
レクエ,Reque
鉱山前,Mine
イイト,Eito
ダレン,Darren
スピル,Spiel
シャン,Shan
ギペン,Gipen
ユシエ,Yushi
サーニ,Sarny
オッサ,Ossa
アケケ,Akeke
アオノ,Aono
世界樹,Yggdrasil
ヨバン,Yoban
両手杖,Staves
ミーカ,Mika
魂狩り,Soul Seeker
ギザフ,Gizaf
センナ,Senna
フハフ,Hahahu
破魔矢,Evil Piercer
ポーラ,Paula
アトト,Atoto
ヤチャ,Yacha
インゴ,Ingo
人間女,Woman
クレア,Claire
地下牢,Dungeon
東の塔,East Tower
白い蝶,White Butterfly
りんご,Apple
創生珠,Geneseed
メナー,Menna
ハンナ,Hanna
メトラ,Metra
オリリ,Oriri
ザッハ,Zaha
クレガ,Kurega
スコナ,Skona
デンナ,Denna
ゴード,Gord
ネネナ,Nenena
ミュロ,Muro
談話室,Lounge
ケリパ,Keripa
アウイ,Aui
ネレア,Nerea
ロルフ,Rolf
チキ坊,Chickibo
グツグ,Gutsugu
タラー,Tara
ハルト,Haruto
ラッカ,Rakka
洞くつ,Cave
レタス,lettuce
煙幕弾,Smokebomb
旧校舎,Old School Building
船長室,Captain's Room
トロペ,Trope
デゼル,Dezel
第５刻,Fifth Epoch
光の柱,Pillar of Light
ほこら,Shrine
キリカ,Kirika
棒きれ,Stick
古本紫,Old Purple Book
アサヒ,Asahi
ナギハ,Nagiha
るのー,Renault
ポッチ,Potch
カモイ,Kamoi
ガルゴ,Galgo
レンゲ,Rengue
Ｖロン,Vron
戦務室,Barracks
パクパ,Pakpa
ホメメ,Homeme
震音石,Tremorock
クミラ,Kumira
メリル,Merrill
エバン,Eban
コロネ,Koronet
ピンク,pink
ピタリ,Pitary
モコロ,Mokoro
ガレー,Galley
アンズ,Anzu
ツリー,Tree
悪鬼丸,Bad Mummy
展示室,Exhibit Room
光滅弾,purifying pellet
エース,Ace
ラクト,Lakuto
ゾオス,Zoos
神獣鎧,Divine Armor
第４層,L4
千夜嵐,Tempest
グォン,Guon
分光器,Spectrometer
キキラ,Kikira
テトリ,Tetri
モーラ,Moura
アノカ,Anoka
デスコ,Desco
ピッツ,Pitts
ミミラ,Mimil
ゾーマ,Zoma
ギティ,Giti
二本竹,Double Bamboo
ヌツィ,Newtsy
ルチチ,Ruchichi
ヤツハ,Yatsuha
ゲニサ,Genisa
アーヴ,Avu
キラリ,Kirari
ダッツ,Dats
クロマ,Chroma
サナヒ,Sanahi
ソダン,Sodan
ラギー,Ruggy
ルーア,Lua
ニッキ,Nikki
ヌング,Nung
鳥の絵,"Bird"
トモズ,Tomozu
大雪柱,Snowplex
キッズ,Fry
チェイ,Chey
ハホホ,Hahoho
アロワ,Alowa
ルブル,Rubul
クロラ,Crolla
ドルレ,Dorle
りろろ,Lilolo
ナナレ,Nanare
リアサ,Riaza
隠し階,Passage
マリド,Malido
エゼル,Ezell
ニニカ,Ninika
シロギ,Shirogi
テッカ,Tekka
フフイ,Fufui
万年筆,First Pen
カスリ,Kasri
サフィ,Safi
メルエ,Merue
メーダ,Lunatick
マリー,Marii
ペリド,Perid
カカラ,Kakara
みそぎ,purification
メイサ,Meisa
ウグイ,Dace
影と陰,Shadows and Shades
ミオク,Mioku
イサリ,Isari
焦熱核,Heat Core
スバル,Sbar
羊の像,Sheep Statue
カラン,Karan
パフタ,Pufta
天灯緑,Green Lantern
第４刻,Fourth Epoch
石室前,Stone Hut
光の床,Light Floor
ルケト,Luketo
サザキ,Sazaki
ナルベ,Narve
ググル,Gugur
ハカム,Hakam
高笑い,Ohoho!
アロロ,Aroro
ダラン,Daran
ボチョ,Bocho
ダリダ,Dalida
兵士Ａ,Soldier A
デント,Dent
ボバル,Bobal
ラルゴ,Largo
ヤママ,Yamama
リグベ,Rigbe
ロイス,Royce
トナナ,Tonana
えまー,Emar
流水岩,Streamstone
ギルダ,Gilda
ハリー,Harry
ススラ,Slurp
ユディ,Yudi
崩命拳,Punch Out
パステ,Pasute
鬼岩城,The Badrocks
ススレ,Susure
ゾクラ,Zokura
ジララ,Jirara
調理場,Kitchen
まいこ,Maiko
ハロン,Haron
天使長,Archangel
資料室,Archives
管理室,Control Room
レビデ,Rebide
カトラ,Katra
アコリ,Akori
輝晶獣,Crystalbeast
とみー,Tommy
リーリ,Leely
謎の島,Strange Island
軍区画,Army Ward
蓄電池,Rechargeable Battery
ビーチ,Beach
獅子門,Lion Gate
エリク,Eric
投影機,Projector
フミラ,Fumira
清堂前,Residence
ソルテ,Solte
屋敷内,Mansion Interior
大成功,Perfection
ペペプ,Pepepu
慰霊碑,Memorial
ゾレブ,Zoleb
バメア,Vamea
総帥Ｍ,General M
テイハ,Teiha
ホーロ,Horo
アルト,Alto
アイク,Ike
モググ,Digby
ノーザ,Norza
トスカ,Tosuka
ルノー,Renault
ブーバ,Buba
チラン,Chiran
パパラ,Papala
ケムヌ,Kemunu
トペラ,Topera
６番地,House 6
ピッケ,Pikke
ゼイゴ,Zeigo
ロイザ,Loiza
チアア,Chia
レオニ,Leonie
ザンバ,Zamba
アカリ,Akari
入口側,Entrance Side
イグサ,Igusa
クラロ,Claro
４番地,House 4
ピート,Pete
トトリ,Totori
ワシナ,Washina
ミツカ,Mitska
ピィピ,Pippi
レピネ,Lepine
光の粉,Lightdust
魔創兵,Evil Troop
ワープ,Warp
エリカ,Erica
ツィク,Tzik
モモフ,Momov
ホワラ,Howara
ゼムロ,Zemro
ミルク,Milk
ペロウ,Perou
セリナ,Serina
ロビン,Serial
サキノ,Sakino
ブラト,Burat
大浴場,Bathhouse
お面屋,Mask Shop
グレン,Glen
ラキ？,Lycae?
マータ,Marta
ミュレ,Muret
プク女,Pukulipo woman
シディ,Sidi
ウリム,Urimu
謎の光,Mysterious Light
鬼人国,Demonkin's Domain
ソウラ,Soura
ミデナ,Midena
写真機,photo machine
公園前,Park
パエエ,Pae
遺跡前,Ruins
リコラ,Ricola
メアル,Mare
竜炎石,Dragonstone
瓦礫群,Debris
オバケ,Ghost
ポンタ,Ponta
輝晶核,Coruscating Core
お花見,Flower Viewing
念晶鏡,Telecrystal Mirror
タリス,Tals
ゴウレ,Gourey
アズゥ,Azul
リブス,Ribs
サユル,Sayul
コイズ,Koiz
コバン,Koban
ビーン,Bean
磁光石,Magnetolite
セノユ,Senoyu
モクア,Mokua
スミカ,Sumika
ガリャ,Garya
サララ,Salara
竜の涙,Dragon Drops
ヤビヤ,Yabiya
タクホ,Takuho
剣の間,Sword Room
ツバキ,Tsubaki
キーネ,Kine
パック,Pack
リッグ,Rigg
ランブ,Ranbu
リヘイ,Rehei
銀の森,Silver Forest
ヒズミ,distortion
アガサ,Agatha
アッカ,Akka
鉄甲斬,Scrap Mettle
ためる,Psyche Up
大獄剣,Brimstone Blade
イマリ,Imari
ソエラ,Soella
青飛竜,Blue Flying Dragon
ジアン,Jian
ぽぽな,Popona
タブノ,Tabno
にのん,Ninon
ガルド,Gardo
ドンザ,Donza
書物庫,Library
ホヨウ,Hoyo
おでん,Oden
アンサ,Ansa
サナム,Sanam
コハク,Kohaku
フクサ,Fukusa
ライト,Light
オルグ,Orgu
ユリア,Julia
ハピピ,Hapipi
カルガ,Calga
マー坊,Mabo
水望橋,Bridge of Beauty
ピニー,Pinny
魔瘴塚,Miasmound
ミノノ,Minono
パプナ,Papna
タタラ,Tatara
ユアン,Yuan
ゾイン,Zoin
ブイイ,Buii
ルバン,Ruban
牛の像,Cow Statue
ハヤテ,Hayate
羊皮紙,Parchment
ラゴウ,Lago
グナー,Guna
五の塔,Tower 5
モレナ,Morena
ガガド,Gagado
パカル,Pacal
ルブタ,Rubuta
グルビ,Gulbi
ザップ,Zapp
かばう,Whipping Boy
学生鞄,Schoolbag
ゴンゾ,Gonzo
カスミ,Kasumi
マリハ,Mariha
ジュテ,Jute
アイリ,Aili
ベスラ,Vesrah
メルー,Meru
りおん,Leon
聖泉前,Spring
ユーリ,Yuri
オペラ,Opera
シェム,Shem
機関部,engine
マリン,Marin
タレレ,Tarere
教会跡,Ruined Church
月花石,Moonstone
トーレ,Torre
神殿前,Temple
モココ,Mokoko
ダズボ,Dazubo
ダイラ,Daira
よるろ,Yorro
ガチュ,Gache
モララ,Morara
タマサ,Tamasa
ヒヒヘ,Hihihe
ロバル,Robal
Ⅲ勇者,Hero Ⅲ
ヴァン,Vanne
爆伸丸,Powerburst Pills
グリフ,Glyph
聖簾前,The Falls
スフヤ,Sufuya
チェド,Ched
スーラ,Gumdrop
ミノサ,Minosa
ボンド,Bond
プレイ,play
フブキ,Fubuki
サテラ,Satella
マイロ,Milo
小屋前,Cabin
リブラ,Libra
カルレ,Carle
ウテン,Uten
テラン,Terran
遺構前,Ruins
広場前,Plaza
天竜草,Nadragrass
デネブ,Deneb
ロミナ,Romina
麻の糸,Flaxen Thread
パリン,Pauline
ルベカ,Rubecca
イウカ,Iuka
にっき,Nikki
ロンデ,Ronde
庭具屋,Outdoor Furniture Shop
ウルグ,Urugu
スボバ,Snowbattle
コイイ,Koii
ミゼリ,Mizeri
ゼラン,Zelan
オシド,Oshido
ハーク,Hark
ボハラ,Bohara
コホッ,cough
マギー,Maggie
ミラン,Milan
宿屋前,Inn
ヤクモ,Yakumo
極上麦,Finest Quality Wheat
破魔石,Demonbreaker Stone
採掘場,Quarry
ポプフ,Popufu
ヴェレ,Tox
カリム,Karim
ペヒイ,Peppi
ノヴィ,Novi
住宅商,Realty
ヒーピ,Hippi
キヨメ,Kiyome
ラーリ,Rahri
ララニ,Rarani
ズチチ,Zuchichi
身支度,Get Ready
ミモザ,mimosa
てれる,Shyness
アガタ,Agata
ロクア,Rokua
ククス,Kook
ルナナ,Lunana
シラノ,Shirano
クミナ,Kumina
ホール,Hall
リワワ,Liwawa
最深部,depths
市街地,Town Area
ボッタ,Botta
ナヒド,Nahid
エピン,Epin
火の輪,Ring of Fire
命の石,Dieamend
アクア,Aqua
オルネ,Orne
遊び人,gadabout
ゼイン,Zane
バナパ,Banapa
ミリー,Milly
ディラ,Dira
セバス,Sebas
屋形船,houseboat
ポーン,Pawn
ミエル,Miel
トキワ,Tokiwa
ペペレ,Pepele
こるだ,Corda
精霊力,spirit energy
モニク,Monique
女教皇,priestess
勇者姫,Hero Princess
モンヌ,Monnu
ゴゾン,Gozon
礼拝堂,Chapel
ブージ,Buji
灼光骨,Burning Bone
片手剣,sword
ベスン,Besun
スメメ,Sumeme
チドリ,Chidori
盃の間,The Chalice
ヒトナ,Hitona
カミュ,Erik
パデル,Padel
ヒソカ,Hisoka
ルッホ,Rucho
エゼィ,Ezey
ピペル,Pipel
グララ,Grala
テルナ,Terna
寒鬼団,Coldemons
くくる,Kukulu
ゴニョ,Gonyo
トイム,Toimu
ハヅヅ,Hazuzu
ヤクウ,Yaku
イココ,Ikoko
ケナル,Kenal
ヤヤク,Yayaku
ひとみ,pupil
錬金室,Alchemy Room
スプヤ,Spuya
水着屋,Swim Shop
トージ,Toji
リズク,Rizk
グレゴ,Grego
ビッカ,Bikka
ルンタ,Runta
集落跡,Town Ruins
ゴラル,Goral
チッチ,Chitchi
ノギシ,Nogishi
ユユン,Yuyun
パノン,Tom Foolery
ノーラ,Norah
積み木,Wooden building blocks
守護者,Sentinel
リラエ,Lilae
トリン,Torin
シリル,Cyril
アサギ,Asagi
ミルト,Milt
しぐさ,emote
防具屋,Armor Shop
ギッソ,Gisso
うける,Accept
第一層,L1
ウツボ,Moray Eel
ダイヤ,Diamond
りちゅ,Rich
ジッテ,Jitte
イラジ,Iraj
ジーハ,Jiiha
オリク,Oriku
第６刻,Sixth Epoch
ヌール,Nuuru
マンタ,Manta Ray
コウロ,Kouro
ゾデラ,Zodera
リヨン,Lyon
タラハ,Taraha
ヤポル,Yapor
ゴルバ,Smogbonnet
モッチ,Mocchi
ペーラ,Pela
パフィ,Puffy
ナナロ,Nanaro
ムール,Moule
スコル,Scor
アオサ,Aosa
マムラ,Mamura
イレス,Iless
エグミ,Egumi
ロココ,Rococo
カーサ,Casa
ルーベ,Rubay
院長室,Director's Office
ルイス,Luis
モルン,Morun
海の家,Beach House
ルミィ,Lumi
ヨンジ,Yonji
ドルマ,Zam
ルオン,Luon
オルダ,Orda
研究棟,Research
とくぎ,skill
古井戸,Old Well
アデラ,Adela
ピラル,Piral
ウノジ,Unoji
デフィ,Defi
ネポロ,Napolo
ミアナ,Miana
ブラシ,Brush
全体図,Overview
ビゴル,Bigol
イサキ,Isaki
ツィタ,Zita
リンデ,Linde
陰陽師,Ying Yang
レモア,Lemore
シャク,Shaku
バイグ,Baigu
魔結晶,Evil Crystal
ネフラ,Nefura
パルノ,Parno
アンニ,Anni
ペパー,Pepper
タラリ,Tarari
ニーノ,Nino
ヒナリ,Hinari
ヤスナ,Yasna
コチョ,Kocho
ヒラメ,Halibut
のぞく,Peek
ネリア,Neria
暗殺者,Assassin
貴賓室,VIP Room
バスラ,Basra
ルピア,Lipia
サポン,Sapon
ビッラ,Villa
アプレ,Apurei
プルア,Purua
ツィム,Zim
リーゴ,Rigo
ザーク,Zark
ノッソ,Nosso
湿原前,Marsh
プロン,Puron
クロク,Kuroku
魔法船,Magic Ship
ビリー,Billy
マーフ,Murph
ラドワ,Radwa
イトウ,Huchen
ウエギ,Uegi
シジュ,Shiju
カプナ,Kapuna
チロロ,Chirolo
制御室,Control Room
カノコ,Kanoko
どうぐ,item
ダーマ,Alltrades
カレン,Karen
マグマ,Magma Blast
ルーク,Luke
彼岸鏡,Equinox Mirror
ダンセ,Danse
新兵１,Recruit 1
花園前,flower garden
ヌーガ,Nuga
パサル,Pasal
拾遺譚,Collected Tales
ハラル,Halar
バニラ,Vanilla
フヤネ,Huyane
ハチェ,Hache
オトワ,Otowa
げんま,spirit
ネエラ,Neera
ポペル,Poperu
マチェ,Mache
姿見弓,Mirror Bow
ニノン,Ninon
四術師,Four Sorcerers
マレン,Maren
エンパ,Empa
ユコル,Yukol
ツムム,Tsumumu
メイム,Mame
トリリ,Trili
アオバ,Aoba
練兵場,Army Training Grounds
陥没穴,Sinkhole
ドニニ,Donini
ククリ,Kukuri
施療院,Clinic
トコイ,Tokoi
ユアミ,Yuami
グッタ,Getta
バサロ,Basaro
キノメ,Kinome
サリア,Saria
集会所,Assembly Hall
紅玉館,Ruby Mansion
ラピス,Lapis
調理部,Cooking Club
まりん,Marin
メネト,Menet
プリオ,Purio
オリザ,Oriza
ハッピ,Happi
千里眼,Insight
ベルマ,Belma
ムチェ,Mutch
みるる,Miruru
最上層,Top Floor
レモラ,Remora
エーヴ,Ave
寄宿舎,Dormitory
桜の柱,Cherry Blossom Pillar
ナンタ,Nanta
ダコタ,Dakota
三度笠,Sandogasa
コスケ,Kosuke
ドンク,Donk
レアン,Rean
ナルギ,Nargi
ゼクバ,Zekuba
Ⅰ　Ⅰ,Ⅰ Ⅰ
ユーガ,Stoneman
きーの,Kino
ラッセ,Lasse
レンカ,Renka
ゲアト,Geatto
ギズモ,Cumaulus
グンザ,Gunza
みーか,Mika
タルヒ,Taruhi
コカブ,Kokabu
図書室,Library
セネル,Senel
ミュラ,Mura
カフザ,Kafuza
フロル,Flor
ヒムプ,Himupu
ネリム,Nelim
ピティ,Pity
マトト,Matoto
ガトー,Gateau
サクラ,Sakura
ヴィナ,Vina
代理人,Agent
ムーサ,Musa
ミミナ,Mimina
山地前,Mountains
トトラ,Totora
ナフィ,Nafi
ポプリ,Popuri
モツゴ,Motsugo
トロぺ,Toropei
ムカカ,Mukaka
裏通り,Alleyway
トボラ,Tobora
一の島,First Isle
ボイア,Boa
ゴンジ,Gonji
クシュ,Kush
ラビィ,Rabbi
ドーバ,Dorba
マルル,Marul
ロッガ,Logga
レビィ,Rebi
イール,Byle
撃破玉,Attack Orb
バルド,Baldo
ビナヤ,Vinaya
鹿の像,Deer Statue
指し棒,Pointer
カート,Kato
ギフト,Gift
ゴール,Goal
魔法布,Magicloth
天星郷,the Firmament
ボトラ,Botora
クモモ,Spidney
アルル,Arle
マウロ,Mauro
スノー,Snow
ききら,Kikira
第二層,L2
モチチ,Mochichi
ツヤン,Tsuyan
占い師,fortune teller
トロメ,Torome
ケリー,Kelly
ルーデ,Rudy
クレル,Krell
ザマ峠,Zama Pass
おにび,Will-O'
ぶくろ,bag
ハドマ,Hadma
バーノ,Bano
ティゴ,Tigo
ゴーダ,Gouda
地下階,BF 
ダラム,Daram
三将軍,Triumgorate
ニパナ,Nipana
オトリ,Otori
ローゼ,Rosey
ノンナ,Nonna
ケヤキ,Elm
ヤチヨ,Yachiyo
オール,Oar
クラギ,Kragi
トザン,Tozan
アマハ,Amaha
サシモ,Sashim
ミゾレ,Mizore
流星石,Shooting Starstone
イオマ,Ioma
おおれ,Oray
テトト,Tetto
住居跡,Ruined Residences
イソホ,Isoho
ガガイ,Gagai
タタカ,Tataka
ナブラ,Nabla
ノリス,Norris
兵士Ｃ,Soldier C
ハッケ,Hakke
ユンユ,Yunyu
ソソラ,Sosora
荒野前,Badlands
ホヅミ,Hozumi
魔仙卿,The Oracle
リトト,Litoto
青の蝶,Blue Butterfly
解放者,liberator
水撃砲,Water Gun
タネ屋,Seed Shop
ボチボ,Bochi
ラーク,Raku
エミヤ,Emiya
発着場,Platform
フィナ,Fina
タガヤ,Tagaya
火燐刀,Blazeblade
六聖陣,Six Saints
ペレカ,Peleka
バトル,battle
モモヨ,Flameman
宝飾店,Jewelry Shop
ネッサ,Nessa
フハホ,Huhaho
天務室,Office
モスコ,Mosco
ペトラ,Petra
チョメ,Clawde
青い光,Blue Light
名無し,Anonymous
マゼラ,Megella
カネレ,Kanere
ハラリ,Halali
ジュエ,Juei
アアナ,Aana
ムクゲ,Mukuge
金獅子,Gold Lion
モティ,Moti
ノロン,Nolon
操舵室,Bridge
ハズキ,Hazuki
パルポ,Palupo
ケチャ,Kecha
旅の扉,teleportal
レミナ,Remina
レロネ,Lelone
ピチン,Pichin
白の間,Chamber of White
テンバ,Tenba
ミルハ,Milha
メドウ,Meadow
コリコ,Koriko
青い傘,Blue Umbrella
カンラ,Kanra
マシネ,Mashin
分度器,Protractor
コニー,Connie
ローネ,Rone
シオン,Shion
ぴるの,Pirno
ミンゴ,Mingo
ヤーガ,Yaga
キング,King
ナナイ,Nanai
ソーン,Thorn
展望台,Lookout
オーガ,Ogre
エマル,Emal
トマス,Thomas
ロゼフ,Roseph
ガニー,Gunny
フウミ,Fuumi
ズショ,Zusho
マガメ,Magame
ラスカ,Raska
プッチ,Pucci
ウメノ,Umeno
イチハ,Ichiha
ニョイ,Nyoi
ぴちん,Pichin
ラーナ,Lanna
二の島,2nd Isle
シュン,Shuna
ベスコ,Sheeko
タブロ,Tablo
ブルグ,Burg
雪原前,Snowfield
ベーチ,Veitch
ハネギ,Hanegi
鉱山跡,Mine Ruin
穴ぐら,Cellar
大賢者,Supreme Sage
ゲラド,Gerado
シロキ,Shiroki
ミネア,Meena
ウコギ,Ukogi
ミペカ,Mipeka
キサラ,Kisara
パジル,Basil
バトー,Batou
西の塔,West Tower
格闘場,Arena
リュゼ,Ruze
青い木,Blue Tree
ウリル,Uril
魔瘴沼,Miasma Mire
メメリ,Memeri
キーノ,Kino
ヘギメ,Hegime
カツオ,Skipjack Tuna
移動鏡,Mobile Mirror
ムツキ,Mutsuki
カエル,Frog
トマル,Tomal
オヤヤ,Oyaya
第７層,L7
岩屋前,grotto
リーニ,Rinne
ナミホ,Namiho
テテケ,Teteke
ツェン,Tzen
ルクス,Lux
候補者,Candidate
物質系,Material
ガトゥ,Gatu
ポピリ,Popiri
リジン,Rijin
グッネ,Goode
イイナ,Iina
モモモ,Sanguin
ヤツデ,Yatsude
ハキン,Hakin
ハクル,Hakul
タナト,Thanatos
バアス,Baas
召雷陣,Thunderbolt
幻竜草,Ghostlily
魔剣士,demon swordsman
ラスパ,Laspa
の聖域,Sanctuary of  
ユネネ,Yunene
ロンブ,Lonbu
抜け道,secret passage
第６層,L6
ジャン,Jan
キチェ,Kiche
カンザ,Kanza
ウーゾ,Ouzo
マズル,Mazur
ウナギ,Eel
リリイ,Lilly
ハッパ,Happa
ギナー,Ginner
ニイペ,Niipe
１番地,House 1
ザクス,Zachs
ザラン,Zaran
ぽりん,Porin
セレプ,Celep
ミルエ,Mirue
炎結晶,Blazing Crystal
サフレ,Saffle
保管庫,Storage
ガツェ,Gashe
月球儀,Moon Globe
ベレス,Beleth
クロエ,Kroe
ブルた,Bullta
テマリ,Temari
オジー,Ozzy
イオラ,Boom
銀の丘,Silver Hill
めいど,Maid
元気玉,Bonus Orb
ノポナ,Nopona
テカカ,Tekaka
魔具庫,Demon Armory
グッス,Guss
リエル,Riel
中心部,City Center
テタイ,Tetai
メルポ,Merupo
搬入口,Service Entrance
大氷柱,Large Icicle
ミーミ,Meemi
第５層,L5
ウラカ,Uraka
チョマ,Choma
ズムニ,Zumuni
コーデ,outfit
時の鐘,Hour Bell
ミオナ,Miona
カガト,Kagato
ソプラ,Sopra
ホイミ,Heal
ヌブロ,Nubro
ミント,mint
大広間,Great Hall
ギリス,Gillis
ダルゴ,Dargo
メアリ,Mary
ロニー,Ronny
キョロ,Kyoro
チライ,Chirai
第１層,L1
グルゾ,Gulzo
魔結界,Wizard Ward
結晶牙,Crystal Fang
スフレ,Souffle
右ウデ,Right Arm
月下草,Moonlit Weed
オリギ,Olgi
オルコ,Orko
ノクタ,Nocta
ハヤト,Hayato
ナック,Knack
フラフ,Fluff
左の翼,Left Wing
スピク,Spik
ヨナン,Yonan
太陽儀,Sun Globe
レビア,Levia
チヒロ,Chihiro
天奏士,divine musician
ナンナ,Nanna
アカネ,Akane
ウニャ,Mr. Cat
タータ,Tarta
曲線床,Curved Floor
ツィビ,Zibi
ミヒラ,Mihira
ロロサ,Lolosa
レゼロ,Rezero
ドドル,Dodol
つるは,Tsuruha
雑貨屋,Shop
まわる,Spin
リンカ,Linka
ヤザン,Yazan
タウノ,Tauno
シグレ,Shigure
毒の床,Poison Floor
ボスタ,Bosta
ディグ,Dig
カルタ,Karuta
コミミ,Komimi
もぐた,Digby
ヤマメ,Stripy Salmon
町入口,Town Gate
ルスパ,Luspa
密林前,Jungle
ネズミ,Mouse
ハジカ,Hajika
テラス,Terrace
ヨロイ,armor
キラ星,Stars
万年氷,Perma Ice
ザイル,Dwight
マノロ,Manoro
ギルロ,Gillo
コルツ,Colz
来光場,Place of Arrival
ワトス,Watos
武器屋,Weapon Shop
ピリリ,Piriri
祭具棟,Implementarium
バモン,Bamon
さんご,coral
チガヤ,Chigaya
ギター,Guitar
おるね,Orne
バザー,Bazaar
ホブズ,Hobbes
お弁当,Lunch Box
自撮り,Selfie
ハニィ,Honey
必中拳,Hawkeye Claw
執務室,Office
盆踊り,Bon Dance
ロッカ,Lokka
大テレ,Very Shy
おじぎ,Bow
ツヅリ,Tsuduri
ルスク,Rusk
ノズン,Nozun
プフフ,Pufufu
神薬湯,Sacred Medicinal Water
ニルド,Nirudo
シプレ,Shipure
チュダ,Chuda
アミア,Amia
アマネ,Amane
レチカ,Lechika
ケイト,Kate
デルベ,Delbe
マロナ,Marona
救護室,Infirmary
ゾレト,Zoleto
ヴィク,Vic
チョフ,Chofu
居住区,Residential Area
コルダ,Corda
キーン,Keen
エルフ,Elf
ラセド,Rasedo
フリオ,Furio
白い花,White Flower
ヨギリ,Yogiri
クオン,Kuon
マァナ,Mana
グノバ,Gunova
トトナ,Totona
ヨグナ,Yoguna
ホルプ,Holp
ムース,Moose
ウンム,Unmu
ミーネ,Meene
ワーグ,Warg
バズズ,Pazuzu
魔力球,Magic Sphere
バマパ,Bamapa
ボクス,Bokus
ドミラ,Domira
カーク,Kirk
オハハ,Ohaha
ゼリオ,Zelio
スット,Sutto
ミカン,Mikan
ギモフ,Gimov
クルム,Kulm
ムウリ,Muuri
スピカ,Spika
ゲドル,Gedoru
マレナ,Malena
オゴソ,Ogoso
聖天舎,Monastery
ツユミ,Tsuyumi
ヒガン,Higan
トトン,Toton
ユキハ,Yukiha
プッカ,Pucca
ハドリ,Hadley
隠し扉,Hidden Door
ヨラウ,Yorau
ダジン,Dazin
マヨイ,Mayoi
ユール,Yule
赤飛竜,Red Flying Dragon
命の炎,Life Fire
作戦室,War Room
渡し守,ferryman
フウキ,SCC
イガラ,Igara
アロト,Arot
ポピー,Poppy
ポーテ,Pote
フラン,Fran
シトロ,Citro
ザッド,Zad
モモナ,Momona
エリダ,Elida
プク男,Pukulipo man
ヒーゴ,Hego
セルマ,Selma
大神殿,Grand Temple
パルナ,Paruna
ゼンゼ,Zenze
レビレ,Leville
コアム,Coam
駐船場,Docking Area
所長室,Director's Office
くじ屋,Lottery
第２層,L2
まんじ,Manji
魔大陸,Tenebrosia
ススキ,Susuki
の聖林,Forest of  
ルンネ,Lunne
プリリ,Puriri
ルセラ,Lucera
ジーマ,Zima
ヘルガ,Helga
チササ,Chisasa
氷の床,Icy Floor
ヘキル,Hekir
ポメロ,Pomelo
タンス,Wardrobe
メルカ,Merca
キャル,Cal
セリク,Selik
ギルク,Girk
ダンケ,Danke
ポルポ,Porupo
ポコア,Pokoa
布の柱,Cloth Pillar
美術室,Art Room
ヨンゲ,Yong
侍女Ａ,Maid A
ハーリ,Hari
ジキタ,Jikita
ジダン,Jidan
タヴィ,Tavi
ウーゴ,Ugo
リラー,Lirah
ヨルン,Yorn
マイユ,Maille
カック,Cack
シンイ,Shini
ホタテ,Scallop
マチメ,Machime
土下座,Grovel
カァズ,Kaz
ラヴィ,Ravi
右の翼,Right Wing
天灯黄,Yellow Lantern
ジーラ,Gira
ザニフ,Zanifu
白星剣,Sword of the Stars
神獣剣,Divine Blade
ルーブ,Rube
クニャ,Kunya
メルメ,Melme
リリム,Lilim
マリサ,Marisa
玩具屋,Toy Shop
テリス,Terris
起動石,Starting Stone
テテロ,Tetero
パタタ,Patata
ラムイ,Ramui
舞台前,Stage
住宅村, Housing
レーガ,Reyga
ツバナ,Tsubana
ムムラ,Mumura
チャド,Chad
ガティ,Gati
クルリ,Kulry
ザメハ,Cock-a-doodle-doo
ジャロ,Jaro
ウッラ,Ulla
ドギー,Dogi
スミス,Hork
ナツリ,Natsuri
ミケル,Michel
ゴダン,Godan
新兵３,Recruit 3
裁縫部,Sewing Club
ヤシム,Yashim
バンノ,Banno
神獣竜,Divine Dragon
クラゲ,Jellyfish
ウウラ,Uura
リシア,Lycia
ポンク,Ponk
リチュ,Rich
チチェ,Chiche
カブラ,Kabra
コリン,Colleen
ジーナ,Gina
ガスタ,Gasta
サテテ,Satete
紋章前,Crest
カシャ,Kasha
ノンジ,Nonzi
九の塔,Tower 9
ガララ,Galara
シャラ,Schala
ソディ,Soddy
キスカ,Kisca
タンガ,Tanga
魔力薬,Magic Medicine
ペレナ,Pelena
カジノ,Casino
ケルサ,Kelsa
魔瘴石,Miasmite
緑の者,Green Thumb
二刀流,Dual Wield
ロチャ,Rocha
ダガマ,Dagama
シドー,Malroth
ポペナ,Popena
初心者,beginner
桜の壁,Cherry Blossom Wall
コリィ,Corey
ヅィラ,Zira
ガーゴ,Gargo
エドー,Ed
シェラ,Shera
イオリ,Iori
橙の光,Orange Light
ゾムリ,Zomuri
ヤブミ,Yabumi
テテナ,Tetena
レレノ,Releno
イフカ,Ifuka
ルルカ,Luluca
ナビア,Navia
ポルテ,Porte
コホン,cough
デニー,Denny
タビト,Tabito
テテオ,Teteo
トール,Thor
親密度,bond
ククラ,Kukura
キリリ,Kiliri
草庵前,Hut
ニーナ,Nina
牙王丸,King of the Fang
ガルバ,Sootbonce
第１刻,First Epoch
ビット,Bit
トロル,Troll
リブナ,Libuna
ヒトデ,Starfish
チカリ,Chikari
大審門,Demongate
ヘリン,Herin
ヨヒラ,Yohira
イアン,Ian
エスマ,Esuma
ヤヤン,Yayan
ワバン,Waban
アベブ,Abebu
タマ！,!
パドレ,Padre
イヨリ,Iyori
氷毒弾,toxic ice shard
マシド,Mashid
ミャケ,Philch
ギラム,Gilam
デジレ,Desiree
コキヒ,Kokihi
ミルテ,Mirta
リンネ,Linne
ユチチ,Yuchichi
ニクス,Nix
旅芸人,minstrel
イビャ,Ibya
ママリ,Mamari
ダアム,Daamu
ルゴー,Lugo
リュリ,Lulie
ピオラ,Accelerate
スエル,Suel
テラナ,Telana
ブレイ,Bray
リーネ,Renee
タケ家,Take Home
プウン,Puen
ギルバ,Gilba
リネン,Rinen
ヴィラ,Vira
ココナ,Cocona
ガウェ,Gawe
ゲイル,Gale
ギリー,Gill
ユユナ,Yuyuna
地下階,BF
医務室,Doctor's Office
造成地,worksite
ツルハ,Tsuruha
ペルタ,Pelta
ベルタ,Bertha
ヴァド,Vado
バレイ,Barei
木工部,Woodworking Club
デヒト,Decht
テティ,Tetti
バサキ,Basaki
リッキ,Ricky
リィト,Lito
プロル,Pulolu
ケレム,Kerem
バクス,Bax
ゲルズ,Gerz
バンギ,Bangi
二の塔,Tower 2
青い炎,Blue Fire
記念碑,Monument
レツツ,Retsutsu
ドンゴ,Dongo
大泣き,Weeping
ソマリ,Somali
ハザナ,Hazana
家具屋,Indoor Furniture Shop
ツツマ,Tsutsuma
フッタ,Footer
アラン,Aran
ジョス,Joss
ベスミ,Sheemi
ツィネ,Zinei
市松256,Check 256
バァジ,Baj
ニルル,Niruru
大使室,Ambassador's Office
ゴンボ,Gonbo
タミル,Tamiru
リン姫,Princess Lynn
ラテル,Rateru
セレド,Celed
マキリ,Makiri
ルデス,Ludess
錬金釜,Alchemy Pot
ベース,Bass
サマサ,Samasa
キヅタ,Kizuta
モーニ,Moni
ニニラ,Ninira
クヴァ,Kuva
顔壁前,Faces of Evil
ナヅチ,Nazuchi
テーレ,Terre
ピミム,Pimimu
リョウ,Ryo
ショル,Shoru
ガモフ,Gamow
ベスク,Besk
セラム,Salem
コロモ,Koromo
かりな,Carina
レグル,Regul
ティマ,Tima
カベラ,Kabera
シカブ,Shikabu
シュラ,Shura
パイク,Pike
ラウラ,Laura
ジゼル,Jizelle
パティ,Patty
コウヤ,Kouya
カルミ,Karumi
ヘイグ,Hague
モヌス,Monus
変換屋,Converter
チェラ,Chera
依頼書,request form
ヒンド,Hindo
ととり,Totori
ザナラ,Zanara
レモモ,Remomo
力の間,Force Chamber
ステフ,Steph
ガリブ,Garib
イゼル,Izel
神獣馬,Divine Horse
ササワ,Sasawa
トーマ,Toma
ネオル,Neoru
クルイ,Krui
最上階,Top Floor
実験室,Laboratory
ドルア,Dorua
ネムド,Nemdo
ウェナ,Wena
ラーニ,Lani
イサラ,Isara
？？？,???
マーゴ,Mago
オルカ,Orca
マミー,Mummy
ペッス,Pess
ミルル,Miruru
大魔王,Demon Lord
酒場跡,Tavern Ruins
第２刻,Second Epoch
ベルデ,Verde
カミル,Kamil
ツーゴ,Tsuugo
グリオ,Griot
ルギツ,Rugitsu
メッシ,Messhi
あかね,dark red
デノイ,Denoi
ミロＰ,Miro P
ミリィ,Miry
ドリス,Doris
緑の傘,Green Umbrella
コルク,cork
星の陣,Stars
セベー,Sebe
暗黒球,Dark Orb
ジェマ,Gemma
ペルル,Peruru
ドモラ,Domora
赤い石,Redstone
パッチ,Patch
ニシキ,Nishiki
ケシャ,Kesha
コリス,Coris
オホト,Ohoto
ルーラ,Zoom
たっく,Tack
アサル,Asaru
ポンム,Pomme
ククル,Kukulu
ヘイニ,Haney
セーネ,Sene
イゾラ,Izola
グエン,Nguyen
ナズマ,Nazuma
ララタ,Lalata
幽紋刀,Spectral Sword
ジウバ,Jiuba
モリゴ,Morigo
タック,Tack
セイカ,Seika
ツイナ,Tuina
カリマ,Karima
手水場,water basin
イワナ,Lake Trout
イケウ,Ikeu
ペイプ,Peipu
ノギク,Nogik
バルカ,Baruca
ティモ,Timo
ヤヌビ,Yanubi
サティ,Sati
アウダ,Auda
そうび,equipment
りっぴ,Lippi
ミカモ,Mikamo
サンタ,Santa
ミズナ,Mizuna
ルグド,Rugudo
レレナ,Lelena
灰の間,Chamber of Ash
ガブラ,Gabra
ゴルマ,Golma
スイカ,Watermelon
ププリ,Pupuri
コット,Cot
ムニュ,Munyu
邪眼樹,Malevolentree
ポポモ,Popomo
リリル,Lilyl
ケーネ,Kenei
療養所,Sanatorium
街道前,Highway
ラーグ,Raga
雷の床,Lightning Floor
ドゥラ,Dura
ホホナ,Hohona
果樹園,Orchard
イダテ,Idatei
ハツベ,Hatsube
エフ弓,F Bow
ゼガス,Zegas
ヨムク,Yomuku
バッセ,Basse
トルト,Torto
チルベ,Chilbe
みかん,Mikan
トルマ,Toruma
ハルザ,Haruza
プリス,Priss
ヤイル,Jair
バナナ,Banana
アキラ,Akira
ナミー,Nammy
ワッガ,Wagga
ヤアブ,Yaab
カッカ,Kakka
コンコ,Conco
ミコラ,Mikora
バリス,Varis
マッカ,Macca
ゲノス,Genos
ノンビ,Nonbi
ヨイジ,Yoiji
プルム,Plum
ゾック,Zock
資料館,Museum
レッタ,Retta
リュバ,Lyuba
天灯白,White Lantern
震天王,Heavenshaker
バカン,Bakan
中２階,Middle 2F
鬼人兵,Demonkin Soldier
カチャ,Kacha
サホホ,Sahoho
道祖神,Traveler's Guardian
ズッチ,Zucchi
幻影獣,Phantom Beast
ひつぎ,coffin
リーゼ,Lyse
ニコル,Nicol
ナリア,Naria
聖塔前,Tower
イバン,Iban
ヤココ,Yakoko
ウルバ,Ulva
保健室,Infirmary
ガデリ,Gaderi
ナトリ,Natalie
ぼりぱ,Polipa
ピリカ,Pirika
ムウナ,Moona
カサゴ,Rockfish
カノス,Kanos
カメオ,Cameo
格子竹,Bamboo Lattice
山頂側,Summit
キュル,Kyuru
湯の花,spring minerals
ククン,Kukun
クラエ,Kurai
ルシャ,Rusha
ヘーピ,Heppi
ロロド,Lorod
ヤマシ,Yamashi
大祭壇,The Great Altar
フリフ,Fliff
ドマノ,Domano
ファン,Fan
ガザル,Gazalle
船尾楼,Poop Deck
イェン,Yen
ソクラ,Sokura
ミフル,Miful
エルマ,Elma
ポレロ,Polero
リロロ,Lilolo
上層へ,To Upper Area
クーナ,Kuna
メラミ,Frizzle
マニニ,Manini
ドチン,Dochin
魔瘴竜,Miasma Dragon
イリー,Illy
レメリ,Remery
ロシャ,Rosha
ムガト,Mugato
ガニャ,Ganya
竜牙石,Dragonite
アスパ,Aspa
苦笑い,Bitter
テナナ,Tenana
コルギ,Corgi
セララ,Serara
ピワワ,Piwawa
トブラ,Tobra
メノス,Menos
チペラ,Chipera
オセカ,Oseka
カイノ,Kaino
ぼうし,hat
段位戦,Ranked Match
キハダ,Kihada
馬小屋,Stable
アスカ,Aska
ルルー,Ruru
イダウ,Idau
左ウデ,Left Arm
シレレ,Silere
オーレ,Oray
王墓前,Royal Tomb
青空箱,Blue Box
ムカデ,Mukade
ホロナ,Holona
マグロ,Tuna
ササミ,Sasari
カリア,Kalia
クダイ,Kudai
ヤキル,Yakiru
ササラ,Sasara
グール,Ghoul
マナト,Manato
シズク,Shizuku
メヌヌ,Menun
ザッス,Zassu
ガント,Gant
リオン,Leon
ライサ,Lysa
南地区,South District
カジキ,Marlin
あわわ,Gasp
浮き輪,Floatie
ウヌク,Unuku
エスク,Esk
セイラ,Seira
カワラ,Kawara
ツナナ,Tsunana
十の塔,Tower 10
魔瘴魂,Evil Soul
ザック,Zach
クレプ,Crepe
エイラ,Eira
クティ,Kuti
ドラン,Sparkie
ジェダ,Jedah
ヘール,Hale
カタナ,Katana
トノト,Tonoto
ユハバ,Yuhaba
フュン,Hyun
ゴノザ,Gonoza
エミュ,Emu
０８号,No. 08
トィン,Tin
ミノス,Minos
小劇場,Little Theatre
パアク,Paak
棺の間,Tomb
二等室,2nd Class Room
ジュリ,Julie
フワド,Fuado
カゲツ,Kagetsu
ラッピ,Rappi
チャキ,Chaki
泉源郷,Fountainhead
ネイネ,Neine
宝物庫,Treasury
駐屯所,Garrison
北東門,Northeast Gate
ピード,Peid
フウラ,Fuura
イヒラ,Ihira
トノマ,Tonoma
ウキヨ,Ukiyo
オウニ,Ouni
沈没船,Sunken Ship
星の塔,Star Tower
ピラト,Pilat
コノタ,Konota
タタメ,Tatama
マカラ,Makara
ギロト,Guillot
ポポル,Popol
ミラネ,Milane
ソルバ,Sorba
ピヒフ,Pihifu
コギイ,Kogii
昇降塔,Tower Lift
フチチ,Fuchichi
ポピピ,Popipi
バルフ,Balf
ホルタ,Holta
５番地,House 5
ポポコ,Popoko
核納器,Core Container
クヨチ,Kyochi
ピフィ,Piffy
マデ島,Made Isle
ポイハ,Poiha
道具屋,Item Shop
セディ,Seddy
モハビ,Mohabi
ねぴー,Neppy
デイブ,Dave
リゲル,Rigel
ガット,Gatto
フヨウ,Fuyou
アナナ,Anana
ポポリ,Popori
ヤクル,Yakuru
ルドン,Rudon
アボラ,Abolla
サポル,Saporu
レベレ,Rebre
ムムセ,Mumse
ドラウ,Drow
ベルカ,Belka
魔術師,magician
ベビー,baby
ヨシヤ,Yoshiya
シヅヤ,Shizuya
デルフ,Delph
別荘跡,Villa Ruins
月世界,The Moon
マトフ,Matoff
ミツノ,Mitsuno
ドガン,Crash
マルド,Mardo
ラウル,Rahul
ピツァ,Pizza
デイン,Zap
プーカ,Puka
ラデン,Raden
アハド,Ahad
マリカ,Marika
ホミィ,Healy
マトリ,Matori
地の間,Land Chamber
ヘーナ,Henna
スミレ,Sumire
ガリス,Garris
波怨竜,Grudge Dragon
謎の魂,Mysterious Soul
ミヤセ,Miyase
フワロ,Fuwaro
パペル,Papel
フロア,floor
爆裂石,Bomb
ボラオ,Borao
ティパ,Tipa
ミズメ,Mizume
みこら,Mikora
トレド,Toledo
メイド,Maid
ワンゲ,Wange
ヤント,Yant
城下町,castle town
マビモ,Mavimo
ポッケ,Pokke
ワッタ,Watta
コロリ,Korori
チグリ,Chigri
ざっす,Zassu
蒼炎伝,Frostfire Legend
ミマス,Mimas
リッカ,Erinn
武器庫,Armory
タリア,Taria
アール,Aru
ドドゴ,Dodogo
ロジェ,Roje
ロジチ,Logichi
水琴窟,Water Koto Cave
サーレ,Sarei
討伐隊,strike force
ティタ,Tita
サラサ,Sarasa
イドラ,Idola
クバン,Kuban
アコヤ,Akoya
ヤーン,Yarn
ソイル,Soyle
ラブカ,Frilled Shark
にーな,Nina
たすけ,Tasuke
バーハ,Insulate
伊達巻,Rolled Omelet
ネーガ,Nega
ミルズ,Mills
サラム,Salam
ストト,Sutoto
岩山前,Mountain
メリア,Melia
ムルル,Mururu
ケード,Cade
アセビ,Asebi
ジジョ,Jijo
ウルメ,Urume
センカ,Senka
アペペ,Apepe
月の陣,Moon Clan
エッベ,Ebbe
ミーヌ,Minu
あくま,Demon
つまむ,Picked Up
ブロド,Burodo
ヅッケ,Zikke
丸い家,Round House
クアナ,Quana
スサナ,Susana
ホノカ,Honoka
活原棒,Energy Rod
アザミ,Azami
Ⅲ賢者,Sage Ⅲ
ルジナ,Rugina
エドラ,Edra
悪魔系,Demon
ジラー,Jira
パフェ,Parfait
新兵２,Recruit 2
ヒャド,Crack
アジム,Azim
コポコ,Copoco
アイミ,Aimi
ムドー,Murdaw
シノン,Sinon
モノノ,Monono
リッピ,Lippi
クフラ,Kufura
ツグミ,Tsugumi
七の塔,Tower 7
奉仕室,Ministry
建物屋,Building Shop
トルギ,Tolgi
２番地,House 2
ジブラ,Jibura
デロス,Delos
ツンガ,Tunga
カット,Cart
１０階,10F
レーン,Rane
ラキー,Rakky
チャタ,Chata
ホンマ,Honma
ヒナタ,Hinata
魔闘士,magic warrior
ボイド,Boid
バンス,Vance
想望華,Yearning Flower
コトル,Kotoru
クレイ,clay
ネギシ,Negishi
マツバ,Matsuba
モバー,Moe
オレイ,Olay
ナギモ,Nagimo
東地区,East District
ネジュ,Neju
コヨミ,Koyomi
ソテツ,Sotsu
レタラ,Retara
邪炎波,Wicked Flames
モナン,Mindini
エルル,Erule
ケセト,Kesette
ちっち,Chitchi
タトラ,Tatra
ボルグ,Borg
竜珠翼,Dragonpearl Wing
ポワン,Treacle
チョキ,Scissors
モウル,Moru
イーハ,Iha
パッタ,Patta
ズーズ,Zuzu
ポフェ,Poffy
ディウ,Diu
リルハ,Lilha
わらう,laugh
魔炎鳥,Darkflame
マリナ,Marina
ヨヨン,Yoyon
ポルト,Porto
シノサ,Shinosa
イズナ,Izuna
丘の町,Hill Town
ゴンド,Gondo
クーガ,Cougar
山道前,Mountain Road
井戸前,Well
アラム,Alam
踊り神,God of Dance
シラベ,Shirabe
子供Ａ,Child A
ニイゴ,Niigo
カニラ,Kanira
ガネス,Ganess
の空園,Sky Garden of  
カンテ,Kante
熱砂洞,Sand Cave
サブー,Sab
ケネス,Kenneth
黄昏岬,Cape Dusk
アルラ,Arla
コグヤ,Koguya
ププナ,Pupuna
セッカ,Sekka
貯蔵庫,Storage
シーラ,Sheila
たき火,Bonfire
ウコン,Ukon
キャン,Kyan
ラーズ,Laz
メーラ,Meera
スカラ,Buff
トブキ,Tobuki
ナミィ,Nami
ゼドラ,Zedra
ヴェル,Vel
ミミタ,Mimita
ミザヒ,Mizahi
火炎鳥,Blazebird
ユムム,Yumumu
怪人系,Humanoid
ネウズ,Neuzu
ナハギ,Nahagi
クモノ,Web Trap
廃棄場,Disposal
ソップ,Sop
ダヌロ,Danuro
ブザム,Buzam
トビー,Toby
天灯青,Blue Lantern
イグニ,Iguni
セムラ,Semula
赤の蝶,Red Butterfly
そぷら,Sopra
ペーロ,Peiro
ブレダ,Breda
メイヴ,Meiv
パパル,Paparu
エジス,Ejis
カラリ,Kalari
アカカ,Akaka
ヤミー,Yami
デーツ,Dates
ショコ,Shoko
ワデホ,Wadeho
アルネ,Arne
トント,Tonto
古本赤,Old Red Book
ホホハ,Hohoha
モナシ,Monashi
サンマ,Pacific Saury
マヌヌ,Manun
ルチル,Ruci
ビレー,Belay
シシマ,Shishima
カナン,Canaan
ドギス,Dogis
ミヤビ,Miyabi
ヨンリ,Yonri
ベビル,Grimlin
マタギ,Matagi
ラプパ,Lapa
調理室,Kitchen
タタイ,Tatai
ワイズ,Wyze
ゲルン,Gerun
西地区,West District
レジエ,Regie
トトニ,Totoni
パレス,Pallas
ヌルー,Nuru
ボルボ,Bulbo
デドダ,Dedoa
ロビサ,Lovisa
キメラ,Chimaera
コリダ,Corrida
ザイン,Zain
ウナス,Unasu
トゥン,Tun
トニア,Tonia
セレン,Selen
モルド,Mordo
ベニー,Benny
ラミー,Rami
ブルー,blue
ラポラ,Lapora
サーラ,Saara
兵士Ｂ,Soldier B
カマル,Kamal
オッド,Od
やぐら,fort
ミーハ,Myha
竜里扉,Nadravian's Rest Door
ＯＫ！,OK!
ヴィド,Vido
マフー,Mafu
小屋内,Cabin Interior
おーく,Orc
ガガレ,Gagare
資材室,Materials Room
難破船,Shipwreck
ブチャ,Butch
カーコ,Kaako
ナイト,Knight
マルゴ,Margo
王都跡,Royal City Ruins
ミライ,Mirai
コーダ,Coda
デレク,Derek
デツァ,Detza
ヒメア,Himea
カヌチ,Kanuchi
バート,Bart
購買部,School Shop
風車前,Windmill
ゴーガ,Gorga
念晶体,telecrystal
アチャ,Acha
イカリ,anchor
ガムリ,Gamuri
サラヤ,Saraya
火山前,Volcano
木の柱,Wood Pillar
セピア,Sepia
シェリ,Sheri
すわる,Sit
通学路,Pathways
赤い傘,Red Umbrella
ナテラ,Natera
ブモウ,Bumou
ムガン,Mugan
メネィ,Menay
０６号,Number 06
ナイザ,Naisa
エレン,Ellen
リゲス,Rigez
カシー,Cassie
レティ,Letty
イグマ,Igma
ヘッグ,Hegg
メンメ,Menme
キッカ,Kikka
ポリィ,Polly
モエギ,Moegi
プゴル,Pugol
魔神族,Maledict
モモノ,Sanguino
狐の像,Fox Statue
アシラ,Ashira
セセラ,Cecera
水やり,Watering
ワナナ,Wanana
アルパ,Alpa
オボロ,Obor
魂の父,Father of Souls
チカカ,Chikaka
ヒヨミ,Hiyomi
霧吹き,Sprayer
チケタ,Chiketa
コトー,Kotto
ダゴイ,Dagoi
ネリエ,Nerie
通信機,Comms Set
プーペ,Poupe
ナズナ,Nazuna
透明君,Mr. Clear
ソモニ,Somoni
チラリ,Chirari
トトポ,Totopo
オーク,Orc
ルーヤ,Ruya
ナッサ,Nassa
タバネ,Tabane
ミルホ,Milho
夜宴館,Banquet Hall
モラン,Moran
ソビー,Sobby
トミー,Tommy
美容院,Salon
コマリ,Komari
バビロ,Babilo
ナティ,Nati
モカム,Mokam
サガラ,Sagara
キンザ,Kinza
ウリパ,Uripa
透明化,Invisible
ナット,Nut
ナソー,Nasso
プノル,Punoru
郵便局,Post Office
ペラリ,Pera
レネネ,Renene
フップ,Fuppu
セスタ,Cesta
トマジ,Tomaji
ロゲム,Logem
クチバ,Kuchiba
ベンタ,Venta
エフ棍,F Rod
ソリヤ,Solya
こりん,Colleen
タミラ,Tamira
マカロ,Macaro
ウルタ,Ulta
アケビ,Akebi
グイブ,Guive
ククミ,Kukumi
ペテリ,Petri
スズネ,Suzun
バァス,Baasu
バチク,Bachiku
ペフペ,Pefupe
ユゴオ,Yugoo
ソーネ,Sonet
ピッピ,Pippy
エオン,Eon
タバン,Taban
鬼棍蔵,Club Ogre
ソンネ,Sonne
エッダ,Edda
ナクハ,Nakuha
ペルレ,Perle
アラネ,Aranei
クォン,Kwon
イチル,Ichiru
グリエ,Grie
セスス,Cess
プギオ,Pugio
ホクト,Hokuto
リリア,Lilia
使い魔,Familiar
王宮前,Palace
光の河,River of Light
シタル,Sitar
バギマ,Swoosh
ティセ,Tise
サンゴ,Coral
レブロ,Lebro
砂上船,Sandship
グスガ,Gusga
グタク,Gutak
サリィ,Sally
チュナ,Chuna
ユスラ,Yusula
スミフ,Smiff
時の民,Timeling
ハクヒ,Hakuhi
ピリロ,Piriro
農耕地,Farmland
ホホル,Hohol
ガゼル,Gazelle
エマー,Emar
エルバ,Elba
キセラ,Kisera
ザッツ,Zattsu
キール,Keel
ヤナギ,Yangi
トレダ,Tred
ニドン,Nidon
ウギツ,Ugitsu
トトワ,Totowa
シリリ,Shiriri
復活薬,Stimulant
ドネフ,Donev
ヨルカ,Yorka
ナハダ,Nahada
ヤウラ,Yaura
ヨルロ,Yorro
ユッタ,Yutta
リリィ,Lily
ラライ,Ralai
鍛冶室,Smithing Room
巾着袋,Drawstring Pouch
交換屋,Exchange Shop
メゾナ,Mezona
ウリナ,Urina
モギィ,Moggy
ホルト,Holt
モルザ,Morza
人間男,Man
ナズン,Nazun
スープ,soup
ダボウ,Dabo
ヘイモ,Heimo
デネラ,Denera
ククロ,Kukuro
マタル,Matal
カンナ,Kanna
メドリ,Medori
イプル,Ipuru
ウルミ,Urumi
ルクバ,Rukuba
マルジ,Maruji
月の塔,Moon Tower
コニン,Konin
アンゴ,Ungo
メバル,Black Rockfish
コルナ,Koruna
ハジス,Hajis
ゴロン,Egg
魔蝕陣,Eclipse
ラゴラ,Ragora
異形獣,Hexabeast
コロン,Koron
マンジ,Manji
カドモ,Kadomo
サツキ,Satsuki
ティゼ,Tize
イナク,Inaku
ホズキ,Hozuki
ミヅキ,Mizuki
サプラ,Supura
冷眠室,Cryogenic Chamber
ピスタ,Pista
バグタ,Baguta
職務室,Work Room
図書館,Library
イソル,Isol
シイラ,Dolphinfish
メーデ,Medde
ネピー,Neppy
ヨプリ,Yopuri
ヤヨイ,Yayoi
機巧術,mechanomancy
シュタ,Shuta
ライル,Lyle
路地裏,Back Alley
ホマズ,Homas
白輝丸,Wyteshine
パール,pearl
ゼッド,Zed
カシル,Kashir
ジヌガ,Jinuga
キリヌ,Kirin
昏冥晶,Dark Quartz
ネウェ,Neiwei
ミミィ,Mimmy
ルカニ,Sap
ラッチ,Latch
エニフ,Enif
りっき,Ricky
マディ,Maddy
天の間,Sky Chamber
クーコ,Kuuko
回転鏡,Mirror
検証用,To Verify
プリン,Purine
ムナー,Munah
ニトト,Nitoto
ケイブ,Keibu
古本茶,Old Brown Book
ホッパ,Hoppa
ボルガ,Volga
黒い傘,Black Umbrella
裁縫室,Sewing Room
マウザ,Mauza
研究室,Laboratory
ゴゴガ,Gogoga
めんこ,pog
レリオ,Relio
黄飛竜,Yellow Flying Dragon
ツクシ,Tsukushi
キリク,Kiriku
セグル,Segul
祝い鯛,Celebration Sea Bream
クララ,Clara
大呪詛,Enfeeble
ピップ,Pip
テテン,Teten
ゴボン,Gobon
床マン,Floor Man
孤児院,Orphanage
師コウ,Master Kou
ポツン,Potsun
カイラ,Caira
ガンボ,Gumbo
イルギ,Irugi
タタン,Tatan
アルゴ,Argo
ティロ,Tiro
モニカ,Monica
ユメル,Yumel
エーナ,Ayna
デミカ,Demika
ダフネ,Daphne
スギム,Sugimu
テッテ,Tette
メリュ,Meryu
シダレ,Shidare
ポリン,Porin
ノイラ,Noira
ポホフ,Pohoff
ユーグ,Yugu
ムムウ,Mumuu
アププ,Apupu
ラミザ,Ramiza
ムギー,Muggy
かき氷,Shaved Ice
ルルド,Luludo
礼拝所,Chapel
タンタ,Tanta
ギュン,Gyun
ダラス,Dalas
教会跡,Church
ルンル,Runru
三の塔,Tower 3
大魔瘴,Great Miasma
チッタ,Chitta
ロクロ,Rokuro
カルセ,Calse
クナナ,Kunana
ララバ,Laraba
コパカ,Copaca
黒の間,Chamber of Black
風虎伝,Wind Tiger Tale
マキレ,Makire
侍女Ｃ,Maid C
ヨッチ,Yoch
ビスカ,Bisca
タット,Tato
パタカ,Pataka
メメル,Memel
両手剣,greatsword
ピリケ,Pirike
ブブラ,Bubra
スズキ,Sea Bass
イツキ,Itsuki
キンナ,Kinna
訓練場,Training Grounds
マキシ,Makishi
フシコ,Fushiko
トラメ,Tramei
オムザ,Omza
コレス,Koresu
おうぎ,Fan
起爆石,Detonator
まろん,Maron
豚の像,Pig Statue
正解NPC,Correct NPC
第３刻,Third Epoch
トルテ,Torte
ミッツ,Mitz
ギルド,Guild
エイダ,Ada
ゴルボ,Gorbo
祈望館,Place of Prayer
みける,Michel
ガレキ,Rubble
ホンギ,Hongi
ジトラ,Jitora
ロルカ,Lorca
小型艇,Vessel
ケムボ,Kembo
ユウユ,Yuuyu
Ⅲ戦士,Warrior Ⅲ
ガダン,Gadan
カノー,Kano
ロビー,Lobby
裂鋼拳,Can Opener
うきわ,Float
トルタ,Torta
ポリリ,Poriri
カシヲ,Kashio
フファ,Fufa
トゥグ,Tug
オンネ,Onne
ガレオ,Galeo
八の塔,Tower 8
南地区,South Area
テウス,Teus
ぴすた,Pista
レトト,Letto
トベラ,Tobera
アマト,Amato
パーフ,Puff
ヤフヤ,Yahoo
ベント,Bento
竜斬刀,Blade of the Dragon
ダイム,Dyme
譜面台,Music Stand
ピール,Piru
ノキオ,Noccio
サモン,Samon
じわれ,Fissure
マトイ,Matoi
ペルケ,Perke
ノット,Knot
ホルン,horn
ドラム,Drum
ゼルル,Zerul
ラティ,Rati
スドラ,Sudra
ミズバ,Mizuba
フラム,Furam
ツツハ,Tsutsuha
貯水池,Reservoir
ハッグ,Hag
ココン,Kokon
ジャム,Jamu
レアル,Real
溶岩前,Lava
バラバ,Baraba
ビビデ,Bibide
オルタ,Alta
事務棟,Administration
ユズキ,Yuzuki
プポペ,Pupope
ワギ神,Wagi
ラルゥ,Larue
改造屋,Remodeling Shop
リソル,Resol
コキチ,Kokichi
ンテテ,Intete
ガボン,Gabon
ユリネ,Yurine
カリナ,Carina
えみゅ,Emu
ポタン,Potan
ロマニ,Romani
特務室,Special Office
ハカル,Hakal
ブラン,Bran
レイル,Rairu
ロウダ,Rouda
エナギ,Enagi
なでる,Stroke
ワカバ,Wakaba
モツィ,Mozi
海賊船,Pirate Ship
ピイヒ,Piihi
ピルノ,Pirno
バルバ,Barba
チュノ,Chuno
第７刻,Seventh Epoch
馬の像,Horse Statue
炎の間,The Flame
カーヤ,Kaya
玉座前,Throne
ぺるた,Pelta
ルヒオ,Ruhio
チグサ,Chigusa
リィン,Lynn
炎の床,Fiery Floor
出席簿,Attendance Record
まぅろ,Mauro
キダチ,Kida
シュル,Shuru
侍女Ｂ,Maid B
ロロン,Roron
灯火台,Torch Stand
プラワ,Prawa
ソノラ,Sonora
シエン,Shien
威光弓,Luminescent Bow
キキナ,Kikina
ハンネ,Hanne
コルベ,Kolbe
クルロ,Kululo
ヤクプ,Yakupu
花吹雪,Cherry Blossom
テテネ,Tetene
ケープ,Keppu
邪屍竜,Dragon's Corpse
レッド,Red
ラバン,Raban
ムッド,Mudd
セレテ,Seret
三の島,3rd Isle
職員室,Staff Room
緑の蝶,Green Butterfly
かみゅ,Erik
マレレ,Marelle
ねぽろ,Napolo
大富豪,Tycoon
カカフ,Kakafu
ベング,Bengu
ルナパ,Lunapa
会心率,critical rate
三闘士,Triad
一等室,1st Class Room
木の壁,Wood Wall
パクレ,Pakul
ガガロ,Gagar
プーノ,Puno
ころも,clothes
シリン,Shirin
ノーム,Nomu
タララ,Tarara
イッド,Idd
バロン,Baron
ホリス,Hollis
メメク,Memeku
アリア,Aria
ポポム,Popomu
ネタ帳,Joke Book
プポル,Pupol
プペル,Puperu
レジア,Regia
ムスト,Morst
ヒュナ,Huna
アンナ,Anna
キルル,Kilulu
回復薬,Restorative Medicine
なやむ,Ponder
枯れ木,Dead Tree
パリー,Perry
パホン,Pahon
ステラ,Stella
麻の服,Linen Attire
ボミエ,Decelerate
オグニ,Ogni
ルルア,Lulua
タンヤ,Tanya
動力室,Power Room
チトセ,Chitose
アルプ,Alp
キクノ,Kikuno
中枢前,Core
姿見棍,Mirror Rod
黄竜伝,Yellow Dragon Legend
テルペ,Terupe
マニー,Manny
ラマン,Raman
植物系,Plant
ツタタ,Tsutata
リンマ,Linma
ティナ,Tina
トキハ,Tokiha
ダーク,Dark
ゴモラ,Gomorrah
ふくコ,Lotteria
エスラ,Esla
ルオプ,Luop
レイド,raid
バタン,Batan
チチム,Chichim
招福餅,Good Luck Rice Cakes
最下層,Lowest Level
バハル,Bahar
７番地,House 7
休憩室,Break Room
ボナパ,Bonapa
グイド,Guido
美術館,Art Museum
ヨッ！,Yo!
あずき,red bean
ウキミ,Ukimi
ミリヤ,Miria
爆破弾,bombshell
ぬすむ,Half-Inch
烈火掌,Fiery Palm
ベディ,Bedi
指さす,Point
ぐれご,Grego
ソロリ,Sorori
ミュウ,Miu
破邪舟,Sacred Ship
オッズ,Ozzu
ミヤク,Miyaku
(なし),(None)
HI小女,HI Girl
CT短縮,Charge Time Reduction
HI小男,HI Boy
子供C,Child C
兵士B,Soldier B
兵士C,Soldier C
子供B,Child B
兵士D,Soldier D
兵士A,Soldier A
海賊,pirate
神殿,temple
神馬,Celesteed
主人,master
陰獣,Beast of Yin
重塔,pagoda
宿屋,inn
大砲,cannon
キキ,Kiki
望楼,Watchtower
売店,shop
陽衆,Yang Clan
エナ,Ena
トス,Toss
スズ,Suzu
カブ,Kabu
ヨイ,Yoi
内側,interior
本紫,purple book
輪廻,reborn
南門,south gate
控室,waiting room
物置,storage room
隠者,hermit
短冊,paper strip
滝行,Waterfall Meditation
レキ,Leki
連凧,Kite Train
茶室,tea room
アバ,Abba
霊堂,mausoleum
藤棚,Wisteria Trellis
審判,judgement
極致,perfection
雪山,snowy mountain
公園,Park
界面,Link
倉庫,warehouse
ガモ,Gamo
ナザ,Naza
西翼,west wing
神官,priest
少年,boy
ロア,Roa
上層,Upper Area
外側,exterior
屋上,roof
小島,islet
死神,reaper
レマ,Rema
ＤＷ,DW
蜘蛛,Spider
上階,upper floor
愚者,fool
恋人,lover
ワギ,Wagi
前室,Lobby
金庫,safe
霊廟,tomb
参道,Road to Shrine
居室,living room
座敷,Mat Room
クワ,Kuwa
店内,shop interior
廃屋,abandoned house
魔眼,Eye of Evil
陽光,Sunlight
マチ,Machi
旦那,master
竜笛,Dragon's Flute
封筒,envelope
甲板,deck
中央,center
ギロ,Giro
モチ,Mochi
文机,Writing Desk
ジル,Jiru
自宅,home
ドガ,Doga
ノロ,Noro
魔皇,Archdespot
大剣,greatsword
落日,sunset
仲間,companion
ネイ,Nei
ボケ,Pratfall
テド,Ted
モラ,Mora
魔王,Demon King
ユラ,Yura
フフ,Fufu
ポカ,Poka
本緑,green book
広場,plaza
ミオ,Mio
兄弟,brothers
ハナ,Hana
正義,justice
魔軍,Demon Army
レネ,Rene
リノ,Reno
岩群,Rockpile
下階,lower floor
甘党,Sweet Tooth
客間,Guest Room
神像,idol
雪女,snow woman
水系,Aquatic
勇士,brave warrior
森前,Forest
天声,divine voice
市場,market
剣岩,Sword Rock
校庭,campus
レグ,Reg
サケ,Salmon
ミド,Mido
古・,Old 
魔獣,demon beast
ガル,Garu
オノ,axe
山頂,summit
閃手,athlight
コマ,Koma
絵馬,ema
妄想,swoon
キナ,Kina
本青,blue book
南口,south exit
ピコ,Pico
花畑,Flower Field
獣系,Beast
フス,Huss
ソノ,Sono
楽屋,Backstage
罪人,sinner
崖１,Cliff 1
陽獣,Beast of Yang
城壁,castle walls
チリ,Chiri
ノノ,Nono
神獣,divine beast
食堂,dining room
テテ,Tete
丘陵,hills
電池,battery
キオ,Kio
冥府,The Underworld
メグ,Meg
宝箱,treasure chest
村人,Villager
聖域,sanctuary
リマ,Rima
ねる,Sleep
ロコ,Roko
花園,flower garden
ヤヌ,Yanu
写真,photo
沼小,Small Swamp
辛党,Nice Spice
ゆゆ,Yuyu
テト,Teto
ラキ,Lycae
ユノ,Juno
モカ,Mocha
楽器,instrument
盾島,Shield Island
短剣,Knives
皇帝,emperor
クク,Kuku
仔馬,Foal
女帝,empress
深部,depths
鳥系,Bird
ナギ,Nagi
創失,unmaking
ノラ,Nora
小舟,Small Boat
旅芸,MIN
屋内,indoors
座礼,sit and bow
虫系,Insect
バロ,Baro
ゴハ,Goha
ねじ,screw
シチ,Shichi
障子,Shoji
客室,guest room
ムチ,whip
印章,stamp
庭園,garden
盗賊,thief
ミキ,Miki
金槌,Gold Hammer
イパ,Ipa
節制,temperance
ベラ,Honey
広間,hall
リム,Rim
魔族,demon
職業,vocation
祭壇,altar
ヨキ,Yoki
スム,Sum
ロゼ,Rose
風車,windmill
灯台,lighthouse
アユ,Ayu
ギダ,Gida
ツメ,claws
講堂,auditorium
本赤,red book
カク,Kaku
ノマ,Noma
回復,recovery
神具,divine artifact
ギラ,Sizz
呪文,spell
モズ,Mozu
タロ,Taro
お札,Amulet
ヤリ,Spears
水門,water gate
ウニ,Sea Urchin
格闘,bare hands
城前,Castle
墓場,graveyard
コピ,Kopi
成功,success
D(仮),D(TEMP)
カイ,Kai
鬼人,Demonkin
無声,silent voice
氷玉,Ice Ball
ユヤ,Yuya
庭具,garden furniture
石版,tablet
丁目,Block 
町前,Town
金箱,gold box
修羅,carnage
ナユ,Nayu
小屋,Cabin
レビ,Levi
灯籠,lantern
氷床,ice sheet
表層,surface
人魂,soul
ザオ,Zin
ハギ,Hagi
階段,stairs
魔戦,ARM
御殿,palace
村長,chief
沼大,Large Swamp
寝室,bedroom
救護,relief
特技,skill
本茶,Brown Book
ガー,Gar
バン,Ban
地上,surface
教卓,teacher's desk
書庫,archives
崖２,Cliff 2
船内,ship
よび,Prep
人間,human
木箱,crate
半鐘,Fire Bell
コポ,Kopo
海底,Ocean Floor
銅貨,Copper Coin
ラフ,Rafu
ヨナ,Yona
ベン,Ben
東翼,east wing
ツボ,pot
酒場,tavern
リオ,Leo
ゼナ,Zena
コペ,Kope
盟友,Ally
家具,furniture
ヨリ,Yori
星杯,Star Cup
海岸,coast
ツフ,Tufu
厨房,kitchen
ホル,Horu
大皿,Platter
中庭,courtyard
欄干,Handrail
竜王,Dragonlord
井戸,Well
ナジ,Naji
聖鳥,Flamia
ユグ,Yug
深層,depths
外郭,Outer
鉱山,mine
車掌,conductor
フグ,Pufferfish
鏡餅,Mochi Offering
ギル,Gil
守護,protection
泥沼,bog
装置,Device
解説,Explanation
砲台,Turret
悪魔,demon
巫女,maiden
トメ,Tomei
タギ,Tagi
達人,Master
壁画,Mural
倒木,Fallen Tree
お箸,chopsticks
賢者,sage
ミミ,Mimi
黒槍,Black Spear
ラジ,Raj
一喝,Roaring Tirade
教会,church
薄明,twilight
リガ,Riga
セダ,Seda
チマ,Chima
主神,Almighty
魔界,Demon World
ラカ,Raka
つぼ,vase
パネ,Pana
ユキ,Yuki
ザキ,Whack
通路,passage
サバ,Mackerel
魔物,monster
楽園,Utopia
本黄,yellow book
和扇,Japhan
深淵,ravine
イカ,Squid
熊手,Rake
石碑,stone monument
駅前,train station
教皇,pope
C(仮),C(Tmp)
サヨ,Sayo
竜族,Nadravian
高峰,peak
グリ,Guri
みみ,Mimi
呪詛,curse
長屋,House
霊子,spirit
菜園,vegetable garden
ペポ,Pepo
玄関,foyer
芯層,core
A(仮),A(Tmp)
ロナ,Rona
シギ,Shigi
官舎,residence
墓地,graveyard
魔瘴,demon miasma
ゼフ,Zef
メラ,Frizz
ラナ,Lana
聖堂,shrine
勇者,Hero
中層,middle-level
悪神,fiend
ノア,Noah
ダグ,Doug
試練,trial
闇夜,night
バギ,Woosh
蛇姫,Serpentine
浴室,bathroom
小鹿,Fawn
猫島,Cat Island
ユユ,Yuyu
戦車,chariot
未来,Future
亀裂,Crack
牢屋,Jail
会心,critical
B(仮),B(Tmp)
（）, ()
現・,Present 
僧侶,priest
レナ,Lena
アロ,Aro
塔前,Tower
バヤ,Vaya
冥王,Netherlord
歯車,Gear
イオ,Bang
塩湖,Salt Lake
(真),(T)
(偽),(F)
球,Ball
鎌,scythe
弓,Bows
泉,Fountain
鹿,Deer
墓,Tomb
館,mansion
筆,Pen
社,Shrine
扇,Fans
駅,Train Station
盾,shield